seed,nodes,opponent,role,bb_per_hand,bb_per_100,ci95_lower,ci95_upper,blocks
2026093001,100000000,random,overall,0.9541015625,95.41015625,43.311809910676374,147.50850258932363,256
2026093001,100000000,random,button,0.236328125,23.6328125,-77.9507525072443,125.2163775072443,256
2026093001,100000000,random,big_blind,1.671875,167.1875,68.74026203185636,265.63473796814367,256
2026093001,100000000,selective_stackoff,overall,0.591796875,59.1796875,45.00733051920675,73.35204448079325,256
2026093001,100000000,selective_stackoff,button,0.791015625,79.1015625,53.964933064956625,104.23819193504337,256
2026093001,100000000,selective_stackoff,big_blind,0.392578125,39.2578125,23.17668754502456,55.33893745497544,256
2026093001,100000000,passive,overall,1.3486328125,134.86328125,86.01926495231001,183.70729754769,256
2026093001,100000000,passive,button,1.568359375,156.8359375,36.29978387402814,277.37209112597185,256
2026093001,100000000,passive,big_blind,1.12890625,112.890625,17.95535083798272,207.82589916201727,256
2026093001,100000000,loose_passive,overall,0.0048828125,0.48828125,-33.892513263275355,34.869075763275355,256
2026093001,100000000,loose_passive,button,-0.083984375,-8.3984375,-68.5921977057368,51.7953227057368,256
2026093001,100000000,loose_passive,big_blind,0.09375,9.375,-49.14381769670611,67.89381769670611,256
2026093001,100000000,loose_aggressive,overall,0.1103515625,11.03515625,-26.792989243758257,48.86330174375826,256
2026093001,100000000,loose_aggressive,button,-0.0625,-6.25,-81.37920583097801,68.87920583097801,256
2026093001,100000000,loose_aggressive,big_blind,0.283203125,28.3203125,-31.691936944157362,88.33256194415736,256
2026093001,100000000,tight_passive,overall,0.4970703125,49.70703125,40.946494966957516,58.467567533042484,256
2026093001,100000000,tight_passive,button,0.548828125,54.8828125,39.66838165833445,70.09724334166555,256
2026093001,100000000,tight_passive,big_blind,0.4453125,44.53125,35.00564573523532,54.05685426476468,256
2026093001,100000000,tight_aggressive,overall,0.5146484375,51.46484375,28.48503903193079,74.4446484680692,256
2026093001,100000000,tight_aggressive,button,0.37109375,37.109375,-6.588840431506654,80.80759043150665,256
2026093001,100000000,tight_aggressive,big_blind,0.658203125,65.8203125,31.38201328712649,100.25861171287352,256
2026093001,120000000,random,overall,1.123046875,112.3046875,61.08914933333707,163.52022566666292,256
2026093001,120000000,random,button,0.45703125,45.703125,-55.2411909078714,146.64744090787138,256
2026093001,120000000,random,big_blind,1.7890625,178.90625,79.7849318229546,278.0275681770454,256
2026093001,120000000,selective_stackoff,overall,0.5712890625,57.12890625,39.08548181778258,75.17233068221742,256
2026093001,120000000,selective_stackoff,button,0.65234375,65.234375,35.396973157578444,95.07177684242156,256
2026093001,120000000,selective_stackoff,big_blind,0.490234375,49.0234375,26.417094284163287,71.62978071583672,256
2026093001,120000000,passive,overall,0.8603515625,86.03515625,33.79562014663762,138.27469235336238,256
2026093001,120000000,passive,button,0.435546875,43.5546875,-78.10644438478644,165.21581938478644,256
2026093001,120000000,passive,big_blind,1.28515625,128.515625,19.468360159609816,237.5628898403902,256
2026093001,120000000,loose_passive,overall,0.197265625,19.7265625,-16.90148853911473,56.35461353911473,256
2026093001,120000000,loose_passive,button,-0.02734375,-2.734375,-68.66015945435912,63.19140945435912,256
2026093001,120000000,loose_passive,big_blind,0.421875,42.1875,-13.77125871200117,98.14625871200117,256
2026093001,120000000,loose_aggressive,overall,0.1787109375,17.87109375,-22.4233223223401,58.1655098223401,256
2026093001,120000000,loose_aggressive,button,0.1953125,19.53125,-52.32298618323438,91.38548618323438,256
2026093001,120000000,loose_aggressive,big_blind,0.162109375,16.2109375,-53.2567698537772,85.6786448537772,256
2026093001,120000000,tight_passive,overall,0.4609375,46.09375,35.26220249087427,56.92529750912573,256
2026093001,120000000,tight_passive,button,0.51171875,51.171875,33.66396946868042,68.67978053131958,256
2026093001,120000000,tight_passive,big_blind,0.41015625,41.015625,27.767510354548484,54.263739645451516,256
2026093001,120000000,tight_aggressive,overall,0.4384765625,43.84765625,22.03723408355685,65.65807841644315,256
2026093001,120000000,tight_aggressive,button,0.19140625,19.140625,-21.294417928382224,59.575667928382224,256
2026093001,120000000,tight_aggressive,big_blind,0.685546875,68.5546875,33.9134817520653,103.19589324793469,256
2026093001,140000000,random,overall,1.15234375,115.234375,61.87048299153548,168.59826700846452,256
2026093001,140000000,random,button,0.37890625,37.890625,-63.201358356612985,138.98260835661299,256
2026093001,140000000,random,big_blind,1.92578125,192.578125,93.63383196659255,291.52241803340746,256
2026093001,140000000,selective_stackoff,overall,0.4501953125,45.01953125,28.922130220407706,61.11693227959229,256
2026093001,140000000,selective_stackoff,button,0.484375,48.4375,16.21754238796934,80.65745761203067,256
2026093001,140000000,selective_stackoff,big_blind,0.416015625,41.6015625,26.254853871345315,56.94827112865468,256
2026093001,140000000,passive,overall,0.8896484375,88.96484375,36.584055419215126,141.34563208078487,256
2026093001,140000000,passive,button,0.775390625,77.5390625,-37.3270481335102,192.4051731335102,256
2026093001,140000000,passive,big_blind,1.00390625,100.390625,-2.3184667018696956,203.09971670186968,256
2026093001,140000000,loose_passive,overall,-0.0771484375,-7.71484375,-45.05967748329303,29.62998998329303,256
2026093001,140000000,loose_passive,button,0.029296875,2.9296875,-58.398670082601505,64.25804508260151,256
2026093001,140000000,loose_passive,big_blind,-0.18359375,-18.359375,-83.19964005372542,46.48089005372542,256
2026093001,140000000,loose_aggressive,overall,0.3740234375,37.40234375,-2.835736594126942,77.64042409412694,256
2026093001,140000000,loose_aggressive,button,0.3203125,32.03125,-40.58169555370468,104.64419555370468,256
2026093001,140000000,loose_aggressive,big_blind,0.427734375,42.7734375,-29.4114930123352,114.9583680123352,256
2026093001,140000000,tight_passive,overall,0.412109375,41.2109375,27.374135169730714,55.047739830269286,256
2026093001,140000000,tight_passive,button,0.58203125,58.203125,46.4434723748815,69.96277762511849,256
2026093001,140000000,tight_passive,big_blind,0.2421875,24.21875,-2.3082909059066345,50.74579090590663,256
2026093001,140000000,tight_aggressive,overall,0.466796875,46.6796875,26.44472642787151,66.91464857212848,256
2026093001,140000000,tight_aggressive,button,0.224609375,22.4609375,-14.610839128444432,59.53271412844443,256
2026093001,140000000,tight_aggressive,big_blind,0.708984375,70.8984375,36.6571305055982,105.13974449440181,256
2026093001,150000000,random,overall,1.2109375,121.09375,70.67251037470535,171.51498962529465,256
2026093001,150000000,random,button,0.39453125,39.453125,-62.887016490689405,141.7932664906894,256
2026093001,150000000,random,big_blind,2.02734375,202.734375,102.58688793952352,302.88186206047646,256
2026093001,150000000,selective_stackoff,overall,0.5595703125,55.95703125,39.38274042945524,72.53132207054476,256
2026093001,150000000,selective_stackoff,button,0.5859375,58.59375,25.213057935568948,91.97444206443106,256
2026093001,150000000,selective_stackoff,big_blind,0.533203125,53.3203125,36.18967807288432,70.45094692711568,256
2026093001,150000000,passive,overall,1.224609375,122.4609375,71.34359243953733,173.57828256046267,256
2026093001,150000000,passive,button,1.11328125,111.328125,-8.787521928430778,231.44377192843078,256
2026093001,150000000,passive,big_blind,1.3359375,133.59375,29.859864859317156,237.32763514068284,256
2026093001,150000000,loose_passive,overall,-0.046875,-4.6875,-40.46136714253993,31.086367142539927,256
2026093001,150000000,loose_passive,button,0.0703125,7.03125,-57.55823165355163,71.62073165355163,256
2026093001,150000000,loose_passive,big_blind,-0.1640625,-16.40625,-75.75849914876827,42.94599914876826,256
2026093001,150000000,loose_aggressive,overall,0.4912109375,49.12109375,3.9313066750461587,94.31088082495384,256
2026093001,150000000,loose_aggressive,button,0.515625,51.5625,-30.77616689290494,133.90116689290494,256
2026093001,150000000,loose_aggressive,big_blind,0.466796875,46.6796875,-25.37778997579788,118.73716497579788,256
2026093001,150000000,tight_passive,overall,0.369140625,36.9140625,21.91639429362876,51.911730706371245,256
2026093001,150000000,tight_passive,button,0.390625,39.0625,15.312843668867668,62.81215633113233,256
2026093001,150000000,tight_passive,big_blind,0.34765625,34.765625,15.7047349721567,53.8265150278433,256
2026093001,150000000,tight_aggressive,overall,0.4921875,49.21875,30.166810619711896,68.2706893802881,256
2026093001,150000000,tight_aggressive,button,0.263671875,26.3671875,-8.149593808106033,60.88396880810603,256
2026093001,150000000,tight_aggressive,big_blind,0.720703125,72.0703125,37.82283869989273,106.31778630010727,256
2026093001,160000000,random,overall,1.212890625,121.2890625,70.43132884959925,172.14679615040075,256
2026093001,160000000,random,button,0.44921875,44.921875,-57.83880918855054,147.68255918855056,256
2026093001,160000000,random,big_blind,1.9765625,197.65625,95.52615442306569,299.7863455769343,256
2026093001,160000000,selective_stackoff,overall,0.5869140625,58.69140625,41.2678763379586,76.1149361620414,256
2026093001,160000000,selective_stackoff,button,0.65625,65.625,36.47047189625906,94.77952810374094,256
2026093001,160000000,selective_stackoff,big_blind,0.517578125,51.7578125,31.21756960954227,72.29805539045773,256
2026093001,160000000,passive,overall,1.2392578125,123.92578125,69.39745256510324,178.45410993489676,256
2026093001,160000000,passive,button,1.275390625,127.5390625,7.720241576366746,247.35788342363327,256
2026093001,160000000,passive,big_blind,1.203125,120.3125,10.350400558861878,230.27459944113812,256
2026093001,160000000,loose_passive,overall,0.0537109375,5.37109375,-33.48646536462644,44.22865286462644,256
2026093001,160000000,loose_passive,button,0.205078125,20.5078125,-48.477002087100004,89.4926270871,256
2026093001,160000000,loose_passive,big_blind,-0.09765625,-9.765625,-75.72406774319961,56.19281774319961,256
2026093001,160000000,loose_aggressive,overall,0.2900390625,29.00390625,-12.575854210278607,70.5836667102786,256
2026093001,160000000,loose_aggressive,button,0.05859375,5.859375,-68.96326832395029,80.68201832395029,256
2026093001,160000000,loose_aggressive,big_blind,0.521484375,52.1484375,-16.463547692900335,120.76042269290033,256
2026093001,160000000,tight_passive,overall,0.4501953125,45.01953125,36.04570019180966,53.99336230819034,256
2026093001,160000000,tight_passive,button,0.513671875,51.3671875,37.382412950651464,65.35196204934854,256
2026093001,160000000,tight_passive,big_blind,0.38671875,38.671875,26.725832395563145,50.617917604436855,256
2026093001,160000000,tight_aggressive,overall,0.46484375,46.484375,27.68435179373353,65.28439820626647,256
2026093001,160000000,tight_aggressive,button,0.193359375,19.3359375,-14.636337383935086,53.308212383935086,256
2026093001,160000000,tight_aggressive,big_blind,0.736328125,73.6328125,39.29722723123526,107.96839776876473,256
2026093001,180000000,random,overall,1.1181640625,111.81640625,62.19533528045313,161.43747721954688,256
2026093001,180000000,random,button,0.423828125,42.3828125,-59.492197912030775,144.25782291203078,256
2026093001,180000000,random,big_blind,1.8125,181.25,79.02937298375987,283.47062701624014,256
2026093001,180000000,selective_stackoff,overall,0.44921875,44.921875,29.875294035137138,59.96845596486286,256
2026093001,180000000,selective_stackoff,button,0.478515625,47.8515625,19.825536508625877,75.87758849137413,256
2026093001,180000000,selective_stackoff,big_blind,0.419921875,41.9921875,27.11398522691192,56.87038977308808,256
2026093001,180000000,passive,overall,1.2841796875,128.41796875,75.04458787649702,181.79134962350298,256
2026093001,180000000,passive,button,0.728515625,72.8515625,-48.427342538288315,194.13046753828831,256
2026093001,180000000,passive,big_blind,1.83984375,183.984375,79.57881281387117,288.3899371861288,256
2026093001,180000000,loose_passive,overall,0.005859375,0.5859375,-36.86475281344282,38.03662781344282,256
2026093001,180000000,loose_passive,button,-0.1484375,-14.84375,-80.87106349425775,51.183563494257754,256
2026093001,180000000,loose_passive,big_blind,0.16015625,16.015625,-48.65979581611184,80.69104581611184,256
2026093001,180000000,loose_aggressive,overall,0.2724609375,27.24609375,-12.036155339519027,66.52834283951903,256
2026093001,180000000,loose_aggressive,button,0.29296875,29.296875,-47.83404747238647,106.42779747238647,256
2026093001,180000000,loose_aggressive,big_blind,0.251953125,25.1953125,-41.00336047906218,91.39398547906218,256
2026093001,180000000,tight_passive,overall,0.470703125,47.0703125,36.462638306010064,57.677986693989936,256
2026093001,180000000,tight_passive,button,0.56640625,56.640625,44.48124678690244,68.80000321309755,256
2026093001,180000000,tight_passive,big_blind,0.375,37.5,19.564091921502218,55.43590807849778,256
2026093001,180000000,tight_aggressive,overall,0.5576171875,55.76171875,38.5490056642076,72.9744318357924,256
2026093001,180000000,tight_aggressive,button,0.50390625,50.390625,16.820159967943965,83.96109003205603,256
2026093001,180000000,tight_aggressive,big_blind,0.611328125,61.1328125,29.92307848708129,92.34254651291872,256
2026093001,200000000,random,overall,1.279296875,127.9296875,75.99833932212461,179.8610356778754,256
2026093001,200000000,random,button,0.5703125,57.03125,-47.091699869197555,161.15419986919756,256
2026093001,200000000,random,big_blind,1.98828125,198.828125,98.34261543740635,299.3136345625936,256
2026093001,200000000,selective_stackoff,overall,0.33984375,33.984375,12.838270994226015,55.130479005773985,256
2026093001,200000000,selective_stackoff,button,0.447265625,44.7265625,8.389589603430558,81.06353539656945,256
2026093001,200000000,selective_stackoff,big_blind,0.232421875,23.2421875,-0.41327019553000355,46.89764519553,256
2026093001,200000000,passive,overall,1.3779296875,137.79296875,81.31279441468787,194.27314308531214,256
2026093001,200000000,passive,button,1.486328125,148.6328125,28.407200176188965,268.85842482381105,256
2026093001,200000000,passive,big_blind,1.26953125,126.953125,23.06102892745409,230.8452210725459,256
2026093001,200000000,loose_passive,overall,0.0703125,7.03125,-29.686476032622153,43.74897603262215,256
2026093001,200000000,loose_passive,button,-0.11328125,-11.328125,-70.39243125328028,47.73618125328027,256
2026093001,200000000,loose_passive,big_blind,0.25390625,25.390625,-41.05213362100204,91.83338362100204,256
2026093001,200000000,loose_aggressive,overall,0.2568359375,25.68359375,-11.735827830350438,63.10301533035044,256
2026093001,200000000,loose_aggressive,button,0.2265625,22.65625,-53.507096248471896,98.8195962484719,256
2026093001,200000000,loose_aggressive,big_blind,0.287109375,28.7109375,-37.22763681834324,94.64951181834324,256
2026093001,200000000,tight_passive,overall,0.4794921875,47.94921875,39.354892897052885,56.543544602947115,256
2026093001,200000000,tight_passive,button,0.541015625,54.1015625,40.06130787532449,68.14181712467551,256
2026093001,200000000,tight_passive,big_blind,0.41796875,41.796875,31.06747001420019,52.52627998579981,256
2026093001,200000000,tight_aggressive,overall,0.580078125,58.0078125,40.846589744693446,75.16903525530655,256
2026093001,200000000,tight_aggressive,button,0.474609375,47.4609375,17.518925191087238,77.40294980891277,256
2026093001,200000000,tight_aggressive,big_blind,0.685546875,68.5546875,33.810736219263745,103.29863878073625,256
2026093001,220000000,random,overall,1.27734375,127.734375,74.78329406538577,180.68545593461423,256
2026093001,220000000,random,button,0.64453125,64.453125,-37.63418666070763,166.54043666070763,256
2026093001,220000000,random,big_blind,1.91015625,191.015625,92.35591029530363,289.6753397046964,256
2026093001,220000000,selective_stackoff,overall,0.5068359375,50.68359375,32.80698150592756,68.56020599407245,256
2026093001,220000000,selective_stackoff,button,0.73046875,73.046875,45.889960841199475,100.20378915880053,256
2026093001,220000000,selective_stackoff,big_blind,0.283203125,28.3203125,2.8240793783926037,53.816545621607396,256
2026093001,220000000,passive,overall,1.2939453125,129.39453125,76.73873205937355,182.05033044062645,256
2026093001,220000000,passive,button,1.134765625,113.4765625,-2.651727166835215,229.6048521668352,256
2026093001,220000000,passive,big_blind,1.453125,145.3125,47.9590656823308,242.6659343176692,256
2026093001,220000000,loose_passive,overall,0.103515625,10.3515625,-28.22448792839522,48.92761292839522,256
2026093001,220000000,loose_passive,button,0.078125,7.8125,-58.96890303557022,74.59390303557022,256
2026093001,220000000,loose_passive,big_blind,0.12890625,12.890625,-49.3713061240185,75.1525561240185,256
2026093001,220000000,loose_aggressive,overall,0.2373046875,23.73046875,-15.219266129295391,62.68020362929539,256
2026093001,220000000,loose_aggressive,button,0.30859375,30.859375,-41.90839105942101,103.627141059421,256
2026093001,220000000,loose_aggressive,big_blind,0.166015625,16.6015625,-49.41376048386563,82.61688548386563,256
2026093001,220000000,tight_passive,overall,0.421875,42.1875,29.50636168303174,54.86863831696826,256
2026093001,220000000,tight_passive,button,0.4609375,46.09375,21.645558599606613,70.54194140039338,256
2026093001,220000000,tight_passive,big_blind,0.3828125,38.28125,30.05225496785458,46.51024503214542,256
2026093001,220000000,tight_aggressive,overall,0.6240234375,62.40234375,43.74401002886174,81.06067747113826,256
2026093001,220000000,tight_aggressive,button,0.5625,56.25,22.666230557346516,89.83376944265348,256
2026093001,220000000,tight_aggressive,big_blind,0.685546875,68.5546875,34.01653293518121,103.0928420648188,256
2026093001,240000000,random,overall,1.3076171875,130.76171875,77.1484575595241,184.3749799404759,256
2026093001,240000000,random,button,0.560546875,56.0546875,-49.445832056641336,161.55520705664134,256
2026093001,240000000,random,big_blind,2.0546875,205.46875,108.40470151931147,302.53279848068854,256
2026093001,240000000,selective_stackoff,overall,0.4814453125,48.14453125,26.181347338343173,70.10771516165683,256
2026093001,240000000,selective_stackoff,button,0.5703125,57.03125,16.979188913898987,97.08331108610102,256
2026093001,240000000,selective_stackoff,big_blind,0.392578125,39.2578125,23.325144700813116,55.19048029918689,256
2026093001,240000000,passive,overall,1.39453125,139.453125,87.60694698269158,191.29930301730843,256
2026093001,240000000,passive,button,1.578125,157.8125,38.52139475014478,277.1036052498552,256
2026093001,240000000,passive,big_blind,1.2109375,121.09375,30.560038883500752,211.62746111649926,256
2026093001,240000000,loose_passive,overall,-0.0771484375,-7.71484375,-47.180832929139584,31.751145429139584,256
2026093001,240000000,loose_passive,button,-0.119140625,-11.9140625,-88.36646699294668,64.53834199294668,256
2026093001,240000000,loose_passive,big_blind,-0.03515625,-3.515625,-48.493031059864045,41.461781059864045,256
2026093001,240000000,loose_aggressive,overall,0.1142578125,11.42578125,-27.553107350714903,50.4046698507149,256
2026093001,240000000,loose_aggressive,button,0.14453125,14.453125,-57.90541205467706,86.81166205467706,256
2026093001,240000000,loose_aggressive,big_blind,0.083984375,8.3984375,-55.76520525374596,72.56208025374596,256
2026093001,240000000,tight_passive,overall,0.4951171875,49.51171875,42.06147367445702,56.96196382554298,256
2026093001,240000000,tight_passive,button,0.541015625,54.1015625,40.93473422458433,67.26839077541567,256
2026093001,240000000,tight_passive,big_blind,0.44921875,44.921875,37.495252663465784,52.348497336534216,256
2026093001,240000000,tight_aggressive,overall,0.5693359375,56.93359375,36.572574564764054,77.29461293523595,256
2026093001,240000000,tight_aggressive,button,0.43359375,43.359375,6.083548449047306,80.6352015509527,256
2026093001,240000000,tight_aggressive,big_blind,0.705078125,70.5078125,36.072613160799975,104.94301183920003,256
2026093001,250000000,random,overall,1.3349609375,133.49609375,81.04223375570172,185.94995374429828,256
2026093001,250000000,random,button,0.708984375,70.8984375,-32.61747775904185,174.41435275904183,256
2026093001,250000000,random,big_blind,1.9609375,196.09375,98.72911279658844,293.4583872034116,256
2026093001,250000000,selective_stackoff,overall,0.3759765625,37.59765625,17.888346065910696,57.306966434089304,256
2026093001,250000000,selective_stackoff,button,0.3671875,36.71875,2.077133935704957,71.36036606429505,256
2026093001,250000000,selective_stackoff,big_blind,0.384765625,38.4765625,18.782693799880658,58.17043120011934,256
2026093001,250000000,passive,overall,1.2919921875,129.19921875,76.26116811615333,182.13726938384667,256
2026093001,250000000,passive,button,1.068359375,106.8359375,-12.531379678802907,226.20325467880292,256
2026093001,250000000,passive,big_blind,1.515625,151.5625,52.7839194925957,250.34108050740429,256
2026093001,250000000,loose_passive,overall,-0.1123046875,-11.23046875,-48.60944885130676,26.14851135130676,256
2026093001,250000000,loose_passive,button,-0.279296875,-27.9296875,-101.09907778267659,45.23970278267659,256
2026093001,250000000,loose_passive,big_blind,0.0546875,5.46875,-40.556762478251926,51.494262478251926,256
2026093001,250000000,loose_aggressive,overall,0.1171875,11.71875,-24.83174124977908,48.26924124977908,256
2026093001,250000000,loose_aggressive,button,0.001953125,0.1953125,-73.80551541507474,74.19614041507474,256
2026093001,250000000,loose_aggressive,big_blind,0.232421875,23.2421875,-37.457611143067275,83.94198614306728,256
2026093001,250000000,tight_passive,overall,0.546875,54.6875,46.578385581746026,62.796614418253974,256
2026093001,250000000,tight_passive,button,0.64453125,64.453125,50.61890153215097,78.28734846784903,256
2026093001,250000000,tight_passive,big_blind,0.44921875,44.921875,36.17305998813686,53.67069001186314,256
2026093001,250000000,tight_aggressive,overall,0.615234375,61.5234375,41.02220986817797,82.02466513182203,256
2026093001,250000000,tight_aggressive,button,0.513671875,51.3671875,13.605790826211141,89.12858417378885,256
2026093001,250000000,tight_aggressive,big_blind,0.716796875,71.6796875,37.32450756132078,106.03486743867921,256
2026093001,260000000,random,overall,1.345703125,134.5703125,83.78632490988821,185.3543000901118,256
2026093001,260000000,random,button,0.74609375,74.609375,-26.652155125275,175.870905125275,256
2026093001,260000000,random,big_blind,1.9453125,194.53125,96.43828340919853,292.62421659080144,256
2026093001,260000000,selective_stackoff,overall,0.404296875,40.4296875,22.743435355372146,58.11593964462786,256
2026093001,260000000,selective_stackoff,button,0.537109375,53.7109375,30.854068317030958,76.56780668296904,256
2026093001,260000000,selective_stackoff,big_blind,0.271484375,27.1484375,-0.7154879783953163,55.012362978395316,256
2026093001,260000000,passive,overall,0.990234375,99.0234375,41.04722018898932,156.99965481101069,256
2026093001,260000000,passive,button,0.7265625,72.65625,-51.41205738195377,196.7245573819538,256
2026093001,260000000,passive,big_blind,1.25390625,125.390625,23.41439658151816,227.36685341848184,256
2026093001,260000000,loose_passive,overall,-0.1728515625,-17.28515625,-57.283816577810775,22.713504077810775,256
2026093001,260000000,loose_passive,button,-0.064453125,-6.4453125,-77.7765691331389,64.8859441331389,256
2026093001,260000000,loose_passive,big_blind,-0.28125,-28.125,-93.23671987174504,36.98671987174504,256
2026093001,260000000,loose_aggressive,overall,-0.013671875,-1.3671875,-43.24804573573077,40.51367073573077,256
2026093001,260000000,loose_aggressive,button,0.044921875,4.4921875,-69.63891931965281,78.62329431965281,256
2026093001,260000000,loose_aggressive,big_blind,-0.072265625,-7.2265625,-77.49097913623558,63.03785413623558,256
2026093001,260000000,tight_passive,overall,0.5244140625,52.44140625,45.20951966717111,59.67329283282889,256
2026093001,260000000,tight_passive,button,0.583984375,58.3984375,45.652886796846495,71.14398820315351,256
2026093001,260000000,tight_passive,big_blind,0.46484375,46.484375,39.37056734975645,53.59818265024355,256
2026093001,260000000,tight_aggressive,overall,0.498046875,49.8046875,27.702980246653667,71.90639475334633,256
2026093001,260000000,tight_aggressive,button,0.302734375,30.2734375,-10.684699071128051,71.23157407112805,256
2026093001,260000000,tight_aggressive,big_blind,0.693359375,69.3359375,34.89042879056548,103.78144620943452,256
2026093001,280000000,random,overall,1.294921875,129.4921875,78.14279341419677,180.84158158580323,256
2026093001,280000000,random,button,0.7890625,78.90625,-23.85665858839286,181.66915858839286,256
2026093001,280000000,random,big_blind,1.80078125,180.078125,79.8534577334993,280.3027922665007,256
2026093001,280000000,selective_stackoff,overall,0.4599609375,45.99609375,28.326698038099508,63.66548946190049,256
2026093001,280000000,selective_stackoff,button,0.5625,56.25,33.50252394624779,78.99747605375221,256
2026093001,280000000,selective_stackoff,big_blind,0.357421875,35.7421875,8.698789374157915,62.78558562584209,256
2026093001,280000000,passive,overall,1.740234375,174.0234375,119.70350496859116,228.34337003140882,256
2026093001,280000000,passive,button,1.79296875,179.296875,62.21603207172535,296.37771792827465,256
2026093001,280000000,passive,big_blind,1.6875,168.75,68.18608122622658,269.3139187737734,256
2026093001,280000000,loose_passive,overall,-0.03515625,-3.515625,-39.04471188991942,32.01346188991942,256
2026093001,280000000,loose_passive,button,-0.1171875,-11.71875,-82.3082329943815,58.8707329943815,256
2026093001,280000000,loose_passive,big_blind,0.046875,4.6875,-47.42888472750305,56.80388472750305,256
2026093001,280000000,loose_aggressive,overall,0.1923828125,19.23828125,-19.49496220076039,57.97152470076039,256
2026093001,280000000,loose_aggressive,button,0.2578125,25.78125,-45.097991991197986,96.66049199119799,256
2026093001,280000000,loose_aggressive,big_blind,0.126953125,12.6953125,-53.94220586116796,79.33283086116796,256
2026093001,280000000,tight_passive,overall,0.5439453125,54.39453125,46.75193509891617,62.03712740108383,256
2026093001,280000000,tight_passive,button,0.611328125,61.1328125,47.18259630963159,75.08302869036841,256
2026093001,280000000,tight_passive,big_blind,0.4765625,47.65625,41.23711181970741,54.07538818029259,256
2026093001,280000000,tight_aggressive,overall,0.515625,51.5625,29.708281417497588,73.41671858250241,256
2026093001,280000000,tight_aggressive,button,0.373046875,37.3046875,-2.6091130507320273,77.21848805073202,256
2026093001,280000000,tight_aggressive,big_blind,0.658203125,65.8203125,30.63116793130432,101.00945706869568,256
2026093001,300000000,random,overall,1.3759765625,137.59765625,84.30232362568916,190.89298887431084,256
2026093001,300000000,random,button,0.978515625,97.8515625,-6.158347757556868,201.86147275755687,256
2026093001,300000000,random,big_blind,1.7734375,177.34375,74.34769322517863,280.33980677482134,256
2026093001,300000000,selective_stackoff,overall,0.5458984375,54.58984375,36.68670412973087,72.49298337026913,256
2026093001,300000000,selective_stackoff,button,0.58984375,58.984375,29.028986452003977,88.93976354799602,256
2026093001,300000000,selective_stackoff,big_blind,0.501953125,50.1953125,30.30038175229395,70.09024324770604,256
2026093001,300000000,passive,overall,1.12109375,112.109375,55.70157044488273,168.51717955511728,256
2026093001,300000000,passive,button,1.109375,110.9375,-11.057059950810796,232.9320599508108,256
2026093001,300000000,passive,big_blind,1.1328125,113.28125,-1.6576316059385903,228.2201316059386,256
2026093001,300000000,loose_passive,overall,0.07421875,7.421875,-29.70098604778397,44.54473604778397,256
2026093001,300000000,loose_passive,button,-0.1875,-18.75,-91.49277510437464,53.992775104374644,256
2026093001,300000000,loose_passive,big_blind,0.3359375,33.59375,-20.72007831760105,87.90757831760105,256
2026093001,300000000,loose_aggressive,overall,-0.033203125,-3.3203125,-46.08820942733797,39.44758442733797,256
2026093001,300000000,loose_aggressive,button,0.091796875,9.1796875,-67.65824352586641,86.01761852586641,256
2026093001,300000000,loose_aggressive,big_blind,-0.158203125,-15.8203125,-85.80061549291725,54.159990492917245,256
2026093001,300000000,tight_passive,overall,0.455078125,45.5078125,31.46937612758439,59.54624887241561,256
2026093001,300000000,tight_passive,button,0.50390625,50.390625,28.045026628823408,72.73622337117659,256
2026093001,300000000,tight_passive,big_blind,0.40625,40.625,23.197270941473096,58.05272905852691,256
2026093001,300000000,tight_aggressive,overall,0.4755859375,47.55859375,25.923318686463624,69.19386881353637,256
2026093001,300000000,tight_aggressive,button,0.30078125,30.078125,-7.229314180715868,67.38556418071587,256
2026093001,300000000,tight_aggressive,big_blind,0.650390625,65.0390625,27.318924960348298,102.7592000396517,256
2026093001,320000000,random,overall,1.34375,134.375,78.55010258587501,190.199897414125,256
2026093001,320000000,random,button,0.765625,76.5625,-29.616150833718407,182.7411508337184,256
2026093001,320000000,random,big_blind,1.921875,192.1875,91.09642339980647,293.27857660019356,256
2026093001,320000000,selective_stackoff,overall,0.419921875,41.9921875,23.978058667048074,60.006316332951926,256
2026093001,320000000,selective_stackoff,button,0.490234375,49.0234375,19.084990613728145,78.96188438627186,256
2026093001,320000000,selective_stackoff,big_blind,0.349609375,34.9609375,9.861078782824112,60.06079621717589,256
2026093001,320000000,passive,overall,1.7451171875,174.51171875,115.80194136052009,233.2214961394799,256
2026093001,320000000,passive,button,1.568359375,156.8359375,34.46912567161904,279.20274932838095,256
2026093001,320000000,passive,big_blind,1.921875,192.1875,62.770761071656494,321.60423892834353,256
2026093001,320000000,loose_passive,overall,0.025390625,2.5390625,-38.092664680714726,43.170789680714726,256
2026093001,320000000,loose_passive,button,-0.03125,-3.125,-72.17551988328847,65.92551988328847,256
2026093001,320000000,loose_passive,big_blind,0.08203125,8.203125,-62.874037074714565,79.28028707471456,256
2026093001,320000000,loose_aggressive,overall,-0.0693359375,-6.93359375,-52.3056766791333,38.4384891791333,256
2026093001,320000000,loose_aggressive,button,-0.0234375,-2.34375,-79.35840364772392,74.67090364772392,256
2026093001,320000000,loose_aggressive,big_blind,-0.115234375,-11.5234375,-84.35742316798607,61.31054816798607,256
2026093001,320000000,tight_passive,overall,0.46484375,46.484375,34.686107251197825,58.282642748802175,256
2026093001,320000000,tight_passive,button,0.58203125,58.203125,43.19236817578082,73.21388182421919,256
2026093001,320000000,tight_passive,big_blind,0.34765625,34.765625,15.987339501520921,53.54391049847908,256
2026093001,320000000,tight_aggressive,overall,0.453125,45.3125,21.75435096313202,68.87064903686797,256
2026093001,320000000,tight_aggressive,button,0.283203125,28.3203125,-12.868738062989259,69.50936306298925,256
2026093001,320000000,tight_aggressive,big_blind,0.623046875,62.3046875,24.240302002957478,100.36907299704252,256
2026093001,340000000,random,overall,1.3115234375,131.15234375,78.15340572482125,184.15128177517875,256
2026093001,340000000,random,button,0.771484375,77.1484375,-28.459216636572734,182.75609163657273,256
2026093001,340000000,random,big_blind,1.8515625,185.15625,86.08963769484645,284.22286230515357,256
2026093001,340000000,selective_stackoff,overall,0.50390625,50.390625,29.87823651840508,70.90301348159491,256
2026093001,340000000,selective_stackoff,button,0.568359375,56.8359375,21.539659120995793,92.1322158790042,256
2026093001,340000000,selective_stackoff,big_blind,0.439453125,43.9453125,22.566909584848716,65.32371541515128,256
2026093001,340000000,passive,overall,1.5498046875,154.98046875,102.84562066070455,207.11531683929545,256
2026093001,340000000,passive,button,1.333984375,133.3984375,11.693346500632558,255.10352849936743,256
2026093001,340000000,passive,big_blind,1.765625,176.5625,72.49461487862303,280.630385121377,256
2026093001,340000000,loose_passive,overall,-0.0029296875,-0.29296875,-37.51148937399481,36.92555187399481,256
2026093001,340000000,loose_passive,button,0.224609375,22.4609375,-37.86537577448929,82.78725077448928,256
2026093001,340000000,loose_passive,big_blind,-0.23046875,-23.046875,-92.04640968174482,45.95265968174482,256
2026093001,340000000,loose_aggressive,overall,-0.08984375,-8.984375,-50.74879919757084,32.78004919757084,256
2026093001,340000000,loose_aggressive,button,-0.099609375,-9.9609375,-83.16657023384352,63.244695233843515,256
2026093001,340000000,loose_aggressive,big_blind,-0.080078125,-8.0078125,-80.17296892835006,64.15734392835006,256
2026093001,340000000,tight_passive,overall,0.4140625,41.40625,25.549484416667987,57.26301558333201,256
2026093001,340000000,tight_passive,button,0.5078125,50.78125,25.125131254927286,76.43736874507272,256
2026093001,340000000,tight_passive,big_blind,0.3203125,32.03125,12.69686514592097,51.36563485407903,256
2026093001,340000000,tight_aggressive,overall,0.55859375,55.859375,34.855095946338785,76.86365405366121,256
2026093001,340000000,tight_aggressive,button,0.333984375,33.3984375,-3.7962044554420444,70.59307945544205,256
2026093001,340000000,tight_aggressive,big_blind,0.783203125,78.3203125,42.31445292855769,114.3261720714423,256
2026093001,350000000,random,overall,1.2333984375,123.33984375,72.54803840171436,174.13164909828564,256
2026093001,350000000,random,button,0.615234375,61.5234375,-41.72751394745906,164.77438894745904,256
2026093001,350000000,random,big_blind,1.8515625,185.15625,84.92115221526355,285.39134778473647,256
2026093001,350000000,selective_stackoff,overall,0.5546875,55.46875,31.04031011301214,79.89718988698786,256
2026093001,350000000,selective_stackoff,button,0.587890625,58.7890625,14.59051099707218,102.98761400292781,256
2026093001,350000000,selective_stackoff,big_blind,0.521484375,52.1484375,31.783041440930386,72.51383355906961,256
2026093001,350000000,passive,overall,1.2841796875,128.41796875,76.07792209144641,180.7580154085536,256
2026093001,350000000,passive,button,0.947265625,94.7265625,-31.980044442347676,221.43316944234766,256
2026093001,350000000,passive,big_blind,1.62109375,162.109375,55.28002074676195,268.9387292532381,256
2026093001,350000000,loose_passive,overall,0.0888671875,8.88671875,-30.17834210510746,47.95177960510746,256
2026093001,350000000,loose_passive,button,-0.044921875,-4.4921875,-77.33589045668126,68.35151545668126,256
2026093001,350000000,loose_passive,big_blind,0.22265625,22.265625,-45.126235649856554,89.65748564985655,256
2026093001,350000000,loose_aggressive,overall,-0.15234375,-15.234375,-54.428622095208375,23.959872095208375,256
2026093001,350000000,loose_aggressive,button,-0.271484375,-27.1484375,-101.14177007003535,46.84489507003535,256
2026093001,350000000,loose_aggressive,big_blind,-0.033203125,-3.3203125,-77.14317971896246,70.50255471896246,256
2026093001,350000000,tight_passive,overall,0.517578125,51.7578125,37.3783583918171,66.1372666081829,256
2026093001,350000000,tight_passive,button,0.6484375,64.84375,42.3542085548021,87.3332914451979,256
2026093001,350000000,tight_passive,big_blind,0.38671875,38.671875,20.428657119414552,56.91509288058545,256
2026093001,350000000,tight_aggressive,overall,0.6142578125,61.42578125,43.411865782210945,79.43969671778905,256
2026093001,350000000,tight_aggressive,button,0.44140625,44.140625,13.657511333505091,74.62373866649492,256
2026093001,350000000,tight_aggressive,big_blind,0.787109375,78.7109375,42.759322763604295,114.6625522363957,256
2026093001,360000000,random,overall,1.2646484375,126.46484375,75.16957019536449,177.76011730463551,256
2026093001,360000000,random,button,0.541015625,54.1015625,-50.38757105764468,158.59069605764466,256
2026093001,360000000,random,big_blind,1.98828125,198.828125,98.89395716597578,298.7622928340242,256
2026093001,360000000,selective_stackoff,overall,0.564453125,56.4453125,37.14241529114069,75.7482097088593,256
2026093001,360000000,selective_stackoff,button,0.595703125,59.5703125,28.243463854046354,90.89716114595365,256
2026093001,360000000,selective_stackoff,big_blind,0.533203125,53.3203125,29.61409253964543,77.02653246035457,256
2026093001,360000000,passive,overall,1.359375,135.9375,80.19413939797056,191.68086060202944,256
2026093001,360000000,passive,button,1.234375,123.4375,-2.5258826152111737,249.40088261521117,256
2026093001,360000000,passive,big_blind,1.484375,148.4375,42.13862169128038,254.73637830871962,256
2026093001,360000000,loose_passive,overall,0.107421875,10.7421875,-26.43329522000238,47.91767022000238,256
2026093001,360000000,loose_passive,button,0.0078125,0.78125,-64.67733027106246,66.23983027106246,256
2026093001,360000000,loose_passive,big_blind,0.20703125,20.703125,-34.06230417688212,75.46855417688212,256
2026093001,360000000,loose_aggressive,overall,-0.0146484375,-1.46484375,-41.7186656901948,38.7889781901948,256
2026093001,360000000,loose_aggressive,button,-0.22265625,-22.265625,-99.84881406541385,55.31756406541385,256
2026093001,360000000,loose_aggressive,big_blind,0.193359375,19.3359375,-50.630933848143655,89.30280884814366,256
2026093001,360000000,tight_passive,overall,0.5322265625,53.22265625,42.63905357922788,63.80625892077212,256
2026093001,360000000,tight_passive,button,0.619140625,61.9140625,43.93487872627942,79.89324627372058,256
2026093001,360000000,tight_passive,big_blind,0.4453125,44.53125,33.28926568912063,55.77323431087937,256
2026093001,360000000,tight_aggressive,overall,0.654296875,65.4296875,45.765181805137274,85.09419319486273,256
2026093001,360000000,tight_aggressive,button,0.458984375,45.8984375,8.603106586040212,83.19376841395979,256
2026093001,360000000,tight_aggressive,big_blind,0.849609375,84.9609375,52.59360264749496,117.32827235250504,256
2026093001,380000000,random,overall,1.271484375,127.1484375,75.2029255556784,179.0939494443216,256
2026093001,380000000,random,button,0.5703125,57.03125,-45.97021416311098,160.032714163111,256
2026093001,380000000,random,big_blind,1.97265625,197.265625,98.57618336203764,295.9550666379624,256
2026093001,380000000,selective_stackoff,overall,0.48828125,48.828125,26.909068996283466,70.74718100371653,256
2026093001,380000000,selective_stackoff,button,0.666015625,66.6015625,33.57347239657111,99.6296526034289,256
2026093001,380000000,selective_stackoff,big_blind,0.310546875,31.0546875,0.9545956315957156,61.154779368404284,256
2026093001,380000000,passive,overall,1.548828125,154.8828125,100.52849983528455,209.23712516471545,256
2026093001,380000000,passive,button,1.453125,145.3125,21.03947178857146,269.58552821142854,256
2026093001,380000000,passive,big_blind,1.64453125,164.453125,56.75861880243875,272.1476311975613,256
2026093001,380000000,loose_passive,overall,0.1064453125,10.64453125,-27.42697710599355,48.71603960599355,256
2026093001,380000000,loose_passive,button,0.169921875,16.9921875,-55.74388387944211,89.72825887944211,256
2026093001,380000000,loose_passive,big_blind,0.04296875,4.296875,-51.927143712988695,60.520893712988695,256
2026093001,380000000,loose_aggressive,overall,0.193359375,19.3359375,-20.127341223675003,58.799216223675,256
2026093001,380000000,loose_aggressive,button,-0.037109375,-3.7109375,-79.18096445012829,71.75908945012829,256
2026093001,380000000,loose_aggressive,big_blind,0.423828125,42.3828125,-24.92946908535511,109.69509408535511,256
2026093001,380000000,tight_passive,overall,0.5830078125,58.30078125,48.19448866978857,68.40707383021143,256
2026093001,380000000,tight_passive,button,0.724609375,72.4609375,54.76117571186742,90.16069928813258,256
2026093001,380000000,tight_passive,big_blind,0.44140625,44.140625,34.3115516083602,53.9696983916398,256
2026093001,380000000,tight_aggressive,overall,0.5732421875,57.32421875,35.265356259733124,79.38308124026688,256
2026093001,380000000,tight_aggressive,button,0.3203125,32.03125,-10.236368367629161,74.29886836762915,256
2026093001,380000000,tight_aggressive,big_blind,0.826171875,82.6171875,50.304460177924696,114.9299148220753,256
2026093001,400000000,random,overall,1.326171875,132.6171875,78.81628338034704,186.41809161965296,256
2026093001,400000000,random,button,0.6953125,69.53125,-35.760494858299424,174.8229948582994,256
2026093001,400000000,random,big_blind,1.95703125,195.703125,94.65880903054102,296.747440969459,256
2026093001,400000000,selective_stackoff,overall,0.4013671875,40.13671875,20.80867009470067,59.46476740529933,256
2026093001,400000000,selective_stackoff,button,0.59765625,59.765625,37.069675181803646,82.46157481819635,256
2026093001,400000000,selective_stackoff,big_blind,0.205078125,20.5078125,-13.545722296403476,54.561347296403476,256
2026093001,400000000,passive,overall,1.37890625,137.890625,82.43210179086242,193.34914820913758,256
2026093001,400000000,passive,button,1.09375,109.375,-20.300412014853805,239.0504120148538,256
2026093001,400000000,passive,big_blind,1.6640625,166.40625,63.6736967683934,269.13880323160663,256
2026093001,400000000,loose_passive,overall,0.076171875,7.6171875,-31.014708921547495,46.249083921547495,256
2026093001,400000000,loose_passive,button,-0.0703125,-7.03125,-81.32846454014856,67.26596454014856,256
2026093001,400000000,loose_passive,big_blind,0.22265625,22.265625,-29.946829583786176,74.47807958378618,256
2026093001,400000000,loose_aggressive,overall,0.0361328125,3.61328125,-35.1382913846486,42.3648538846486,256
2026093001,400000000,loose_aggressive,button,-0.15234375,-15.234375,-97.89931714523117,67.43056714523117,256
2026093001,400000000,loose_aggressive,big_blind,0.224609375,22.4609375,-37.38584912463916,82.30772412463915,256
2026093001,400000000,tight_passive,overall,0.6025390625,60.25390625,50.11614682360785,70.39166567639215,256
2026093001,400000000,tight_passive,button,0.748046875,74.8046875,56.65477516014781,92.9545998398522,256
2026093001,400000000,tight_passive,big_blind,0.45703125,45.703125,36.68060697073953,54.72564302926047,256
2026093001,400000000,tight_aggressive,overall,0.6728515625,67.28515625,47.89049566047784,86.67981683952216,256
2026093001,400000000,tight_aggressive,button,0.53515625,53.515625,16.658014440176657,90.37323555982334,256
2026093001,400000000,tight_aggressive,big_blind,0.810546875,81.0546875,48.590205519987286,113.51916948001272,256
2026093001,420000000,random,overall,1.265625,126.5625,75.66658259597847,177.45841740402153,256
2026093001,420000000,random,button,0.66796875,66.796875,-35.943392142790415,169.5371421427904,256
2026093001,420000000,random,big_blind,1.86328125,186.328125,86.15274243230824,286.50350756769177,256
2026093001,420000000,selective_stackoff,overall,0.5146484375,51.46484375,28.243936991117675,74.68575050888232,256
2026093001,420000000,selective_stackoff,button,0.54296875,54.296875,13.969182593660321,94.62456740633968,256
2026093001,420000000,selective_stackoff,big_blind,0.486328125,48.6328125,27.21428344374205,70.05134155625795,256
2026093001,420000000,passive,overall,1.5546875,155.46875,101.430437697475,209.50706230252501,256
2026093001,420000000,passive,button,1.51953125,151.953125,25.14958360442273,278.75666639557727,256
2026093001,420000000,passive,big_blind,1.58984375,158.984375,58.38226066976412,259.58648933023585,256
2026093001,420000000,loose_passive,overall,0.0234375,2.34375,-35.87336201393817,40.56086201393817,256
2026093001,420000000,loose_passive,button,0.1328125,13.28125,-60.505461716712446,87.06796171671245,256
2026093001,420000000,loose_passive,big_blind,-0.0859375,-8.59375,-68.78585722826358,51.59835722826359,256
2026093001,420000000,loose_aggressive,overall,0.0146484375,1.46484375,-37.292701965808824,40.222389465808824,256
2026093001,420000000,loose_aggressive,button,-0.1875,-18.75,-98.45472650481219,60.954726504812186,256
2026093001,420000000,loose_aggressive,big_blind,0.216796875,21.6796875,-39.61324194792272,82.97261694792272,256
2026093001,420000000,tight_passive,overall,0.4931640625,49.31640625,37.565643425226696,61.067169074773304,256
2026093001,420000000,tight_passive,button,0.638671875,63.8671875,44.76320141607624,82.97117358392376,256
2026093001,420000000,tight_passive,big_blind,0.34765625,34.765625,19.988585655267464,49.542664344732536,256
2026093001,420000000,tight_aggressive,overall,0.5283203125,52.83203125,34.12627737349818,71.53778512650182,256
2026093001,420000000,tight_aggressive,button,0.265625,26.5625,-8.14296571018906,61.26796571018906,256
2026093001,420000000,tight_aggressive,big_blind,0.791015625,79.1015625,46.209782270757806,111.99334272924219,256
2026093001,440000000,random,overall,1.3330078125,133.30078125,80.43326743092999,186.16829506907,256
2026093001,440000000,random,button,0.849609375,84.9609375,-17.271196094642846,187.19307109464285,256
2026093001,440000000,random,big_blind,1.81640625,181.640625,83.64722457918361,279.6340254208164,256
2026093001,440000000,selective_stackoff,overall,0.658203125,65.8203125,47.6934295217406,83.9471954782594,256
2026093001,440000000,selective_stackoff,button,0.732421875,73.2421875,46.06320336083997,100.42117163916004,256
2026093001,440000000,selective_stackoff,big_blind,0.583984375,58.3984375,37.0043005078763,79.79257449212369,256
2026093001,440000000,passive,overall,1.5830078125,158.30078125,103.38560631746176,213.21595618253824,256
2026093001,440000000,passive,button,1.259765625,125.9765625,0.5957244989992745,251.3574005010007,256
2026093001,440000000,passive,big_blind,1.90625,190.625,84.60085251340276,296.64914748659726,256
2026093001,440000000,loose_passive,overall,0.1083984375,10.83984375,-25.94916645127629,47.62885395127629,256
2026093001,440000000,loose_passive,button,0.205078125,20.5078125,-48.29375760622588,89.30938260622588,256
2026093001,440000000,loose_passive,big_blind,0.01171875,1.171875,-51.95789051038124,54.30164051038124,256
2026093001,440000000,loose_aggressive,overall,0.1533203125,15.33203125,-25.915226241322664,56.579288741322664,256
2026093001,440000000,loose_aggressive,button,0.203125,20.3125,-60.46001820679987,101.08501820679987,256
2026093001,440000000,loose_aggressive,big_blind,0.103515625,10.3515625,-56.84253581598291,77.54566081598291,256
2026093001,440000000,tight_passive,overall,0.5771484375,57.71484375,48.2618796805671,67.1678078194329,256
2026093001,440000000,tight_passive,button,0.685546875,68.5546875,52.06966448935471,85.03971051064529,256
2026093001,440000000,tight_passive,big_blind,0.46875,46.875,37.64989210381759,56.10010789618241,256
2026093001,440000000,tight_aggressive,overall,0.64453125,64.453125,45.8222324078708,83.0840175921292,256
2026093001,440000000,tight_aggressive,button,0.521484375,52.1484375,18.093607937083334,86.20326706291667,256
2026093001,440000000,tight_aggressive,big_blind,0.767578125,76.7578125,42.96312938543526,110.55249561456475,256
2026093001,450000000,random,overall,1.2685546875,126.85546875,73.25668830313299,180.454249196867,256
2026093001,450000000,random,button,0.806640625,80.6640625,-19.019260122673145,180.34738512267313,256
2026093001,450000000,random,big_blind,1.73046875,173.046875,75.85081061502302,270.242939384977,256
2026093001,450000000,selective_stackoff,overall,0.5712890625,57.12890625,36.59639337298039,77.66141912701961,256
2026093001,450000000,selective_stackoff,button,0.71484375,71.484375,39.8435535355986,103.1251964644014,256
2026093001,450000000,selective_stackoff,big_blind,0.427734375,42.7734375,18.146039766889086,67.40083523311091,256
2026093001,450000000,passive,overall,1.70703125,170.703125,116.97604667854043,224.43020332145957,256
2026093001,450000000,passive,button,1.66015625,166.015625,39.15931424412213,292.87193575587787,256
2026093001,450000000,passive,big_blind,1.75390625,175.390625,73.46975591280103,277.311494087199,256
2026093001,450000000,loose_passive,overall,0.0244140625,2.44140625,-31.710567149824335,36.593379649824335,256
2026093001,450000000,loose_passive,button,0.158203125,15.8203125,-49.94547920856357,81.58610420856357,256
2026093001,450000000,loose_passive,big_blind,-0.109375,-10.9375,-64.76695657747216,42.89195657747216,256
2026093001,450000000,loose_aggressive,overall,0.0341796875,3.41796875,-35.24658291399501,42.08252041399501,256
2026093001,450000000,loose_aggressive,button,0.09765625,9.765625,-71.6793635341576,91.2106135341576,256
2026093001,450000000,loose_aggressive,big_blind,-0.029296875,-2.9296875,-69.77152356440676,63.91214856440676,256
2026093001,450000000,tight_passive,overall,0.5732421875,57.32421875,48.03687952684472,66.61155797315527,256
2026093001,450000000,tight_passive,button,0.654296875,65.4296875,48.74373921969746,82.11563578030254,256
2026093001,450000000,tight_passive,big_blind,0.4921875,49.21875,41.30252360530008,57.13497639469992,256
2026093001,450000000,tight_aggressive,overall,0.6748046875,67.48046875,46.955501533936214,88.00543596606379,256
2026093001,450000000,tight_aggressive,button,0.546875,54.6875,16.172670918244428,93.20232908175558,256
2026093001,450000000,tight_aggressive,big_blind,0.802734375,80.2734375,46.93122114423947,113.61565385576053,256
2026093001,460000000,random,overall,1.27734375,127.734375,74.31206825129655,181.15668174870345,256
2026093001,460000000,random,button,0.86328125,86.328125,-16.642997789201118,189.2992477892011,256
2026093001,460000000,random,big_blind,1.69140625,169.140625,70.4938951207357,267.7873548792643,256
2026093001,460000000,selective_stackoff,overall,0.486328125,48.6328125,26.379378430969467,70.88624656903053,256
2026093001,460000000,selective_stackoff,button,0.751953125,75.1953125,42.937932616389546,107.45269238361045,256
2026093001,460000000,selective_stackoff,big_blind,0.220703125,22.0703125,-10.009603241563951,54.15022824156395,256
2026093001,460000000,passive,overall,1.669921875,166.9921875,110.79019844156187,223.19417655843813,256
2026093001,460000000,passive,button,1.94921875,194.921875,65.29207840807976,324.55167159192024,256
2026093001,460000000,passive,big_blind,1.390625,139.0625,30.762109053938772,247.3628909460612,256
2026093001,460000000,loose_passive,overall,-0.0693359375,-6.93359375,-40.25837708841037,26.39118958841037,256
2026093001,460000000,loose_passive,button,-0.095703125,-9.5703125,-79.60815997591791,60.467534975917914,256
2026093001,460000000,loose_passive,big_blind,-0.04296875,-4.296875,-51.42752828395299,42.83377828395299,256
2026093001,460000000,loose_aggressive,overall,0.1015625,10.15625,-30.58698928591886,50.89948928591886,256
2026093001,460000000,loose_aggressive,button,-0.021484375,-2.1484375,-84.06826236992312,79.77138736992312,256
2026093001,460000000,loose_aggressive,big_blind,0.224609375,22.4609375,-39.17568168520299,84.09755668520299,256
2026093001,460000000,tight_passive,overall,0.5244140625,52.44140625,43.300077876805446,61.582734623194554,256
2026093001,460000000,tight_passive,button,0.634765625,63.4765625,47.9249651701587,79.0281598298413,256
2026093001,460000000,tight_passive,big_blind,0.4140625,41.40625,31.134201009224586,51.67829899077542,256
2026093001,460000000,tight_aggressive,overall,0.5615234375,56.15234375,36.99763736062948,75.30705013937052,256
2026093001,460000000,tight_aggressive,button,0.48828125,48.828125,14.975971984296464,82.68027801570354,256
2026093001,460000000,tight_aggressive,big_blind,0.634765625,63.4765625,28.087439234894028,98.86568576510598,256
2026093001,480000000,random,overall,1.388671875,138.8671875,87.73899338631105,189.99538161368895,256
2026093001,480000000,random,button,0.78515625,78.515625,-21.395411327634562,178.42666132763458,256
2026093001,480000000,random,big_blind,1.9921875,199.21875,102.29940718761453,296.1380928123855,256
2026093001,480000000,selective_stackoff,overall,0.626953125,62.6953125,49.6519083944939,75.7387166055061,256
2026093001,480000000,selective_stackoff,button,0.712890625,71.2890625,52.18009661979302,90.39802838020698,256
2026093001,480000000,selective_stackoff,big_blind,0.541015625,54.1015625,35.19305685325683,73.01006814674318,256
2026093001,480000000,passive,overall,1.6748046875,167.48046875,113.02051057079848,221.94042692920152,256
2026093001,480000000,passive,button,1.666015625,166.6015625,40.18561975156996,293.01750524843004,256
2026093001,480000000,passive,big_blind,1.68359375,168.359375,59.11293096555873,277.60581903444125,256
2026093001,480000000,loose_passive,overall,0.01953125,1.953125,-33.32188586641229,37.22813586641229,256
2026093001,480000000,loose_passive,button,-0.00390625,-0.390625,-67.49620431487024,66.71495431487024,256
2026093001,480000000,loose_passive,big_blind,0.04296875,4.296875,-49.78357080510325,58.37732080510325,256
2026093001,480000000,loose_aggressive,overall,0.1845703125,18.45703125,-20.69291560683488,57.60697810683488,256
2026093001,480000000,loose_aggressive,button,0.1953125,19.53125,-56.78356081485171,95.84606081485171,256
2026093001,480000000,loose_aggressive,big_blind,0.173828125,17.3828125,-45.909533064449676,80.67515806444968,256
2026093001,480000000,tight_passive,overall,0.5419921875,54.19921875,46.047228514873275,62.351208985126725,256
2026093001,480000000,tight_passive,button,0.599609375,59.9609375,45.312071777527976,74.60980322247202,256
2026093001,480000000,tight_passive,big_blind,0.484375,48.4375,41.4818718642583,55.3931281357417,256
2026093001,480000000,tight_aggressive,overall,0.552734375,55.2734375,38.07021087449088,72.47666412550912,256
2026093001,480000000,tight_aggressive,button,0.447265625,44.7265625,14.819757967050943,74.63336703294905,256
2026093001,480000000,tight_aggressive,big_blind,0.658203125,65.8203125,30.970455794625607,100.67016920537439,256
2026093002,100000000,random,overall,1.0458984375,104.58984375,51.35014467477652,157.82954282522348,256
2026093002,100000000,random,button,0.458984375,45.8984375,-57.90761133804861,149.7044863380486,256
2026093002,100000000,random,big_blind,1.6328125,163.28125,60.398814030921244,266.16368596907876,256
2026093002,100000000,selective_stackoff,overall,0.4384765625,43.84765625,24.92306829284689,62.77224420715311,256
2026093002,100000000,selective_stackoff,button,0.484375,48.4375,20.717267850300242,76.15773214969975,256
2026093002,100000000,selective_stackoff,big_blind,0.392578125,39.2578125,12.766499311091735,65.74912568890826,256
2026093002,100000000,passive,overall,1.623046875,162.3046875,110.18723967527785,214.42213532472215,256
2026093002,100000000,passive,button,1.73828125,173.828125,63.54227047967986,284.11397952032013,256
2026093002,100000000,passive,big_blind,1.5078125,150.78125,45.690703283496504,255.8717967165035,256
2026093002,100000000,loose_passive,overall,0.3408203125,34.08203125,0.34976784917222403,67.81429465082778,256
2026093002,100000000,loose_passive,button,0.392578125,39.2578125,-21.5831255884125,100.0987505884125,256
2026093002,100000000,loose_passive,big_blind,0.2890625,28.90625,-30.01149913455393,87.82399913455393,256
2026093002,100000000,loose_aggressive,overall,-0.1845703125,-18.45703125,-62.4480603355329,25.5339978355329,256
2026093002,100000000,loose_aggressive,button,-0.4453125,-44.53125,-133.72333917118053,44.66083917118053,256
2026093002,100000000,loose_aggressive,big_blind,0.076171875,7.6171875,-58.777577256090495,74.0119522560905,256
2026093002,100000000,tight_passive,overall,0.4873046875,48.73046875,36.970970297304135,60.489967202695865,256
2026093002,100000000,tight_passive,button,0.599609375,59.9609375,43.95546383112566,75.96641116887434,256
2026093002,100000000,tight_passive,big_blind,0.375,37.5,19.864715023306953,55.13528497669304,256
2026093002,100000000,tight_aggressive,overall,0.333984375,33.3984375,12.828953524682312,53.96792147531769,256
2026093002,100000000,tight_aggressive,button,0.056640625,5.6640625,-28.757723300045193,40.08584830004519,256
2026093002,100000000,tight_aggressive,big_blind,0.611328125,61.1328125,23.313446395942726,98.95217860405728,256
2026093002,120000000,random,overall,1.0458984375,104.58984375,51.38991231200668,157.7897751879933,256
2026093002,120000000,random,button,0.337890625,33.7890625,-69.66644043763773,137.24456543763773,256
2026093002,120000000,random,big_blind,1.75390625,175.390625,73.06980510069131,277.7114448993087,256
2026093002,120000000,selective_stackoff,overall,0.490234375,49.0234375,33.10140592928757,64.94546907071243,256
2026093002,120000000,selective_stackoff,button,0.462890625,46.2890625,21.61365419856636,70.96447080143363,256
2026093002,120000000,selective_stackoff,big_blind,0.517578125,51.7578125,31.333589102751528,72.18203589724847,256
2026093002,120000000,passive,overall,1.451171875,145.1171875,91.6548281777115,198.5795468222885,256
2026093002,120000000,passive,button,1.8359375,183.59375,62.67117692640544,304.51632307359455,256
2026093002,120000000,passive,big_blind,1.06640625,106.640625,4.969611119150727,208.31163888084927,256
2026093002,120000000,loose_passive,overall,0.0322265625,3.22265625,-30.048288901924337,36.49360140192434,256
2026093002,120000000,loose_passive,button,0.029296875,2.9296875,-58.46402215801623,64.32339715801623,256
2026093002,120000000,loose_passive,big_blind,0.03515625,3.515625,-51.34007164281469,58.37132164281469,256
2026093002,120000000,loose_aggressive,overall,-0.197265625,-19.7265625,-62.41587108063431,22.96274608063431,256
2026093002,120000000,loose_aggressive,button,-0.337890625,-33.7890625,-125.92099932951469,58.342874329514686,256
2026093002,120000000,loose_aggressive,big_blind,-0.056640625,-5.6640625,-68.87147053509668,57.543345535096684,256
2026093002,120000000,tight_passive,overall,0.5224609375,52.24609375,42.202164160576146,62.290023339423854,256
2026093002,120000000,tight_passive,button,0.580078125,58.0078125,39.21292811524265,76.80269688475735,256
2026093002,120000000,tight_passive,big_blind,0.46484375,46.484375,38.886001870698266,54.082748129301734,256
2026093002,120000000,tight_aggressive,overall,0.50390625,50.390625,31.702523164097133,69.07872683590287,256
2026093002,120000000,tight_aggressive,button,0.244140625,24.4140625,-7.435493136919277,56.26361813691928,256
2026093002,120000000,tight_aggressive,big_blind,0.763671875,76.3671875,40.33877685653087,112.39559814346913,256
2026093002,140000000,random,overall,1.060546875,106.0546875,54.18110672548876,157.92826827451125,256
2026093002,140000000,random,button,0.27734375,27.734375,-71.3350834109525,126.8038334109525,256
2026093002,140000000,random,big_blind,1.84375,184.375,82.83443490436278,285.91556509563725,256
2026093002,140000000,selective_stackoff,overall,0.400390625,40.0390625,18.48390967242245,61.59421532757755,256
2026093002,140000000,selective_stackoff,button,0.392578125,39.2578125,3.55369159967411,74.96193340032589,256
2026093002,140000000,selective_stackoff,big_blind,0.408203125,40.8203125,15.04742611383729,66.59319888616271,256
2026093002,140000000,passive,overall,1.818359375,181.8359375,128.6281589208913,235.0437160791087,256
2026093002,140000000,passive,button,2.171875,217.1875,99.1366682211139,335.2383317788861,256
2026093002,140000000,passive,big_blind,1.46484375,146.484375,31.266208064582514,261.70254193541746,256
2026093002,140000000,loose_passive,overall,0.28125,28.125,-5.172302328564626,61.422302328564626,256
2026093002,140000000,loose_passive,button,0.20703125,20.703125,-38.54101333541116,79.94726333541115,256
2026093002,140000000,loose_passive,big_blind,0.35546875,35.546875,-15.318917426270843,86.41266742627084,256
2026093002,140000000,loose_aggressive,overall,-0.001953125,-0.1953125,-41.86674923124318,41.47612423124318,256
2026093002,140000000,loose_aggressive,button,-0.166015625,-16.6015625,-99.53067993558477,66.32755493558477,256
2026093002,140000000,loose_aggressive,big_blind,0.162109375,16.2109375,-43.92396223082114,76.34583723082113,256
2026093002,140000000,tight_passive,overall,0.5302734375,53.02734375,37.178194786568554,68.87649271343145,256
2026093002,140000000,tight_passive,button,0.708984375,70.8984375,43.81636590142062,97.98050909857938,256
2026093002,140000000,tight_passive,big_blind,0.3515625,35.15625,17.01680919625098,53.295690803749025,256
2026093002,140000000,tight_aggressive,overall,0.4091796875,40.91796875,16.31575806465702,65.52017943534298,256
2026093002,140000000,tight_aggressive,button,0.08984375,8.984375,-32.043654428802384,50.012404428802384,256
2026093002,140000000,tight_aggressive,big_blind,0.728515625,72.8515625,32.231373997673934,113.47175100232607,256
2026093002,150000000,random,overall,0.912109375,91.2109375,37.82150834483511,144.6003666551649,256
2026093002,150000000,random,button,0.30078125,30.078125,-72.54950443936623,132.70575443936622,256
2026093002,150000000,random,big_blind,1.5234375,152.34375,53.13481546766725,251.55268453233276,256
2026093002,150000000,selective_stackoff,overall,0.484375,48.4375,29.368758783415746,67.50624121658426,256
2026093002,150000000,selective_stackoff,button,0.533203125,53.3203125,23.13737768636421,83.5032473136358,256
2026093002,150000000,selective_stackoff,big_blind,0.435546875,43.5546875,19.26401447633858,67.84536052366141,256
2026093002,150000000,passive,overall,1.578125,157.8125,100.64133634760569,214.9836636523943,256
2026093002,150000000,passive,button,1.35546875,135.546875,2.6408659503171634,268.45288404968284,256
2026093002,150000000,passive,big_blind,1.80078125,180.078125,66.13763561597561,294.0186143840244,256
2026093002,150000000,loose_passive,overall,0.259765625,25.9765625,-3.612584864483388,55.56570986448339,256
2026093002,150000000,loose_passive,button,0.27734375,27.734375,-36.359159310653894,91.8279093106539,256
2026093002,150000000,loose_passive,big_blind,0.2421875,24.21875,-16.47524804163954,64.91274804163953,256
2026093002,150000000,loose_aggressive,overall,0.064453125,6.4453125,-37.00709361648741,49.89771861648741,256
2026093002,150000000,loose_aggressive,button,0.091796875,9.1796875,-77.67673494493822,96.03610994493822,256
2026093002,150000000,loose_aggressive,big_blind,0.037109375,3.7109375,-51.41599546593315,58.83787046593315,256
2026093002,150000000,tight_passive,overall,0.5068359375,50.68359375,39.82284737102061,61.54434012897939,256
2026093002,150000000,tight_passive,button,0.599609375,59.9609375,39.87342489808893,80.04845010191107,256
2026093002,150000000,tight_passive,big_blind,0.4140625,41.40625,31.915792083784552,50.89670791621545,256
2026093002,150000000,tight_aggressive,overall,0.400390625,40.0390625,17.890889819069358,62.18723518093064,256
2026093002,150000000,tight_aggressive,button,0.087890625,8.7890625,-32.187087639451505,49.765212639451505,256
2026093002,150000000,tight_aggressive,big_blind,0.712890625,71.2890625,30.685216546234372,111.89290845376563,256
2026093002,160000000,random,overall,0.94921875,94.921875,41.16128922649818,148.68246077350182,256
2026093002,160000000,random,button,0.40234375,40.234375,-64.35488893855498,144.82363893855498,256
2026093002,160000000,random,big_blind,1.49609375,149.609375,54.60294519469346,244.61580480530654,256
2026093002,160000000,selective_stackoff,overall,0.4453125,44.53125,28.117594915661183,60.944905084338814,256
2026093002,160000000,selective_stackoff,button,0.470703125,47.0703125,22.070413294461176,72.07021170553882,256
2026093002,160000000,selective_stackoff,big_blind,0.419921875,41.9921875,19.433423387458173,64.55095161254182,256
2026093002,160000000,passive,overall,1.6142578125,161.42578125,105.35416138504877,217.49740111495123,256
2026093002,160000000,passive,button,2.158203125,215.8203125,82.25285220363872,349.3877727963613,256
2026093002,160000000,passive,big_blind,1.0703125,107.03125,12.566512496019925,201.49598750398007,256
2026093002,160000000,loose_passive,overall,0.2392578125,23.92578125,-9.719032345418341,57.57059484541834,256
2026093002,160000000,loose_passive,button,0.291015625,29.1015625,-36.719429373935185,94.92255437393518,256
2026093002,160000000,loose_passive,big_blind,0.1875,18.75,-28.105517875273684,65.60551787527368,256
2026093002,160000000,loose_aggressive,overall,0.0146484375,1.46484375,-41.54227853286275,44.47196603286275,256
2026093002,160000000,loose_aggressive,button,-0.234375,-23.4375,-113.06547846528748,66.19047846528748,256
2026093002,160000000,loose_aggressive,big_blind,0.263671875,26.3671875,-37.45299296039151,90.18736796039151,256
2026093002,160000000,tight_passive,overall,0.4990234375,49.90234375,38.92227572367248,60.88241177632752,256
2026093002,160000000,tight_passive,button,0.705078125,70.5078125,57.761351455637254,83.25427354436275,256
2026093002,160000000,tight_passive,big_blind,0.29296875,29.296875,9.759332027395711,48.834417972604285,256
2026093002,160000000,tight_aggressive,overall,0.5302734375,53.02734375,33.61486294611997,72.43982455388003,256
2026093002,160000000,tight_aggressive,button,0.26953125,26.953125,-4.558053252509108,58.46430325250911,256
2026093002,160000000,tight_aggressive,big_blind,0.791015625,79.1015625,41.68099943536912,116.52212556463088,256
2026093002,180000000,random,overall,1.0458984375,104.58984375,53.3951941068384,155.7844933931616,256
2026093002,180000000,random,button,0.658203125,65.8203125,-36.78706283328211,168.4276878332821,256
2026093002,180000000,random,big_blind,1.43359375,143.359375,42.685131275146134,244.03361872485385,256
2026093002,180000000,selective_stackoff,overall,0.4765625,47.65625,31.62714219249439,63.68535780750561,256
2026093002,180000000,selective_stackoff,button,0.412109375,41.2109375,13.540739765365348,68.88113523463466,256
2026093002,180000000,selective_stackoff,big_blind,0.541015625,54.1015625,37.323935733966564,70.87918926603344,256
2026093002,180000000,passive,overall,1.755859375,175.5859375,124.31827254819319,226.8536024518068,256
2026093002,180000000,passive,button,1.890625,189.0625,76.99860416837707,301.1263958316229,256
2026093002,180000000,passive,big_blind,1.62109375,162.109375,69.39820056738895,254.82054943261105,256
2026093002,180000000,loose_passive,overall,0.271484375,27.1484375,-8.485613413438372,62.78248841343837,256
2026093002,180000000,loose_passive,button,0.34765625,34.765625,-28.181034147659275,97.71228414765928,256
2026093002,180000000,loose_passive,big_blind,0.1953125,19.53125,-32.8057940715704,71.8682940715704,256
2026093002,180000000,loose_aggressive,overall,-0.0595703125,-5.95703125,-50.304071650846076,38.390009150846076,256
2026093002,180000000,loose_aggressive,button,-0.11328125,-11.328125,-101.98513618794796,79.32888618794796,256
2026093002,180000000,loose_aggressive,big_blind,-0.005859375,-0.5859375,-61.44613464712454,60.27425964712454,256
2026093002,180000000,tight_passive,overall,0.5185546875,51.85546875,40.713276531506565,62.997660968493435,256
2026093002,180000000,tight_passive,button,0.677734375,67.7734375,49.66999773808122,85.87687726191878,256
2026093002,180000000,tight_passive,big_blind,0.359375,35.9375,22.577661483448367,49.29733851655163,256
2026093002,180000000,tight_aggressive,overall,0.50390625,50.390625,30.191979926425862,70.58927007357414,256
2026093002,180000000,tight_aggressive,button,0.294921875,29.4921875,-0.5972630275767905,59.58163802757679,256
2026093002,180000000,tight_aggressive,big_blind,0.712890625,71.2890625,30.56833486070426,112.00979013929575,256
2026093002,200000000,random,overall,1.095703125,109.5703125,57.32744893371025,161.81317606628974,256
2026093002,200000000,random,button,0.58203125,58.203125,-44.044457438086695,160.45070743808668,256
2026093002,200000000,random,big_blind,1.609375,160.9375,62.94844525357698,258.926554746423,256
2026093002,200000000,selective_stackoff,overall,0.490234375,49.0234375,32.90210075193265,65.14477424806735,256
2026093002,200000000,selective_stackoff,button,0.572265625,57.2265625,31.629225637695722,82.82389936230427,256
2026093002,200000000,selective_stackoff,big_blind,0.408203125,40.8203125,20.57251080214449,61.06811419785551,256
2026093002,200000000,passive,overall,1.3623046875,136.23046875,79.46917320474833,192.99176429525167,256
2026093002,200000000,passive,button,1.259765625,125.9765625,-5.00419913637387,256.95732413637387,256
2026093002,200000000,passive,big_blind,1.46484375,146.484375,39.512092816211975,253.45665718378802,256
2026093002,200000000,loose_passive,overall,0.01953125,1.953125,-35.3189660053502,39.2252160053502,256
2026093002,200000000,loose_passive,button,-0.015625,-1.5625,-75.14342595781251,72.01842595781251,256
2026093002,200000000,loose_passive,big_blind,0.0546875,5.46875,-45.853888396422064,56.791388396422064,256
2026093002,200000000,loose_aggressive,overall,-0.005859375,-0.5859375,-39.98659789514784,38.81472289514784,256
2026093002,200000000,loose_aggressive,button,-0.384765625,-38.4765625,-119.88066345778687,42.927538457786866,256
2026093002,200000000,loose_aggressive,big_blind,0.373046875,37.3046875,-22.61793648733469,97.22731148733469,256
2026093002,200000000,tight_passive,overall,0.439453125,43.9453125,29.193362576131427,58.69726242386857,256
2026093002,200000000,tight_passive,button,0.65625,65.625,45.040276908610664,86.20972309138934,256
2026093002,200000000,tight_passive,big_blind,0.22265625,22.265625,0.16983782171872264,44.36141217828128,256
2026093002,200000000,tight_aggressive,overall,0.49609375,49.609375,27.877027719979353,71.34172228002065,256
2026093002,200000000,tight_aggressive,button,0.302734375,30.2734375,-3.717276054511615,64.26415105451161,256
2026093002,200000000,tight_aggressive,big_blind,0.689453125,68.9453125,28.221564543568157,109.66906045643185,256
2026093002,220000000,random,overall,1.1845703125,118.45703125,67.72389059631527,169.19017190368473,256
2026093002,220000000,random,button,0.537109375,53.7109375,-50.351124549010066,157.77299954901008,256
2026093002,220000000,random,big_blind,1.83203125,183.203125,83.5344088326778,282.8718411673222,256
2026093002,220000000,selective_stackoff,overall,0.5146484375,51.46484375,33.48952050625954,69.44016699374046,256
2026093002,220000000,selective_stackoff,button,0.61328125,61.328125,37.19044567104961,85.46580432895038,256
2026093002,220000000,selective_stackoff,big_blind,0.416015625,41.6015625,14.345926482196383,68.85719851780362,256
2026093002,220000000,passive,overall,1.6591796875,165.91796875,111.34448293497786,220.49145456502214,256
2026093002,220000000,passive,button,1.560546875,156.0546875,32.67313182961661,279.43624317038336,256
2026093002,220000000,passive,big_blind,1.7578125,175.78125,64.6274481251041,286.9350518748959,256
2026093002,220000000,loose_passive,overall,0.2109375,21.09375,-15.167088491498326,57.354588491498326,256
2026093002,220000000,loose_passive,button,0.15625,15.625,-52.15337055438589,83.40337055438589,256
2026093002,220000000,loose_passive,big_blind,0.265625,26.5625,-21.04105543203716,74.16605543203715,256
2026093002,220000000,loose_aggressive,overall,0.2412109375,24.12109375,-19.039673558791456,67.28186105879146,256
2026093002,220000000,loose_aggressive,button,-0.2890625,-28.90625,-113.55445768714502,55.74195768714502,256
2026093002,220000000,loose_aggressive,big_blind,0.771484375,77.1484375,12.572075796886494,141.7247992031135,256
2026093002,220000000,tight_passive,overall,0.3896484375,38.96484375,19.748569623238193,58.1811178767618,256
2026093002,220000000,tight_passive,button,0.568359375,56.8359375,29.63911401709005,84.03276098290995,256
2026093002,220000000,tight_passive,big_blind,0.2109375,21.09375,-6.889610249681848,49.07711024968185,256
2026093002,220000000,tight_aggressive,overall,0.4619140625,46.19140625,24.514553481441165,67.86825901855883,256
2026093002,220000000,tight_aggressive,button,0.26171875,26.171875,-9.009857916234807,61.35360791623481,256
2026093002,220000000,tight_aggressive,big_blind,0.662109375,66.2109375,26.428345106011484,105.99352989398852,256
2026093002,240000000,random,overall,1.072265625,107.2265625,53.30282385185004,161.15030114814996,256
2026093002,240000000,random,button,0.55078125,55.078125,-47.87172082169732,158.02797082169732,256
2026093002,240000000,random,big_blind,1.59375,159.375,58.49773177036005,260.25226822964,256
2026093002,240000000,selective_stackoff,overall,0.5419921875,54.19921875,40.98359926274938,67.41483823725062,256
2026093002,240000000,selective_stackoff,button,0.57421875,57.421875,39.010502804320126,75.83324719567987,256
2026093002,240000000,selective_stackoff,big_blind,0.509765625,50.9765625,31.657682313460338,70.29544268653966,256
2026093002,240000000,passive,overall,1.5068359375,150.68359375,98.59435735365622,202.77283014634378,256
2026093002,240000000,passive,button,1.654296875,165.4296875,37.86766800589024,292.9917069941098,256
2026093002,240000000,passive,big_blind,1.359375,135.9375,23.54540402993507,248.32959597006493,256
2026093002,240000000,loose_passive,overall,0.1142578125,11.42578125,-26.975376181855843,49.82693868185584,256
2026093002,240000000,loose_passive,button,0.111328125,11.1328125,-59.218907067227505,81.4845320672275,256
2026093002,240000000,loose_passive,big_blind,0.1171875,11.71875,-41.15051000577936,64.58801000577935,256
2026093002,240000000,loose_aggressive,overall,0.0205078125,2.05078125,-36.495018720408815,40.596581220408815,256
2026093002,240000000,loose_aggressive,button,-0.23828125,-23.828125,-106.5124912950885,58.856241295088495,256
2026093002,240000000,loose_aggressive,big_blind,0.279296875,27.9296875,-35.77788893997578,91.63726393997578,256
2026093002,240000000,tight_passive,overall,0.3876953125,38.76953125,21.844024592717584,55.69503790728241,256
2026093002,240000000,tight_passive,button,0.583984375,58.3984375,34.68624689600737,82.11062810399264,256
2026093002,240000000,tight_passive,big_blind,0.19140625,19.140625,-5.9670566219585375,44.248306621958534,256
2026093002,240000000,tight_aggressive,overall,0.443359375,44.3359375,26.900902923220247,61.770972076779756,256
2026093002,240000000,tight_aggressive,button,0.271484375,27.1484375,0.5777897725322525,53.719085227467744,256
2026093002,240000000,tight_aggressive,big_blind,0.615234375,61.5234375,23.268521586438176,99.77835341356183,256
2026093002,250000000,random,overall,1.044921875,104.4921875,52.92416226784837,156.06021273215163,256
2026093002,250000000,random,button,0.515625,51.5625,-50.22112722321461,153.3461272232146,256
2026093002,250000000,random,big_blind,1.57421875,157.421875,58.36656593864589,256.47718406135414,256
2026093002,250000000,selective_stackoff,overall,0.51171875,51.171875,35.198821436001055,67.14492856399895,256
2026093002,250000000,selective_stackoff,button,0.509765625,50.9765625,28.568182707321597,73.3849422926784,256
2026093002,250000000,selective_stackoff,big_blind,0.513671875,51.3671875,27.558013217807808,75.17636178219219,256
2026093002,250000000,passive,overall,1.474609375,147.4609375,91.09810196207891,203.8237730379211,256
2026093002,250000000,passive,button,1.53125,153.125,20.878611204026953,285.3713887959731,256
2026093002,250000000,passive,big_blind,1.41796875,141.796875,38.513055185905515,245.0806948140945,256
2026093002,250000000,loose_passive,overall,0.3837890625,38.37890625,-1.1364743323666744,77.89428683236667,256
2026093002,250000000,loose_passive,button,0.302734375,30.2734375,-48.4612223970381,109.0080973970381,256
2026093002,250000000,loose_passive,big_blind,0.46484375,46.484375,-2.5923806642903244,95.56113066429032,256
2026093002,250000000,loose_aggressive,overall,0.1630859375,16.30859375,-22.579948619908286,55.197136119908286,256
2026093002,250000000,loose_aggressive,button,-0.15234375,-15.234375,-95.00823539004192,64.53948539004192,256
2026093002,250000000,loose_aggressive,big_blind,0.478515625,47.8515625,-9.279681047694694,104.9828060476947,256
2026093002,250000000,tight_passive,overall,0.474609375,47.4609375,35.86515768173946,59.05671731826054,256
2026093002,250000000,tight_passive,button,0.62890625,62.890625,49.16215052170942,76.61909947829058,256
2026093002,250000000,tight_passive,big_blind,0.3203125,32.03125,12.4829605155555,51.579539484444496,256
2026093002,250000000,tight_aggressive,overall,0.5087890625,50.87890625,33.684234988140915,68.07357751185909,256
2026093002,250000000,tight_aggressive,button,0.2578125,25.78125,-9.836980335357019,61.39948033535702,256
2026093002,250000000,tight_aggressive,big_blind,0.759765625,75.9765625,46.89624455558101,105.056880444419,256
2026093002,260000000,random,overall,1.1484375,114.84375,63.609450725331605,166.0780492746684,256
2026093002,260000000,random,button,0.53515625,53.515625,-49.15640531778713,156.18765531778712,256
2026093002,260000000,random,big_blind,1.76171875,176.171875,75.42214447072668,276.92160552927334,256
2026093002,260000000,selective_stackoff,overall,0.611328125,61.1328125,45.6822684441586,76.5833565558414,256
2026093002,260000000,selective_stackoff,button,0.669921875,66.9921875,39.21392724868116,94.77044775131884,256
2026093002,260000000,selective_stackoff,big_blind,0.552734375,55.2734375,40.10009245131771,70.4467825486823,256
2026093002,260000000,passive,overall,1.248046875,124.8046875,71.32366640669711,178.2857085933029,256
2026093002,260000000,passive,button,1.07421875,107.421875,-15.784478128835232,230.62822812883525,256
2026093002,260000000,passive,big_blind,1.421875,142.1875,35.613728083291306,248.7612719167087,256
2026093002,260000000,loose_passive,overall,0.2998046875,29.98046875,-7.527176639330186,67.48811413933018,256
2026093002,260000000,loose_passive,button,0.169921875,16.9921875,-57.14142364344545,91.12579864344545,256
2026093002,260000000,loose_passive,big_blind,0.4296875,42.96875,-12.221927349690837,98.15942734969084,256
2026093002,260000000,loose_aggressive,overall,0.1435546875,14.35546875,-25.784953958769982,54.49589145876998,256
2026093002,260000000,loose_aggressive,button,-0.23828125,-23.828125,-108.34061487359187,60.684364873591875,256
2026093002,260000000,loose_aggressive,big_blind,0.525390625,52.5390625,-4.498272809429558,109.57639780942955,256
2026093002,260000000,tight_passive,overall,0.478515625,47.8515625,38.662529271645646,57.040595728354354,256
2026093002,260000000,tight_passive,button,0.5859375,58.59375,43.45820962166002,73.72929037833998,256
2026093002,260000000,tight_passive,big_blind,0.37109375,37.109375,26.067022947785144,48.15172705221485,256
2026093002,260000000,tight_aggressive,overall,0.462890625,46.2890625,29.472475376428978,63.105649623571026,256
2026093002,260000000,tight_aggressive,button,0.302734375,30.2734375,-5.790703791472133,66.33757879147214,256
2026093002,260000000,tight_aggressive,big_blind,0.623046875,62.3046875,33.80839341783973,90.80098158216026,256
2026093002,280000000,random,overall,1.0419921875,104.19921875,52.57216974753436,155.82626775246564,256
2026093002,280000000,random,button,0.505859375,50.5859375,-53.45855021901906,154.63042521901906,256
2026093002,280000000,random,big_blind,1.578125,157.8125,56.568743816198406,259.05625618380157,256
2026093002,280000000,selective_stackoff,overall,0.3828125,38.28125,19.999085119331006,56.563414880668994,256
2026093002,280000000,selective_stackoff,button,0.373046875,37.3046875,13.254427285206543,61.354947714793454,256
2026093002,280000000,selective_stackoff,big_blind,0.392578125,39.2578125,11.198271277770502,67.3173537222295,256
2026093002,280000000,passive,overall,1.34375,134.375,76.2100350597634,192.5399649402366,256
2026093002,280000000,passive,button,0.9375,93.75,-27.13053715517779,214.6305371551778,256
2026093002,280000000,passive,big_blind,1.75,175,57.13535833315494,292.86464166684505,256
2026093002,280000000,loose_passive,overall,0.12890625,12.890625,-26.900169643940437,52.68141964394044,256
2026093002,280000000,loose_passive,button,0.1484375,14.84375,-60.29873679455771,89.98623679455771,256
2026093002,280000000,loose_passive,big_blind,0.109375,10.9375,-42.035336157071384,63.910336157071384,256
2026093002,280000000,loose_aggressive,overall,0.0439453125,4.39453125,-36.808762385058806,45.597824885058806,256
2026093002,280000000,loose_aggressive,button,-0.42578125,-42.578125,-127.93738737327335,42.78113737327335,256
2026093002,280000000,loose_aggressive,big_blind,0.513671875,51.3671875,-15.402047640313924,118.13642264031392,256
2026093002,280000000,tight_passive,overall,0.4814453125,48.14453125,35.8550733874235,60.4339891125765,256
2026093002,280000000,tight_passive,button,0.646484375,64.6484375,48.69786442729404,80.59901057270595,256
2026093002,280000000,tight_passive,big_blind,0.31640625,31.640625,12.342582385702904,50.938667614297096,256
2026093002,280000000,tight_aggressive,overall,0.470703125,47.0703125,29.899626536403364,64.24099846359664,256
2026093002,280000000,tight_aggressive,button,0.369140625,36.9140625,3.455537369972788,70.37258763002721,256
2026093002,280000000,tight_aggressive,big_blind,0.572265625,57.2265625,24.76801411113199,89.68511088886801,256
2026093002,300000000,random,overall,1.2744140625,127.44140625,75.10478479910194,179.77802770089806,256
2026093002,300000000,random,button,0.693359375,69.3359375,-34.61125783878394,173.28313283878396,256
2026093002,300000000,random,big_blind,1.85546875,185.546875,84.03000119445447,287.0637488055455,256
2026093002,300000000,selective_stackoff,overall,0.341796875,34.1796875,11.491471595824471,56.86790340417553,256
2026093002,300000000,selective_stackoff,button,0.396484375,39.6484375,7.441672169308312,71.8552028306917,256
2026093002,300000000,selective_stackoff,big_blind,0.287109375,28.7109375,-3.9595468453975116,61.38142184539751,256
2026093002,300000000,passive,overall,1.72265625,172.265625,115.1055235042955,229.4257264957045,256
2026093002,300000000,passive,button,1.375,137.5,16.43653084463456,258.56346915536545,256
2026093002,300000000,passive,big_blind,2.0703125,207.03125,88.21595634497717,325.84654365502286,256
2026093002,300000000,loose_passive,overall,0.169921875,16.9921875,-21.059392930487398,55.0437679304874,256
2026093002,300000000,loose_passive,button,0.3515625,35.15625,-29.576214982746535,99.88871498274654,256
2026093002,300000000,loose_passive,big_blind,-0.01171875,-1.171875,-63.881698580984356,61.537948580984356,256
2026093002,300000000,loose_aggressive,overall,0.498046875,49.8046875,9.532484731467186,90.07689026853282,256
2026093002,300000000,loose_aggressive,button,0.251953125,25.1953125,-54.352731440754326,104.74335644075433,256
2026093002,300000000,loose_aggressive,big_blind,0.744140625,74.4140625,17.08113352653418,131.7469914734658,256
2026093002,300000000,tight_passive,overall,0.5029296875,50.29296875,38.435014119257836,62.150923380742164,256
2026093002,300000000,tight_passive,button,0.697265625,69.7265625,52.521177677195645,86.93194732280435,256
2026093002,300000000,tight_passive,big_blind,0.30859375,30.859375,13.93540660659147,47.78334339340853,256
2026093002,300000000,tight_aggressive,overall,0.50390625,50.390625,36.56781300219356,64.21343699780644,256
2026093002,300000000,tight_aggressive,button,0.326171875,32.6171875,1.3795079990685615,63.854867000931435,256
2026093002,300000000,tight_aggressive,big_blind,0.681640625,68.1640625,40.953590007186335,95.37453499281366,256
2026093002,320000000,random,overall,1.1455078125,114.55078125,63.991828405130455,165.10973409486954,256
2026093002,320000000,random,button,0.591796875,59.1796875,-44.61140438747299,162.970779387473,256
2026093002,320000000,random,big_blind,1.69921875,169.921875,67.78601945213714,272.0577305478629,256
2026093002,320000000,selective_stackoff,overall,0.5556640625,55.56640625,40.494095597219484,70.63871690278052,256
2026093002,320000000,selective_stackoff,button,0.54296875,54.296875,30.136901041330887,78.45684895866911,256
2026093002,320000000,selective_stackoff,big_blind,0.568359375,56.8359375,36.98877186910548,76.68310313089452,256
2026093002,320000000,passive,overall,1.7060546875,170.60546875,114.3330463415387,226.8778911584613,256
2026093002,320000000,passive,button,1.654296875,165.4296875,38.68647398118107,292.17290101881895,256
2026093002,320000000,passive,big_blind,1.7578125,175.78125,69.73683628162667,281.82566371837333,256
2026093002,320000000,loose_passive,overall,0.3505859375,35.05859375,-1.5922329838578548,71.70942048385785,256
2026093002,320000000,loose_passive,button,0.740234375,74.0234375,10.511078263758833,137.53579673624117,256
2026093002,320000000,loose_passive,big_blind,-0.0390625,-3.90625,-59.29503708822838,51.48253708822838,256
2026093002,320000000,loose_aggressive,overall,0.224609375,22.4609375,-15.497646444152878,60.41952144415288,256
2026093002,320000000,loose_aggressive,button,0.107421875,10.7421875,-69.15347902420302,90.63785402420302,256
2026093002,320000000,loose_aggressive,big_blind,0.341796875,34.1796875,-28.79661941049479,97.1559944104948,256
2026093002,320000000,tight_passive,overall,0.490234375,49.0234375,34.470889689240956,63.575985310759044,256
2026093002,320000000,tight_passive,button,0.66796875,66.796875,44.03272517977175,89.56102482022825,256
2026093002,320000000,tight_passive,big_blind,0.3125,31.25,12.711447522530229,49.78855247746977,256
2026093002,320000000,tight_aggressive,overall,0.6064453125,60.64453125,43.5647938833259,77.7242686166741,256
2026093002,320000000,tight_aggressive,button,0.34375,34.375,2.8181580687244363,65.93184193127556,256
2026093002,320000000,tight_aggressive,big_blind,0.869140625,86.9140625,54.45136763209711,119.37675736790288,256
2026093002,340000000,random,overall,1.1396484375,113.96484375,63.207682718949194,164.7220047810508,256
2026093002,340000000,random,button,0.501953125,50.1953125,-54.32488741564126,154.71551241564126,256
2026093002,340000000,random,big_blind,1.77734375,177.734375,78.53607246077938,276.9326775392206,256
2026093002,340000000,selective_stackoff,overall,0.4873046875,48.73046875,29.759982430809288,67.70095506919071,256
2026093002,340000000,selective_stackoff,button,0.45703125,45.703125,19.361009846312996,72.045240153687,256
2026093002,340000000,selective_stackoff,big_blind,0.517578125,51.7578125,22.284889670426313,81.23073532957369,256
2026093002,340000000,passive,overall,1.5068359375,150.68359375,93.51898721170198,207.84820028829802,256
2026093002,340000000,passive,button,1.603515625,160.3515625,29.182635143318606,291.52048985668137,256
2026093002,340000000,passive,big_blind,1.41015625,141.015625,39.95982639044033,242.07142360955967,256
2026093002,340000000,loose_passive,overall,0.392578125,39.2578125,3.6922730950126237,74.82335190498738,256
2026093002,340000000,loose_passive,button,0.51171875,51.171875,-15.509495208705943,117.85324520870594,256
2026093002,340000000,loose_passive,big_blind,0.2734375,27.34375,-23.93039312921404,78.61789312921404,256
2026093002,340000000,loose_aggressive,overall,0.0498046875,4.98046875,-37.75675104647341,47.71768854647341,256
2026093002,340000000,loose_aggressive,button,0.05078125,5.078125,-72.97088594268698,83.12713594268698,256
2026093002,340000000,loose_aggressive,big_blind,0.048828125,4.8828125,-67.53722347943734,77.30284847943734,256
2026093002,340000000,tight_passive,overall,0.4658203125,46.58203125,31.957448348842483,61.20661415115752,256
2026093002,340000000,tight_passive,button,0.568359375,56.8359375,34.06818173616681,79.6036932638332,256
2026093002,340000000,tight_passive,big_blind,0.36328125,36.328125,17.563191016628124,55.093058983371876,256
2026093002,340000000,tight_aggressive,overall,0.5576171875,55.76171875,38.3794266981874,73.1440108018126,256
2026093002,340000000,tight_aggressive,button,0.4609375,46.09375,11.549809120601239,80.63769087939876,256
2026093002,340000000,tight_aggressive,big_blind,0.654296875,65.4296875,34.304984307533054,96.55439069246694,256
2026093002,350000000,random,overall,1.0498046875,104.98046875,54.008066198948114,155.95287130105189,256
2026093002,350000000,random,button,0.447265625,44.7265625,-60.16042824932323,149.61355324932322,256
2026093002,350000000,random,big_blind,1.65234375,165.234375,67.05416254150212,263.41458745849786,256
2026093002,350000000,selective_stackoff,overall,0.46875,46.875,29.41534225078183,64.33465774921817,256
2026093002,350000000,selective_stackoff,button,0.314453125,31.4453125,1.4651147857289004,61.4255102142711,256
2026093002,350000000,selective_stackoff,big_blind,0.623046875,62.3046875,40.36315817414507,84.24621682585493,256
2026093002,350000000,passive,overall,1.47265625,147.265625,92.78484289900788,201.74640710099212,256
2026093002,350000000,passive,button,1.703125,170.3125,52.95060757282492,287.67439242717506,256
2026093002,350000000,passive,big_blind,1.2421875,124.21875,12.96878498415873,235.46871501584127,256
2026093002,350000000,loose_passive,overall,0.26953125,26.953125,-8.486757921007808,62.39300792100781,256
2026093002,350000000,loose_passive,button,0.6328125,63.28125,-8.076227739519638,134.63872773951965,256
2026093002,350000000,loose_passive,big_blind,-0.09375,-9.375,-60.39878992990615,41.64878992990615,256
2026093002,350000000,loose_aggressive,overall,0.0400390625,4.00390625,-35.916614513505095,43.924427013505095,256
2026093002,350000000,loose_aggressive,button,-0.08203125,-8.203125,-82.43851618606845,66.03226618606845,256
2026093002,350000000,loose_aggressive,big_blind,0.162109375,16.2109375,-54.98833947439951,87.41021447439951,256
2026093002,350000000,tight_passive,overall,0.4140625,41.40625,24.667795585360974,58.14470441463902,256
2026093002,350000000,tight_passive,button,0.578125,57.8125,34.1317333174827,81.4932666825173,256
2026093002,350000000,tight_passive,big_blind,0.25,25,0.5835327431175337,49.41646725688247,256
2026093002,350000000,tight_aggressive,overall,0.509765625,50.9765625,32.75760935936913,69.19551564063087,256
2026093002,350000000,tight_aggressive,button,0.427734375,42.7734375,7.710545457427173,77.83632954257283,256
2026093002,350000000,tight_aggressive,big_blind,0.591796875,59.1796875,26.967518533936143,91.39185646606386,256
2026093002,360000000,random,overall,1.1279296875,112.79296875,61.75391208292446,163.83202541707556,256
2026093002,360000000,random,button,0.470703125,47.0703125,-58.48852567358405,152.62915067358404,256
2026093002,360000000,random,big_blind,1.78515625,178.515625,80.82334914348763,276.20790085651237,256
2026093002,360000000,selective_stackoff,overall,0.517578125,51.7578125,31.84166368893846,71.67396131106153,256
2026093002,360000000,selective_stackoff,button,0.509765625,50.9765625,18.999170882868725,82.95395411713127,256
2026093002,360000000,selective_stackoff,big_blind,0.525390625,52.5390625,27.777282318807398,77.3008426811926,256
2026093002,360000000,passive,overall,1.7763671875,177.63671875,126.09591119034897,229.17752630965103,256
2026093002,360000000,passive,button,1.712890625,171.2890625,59.99328072602617,282.58484427397383,256
2026093002,360000000,passive,big_blind,1.83984375,183.984375,78.17706256019069,289.7916874398093,256
2026093002,360000000,loose_passive,overall,0.3505859375,35.05859375,-2.463263854003472,72.58045135400347,256
2026093002,360000000,loose_passive,button,0.521484375,52.1484375,-18.36588155146393,122.66275655146393,256
2026093002,360000000,loose_passive,big_blind,0.1796875,17.96875,-36.50140345616947,72.43890345616947,256
2026093002,360000000,loose_aggressive,overall,0.15625,15.625,-28.171695981682127,59.42169598168213,256
2026093002,360000000,loose_aggressive,button,-0.009765625,-0.9765625,-78.78881723237299,76.83569223237299,256
2026093002,360000000,loose_aggressive,big_blind,0.322265625,32.2265625,-38.810408763608834,103.26353376360883,256
2026093002,360000000,tight_passive,overall,0.474609375,47.4609375,36.05238823165499,58.86948676834501,256
2026093002,360000000,tight_passive,button,0.55859375,55.859375,36.488356686928924,75.23039331307108,256
2026093002,360000000,tight_passive,big_blind,0.390625,39.0625,26.434175538093456,51.690824461906544,256
2026093002,360000000,tight_aggressive,overall,0.544921875,54.4921875,36.99245216318282,71.99192283681718,256
2026093002,360000000,tight_aggressive,button,0.462890625,46.2890625,12.512169306546056,80.06595569345394,256
2026093002,360000000,tight_aggressive,big_blind,0.626953125,62.6953125,30.77930259637736,94.61132240362264,256
2026093002,380000000,random,overall,1.203125,120.3125,68.73969919574745,171.88530080425255,256
2026093002,380000000,random,button,0.5,50,-53.91095799852617,153.91095799852616,256
2026093002,380000000,random,big_blind,1.90625,190.625,92.80945604949103,288.440543950509,256
2026093002,380000000,selective_stackoff,overall,0.44921875,44.921875,22.7602293371615,67.0835206628385,256
2026093002,380000000,selective_stackoff,button,0.458984375,45.8984375,9.595967818508669,82.20090718149133,256
2026093002,380000000,selective_stackoff,big_blind,0.439453125,43.9453125,14.521405547060233,73.36921945293977,256
2026093002,380000000,passive,overall,2.0693359375,206.93359375,153.28436407923746,260.58282342076257,256
2026093002,380000000,passive,button,2.248046875,224.8046875,113.18815625209963,336.42121874790035,256
2026093002,380000000,passive,big_blind,1.890625,189.0625,84.25228681298402,293.87271318701596,256
2026093002,380000000,loose_passive,overall,0.4833984375,48.33984375,13.009387043018073,83.67030045698192,256
2026093002,380000000,loose_passive,button,0.724609375,72.4609375,12.925170240186176,131.99670475981384,256
2026093002,380000000,loose_passive,big_blind,0.2421875,24.21875,-29.367615073028986,77.80511507302899,256
2026093002,380000000,loose_aggressive,overall,0.1640625,16.40625,-22.723910424035573,55.53641042403557,256
2026093002,380000000,loose_aggressive,button,0.044921875,4.4921875,-70.31303485691902,79.29740985691902,256
2026093002,380000000,loose_aggressive,big_blind,0.283203125,28.3203125,-40.404513911301834,97.04513891130183,256
2026093002,380000000,tight_passive,overall,0.42578125,42.578125,30.398152200718528,54.75809779928147,256
2026093002,380000000,tight_passive,button,0.51953125,51.953125,33.15359555341231,70.75265444658768,256
2026093002,380000000,tight_passive,big_blind,0.33203125,33.203125,16.847611390726136,49.55863860927386,256
2026093002,380000000,tight_aggressive,overall,0.455078125,45.5078125,29.4740905962049,61.5415344037951,256
2026093002,380000000,tight_aggressive,button,0.302734375,30.2734375,-1.042816142841783,61.58969114284179,256
2026093002,380000000,tight_aggressive,big_blind,0.607421875,60.7421875,29.435346411648798,92.0490285883512,256
2026093002,400000000,random,overall,1.2744140625,127.44140625,75.96965756052697,178.91315493947303,256
2026093002,400000000,random,button,0.732421875,73.2421875,-32.71657990892896,179.20095490892896,256
2026093002,400000000,random,big_blind,1.81640625,181.640625,81.4173470076335,281.8639029923665,256
2026093002,400000000,selective_stackoff,overall,0.544921875,54.4921875,33.52170239345902,75.46267260654098,256
2026093002,400000000,selective_stackoff,button,0.552734375,55.2734375,16.893034484287647,93.65384051571235,256
2026093002,400000000,selective_stackoff,big_blind,0.537109375,53.7109375,33.08804632390364,74.33382867609636,256
2026093002,400000000,passive,overall,1.6455078125,164.55078125,110.49373904107162,218.60782345892838,256
2026093002,400000000,passive,button,1.302734375,130.2734375,6.133495973475249,254.41337902652475,256
2026093002,400000000,passive,big_blind,1.98828125,198.828125,91.13827335458085,306.51797664541914,256
2026093002,400000000,loose_passive,overall,0.146484375,14.6484375,-26.294965107521094,55.591840107521094,256
2026093002,400000000,loose_passive,button,0.19921875,19.921875,-54.085338256069804,93.9290882560698,256
2026093002,400000000,loose_passive,big_blind,0.09375,9.375,-48.10931907928083,66.85931907928082,256
2026093002,400000000,loose_aggressive,overall,0.2880859375,28.80859375,-8.677374989173408,66.29456248917342,256
2026093002,400000000,loose_aggressive,button,0.02734375,2.734375,-67.33486416725732,72.80361416725732,256
2026093002,400000000,loose_aggressive,big_blind,0.548828125,54.8828125,-6.6322643349157175,116.39788933491572,256
2026093002,400000000,tight_passive,overall,0.466796875,46.6796875,32.33287040610044,61.02650459389956,256
2026093002,400000000,tight_passive,button,0.58984375,58.984375,36.3752987732815,81.5934512267185,256
2026093002,400000000,tight_passive,big_blind,0.34375,34.375,16.34411580316384,52.405884196836155,256
2026093002,400000000,tight_aggressive,overall,0.5458984375,54.58984375,36.076974730344745,73.10271276965526,256
2026093002,400000000,tight_aggressive,button,0.45703125,45.703125,9.174640154823074,82.23160984517693,256
2026093002,400000000,tight_aggressive,big_blind,0.634765625,63.4765625,32.395357902670526,94.55776709732947,256
2026093002,420000000,random,overall,1.1015625,110.15625,58.159426744567654,162.15307325543233,256
2026093002,420000000,random,button,0.63671875,63.671875,-40.11098014261016,167.45473014261017,256
2026093002,420000000,random,big_blind,1.56640625,156.640625,57.92691927623969,255.3543307237603,256
2026093002,420000000,selective_stackoff,overall,0.5087890625,50.87890625,31.125667827806446,70.63214467219356,256
2026093002,420000000,selective_stackoff,button,0.46875,46.875,12.688557004775824,81.06144299522418,256
2026093002,420000000,selective_stackoff,big_blind,0.548828125,54.8828125,34.49543589597228,75.27018910402772,256
2026093002,420000000,passive,overall,1.5068359375,150.68359375,94.89235872661448,206.47482877338552,256
2026093002,420000000,passive,button,1.591796875,159.1796875,35.88054132284711,282.4788336771529,256
2026093002,420000000,passive,big_blind,1.421875,142.1875,42.33072528155975,242.04427471844025,256
2026093002,420000000,loose_passive,overall,0.27734375,27.734375,-11.927905692417795,67.3966556924178,256
2026093002,420000000,loose_passive,button,0.00390625,0.390625,-74.44541571188842,75.22666571188842,256
2026093002,420000000,loose_passive,big_blind,0.55078125,55.078125,-0.19110468565858696,110.34735468565859,256
2026093002,420000000,loose_aggressive,overall,-0.1103515625,-11.03515625,-52.11572500074221,30.04541250074221,256
2026093002,420000000,loose_aggressive,button,-0.40234375,-40.234375,-113.91865935873663,33.44990935873663,256
2026093002,420000000,loose_aggressive,big_blind,0.181640625,18.1640625,-47.88099330599576,84.20911830599576,256
2026093002,420000000,tight_passive,overall,0.494140625,49.4140625,36.79623997524777,62.03188502475223,256
2026093002,420000000,tight_passive,button,0.5625,56.25,32.9286700528196,79.5713299471804,256
2026093002,420000000,tight_passive,big_blind,0.42578125,42.578125,32.64477638960169,52.51147361039831,256
2026093002,420000000,tight_aggressive,overall,0.544921875,54.4921875,37.324475125494956,71.65989987450504,256
2026093002,420000000,tight_aggressive,button,0.474609375,47.4609375,13.56388679564526,81.35798820435474,256
2026093002,420000000,tight_aggressive,big_blind,0.615234375,61.5234375,30.430288979101338,92.61658602089867,256
2026093002,440000000,random,overall,1.1025390625,110.25390625,57.894808885979806,162.6130036140202,256
2026093002,440000000,random,button,0.599609375,59.9609375,-43.717382479046094,163.63925747904608,256
2026093002,440000000,random,big_blind,1.60546875,160.546875,62.03112396543884,259.06262603456116,256
2026093002,440000000,selective_stackoff,overall,0.6103515625,61.03515625,42.28043161099447,79.78988088900553,256
2026093002,440000000,selective_stackoff,button,0.6875,68.75,35.232632328184515,102.26736767181549,256
2026093002,440000000,selective_stackoff,big_blind,0.533203125,53.3203125,32.15617712976061,74.48444787023939,256
2026093002,440000000,passive,overall,1.3076171875,130.76171875,77.52166007020634,184.00177742979366,256
2026093002,440000000,passive,button,1.365234375,136.5234375,12.318159765009582,260.72871523499043,256
2026093002,440000000,passive,big_blind,1.25,125,27.315884196219827,222.68411580378017,256
2026093002,440000000,loose_passive,overall,0.26171875,26.171875,-8.982407187424911,61.32615718742491,256
2026093002,440000000,loose_passive,button,0.01953125,1.953125,-68.14618002471782,72.05243002471782,256
2026093002,440000000,loose_passive,big_blind,0.50390625,50.390625,0.021627921870567945,100.75962207812944,256
2026093002,440000000,loose_aggressive,overall,0.11328125,11.328125,-25.876662048043386,48.532912048043386,256
2026093002,440000000,loose_aggressive,button,-0.146484375,-14.6484375,-84.32208864067553,55.02521364067553,256
2026093002,440000000,loose_aggressive,big_blind,0.373046875,37.3046875,-24.970972279193674,99.58034727919367,256
2026093002,440000000,tight_passive,overall,0.431640625,43.1640625,32.100006654131434,54.228118345868566,256
2026093002,440000000,tight_passive,button,0.51171875,51.171875,36.01955493556481,66.32419506443519,256
2026093002,440000000,tight_passive,big_blind,0.3515625,35.15625,18.30724751323582,52.00525248676418,256
2026093002,440000000,tight_aggressive,overall,0.4755859375,47.55859375,28.160164435124905,66.9570230648751,256
2026093002,440000000,tight_aggressive,button,0.34765625,34.765625,-3.87333658494299,73.40458658494299,256
2026093002,440000000,tight_aggressive,big_blind,0.603515625,60.3515625,29.25214525551604,91.45097974448396,256
2026093002,450000000,random,overall,1.1728515625,117.28515625,65.0948641673495,169.4754483326505,256
2026093002,450000000,random,button,0.716796875,71.6796875,-33.333760885006,176.693135885006,256
2026093002,450000000,random,big_blind,1.62890625,162.890625,64.07804367456643,261.7032063254336,256
2026093002,450000000,selective_stackoff,overall,0.451171875,45.1171875,25.360612146775317,64.87376285322469,256
2026093002,450000000,selective_stackoff,button,0.400390625,40.0390625,7.591526299150495,72.4865987008495,256
2026093002,450000000,selective_stackoff,big_blind,0.501953125,50.1953125,25.240381564827324,75.15024343517268,256
2026093002,450000000,passive,overall,1.6455078125,164.55078125,112.30230575976478,216.79925674023522,256
2026093002,450000000,passive,button,1.912109375,191.2109375,74.97993839768418,307.4419366023158,256
2026093002,450000000,passive,big_blind,1.37890625,137.890625,39.902150480818065,235.87909951918192,256
2026093002,450000000,loose_passive,overall,0.1826171875,18.26171875,-15.58328479140831,52.10672229140831,256
2026093002,450000000,loose_passive,button,0.095703125,9.5703125,-55.162363099702716,74.30298809970272,256
2026093002,450000000,loose_passive,big_blind,0.26953125,26.953125,-24.82568998469548,78.73193998469549,256
2026093002,450000000,loose_aggressive,overall,0.197265625,19.7265625,-19.02546862744604,58.47859362744604,256
2026093002,450000000,loose_aggressive,button,0.072265625,7.2265625,-64.79564138371816,79.24876638371816,256
2026093002,450000000,loose_aggressive,big_blind,0.322265625,32.2265625,-33.70982975358446,98.16295475358446,256
2026093002,450000000,tight_passive,overall,0.3876953125,38.76953125,25.106933889992717,52.43212861000728,256
2026093002,450000000,tight_passive,button,0.501953125,50.1953125,33.85848550743573,66.53213949256427,256
2026093002,450000000,tight_passive,big_blind,0.2734375,27.34375,4.683154819820132,50.00434518017987,256
2026093002,450000000,tight_aggressive,overall,0.5322265625,53.22265625,34.34201936863585,72.10329313136415,256
2026093002,450000000,tight_aggressive,button,0.4453125,44.53125,6.83258228560053,82.22991771439948,256
2026093002,450000000,tight_aggressive,big_blind,0.619140625,61.9140625,30.938013180526895,92.8901118194731,256
2026093002,460000000,random,overall,1.18359375,118.359375,65.26648717115219,171.4522628288478,256
2026093002,460000000,random,button,0.65234375,65.234375,-37.726200011666634,168.19495001166663,256
2026093002,460000000,random,big_blind,1.71484375,171.484375,71.57631178443853,271.39243821556147,256
2026093002,460000000,selective_stackoff,overall,0.4716796875,47.16796875,33.329347876899746,61.006589623100254,256
2026093002,460000000,selective_stackoff,button,0.4765625,47.65625,27.581319301618716,67.73118069838128,256
2026093002,460000000,selective_stackoff,big_blind,0.466796875,46.6796875,26.34588017113915,67.01349482886084,256
2026093002,460000000,passive,overall,1.5400390625,154.00390625,104.5857994920712,203.4220130079288,256
2026093002,460000000,passive,button,1.904296875,190.4296875,79.44324512010874,301.4161298798913,256
2026093002,460000000,passive,big_blind,1.17578125,117.578125,24.28933495828288,210.8669150417171,256
2026093002,460000000,loose_passive,overall,0.3037109375,30.37109375,-1.761268160156817,62.50345566015682,256
2026093002,460000000,loose_passive,button,0.248046875,24.8046875,-38.714796333518024,88.32417133351802,256
2026093002,460000000,loose_passive,big_blind,0.359375,35.9375,-5.7655630735732615,77.64056307357326,256
2026093002,460000000,loose_aggressive,overall,0.2744140625,27.44140625,-10.589103135864072,65.47191563586406,256
2026093002,460000000,loose_aggressive,button,0.0625,6.25,-65.98259513553096,78.48259513553096,256
2026093002,460000000,loose_aggressive,big_blind,0.486328125,48.6328125,-13.54775136239806,110.81337636239806,256
2026093002,460000000,tight_passive,overall,0.5009765625,50.09765625,41.718322986678935,58.476989513321065,256
2026093002,460000000,tight_passive,button,0.603515625,60.3515625,46.5527158762718,74.1504091237282,256
2026093002,460000000,tight_passive,big_blind,0.3984375,39.84375,29.768785008884137,49.91871499111586,256
2026093002,460000000,tight_aggressive,overall,0.5361328125,53.61328125,34.65717405179613,72.56938844820387,256
2026093002,460000000,tight_aggressive,button,0.4765625,47.65625,9.964477377376099,85.3480226226239,256
2026093002,460000000,tight_aggressive,big_blind,0.595703125,59.5703125,28.581904286720672,90.55872071327933,256
2026093002,480000000,random,overall,1.130859375,113.0859375,62.067292933924094,164.10458206607592,256
2026093002,480000000,random,button,0.33984375,33.984375,-70.78188940184324,138.75063940184324,256
2026093002,480000000,random,big_blind,1.921875,192.1875,94.69228931614883,289.68271068385116,256
2026093002,480000000,selective_stackoff,overall,0.53125,53.125,33.6430651804412,72.6069348195588,256
2026093002,480000000,selective_stackoff,button,0.654296875,65.4296875,31.747396219834222,99.11197878016577,256
2026093002,480000000,selective_stackoff,big_blind,0.408203125,40.8203125,19.766994236037625,61.873630763962375,256
2026093002,480000000,passive,overall,1.5986328125,159.86328125,107.83169271433249,211.8948697856675,256
2026093002,480000000,passive,button,1.630859375,163.0859375,35.68420165508135,290.4876733449187,256
2026093002,480000000,passive,big_blind,1.56640625,156.640625,62.408435194830446,250.87281480516955,256
2026093002,480000000,loose_passive,overall,0.3271484375,32.71484375,-3.784244805471076,69.21393230547108,256
2026093002,480000000,loose_passive,button,0.232421875,23.2421875,-46.76815324962858,93.25252824962858,256
2026093002,480000000,loose_passive,big_blind,0.421875,42.1875,-1.2837078284053263,85.65870782840533,256
2026093002,480000000,loose_aggressive,overall,0.1611328125,16.11328125,-25.3216603994604,57.5482228994604,256
2026093002,480000000,loose_aggressive,button,0.0234375,2.34375,-73.68297129955106,78.37047129955106,256
2026093002,480000000,loose_aggressive,big_blind,0.298828125,29.8828125,-38.084356889447875,97.84998188944788,256
2026093002,480000000,tight_passive,overall,0.4951171875,49.51171875,37.77978180440445,61.24365569559555,256
2026093002,480000000,tight_passive,button,0.591796875,59.1796875,38.14048301536214,80.21889198463785,256
2026093002,480000000,tight_passive,big_blind,0.3984375,39.84375,28.545757214872616,51.141742785127384,256
2026093002,480000000,tight_aggressive,overall,0.4970703125,49.70703125,28.79218975045203,70.62187274954798,256
2026093002,480000000,tight_aggressive,button,0.42578125,42.578125,1.606923554257797,83.5493264457422,256
2026093002,480000000,tight_aggressive,big_blind,0.568359375,56.8359375,24.98579896725109,88.68607603274891,256
2026093002,500000000,random,overall,1.2412109375,124.12109375,72.48796559953797,175.75422190046203,256
2026093002,500000000,random,button,0.642578125,64.2578125,-42.87086308017838,171.38648808017837,256
2026093002,500000000,random,big_blind,1.83984375,183.984375,84.29582321038981,283.6729267896102,256
2026093002,500000000,selective_stackoff,overall,0.54296875,54.296875,35.636112224543425,72.95763777545658,256
2026093002,500000000,selective_stackoff,button,0.580078125,58.0078125,29.24968096434714,86.76594403565286,256
2026093002,500000000,selective_stackoff,big_blind,0.505859375,50.5859375,25.87030995086097,75.30156504913903,256
2026093002,500000000,passive,overall,1.1845703125,118.45703125,67.91747476662627,168.99658773337373,256
2026093002,500000000,passive,button,1.052734375,105.2734375,-17.820631284589652,228.36750628458964,256
2026093002,500000000,passive,big_blind,1.31640625,131.640625,37.811206309092896,225.47004369090712,256
2026093002,500000000,loose_passive,overall,-0.0205078125,-2.05078125,-41.43985716859731,37.33829466859731,256
2026093002,500000000,loose_passive,button,-0.029296875,-2.9296875,-77.10204227547223,71.24266727547223,256
2026093002,500000000,loose_passive,big_blind,-0.01171875,-1.171875,-55.46303214753313,53.11928214753313,256
2026093002,500000000,loose_aggressive,overall,0.029296875,2.9296875,-39.25823871069155,45.11761371069155,256
2026093002,500000000,loose_aggressive,button,-0.154296875,-15.4296875,-87.23604022605704,56.37666522605704,256
2026093002,500000000,loose_aggressive,big_blind,0.212890625,21.2890625,-49.113602453573264,91.69172745357326,256
2026093002,500000000,tight_passive,overall,0.4619140625,46.19140625,35.405704516107214,56.977107983892786,256
2026093002,500000000,tight_passive,button,0.568359375,56.8359375,39.843085667521905,73.8287893324781,256
2026093002,500000000,tight_passive,big_blind,0.35546875,35.546875,21.20659017670424,49.88715982329576,256
2026093002,500000000,tight_aggressive,overall,0.4873046875,48.73046875,29.668212900333188,67.79272459966681,256
2026093002,500000000,tight_aggressive,button,0.44921875,44.921875,8.370526625994188,81.47322337400581,256
2026093002,500000000,tight_aggressive,big_blind,0.525390625,52.5390625,19.742102257337486,85.33602274266252,256
2026093003,100000000,random,overall,1.2607421875,126.07421875,77.0498499337219,175.0985875662781,256
2026093003,100000000,random,button,0.693359375,69.3359375,-28.72960315637674,167.40147815637675,256
2026093003,100000000,random,big_blind,1.828125,182.8125,91.26950509100104,274.35549490899893,256
2026093003,100000000,selective_stackoff,overall,0.431640625,43.1640625,25.084994854819477,61.24313014518052,256
2026093003,100000000,selective_stackoff,button,0.443359375,44.3359375,16.879590750236236,71.79228424976377,256
2026093003,100000000,selective_stackoff,big_blind,0.419921875,41.9921875,15.847231886968952,68.13714311303104,256
2026093003,100000000,passive,overall,1.3505859375,135.05859375,81.84289559795613,188.27429190204387,256
2026093003,100000000,passive,button,1.779296875,177.9296875,54.388211311270624,301.47116368872935,256
2026093003,100000000,passive,big_blind,0.921875,92.1875,-8.244705318626728,192.61970531862673,256
2026093003,100000000,loose_passive,overall,-0.044921875,-4.4921875,-41.78982060928571,32.80544560928571,256
2026093003,100000000,loose_passive,button,-0.26171875,-26.171875,-99.00020891079815,46.65645891079815,256
2026093003,100000000,loose_passive,big_blind,0.171875,17.1875,-43.81016042444245,78.18516042444244,256
2026093003,100000000,loose_aggressive,overall,-0.1845703125,-18.45703125,-63.8815223044261,26.9674598044261,256
2026093003,100000000,loose_aggressive,button,-0.3359375,-33.59375,-125.73563880196467,58.54813880196467,256
2026093003,100000000,loose_aggressive,big_blind,-0.033203125,-3.3203125,-72.86684685412509,66.22622185412509,256
2026093003,100000000,tight_passive,overall,0.4013671875,40.13671875,25.767057046955102,54.5063804530449,256
2026093003,100000000,tight_passive,button,0.423828125,42.3828125,15.32603104374829,69.43959395625171,256
2026093003,100000000,tight_passive,big_blind,0.37890625,37.890625,26.67478403298321,49.10646596701679,256
2026093003,100000000,tight_aggressive,overall,0.5341796875,53.41796875,31.7161594739671,75.1197780260329,256
2026093003,100000000,tight_aggressive,button,0.45703125,45.703125,2.857616620315305,88.5486333796847,256
2026093003,100000000,tight_aggressive,big_blind,0.611328125,61.1328125,29.809075301438174,92.45654969856183,256
2026093003,120000000,random,overall,1.193359375,119.3359375,70.30841351052645,168.36346148947354,256
2026093003,120000000,random,button,0.43359375,43.359375,-53.12958743468029,139.84833743468027,256
2026093003,120000000,random,big_blind,1.953125,195.3125,97.6194521213914,293.0055478786086,256
2026093003,120000000,selective_stackoff,overall,0.494140625,49.4140625,32.538515907668405,66.2896090923316,256
2026093003,120000000,selective_stackoff,button,0.462890625,46.2890625,16.353871370491586,76.22425362950841,256
2026093003,120000000,selective_stackoff,big_blind,0.525390625,52.5390625,32.8567450964762,72.2213799035238,256
2026093003,120000000,passive,overall,1.2294921875,122.94921875,69.71269083841182,176.18574666158818,256
2026093003,120000000,passive,button,1.728515625,172.8515625,51.84482955010411,293.8582954498959,256
2026093003,120000000,passive,big_blind,0.73046875,73.046875,-38.58004357348469,184.6737935734847,256
2026093003,120000000,loose_passive,overall,-0.0078125,-0.78125,-38.72534954763573,37.16284954763573,256
2026093003,120000000,loose_passive,button,-0.0859375,-8.59375,-76.1608123318362,58.9733123318362,256
2026093003,120000000,loose_passive,big_blind,0.0703125,7.03125,-49.436361644785336,63.498861644785336,256
2026093003,120000000,loose_aggressive,overall,0.0322265625,3.22265625,-40.401065792777146,46.846378292777146,256
2026093003,120000000,loose_aggressive,button,-0.1328125,-13.28125,-95.29838470999138,68.73588470999138,256
2026093003,120000000,loose_aggressive,big_blind,0.197265625,19.7265625,-44.23697859093586,83.69010359093586,256
2026093003,120000000,tight_passive,overall,0.5078125,50.78125,37.95925233222778,63.60324766777222,256
2026093003,120000000,tight_passive,button,0.640625,64.0625,45.019088957149265,83.10591104285074,256
2026093003,120000000,tight_passive,big_blind,0.375,37.5,19.932218754207128,55.06778124579287,256
2026093003,120000000,tight_aggressive,overall,0.4833984375,48.33984375,25.976029961277874,70.70365753872213,256
2026093003,120000000,tight_aggressive,button,0.27734375,27.734375,-13.817918707813348,69.28666870781335,256
2026093003,120000000,tight_aggressive,big_blind,0.689453125,68.9453125,34.444805246951,103.445819753049,256
2026093003,140000000,random,overall,1.06640625,106.640625,59.103048802000885,154.1782011979991,256
2026093003,140000000,random,button,0.19921875,19.921875,-76.88049032988886,116.72424032988886,256
2026093003,140000000,random,big_blind,1.93359375,193.359375,96.97513875727499,289.743611242725,256
2026093003,140000000,selective_stackoff,overall,0.7265625,72.65625,54.53319208762139,90.77930791237861,256
2026093003,140000000,selective_stackoff,button,0.880859375,88.0859375,58.1138685026488,118.0580064973512,256
2026093003,140000000,selective_stackoff,big_blind,0.572265625,57.2265625,37.02546178020402,77.42766321979599,256
2026093003,140000000,passive,overall,1.4501953125,145.01953125,96.72991114321027,193.30915135678973,256
2026093003,140000000,passive,button,1.998046875,199.8046875,87.93628462630487,311.6730903736951,256
2026093003,140000000,passive,big_blind,0.90234375,90.234375,-3.1481998056588623,183.61694980565886,256
2026093003,140000000,loose_passive,overall,0.1982421875,19.82421875,-12.049907167620582,51.69834466762058,256
2026093003,140000000,loose_passive,button,0.228515625,22.8515625,-39.219890894782594,84.9230158947826,256
2026093003,140000000,loose_passive,big_blind,0.16796875,16.796875,-31.683671133346657,65.27742113334665,256
2026093003,140000000,loose_aggressive,overall,0.0849609375,8.49609375,-32.88539683698277,49.87758433698277,256
2026093003,140000000,loose_aggressive,button,-0.08984375,-8.984375,-87.2105134538735,69.2417634538735,256
2026093003,140000000,loose_aggressive,big_blind,0.259765625,25.9765625,-43.953350226321874,95.90647522632187,256
2026093003,140000000,tight_passive,overall,0.5185546875,51.85546875,38.77567024086987,64.93526725913013,256
2026093003,140000000,tight_passive,button,0.646484375,64.6484375,45.592250604635694,83.7046243953643,256
2026093003,140000000,tight_passive,big_blind,0.390625,39.0625,20.71824251308085,57.40675748691915,256
2026093003,140000000,tight_aggressive,overall,0.48046875,48.046875,27.88456817493541,68.20918182506459,256
2026093003,140000000,tight_aggressive,button,0.345703125,34.5703125,-5.261773927860034,74.40239892786003,256
2026093003,140000000,tight_aggressive,big_blind,0.615234375,61.5234375,30.296829150314224,92.75004584968578,256
2026093003,150000000,random,overall,1.1904296875,119.04296875,69.12993503504839,168.9560024649516,256
2026093003,150000000,random,button,0.501953125,50.1953125,-46.22244212202783,146.61306712202781,256
2026093003,150000000,random,big_blind,1.87890625,187.890625,90.82654065676782,284.9547093432322,256
2026093003,150000000,selective_stackoff,overall,0.646484375,64.6484375,47.439276483202356,81.85759851679765,256
2026093003,150000000,selective_stackoff,button,0.748046875,74.8046875,42.4369941641599,107.1723808358401,256
2026093003,150000000,selective_stackoff,big_blind,0.544921875,54.4921875,33.33134187897113,75.65303312102887,256
2026093003,150000000,passive,overall,1.3193359375,131.93359375,80.80028940639627,183.06689809360373,256
2026093003,150000000,passive,button,1.857421875,185.7421875,66.05803001546435,305.42634498453566,256
2026093003,150000000,passive,big_blind,0.78125,78.125,-18.371285644759823,174.62128564475984,256
2026093003,150000000,loose_passive,overall,0.380859375,38.0859375,1.0219239159986984,75.1499510840013,256
2026093003,150000000,loose_passive,button,0.41796875,41.796875,-29.532677679944953,113.12642767994495,256
2026093003,150000000,loose_passive,big_blind,0.34375,34.375,-16.93904649484864,85.68904649484864,256
2026093003,150000000,loose_aggressive,overall,0.439453125,43.9453125,2.211105791553564,85.67951920844644,256
2026093003,150000000,loose_aggressive,button,0.291015625,29.1015625,-59.92497026963271,118.12809526963271,256
2026093003,150000000,loose_aggressive,big_blind,0.587890625,58.7890625,-1.863501892573339,119.44162689257334,256
2026093003,150000000,tight_passive,overall,0.4658203125,46.58203125,36.367136189563084,56.796926310436916,256
2026093003,150000000,tight_passive,button,0.595703125,59.5703125,44.42896608554524,74.71165891445476,256
2026093003,150000000,tight_passive,big_blind,0.3359375,33.59375,19.161438253805173,48.02606174619483,256
2026093003,150000000,tight_aggressive,overall,0.4033203125,40.33203125,14.624612592901077,66.03944990709893,256
2026093003,150000000,tight_aggressive,button,0.22265625,22.265625,-24.190758391075555,68.72200839107555,256
2026093003,150000000,tight_aggressive,big_blind,0.583984375,58.3984375,20.757254632482912,96.03962036751709,256
2026093003,160000000,random,overall,1.1513671875,115.13671875,64.27212536362669,166.00131213637331,256
2026093003,160000000,random,button,0.466796875,46.6796875,-50.3376297940048,143.69700479400478,256
2026093003,160000000,random,big_blind,1.8359375,183.59375,85.40430789706778,281.7831921029322,256
2026093003,160000000,selective_stackoff,overall,0.546875,54.6875,34.22307973700481,75.15192026299519,256
2026093003,160000000,selective_stackoff,button,0.630859375,63.0859375,25.209364633294655,100.96251036670535,256
2026093003,160000000,selective_stackoff,big_blind,0.462890625,46.2890625,26.519218419215495,66.05890658078451,256
2026093003,160000000,passive,overall,0.9560546875,95.60546875,50.00084124199506,141.21009625800494,256
2026093003,160000000,passive,button,1.376953125,137.6953125,34.07670546171066,241.31391953828933,256
2026093003,160000000,passive,big_blind,0.53515625,53.515625,-43.08506116699283,150.11631116699283,256
2026093003,160000000,loose_passive,overall,0.1484375,14.84375,-20.43195162485766,50.11945162485766,256
2026093003,160000000,loose_passive,button,0.359375,35.9375,-30.07441744000542,101.94941744000542,256
2026093003,160000000,loose_passive,big_blind,-0.0625,-6.25,-62.60316413371877,50.10316413371877,256
2026093003,160000000,loose_aggressive,overall,0.2900390625,29.00390625,-9.122102443991132,67.12991494399114,256
2026093003,160000000,loose_aggressive,button,0.21875,21.875,-61.973347680475,105.723347680475,256
2026093003,160000000,loose_aggressive,big_blind,0.361328125,36.1328125,-22.56378721005315,94.82941221005315,256
2026093003,160000000,tight_passive,overall,0.3701171875,37.01171875,20.56399433666328,53.459443163336715,256
2026093003,160000000,tight_passive,button,0.490234375,49.0234375,27.92596453489183,70.12091046510817,256
2026093003,160000000,tight_passive,big_blind,0.25,25,-0.9955997557803258,50.995599755780326,256
2026093003,160000000,tight_aggressive,overall,0.3935546875,39.35546875,12.693809053166138,66.01712844683387,256
2026093003,160000000,tight_aggressive,button,0.24609375,24.609375,-21.19139269830041,70.4101426983004,256
2026093003,160000000,tight_aggressive,big_blind,0.541015625,54.1015625,12.96590170956511,95.23722329043488,256
2026093003,180000000,random,overall,1.0908203125,109.08203125,59.69820497808529,158.4658575219147,256
2026093003,180000000,random,button,0.455078125,45.5078125,-55.432695727144036,146.44832072714405,256
2026093003,180000000,random,big_blind,1.7265625,172.65625,74.20170484264366,271.11079515735634,256
2026093003,180000000,selective_stackoff,overall,0.515625,51.5625,32.823740290188496,70.3012597098115,256
2026093003,180000000,selective_stackoff,button,0.517578125,51.7578125,18.403279088574898,85.11234591142511,256
2026093003,180000000,selective_stackoff,big_blind,0.513671875,51.3671875,30.855435405469713,71.8789395945303,256
2026093003,180000000,passive,overall,1.59765625,159.765625,107.84984690080296,211.68140309919704,256
2026093003,180000000,passive,button,1.984375,198.4375,81.31883507135439,315.5561649286456,256
2026093003,180000000,passive,big_blind,1.2109375,121.09375,10.52506342157129,231.6624365784287,256
2026093003,180000000,loose_passive,overall,0.1123046875,11.23046875,-27.641495575671783,50.10243307567178,256
2026093003,180000000,loose_passive,button,0.271484375,27.1484375,-48.85883368091888,103.15570868091888,256
2026093003,180000000,loose_passive,big_blind,-0.046875,-4.6875,-60.460161012210634,51.085161012210634,256
2026093003,180000000,loose_aggressive,overall,0.533203125,53.3203125,11.595670998453123,95.04495400154687,256
2026093003,180000000,loose_aggressive,button,0.466796875,46.6796875,-30.77382704988591,124.13320204988591,256
2026093003,180000000,loose_aggressive,big_blind,0.599609375,59.9609375,-3.1090079714575793,123.03088297145757,256
2026093003,180000000,tight_passive,overall,0.39453125,39.453125,24.991658417913605,53.914591582086395,256
2026093003,180000000,tight_passive,button,0.5,50,29.44777057226433,70.55222942773567,256
2026093003,180000000,tight_passive,big_blind,0.2890625,28.90625,7.572385741463762,50.24011425853624,256
2026093003,180000000,tight_aggressive,overall,0.544921875,54.4921875,35.08880536897173,73.89556963102828,256
2026093003,180000000,tight_aggressive,button,0.505859375,50.5859375,12.049491106696152,89.12238389330385,256
2026093003,180000000,tight_aggressive,big_blind,0.583984375,58.3984375,27.118664009310233,89.67821099068976,256
2026093003,200000000,random,overall,1.2490234375,124.90234375,74.05386957263303,175.75081792736697,256
2026093003,200000000,random,button,0.326171875,32.6171875,-67.69835146110454,132.93272646110455,256
2026093003,200000000,random,big_blind,2.171875,217.1875,120.74606175013682,313.62893824986315,256
2026093003,200000000,selective_stackoff,overall,0.66015625,66.015625,44.56963392859792,87.46161607140208,256
2026093003,200000000,selective_stackoff,button,0.802734375,80.2734375,44.11470052357819,116.4321744764218,256
2026093003,200000000,selective_stackoff,big_blind,0.517578125,51.7578125,28.024003126175355,75.49162187382464,256
2026093003,200000000,passive,overall,1.5869140625,158.69140625,102.97967454443413,214.40313795556585,256
2026093003,200000000,passive,button,1.576171875,157.6171875,38.65191077629048,276.5824642237095,256
2026093003,200000000,passive,big_blind,1.59765625,159.765625,46.765661851607916,272.7655881483921,256
2026093003,200000000,loose_passive,overall,0.1259765625,12.59765625,-26.834154700822126,52.029467200822126,256
2026093003,200000000,loose_passive,button,0.107421875,10.7421875,-61.99975415881981,83.48412915881981,256
2026093003,200000000,loose_passive,big_blind,0.14453125,14.453125,-46.89035238432582,75.79660238432582,256
2026093003,200000000,loose_aggressive,overall,0.1875,18.75,-24.909138404483564,62.40913840448356,256
2026093003,200000000,loose_aggressive,button,0.158203125,15.8203125,-66.97670178019536,98.61732678019536,256
2026093003,200000000,loose_aggressive,big_blind,0.216796875,21.6796875,-40.632182402071194,83.9915574020712,256
2026093003,200000000,tight_passive,overall,0.5078125,50.78125,38.99744809360909,62.56505190639091,256
2026093003,200000000,tight_passive,button,0.6328125,63.28125,50.04321133379932,76.51928866620068,256
2026093003,200000000,tight_passive,big_blind,0.3828125,38.28125,18.450095026278618,58.11240497372138,256
2026093003,200000000,tight_aggressive,overall,0.6220703125,62.20703125,41.7562552977858,82.6578072022142,256
2026093003,200000000,tight_aggressive,button,0.59765625,59.765625,16.75038089282124,102.78086910717876,256
2026093003,200000000,tight_aggressive,big_blind,0.646484375,64.6484375,36.67412838333174,92.62274661666825,256
2026093003,220000000,random,overall,1.1416015625,114.16015625,62.36254476495675,165.95776773504326,256
2026093003,220000000,random,button,0.298828125,29.8828125,-69.03085361929992,128.79647861929993,256
2026093003,220000000,random,big_blind,1.984375,198.4375,99.53420138455886,297.34079861544114,256
2026093003,220000000,selective_stackoff,overall,0.66015625,66.015625,47.95085919145745,84.08039080854255,256
2026093003,220000000,selective_stackoff,button,0.830078125,83.0078125,47.11233472314426,118.90329027685574,256
2026093003,220000000,selective_stackoff,big_blind,0.490234375,49.0234375,33.64229063488897,64.40458436511102,256
2026093003,220000000,passive,overall,1.4697265625,146.97265625,94.77645065343908,199.1688618465609,256
2026093003,220000000,passive,button,1.662109375,166.2109375,44.919442442365124,287.50243255763485,256
2026093003,220000000,passive,big_blind,1.27734375,127.734375,22.093179838721184,233.3755701612788,256
2026093003,220000000,loose_passive,overall,0.083984375,8.3984375,-30.903739187233164,47.700614187233164,256
2026093003,220000000,loose_passive,button,0.2109375,21.09375,-52.558481827679955,94.74598182767996,256
2026093003,220000000,loose_passive,big_blind,-0.04296875,-4.296875,-60.42571569573642,51.83196569573642,256
2026093003,220000000,loose_aggressive,overall,0.0703125,7.03125,-38.60376071660056,52.66626071660056,256
2026093003,220000000,loose_aggressive,button,0.080078125,8.0078125,-78.81616805273019,94.83179305273019,256
2026093003,220000000,loose_aggressive,big_blind,0.060546875,6.0546875,-62.54292153750768,74.65229653750768,256
2026093003,220000000,tight_passive,overall,0.423828125,42.3828125,27.97047324697145,56.79515175302855,256
2026093003,220000000,tight_passive,button,0.57421875,57.421875,41.11524373778994,73.72850626221006,256
2026093003,220000000,tight_passive,big_blind,0.2734375,27.34375,2.77133803724287,51.91616196275713,256
2026093003,220000000,tight_aggressive,overall,0.5927734375,59.27734375,40.385893774076706,78.1687937259233,256
2026093003,220000000,tight_aggressive,button,0.5390625,53.90625,16.390235531629713,91.42226446837029,256
2026093003,220000000,tight_aggressive,big_blind,0.646484375,64.6484375,33.44175224762222,95.85512275237778,256
2026093003,240000000,random,overall,1.21484375,121.484375,68.33312387848792,174.63562612151208,256
2026093003,240000000,random,button,0.4375,43.75,-55.148981190077336,142.64898119007734,256
2026093003,240000000,random,big_blind,1.9921875,199.21875,100.77287924361823,297.66462075638174,256
2026093003,240000000,selective_stackoff,overall,0.51953125,51.953125,32.908312610973695,70.9979373890263,256
2026093003,240000000,selective_stackoff,button,0.599609375,59.9609375,28.40447245579723,91.51740254420277,256
2026093003,240000000,selective_stackoff,big_blind,0.439453125,43.9453125,18.69382100548692,69.19680399451308,256
2026093003,240000000,passive,overall,1.2841796875,128.41796875,79.50897645153174,177.32696104846826,256
2026093003,240000000,passive,button,1.193359375,119.3359375,3.4173835991488204,235.25449140085118,256
2026093003,240000000,passive,big_blind,1.375,137.5,42.57957701780845,232.42042298219155,256
2026093003,240000000,loose_passive,overall,0.06640625,6.640625,-32.7431057790727,46.0243557790727,256
2026093003,240000000,loose_passive,button,0.140625,14.0625,-57.08425333758065,85.20925333758065,256
2026093003,240000000,loose_passive,big_blind,-0.0078125,-0.78125,-57.06576586187458,55.50326586187458,256
2026093003,240000000,loose_aggressive,overall,0.236328125,23.6328125,-20.819084385845343,68.08470938584534,256
2026093003,240000000,loose_aggressive,button,0.314453125,31.4453125,-49.109936411832095,112.0005614118321,256
2026093003,240000000,loose_aggressive,big_blind,0.158203125,15.8203125,-55.982679067899696,87.6233040678997,256
2026093003,240000000,tight_passive,overall,0.390625,39.0625,23.65314636384889,54.47185363615111,256
2026093003,240000000,tight_passive,button,0.5234375,52.34375,32.048082698723604,72.6394173012764,256
2026093003,240000000,tight_passive,big_blind,0.2578125,25.78125,1.8441388079462904,49.718361192053706,256
2026093003,240000000,tight_aggressive,overall,0.4951171875,49.51171875,32.630625193528715,66.39281230647128,256
2026093003,240000000,tight_aggressive,button,0.4140625,41.40625,7.417098222806466,75.39540177719354,256
2026093003,240000000,tight_aggressive,big_blind,0.576171875,57.6171875,25.28837689705572,89.94599810294429,256
2026093003,250000000,random,overall,1.517578125,151.7578125,99.75492543246003,203.76069956753997,256
2026093003,250000000,random,button,0.75,75,-24.661928777458343,174.66192877745834,256
2026093003,250000000,random,big_blind,2.28515625,228.515625,130.12951759543103,326.901732404569,256
2026093003,250000000,selective_stackoff,overall,0.5966796875,59.66796875,41.25732526057917,78.07861223942083,256
2026093003,250000000,selective_stackoff,button,0.7421875,74.21875,44.45684780672989,103.98065219327012,256
2026093003,250000000,selective_stackoff,big_blind,0.451171875,45.1171875,21.845078545737376,68.38929645426262,256
2026093003,250000000,passive,overall,1.0869140625,108.69140625,53.38368830713179,163.9991241928682,256
2026093003,250000000,passive,button,0.962890625,96.2890625,-33.68641659169353,226.26454159169353,256
2026093003,250000000,passive,big_blind,1.2109375,121.09375,18.50152616463069,223.6859738353693,256
2026093003,250000000,loose_passive,overall,0.076171875,7.6171875,-34.11401641448458,49.34839141448458,256
2026093003,250000000,loose_passive,button,0.08203125,8.203125,-70.04899640083096,86.45524640083096,256
2026093003,250000000,loose_passive,big_blind,0.0703125,7.03125,-52.02812513907844,66.09062513907844,256
2026093003,250000000,loose_aggressive,overall,0.1806640625,18.06640625,-26.870683849995558,63.00349634999556,256
2026093003,250000000,loose_aggressive,button,0.296875,29.6875,-51.99376905798762,111.36876905798762,256
2026093003,250000000,loose_aggressive,big_blind,0.064453125,6.4453125,-61.337162293549184,74.22778729354918,256
2026093003,250000000,tight_passive,overall,0.4052734375,40.52734375,24.283669583776206,56.7710179162238,256
2026093003,250000000,tight_passive,button,0.517578125,51.7578125,28.851957137899632,74.66366786210037,256
2026093003,250000000,tight_passive,big_blind,0.29296875,29.296875,5.483643939945086,53.11010606005492,256
2026093003,250000000,tight_aggressive,overall,0.517578125,51.7578125,33.35118332051327,70.16444167948673,256
2026093003,250000000,tight_aggressive,button,0.521484375,52.1484375,17.565629982770517,86.73124501722948,256
2026093003,250000000,tight_aggressive,big_blind,0.513671875,51.3671875,16.310318823734114,86.42405617626588,256
2026093003,260000000,random,overall,1.3017578125,130.17578125,77.93379082723047,182.41777167276953,256
2026093003,260000000,random,button,0.537109375,53.7109375,-46.334432414041814,153.75630741404183,256
2026093003,260000000,random,big_blind,2.06640625,206.640625,105.6511681278053,307.6300818721947,256
2026093003,260000000,selective_stackoff,overall,0.578125,57.8125,41.21074968340436,74.41425031659564,256
2026093003,260000000,selective_stackoff,button,0.697265625,69.7265625,43.87088039994598,95.58224460005403,256
2026093003,260000000,selective_stackoff,big_blind,0.458984375,45.8984375,23.535256055010166,68.26161894498983,256
2026093003,260000000,passive,overall,1.42578125,142.578125,89.71670065246153,195.43954934753847,256
2026093003,260000000,passive,button,1.53515625,153.515625,34.3310271888307,272.7002228111693,256
2026093003,260000000,passive,big_blind,1.31640625,131.640625,28.158283672350365,235.12296632764964,256
2026093003,260000000,loose_passive,overall,0.150390625,15.0390625,-22.94005764595226,53.01818264595226,256
2026093003,260000000,loose_passive,button,0.046875,4.6875,-69.61852217188856,78.99352217188856,256
2026093003,260000000,loose_passive,big_blind,0.25390625,25.390625,-27.680578682125336,78.46182868212534,256
2026093003,260000000,loose_aggressive,overall,0.1689453125,16.89453125,-26.059016348047166,59.848078848047166,256
2026093003,260000000,loose_aggressive,button,0.28515625,28.515625,-52.07740046549699,109.10865046549699,256
2026093003,260000000,loose_aggressive,big_blind,0.052734375,5.2734375,-61.59731275374807,72.14418775374807,256
2026093003,260000000,tight_passive,overall,0.376953125,37.6953125,21.40172586863113,53.98889913136887,256
2026093003,260000000,tight_passive,button,0.4921875,49.21875,26.140891759571776,72.29660824042823,256
2026093003,260000000,tight_passive,big_blind,0.26171875,26.171875,2.3781422880534606,49.96560771194654,256
2026093003,260000000,tight_aggressive,overall,0.5771484375,57.71484375,38.6815536405968,76.7481338594032,256
2026093003,260000000,tight_aggressive,button,0.52734375,52.734375,12.871327791605403,92.59742220839459,256
2026093003,260000000,tight_aggressive,big_blind,0.626953125,62.6953125,34.34794805124325,91.04267694875675,256
2026093003,280000000,random,overall,1.3466796875,134.66796875,82.72081085344249,186.6151266465575,256
2026093003,280000000,random,button,0.513671875,51.3671875,-50.6911680841182,153.4255430841182,256
2026093003,280000000,random,big_blind,2.1796875,217.96875,120.25655792483104,315.68094207516896,256
2026093003,280000000,selective_stackoff,overall,0.5419921875,54.19921875,36.81439026640695,71.58404723359305,256
2026093003,280000000,selective_stackoff,button,0.578125,57.8125,30.145898337583663,85.47910166241634,256
2026093003,280000000,selective_stackoff,big_blind,0.505859375,50.5859375,29.028631565922215,72.14324343407779,256
2026093003,280000000,passive,overall,1.5927734375,159.27734375,110.28281785695566,208.27186964304434,256
2026093003,280000000,passive,button,1.857421875,185.7421875,69.07557266202936,302.40880233797066,256
2026093003,280000000,passive,big_blind,1.328125,132.8125,43.18949292643599,222.435507073564,256
2026093003,280000000,loose_passive,overall,0.021484375,2.1484375,-35.77528281014461,40.07215781014461,256
2026093003,280000000,loose_passive,button,0.1328125,13.28125,-64.30644064140674,90.86894064140674,256
2026093003,280000000,loose_passive,big_blind,-0.08984375,-8.984375,-61.12068223826472,43.15193223826472,256
2026093003,280000000,loose_aggressive,overall,0.443359375,44.3359375,1.4201087302081845,87.25176626979182,256
2026093003,280000000,loose_aggressive,button,0.689453125,68.9453125,-13.354109221917668,151.24473422191767,256
2026093003,280000000,loose_aggressive,big_blind,0.197265625,19.7265625,-44.38541216437133,83.83853716437133,256
2026093003,280000000,tight_passive,overall,0.3896484375,38.96484375,23.21218689089557,54.717500609104434,256
2026093003,280000000,tight_passive,button,0.427734375,42.7734375,15.758973431807501,69.7879015681925,256
2026093003,280000000,tight_passive,big_blind,0.3515625,35.15625,18.13186365065264,52.18063634934736,256
2026093003,280000000,tight_aggressive,overall,0.5283203125,52.83203125,34.0806787321692,71.58338376783081,256
2026093003,280000000,tight_aggressive,button,0.40625,40.625,-0.27480010333558624,81.5248001033356,256
2026093003,280000000,tight_aggressive,big_blind,0.650390625,65.0390625,37.046674769572306,93.0314502304277,256
2026093003,300000000,random,overall,1.216796875,121.6796875,71.77148210137089,171.5878928986291,256
2026093003,300000000,random,button,0.4453125,44.53125,-58.123567083614375,147.18606708361438,256
2026093003,300000000,random,big_blind,1.98828125,198.828125,99.6398355886111,298.0164144113889,256
2026093003,300000000,selective_stackoff,overall,0.6455078125,64.55078125,49.32410058287469,79.77746191712531,256
2026093003,300000000,selective_stackoff,button,0.7578125,75.78125,52.13755518183497,99.42494481816503,256
2026093003,300000000,selective_stackoff,big_blind,0.533203125,53.3203125,32.78300730751582,73.85761769248418,256
2026093003,300000000,passive,overall,1.4658203125,146.58203125,97.15574250016834,196.00831999983166,256
2026093003,300000000,passive,button,1.927734375,192.7734375,72.172342856965,313.374532143035,256
2026093003,300000000,passive,big_blind,1.00390625,100.390625,-2.8377274141238047,203.6189774141238,256
2026093003,300000000,loose_passive,overall,0.0009765625,0.09765625,-40.817118622816814,41.012431122816814,256
2026093003,300000000,loose_passive,button,-0.126953125,-12.6953125,-92.13359080676096,66.74296580676096,256
2026093003,300000000,loose_passive,big_blind,0.12890625,12.890625,-56.05440312651562,81.83565312651562,256
2026093003,300000000,loose_aggressive,overall,-0.0078125,-0.78125,-41.708162699177684,40.145662699177684,256
2026093003,300000000,loose_aggressive,button,0.025390625,2.5390625,-75.18480447864721,80.26292947864721,256
2026093003,300000000,loose_aggressive,big_blind,-0.041015625,-4.1015625,-70.47419882801161,62.27107382801161,256
2026093003,300000000,tight_passive,overall,0.5048828125,50.48828125,36.79912759306689,64.17743490693312,256
2026093003,300000000,tight_passive,button,0.630859375,63.0859375,41.1919480999137,84.9799269000863,256
2026093003,300000000,tight_passive,big_blind,0.37890625,37.890625,21.043619742225996,54.737630257774,256
2026093003,300000000,tight_aggressive,overall,0.6044921875,60.44921875,43.05745034470347,77.84098715529653,256
2026093003,300000000,tight_aggressive,button,0.6328125,63.28125,29.499195734536528,97.06330426546347,256
2026093003,300000000,tight_aggressive,big_blind,0.576171875,57.6171875,25.509649987039268,89.72472501296073,256
2026093003,320000000,random,overall,1.0458984375,104.58984375,50.467555848457486,158.7121316515425,256
2026093003,320000000,random,button,0.490234375,49.0234375,-52.23729910996417,150.28417410996417,256
2026093003,320000000,random,big_blind,1.6015625,160.15625,57.55172158658159,262.7607784134184,256
2026093003,320000000,selective_stackoff,overall,0.5341796875,53.41796875,37.37211629862857,69.46382120137143,256
2026093003,320000000,selective_stackoff,button,0.703125,70.3125,47.145318788386405,93.4796812116136,256
2026093003,320000000,selective_stackoff,big_blind,0.365234375,36.5234375,10.595335838806772,62.451539161193224,256
2026093003,320000000,passive,overall,1.0791015625,107.91015625,57.63655261924984,158.18375988075016,256
2026093003,320000000,passive,button,1.392578125,139.2578125,18.9430561363406,259.5725688636594,256
2026093003,320000000,passive,big_blind,0.765625,76.5625,-30.071179852879013,183.19617985287903,256
2026093003,320000000,loose_passive,overall,0.0771484375,7.71484375,-33.18342257923587,48.61311007923587,256
2026093003,320000000,loose_passive,button,0.005859375,0.5859375,-76.43018885883733,77.60206385883733,256
2026093003,320000000,loose_passive,big_blind,0.1484375,14.84375,-48.78488232114782,78.47238232114782,256
2026093003,320000000,loose_aggressive,overall,0.140625,14.0625,-27.534476592431595,55.659476592431595,256
2026093003,320000000,loose_aggressive,button,0.220703125,22.0703125,-51.30987605493297,95.45050105493297,256
2026093003,320000000,loose_aggressive,big_blind,0.060546875,6.0546875,-60.726155192095376,72.83553019209538,256
2026093003,320000000,tight_passive,overall,0.494140625,49.4140625,39.13820184669748,59.68992315330252,256
2026093003,320000000,tight_passive,button,0.64453125,64.453125,53.65816866751028,75.24808133248972,256
2026093003,320000000,tight_passive,big_blind,0.34375,34.375,16.410132992126766,52.33986700787324,256
2026093003,320000000,tight_aggressive,overall,0.59375,59.375,45.50383773909068,73.24616226090933,256
2026093003,320000000,tight_aggressive,button,0.564453125,56.4453125,24.945597346287965,87.94502765371203,256
2026093003,320000000,tight_aggressive,big_blind,0.623046875,62.3046875,31.15881660231895,93.45055839768105,256
2026093003,340000000,random,overall,1.1376953125,113.76953125,59.777416002016295,167.7616464979837,256
2026093003,340000000,random,button,0.443359375,44.3359375,-55.44046227537838,144.11233727537837,256
2026093003,340000000,random,big_blind,1.83203125,183.203125,81.30621178438594,285.10003821561406,256
2026093003,340000000,selective_stackoff,overall,0.630859375,63.0859375,45.13775818880505,81.03411681119495,256
2026093003,340000000,selective_stackoff,button,0.896484375,89.6484375,59.07400138934664,120.22287361065335,256
2026093003,340000000,selective_stackoff,big_blind,0.365234375,36.5234375,14.70100534295527,58.34586965704473,256
2026093003,340000000,passive,overall,1.314453125,131.4453125,83.07727186462668,179.81335313537332,256
2026093003,340000000,passive,button,1.390625,139.0625,14.295673285778008,263.829326714222,256
2026093003,340000000,passive,big_blind,1.23828125,123.828125,31.103434873882804,216.5528151261172,256
2026093003,340000000,loose_passive,overall,0.2265625,22.65625,-16.764143839535734,62.076643839535734,256
2026093003,340000000,loose_passive,button,0.34375,34.375,-36.827312191484765,105.57731219148476,256
2026093003,340000000,loose_passive,big_blind,0.109375,10.9375,-51.239410958988614,73.11441095898861,256
2026093003,340000000,loose_aggressive,overall,0.0810546875,8.10546875,-34.91545146198804,51.12638896198804,256
2026093003,340000000,loose_aggressive,button,0.31640625,31.640625,-41.41537585634035,104.69662585634035,256
2026093003,340000000,loose_aggressive,big_blind,-0.154296875,-15.4296875,-90.98333669318045,60.12396169318045,256
2026093003,340000000,tight_passive,overall,0.466796875,46.6796875,35.39857605742721,57.96079894257279,256
2026093003,340000000,tight_passive,button,0.625,62.5,48.89642158016642,76.10357841983358,256
2026093003,340000000,tight_passive,big_blind,0.30859375,30.859375,12.262892431791514,49.455857568208486,256
2026093003,340000000,tight_aggressive,overall,0.5732421875,57.32421875,38.551777234042426,76.09666026595758,256
2026093003,340000000,tight_aggressive,button,0.640625,64.0625,26.92985703461813,101.19514296538188,256
2026093003,340000000,tight_aggressive,big_blind,0.505859375,50.5859375,15.47793620004748,85.69393879995252,256
2026093003,350000000,random,overall,1.083984375,108.3984375,57.256492455718075,159.54038254428193,256
2026093003,350000000,random,button,0.3515625,35.15625,-66.85889633499745,137.17139633499744,256
2026093003,350000000,random,big_blind,1.81640625,181.640625,79.33468430539432,283.9465656946057,256
2026093003,350000000,selective_stackoff,overall,0.5009765625,50.09765625,31.66657265979508,68.52873984020492,256
2026093003,350000000,selective_stackoff,button,0.64453125,64.453125,33.32367831963568,95.58257168036431,256
2026093003,350000000,selective_stackoff,big_blind,0.357421875,35.7421875,10.353035605754776,61.131339394245224,256
2026093003,350000000,passive,overall,1.763671875,176.3671875,127.68456500865604,225.04980999134398,256
2026093003,350000000,passive,button,1.8984375,189.84375,66.74046028423865,312.9470397157613,256
2026093003,350000000,passive,big_blind,1.62890625,162.890625,59.8040881646634,265.9771618353366,256
2026093003,350000000,loose_passive,overall,0.41015625,41.015625,2.9810255498362253,79.05022445016377,256
2026093003,350000000,loose_passive,button,0.453125,45.3125,-28.879504424712422,119.50450442471242,256
2026093003,350000000,loose_passive,big_blind,0.3671875,36.71875,-17.61899992157356,91.05649992157356,256
2026093003,350000000,loose_aggressive,overall,0.04296875,4.296875,-34.2571890772087,42.8509390772087,256
2026093003,350000000,loose_aggressive,button,0.240234375,24.0234375,-43.31624674640386,91.36312174640386,256
2026093003,350000000,loose_aggressive,big_blind,-0.154296875,-15.4296875,-85.61899297240024,54.759617972400235,256
2026093003,350000000,tight_passive,overall,0.451171875,45.1171875,31.598164957730937,58.63621004226906,256
2026093003,350000000,tight_passive,button,0.58984375,58.984375,41.182558490073994,76.786191509926,256
2026093003,350000000,tight_passive,big_blind,0.3125,31.25,10.332464505322935,52.16753549467707,256
2026093003,350000000,tight_aggressive,overall,0.5283203125,52.83203125,35.25187444182971,70.41218805817029,256
2026093003,350000000,tight_aggressive,button,0.51171875,51.171875,16.355087466311808,85.9886625336882,256
2026093003,350000000,tight_aggressive,big_blind,0.544921875,54.4921875,19.388482970377133,89.59589202962286,256
2026093003,360000000,random,overall,1.068359375,106.8359375,54.281153044025196,159.3907219559748,256
2026093003,360000000,random,button,0.36328125,36.328125,-67.74768722706747,140.40393722706747,256
2026093003,360000000,random,big_blind,1.7734375,177.34375,74.41693288556979,280.2705671144302,256
2026093003,360000000,selective_stackoff,overall,0.5283203125,52.83203125,34.97317995723107,70.69088254276893,256
2026093003,360000000,selective_stackoff,button,0.62109375,62.109375,34.31093631611397,89.90781368388603,256
2026093003,360000000,selective_stackoff,big_blind,0.435546875,43.5546875,18.000631830992397,69.1087431690076,256
2026093003,360000000,passive,overall,1.328125,132.8125,77.08246285875387,188.54253714124613,256
2026093003,360000000,passive,button,1.25,125,1.0067954459513828,248.99320455404862,256
2026093003,360000000,passive,big_blind,1.40625,140.625,29.98342427726726,251.26657572273274,256
2026093003,360000000,loose_passive,overall,0.2236328125,22.36328125,-15.74603081824121,60.47259331824121,256
2026093003,360000000,loose_passive,button,0.064453125,6.4453125,-66.03436524037221,78.92499024037221,256
2026093003,360000000,loose_passive,big_blind,0.3828125,38.28125,-18.25864589488097,94.82114589488097,256
2026093003,360000000,loose_aggressive,overall,0.0771484375,7.71484375,-32.21971332204592,47.64940082204592,256
2026093003,360000000,loose_aggressive,button,0.19921875,19.921875,-56.08718608976365,95.93093608976365,256
2026093003,360000000,loose_aggressive,big_blind,-0.044921875,-4.4921875,-76.52602230300938,67.54164730300938,256
2026093003,360000000,tight_passive,overall,0.4072265625,40.72265625,25.508821236653638,55.93649126334636,256
2026093003,360000000,tight_passive,button,0.556640625,55.6640625,36.02943648049056,75.29868851950944,256
2026093003,360000000,tight_passive,big_blind,0.2578125,25.78125,1.8441388079462904,49.718361192053706,256
2026093003,360000000,tight_aggressive,overall,0.537109375,53.7109375,30.11077574415384,77.31109925584616,256
2026093003,360000000,tight_aggressive,button,0.689453125,68.9453125,31.295314471719195,106.5953105282808,256
2026093003,360000000,tight_aggressive,big_blind,0.384765625,38.4765625,5.348289198399094,71.6048358016009,256
2026093003,380000000,random,overall,1.2470703125,124.70703125,71.99207668130745,177.42198581869255,256
2026093003,380000000,random,button,0.560546875,56.0546875,-46.02435792351457,158.13373292351457,256
2026093003,380000000,random,big_blind,1.93359375,193.359375,93.03685865957792,293.6818913404221,256
2026093003,380000000,selective_stackoff,overall,0.486328125,48.6328125,28.53617536571856,68.72944963428144,256
2026093003,380000000,selective_stackoff,button,0.591796875,59.1796875,27.236059391143044,91.12331560885696,256
2026093003,380000000,selective_stackoff,big_blind,0.380859375,38.0859375,12.445664024614768,63.72621097538523,256
2026093003,380000000,passive,overall,1.529296875,152.9296875,100.60657369491258,205.25280130508742,256
2026093003,380000000,passive,button,1.8671875,186.71875,67.82660514980036,305.61089485019966,256
2026093003,380000000,passive,big_blind,1.19140625,119.140625,13.644865044848572,224.6363849551514,256
2026093003,380000000,loose_passive,overall,0.0791015625,7.91015625,-32.69506671719857,48.51537921719857,256
2026093003,380000000,loose_passive,button,0.294921875,29.4921875,-44.81601689797802,103.80039189797802,256
2026093003,380000000,loose_passive,big_blind,-0.13671875,-13.671875,-73.08967734811735,45.74592734811735,256
2026093003,380000000,loose_aggressive,overall,0.0546875,5.46875,-33.04162008457074,43.97912008457074,256
2026093003,380000000,loose_aggressive,button,0.134765625,13.4765625,-63.57565342959499,90.528778429595,256
2026093003,380000000,loose_aggressive,big_blind,-0.025390625,-2.5390625,-70.8101473388926,65.7320223388926,256
2026093003,380000000,tight_passive,overall,0.53515625,53.515625,42.37118754017475,64.66006245982524,256
2026093003,380000000,tight_passive,button,0.72265625,72.265625,62.2364862359365,82.2947637640635,256
2026093003,380000000,tight_passive,big_blind,0.34765625,34.765625,14.496330615724823,55.03491938427518,256
2026093003,380000000,tight_aggressive,overall,0.619140625,61.9140625,40.61668347554456,83.21144152445544,256
2026093003,380000000,tight_aggressive,button,0.673828125,67.3828125,28.266658149007505,106.4989668509925,256
2026093003,380000000,tight_aggressive,big_blind,0.564453125,56.4453125,21.414005001113033,91.47661999888697,256
2026093003,400000000,random,overall,1.236328125,123.6328125,71.06871181798186,176.19691318201814,256
2026093003,400000000,random,button,0.58203125,58.203125,-42.80223213063354,159.20848213063354,256
2026093003,400000000,random,big_blind,1.890625,189.0625,88.20529379096422,289.9197062090358,256
2026093003,400000000,selective_stackoff,overall,0.548828125,54.8828125,37.52956143506703,72.23606356493298,256
2026093003,400000000,selective_stackoff,button,0.666015625,66.6015625,41.04741601805896,92.15570898194105,256
2026093003,400000000,selective_stackoff,big_blind,0.431640625,43.1640625,18.948501663612245,67.37962333638775,256
2026093003,400000000,passive,overall,1.2783203125,127.83203125,75.63494757598409,180.02911492401591,256
2026093003,400000000,passive,button,1.525390625,152.5390625,36.13999315850924,268.93813184149076,256
2026093003,400000000,passive,big_blind,1.03125,103.125,-10.232403311605452,216.48240331160545,256
2026093003,400000000,loose_passive,overall,-0.1015625,-10.15625,-50.2777796338116,29.965279633811598,256
2026093003,400000000,loose_passive,button,0.15625,15.625,-55.16939254014602,86.41939254014602,256
2026093003,400000000,loose_passive,big_blind,-0.359375,-35.9375,-99.99686377545724,28.121863775457243,256
2026093003,400000000,loose_aggressive,overall,0.1474609375,14.74609375,-29.597375042609713,59.08956254260971,256
2026093003,400000000,loose_aggressive,button,0.5390625,53.90625,-25.75042144503864,133.56292144503863,256
2026093003,400000000,loose_aggressive,big_blind,-0.244140625,-24.4140625,-97.39122311640853,48.563098116408526,256
2026093003,400000000,tight_passive,overall,0.4375,43.75,31.44482602171968,56.05517397828032,256
2026093003,400000000,tight_passive,button,0.5625,56.25,41.009033176376505,71.4909668236235,256
2026093003,400000000,tight_passive,big_blind,0.3125,31.25,11.291700747052502,51.2082992529475,256
2026093003,400000000,tight_aggressive,overall,0.537109375,53.7109375,31.877661144941776,75.54421385505822,256
2026093003,400000000,tight_aggressive,button,0.658203125,65.8203125,28.740461526023246,102.90016347397676,256
2026093003,400000000,tight_aggressive,big_blind,0.416015625,41.6015625,2.902025678782792,80.30109932121721,256
2026093003,420000000,random,overall,1.189453125,118.9453125,67.71491438101012,170.17571061898988,256
2026093003,420000000,random,button,0.5859375,58.59375,-42.15050986801023,159.33800986801023,256
2026093003,420000000,random,big_blind,1.79296875,179.296875,80.23725532669302,278.356494673307,256
2026093003,420000000,selective_stackoff,overall,0.6796875,67.96875,48.967549530714024,86.96995046928598,256
2026093003,420000000,selective_stackoff,button,0.931640625,93.1640625,63.267036638448886,123.06108836155111,256
2026093003,420000000,selective_stackoff,big_blind,0.427734375,42.7734375,18.29120508182772,67.25566991817229,256
2026093003,420000000,passive,overall,1.390625,139.0625,89.36994848797782,188.7550515120222,256
2026093003,420000000,passive,button,1.3828125,138.28125,17.246038971465794,259.3164610285342,256
2026093003,420000000,passive,big_blind,1.3984375,139.84375,44.32636753730513,235.36113246269485,256
2026093003,420000000,loose_passive,overall,0.169921875,16.9921875,-19.415797205788827,53.40017220578883,256
2026093003,420000000,loose_passive,button,0.2109375,21.09375,-44.28366559043262,86.47116559043262,256
2026093003,420000000,loose_passive,big_blind,0.12890625,12.890625,-43.20761210585675,68.98886210585675,256
2026093003,420000000,loose_aggressive,overall,0.123046875,12.3046875,-32.65333372992379,57.26270872992379,256
2026093003,420000000,loose_aggressive,button,0.248046875,24.8046875,-51.65503197778324,101.26440697778324,256
2026093003,420000000,loose_aggressive,big_blind,-0.001953125,-0.1953125,-77.05510650978172,76.66448150978172,256
2026093003,420000000,tight_passive,overall,0.5029296875,50.29296875,38.27947148097894,62.30646601902106,256
2026093003,420000000,tight_passive,button,0.677734375,67.7734375,52.39349768867322,83.15337731132678,256
2026093003,420000000,tight_passive,big_blind,0.328125,32.8125,13.902138151530803,51.72286184846919,256
2026093003,420000000,tight_aggressive,overall,0.552734375,55.2734375,34.54257747533442,76.00429752466559,256
2026093003,420000000,tight_aggressive,button,0.595703125,59.5703125,21.748369312021964,97.39225568797804,256
2026093003,420000000,tight_aggressive,big_blind,0.509765625,50.9765625,15.801071752545816,86.15205324745418,256
2026093003,440000000,random,overall,1.279296875,127.9296875,74.76392649598037,181.09544850401963,256
2026093003,440000000,random,button,0.5234375,52.34375,-49.3140815774708,154.0015815774708,256
2026093003,440000000,random,big_blind,2.03515625,203.515625,102.03085125514728,305.0003987448527,256
2026093003,440000000,selective_stackoff,overall,0.568359375,56.8359375,40.13177998016389,73.54009501983612,256
2026093003,440000000,selective_stackoff,button,0.666015625,66.6015625,38.53780367877723,94.66532132122276,256
2026093003,440000000,selective_stackoff,big_blind,0.470703125,47.0703125,27.908834119013466,66.23179088098654,256
2026093003,440000000,passive,overall,1.4501953125,145.01953125,94.38258604983315,195.65647645016685,256
2026093003,440000000,passive,button,1.560546875,156.0546875,37.00817279912714,275.1012022008729,256
2026093003,440000000,passive,big_blind,1.33984375,133.984375,39.586641096737836,228.38210890326218,256
2026093003,440000000,loose_passive,overall,0.046875,4.6875,-28.00607039840707,37.38107039840707,256
2026093003,440000000,loose_passive,button,0.0,0,-66.33315476945232,66.33315476945232,256
2026093003,440000000,loose_passive,big_blind,0.09375,9.375,-38.127439365533846,56.877439365533846,256
2026093003,440000000,loose_aggressive,overall,0.2255859375,22.55859375,-20.277433356460783,65.39462085646079,256
2026093003,440000000,loose_aggressive,button,0.48046875,48.046875,-24.33115886687966,120.42490886687966,256
2026093003,440000000,loose_aggressive,big_blind,-0.029296875,-2.9296875,-77.9224847265298,72.0631097265298,256
2026093003,440000000,tight_passive,overall,0.431640625,43.1640625,29.696463380033396,56.63166161996661,256
2026093003,440000000,tight_passive,button,0.625,62.5,48.59408291745687,76.40591708254313,256
2026093003,440000000,tight_passive,big_blind,0.23828125,23.828125,0.12194174907254407,47.53430825092745,256
2026093003,440000000,tight_aggressive,overall,0.4912109375,49.12109375,27.931360355845907,70.31082714415409,256
2026093003,440000000,tight_aggressive,button,0.46484375,46.484375,8.312376152558663,84.65637384744133,256
2026093003,440000000,tight_aggressive,big_blind,0.517578125,51.7578125,15.897003869109376,87.61862113089063,256
2026093003,450000000,random,overall,1.240234375,124.0234375,72.99105795858412,175.05581704141588,256
2026093003,450000000,random,button,0.50390625,50.390625,-50.49031239926019,151.27156239926018,256
2026093003,450000000,random,big_blind,1.9765625,197.65625,94.68615264175403,300.626347358246,256
2026093003,450000000,selective_stackoff,overall,0.646484375,64.6484375,48.65369673252314,80.64317826747686,256
2026093003,450000000,selective_stackoff,button,0.810546875,81.0546875,52.4212583169643,109.6881166830357,256
2026093003,450000000,selective_stackoff,big_blind,0.482421875,48.2421875,32.86209680176957,63.62227819823043,256
2026093003,450000000,passive,overall,1.4794921875,147.94921875,97.4383917394153,198.4600457605847,256
2026093003,450000000,passive,button,1.544921875,154.4921875,34.74305329581961,274.2413217041804,256
2026093003,450000000,passive,big_blind,1.4140625,141.40625,45.71254773968559,237.0999522603144,256
2026093003,450000000,loose_passive,overall,0.080078125,8.0078125,-24.031132960886453,40.04675796088645,256
2026093003,450000000,loose_passive,button,0.12890625,12.890625,-49.709119985737146,75.49036998573715,256
2026093003,450000000,loose_passive,big_blind,0.03125,3.125,-45.64859089299369,51.89859089299369,256
2026093003,450000000,loose_aggressive,overall,0.1220703125,12.20703125,-33.703869142486305,58.117931642486305,256
2026093003,450000000,loose_aggressive,button,0.26953125,26.953125,-48.9153628803526,102.8216128803526,256
2026093003,450000000,loose_aggressive,big_blind,-0.025390625,-2.5390625,-73.17944670688033,68.10132170688033,256
2026093003,450000000,tight_passive,overall,0.447265625,44.7265625,32.496132474861525,56.956992525138475,256
2026093003,450000000,tight_passive,button,0.63671875,63.671875,49.65500701348477,77.68874298651524,256
2026093003,450000000,tight_passive,big_blind,0.2578125,25.78125,4.920816871936449,46.64168312806355,256
2026093003,450000000,tight_aggressive,overall,0.484375,48.4375,27.488923647801556,69.38607635219844,256
2026093003,450000000,tight_aggressive,button,0.458984375,45.8984375,7.450132714966976,84.34674228503303,256
2026093003,450000000,tight_aggressive,big_blind,0.509765625,50.9765625,15.970370793695857,85.98275420630415,256
2026093003,460000000,random,overall,1.19921875,119.921875,67.32874896572352,172.51500103427648,256
2026093003,460000000,random,button,0.57421875,57.421875,-44.50655313642467,159.35030313642466,256
2026093003,460000000,random,big_blind,1.82421875,182.421875,81.72928434390319,283.1144656560968,256
2026093003,460000000,selective_stackoff,overall,0.5615234375,56.15234375,37.423002258529685,74.88168524147031,256
2026093003,460000000,selective_stackoff,button,0.6171875,61.71875,28.850322577579668,94.58717742242033,256
2026093003,460000000,selective_stackoff,big_blind,0.505859375,50.5859375,30.992011486448217,70.17986351355178,256
2026093003,460000000,passive,overall,1.421875,142.1875,85.32174804835985,199.05325195164016,256
2026093003,460000000,passive,button,1.3515625,135.15625,9.116434482163442,261.1960655178366,256
2026093003,460000000,passive,big_blind,1.4921875,149.21875,42.852696170493815,255.5848038295062,256
2026093003,460000000,loose_passive,overall,0.1728515625,17.28515625,-17.623854772175193,52.19416727217519,256
2026093003,460000000,loose_passive,button,0.048828125,4.8828125,-56.00860569521322,65.77423069521322,256
2026093003,460000000,loose_passive,big_blind,0.296875,29.6875,-27.286537947157548,86.66153794715754,256
2026093003,460000000,loose_aggressive,overall,0.0751953125,7.51953125,-35.87081720842839,50.90987970842839,256
2026093003,460000000,loose_aggressive,button,0.37109375,37.109375,-41.457061590328294,115.6758115903283,256
2026093003,460000000,loose_aggressive,big_blind,-0.220703125,-22.0703125,-94.28966593188605,50.14904093188605,256
2026093003,460000000,tight_passive,overall,0.431640625,43.1640625,27.6300833642524,58.6980416357476,256
2026093003,460000000,tight_passive,button,0.66796875,66.796875,52.799888400728356,80.79386159927165,256
2026093003,460000000,tight_passive,big_blind,0.1953125,19.53125,-8.869613582617134,47.932113582617134,256
2026093003,460000000,tight_aggressive,overall,0.5205078125,52.05078125,33.87910185690299,70.22246064309701,256
2026093003,460000000,tight_aggressive,button,0.41796875,41.796875,4.466054734854602,79.1276952651454,256
2026093003,460000000,tight_aggressive,big_blind,0.623046875,62.3046875,31.10164627901113,93.50772872098887,256
2026093003,480000000,random,overall,1.271484375,127.1484375,75.19649281736946,179.10038218263054,256
2026093003,480000000,random,button,0.4375,43.75,-57.871711297148636,145.37171129714864,256
2026093003,480000000,random,big_blind,2.10546875,210.546875,107.99796642512091,313.0957835748791,256
2026093003,480000000,selective_stackoff,overall,0.7109375,71.09375,48.42005029092569,93.76744970907431,256
2026093003,480000000,selective_stackoff,button,0.861328125,86.1328125,45.03683015651039,127.22879484348961,256
2026093003,480000000,selective_stackoff,big_blind,0.560546875,56.0546875,37.599456966232346,74.50991803376766,256
2026093003,480000000,passive,overall,1.732421875,173.2421875,121.31718522755136,225.16718977244864,256
2026093003,480000000,passive,button,2.03125,203.125,90.42987334372472,315.8201266562753,256
2026093003,480000000,passive,big_blind,1.43359375,143.359375,29.049210551738383,257.6695394482616,256
2026093003,480000000,loose_passive,overall,0.0068359375,0.68359375,-35.332228290443425,36.699415790443425,256
2026093003,480000000,loose_passive,button,0.138671875,13.8671875,-50.369941836393224,78.10431683639322,256
2026093003,480000000,loose_passive,big_blind,-0.125,-12.5,-69.27851669991043,44.27851669991042,256
2026093003,480000000,loose_aggressive,overall,0.1572265625,15.72265625,-29.216267104922515,60.661579604922515,256
2026093003,480000000,loose_aggressive,button,0.375,37.5,-41.088187824025766,116.08818782402577,256
2026093003,480000000,loose_aggressive,big_blind,-0.060546875,-6.0546875,-71.78193508427206,59.672560084272064,256
2026093003,480000000,tight_passive,overall,0.421875,42.1875,26.874833458945375,57.500166541054625,256
2026093003,480000000,tight_passive,button,0.57421875,57.421875,42.49421305083804,72.34953694916196,256
2026093003,480000000,tight_passive,big_blind,0.26953125,26.953125,-0.3183963123500426,54.224646312350046,256
2026093003,480000000,tight_aggressive,overall,0.373046875,37.3046875,13.888037767935899,60.7213372320641,256
2026093003,480000000,tight_aggressive,button,0.287109375,28.7109375,-15.362264445229862,72.78413944522987,256
2026093003,480000000,tight_aggressive,big_blind,0.458984375,45.8984375,7.6204767374083815,84.17639826259162,256
2026093003,500000000,random,overall,1.2275390625,122.75390625,70.38310927100036,175.12470322899964,256
2026093003,500000000,random,button,0.619140625,61.9140625,-39.1040538117082,162.93217881170818,256
2026093003,500000000,random,big_blind,1.8359375,183.59375,82.74192808574745,284.4455719142526,256
2026093003,500000000,selective_stackoff,overall,0.615234375,61.5234375,41.47825224408981,81.56862275591018,256
2026093003,500000000,selective_stackoff,button,0.716796875,71.6796875,40.52100371641018,102.83837128358982,256
2026093003,500000000,selective_stackoff,big_blind,0.513671875,51.3671875,25.75489618132472,76.97947881867528,256
2026093003,500000000,passive,overall,1.4892578125,148.92578125,96.48002915618484,201.37153334381514,256
2026093003,500000000,passive,button,1.361328125,136.1328125,16.926674411632433,255.33895058836757,256
2026093003,500000000,passive,big_blind,1.6171875,161.71875,61.24500767415968,262.1924923258403,256
2026093003,500000000,loose_passive,overall,0.1005859375,10.05859375,-21.751124367611343,41.86831186761134,256
2026093003,500000000,loose_passive,button,0.052734375,5.2734375,-55.28730691536089,65.83418191536089,256
2026093003,500000000,loose_passive,big_blind,0.1484375,14.84375,-34.96998039815004,64.65748039815004,256
2026093003,500000000,loose_aggressive,overall,0.337890625,33.7890625,-7.976882763483772,75.55500776348377,256
2026093003,500000000,loose_aggressive,button,0.666015625,66.6015625,-9.252406301885046,142.45553130188506,256
2026093003,500000000,loose_aggressive,big_blind,0.009765625,0.9765625,-60.38905580742913,62.34218080742913,256
2026093003,500000000,tight_passive,overall,0.5458984375,54.58984375,45.49777051932248,63.68191698067752,256
2026093003,500000000,tight_passive,button,0.634765625,63.4765625,47.334510471399874,79.61861452860012,256
2026093003,500000000,tight_passive,big_blind,0.45703125,45.703125,37.223710023024545,54.182539976975455,256
2026093003,500000000,tight_aggressive,overall,0.4921875,49.21875,23.595939149088764,74.84156085091124,256
2026093003,500000000,tight_aggressive,button,0.525390625,52.5390625,6.84160345529353,98.23652154470648,256
2026093003,500000000,tight_aggressive,big_blind,0.458984375,45.8984375,7.729273295625539,84.06760170437445,256
