nodes,opponent,dimensions,street,position,pot_band,lookup,visit_band,mass_band,decisions,covered_decisions,distinct_hands,wins,losses,ties,mean_final_net_bb_per_decision,mean_mass,mean_visits,mean_fold_probability,mean_passive_probability,mean_raise_probability
100691,random,lookup,,,,missing-key,,,3342,0,2332,1550,1762,30,1.5505685218432077,,,0.2730899660881708,0.3510123678436075,0.37589766606822317
100691,random,lookup,,,,positive-mass-known-key,,,1988,1988,1505,1187,794,7,2.390845070422535,80.73038229376257,1.0316901408450705,0.14477324975692268,0.26624934247292825,0.588977407770147
100691,random,lookup,,,,zero-mass,,,682,682,628,378,301,3,0.8819648093841642,0.0,1.3049853372434017,0.187683284457478,0.27077223851417426,0.5415444770283485
100691,random,street,flop,,,,,,1224,748,957,705,512,7,3.508986928104575,138.18048128342247,2.304812834224599,0.1533003610211056,0.3251693005429889,0.5215303384359041
100691,random,street,preflop,,,,,,4194,1744,3396,2044,2123,27,0.5792799237005246,28.24827981651376,0.6416284403669725,0.25592826009222086,0.307605802424691,0.4364659374830916
100691,random,street,river,,,,,,154,31,129,94,59,1,3.188311688311688,38.83870967741935,0.6129032258064516,0.10162337662337662,0.3295419634129316,0.5688346599636926
100691,random,street,turn,,,,,,440,147,348,272,163,5,7.547727272727273,45.333333333333336,0.5374149659863946,0.11777982378822725,0.33681425281094596,0.5454059234008245
100691,random,street|mass_band,flop,,,,,"(0,100)",302,302,273,203,99,0,6.433774834437086,52.54635761589404,1.033112582781457,0.08859013003883567,0.3029798889531871,0.6084299810079766
100691,random,street|mass_band,flop,,,,,0,80,80,76,54,24,2,1.35,0.0,1.725,0.04375,0.31874999999999976,0.6374999999999995
100691,random,street|mass_band,flop,,,,,100-10k,366,366,337,242,123,1,2.202185792349727,239.04371584699453,3.480874316939891,0.05000570842833723,0.24432777067602496,0.7056665208956376
100691,random,street|mass_band,flop,,,,,missing,476,0,417,206,266,4,3.0210084033613445,,,0.2921918767507003,0.4024859943977598,0.3053221288515407
100691,random,street|mass_band,preflop,,,,,"(0,100)",1116,1116,1075,618,493,5,1.9852150537634408,38.24820788530466,0.3539426523297491,0.2051790228435863,0.2612653668591036,0.533555610297311
100691,random,street|mass_band,preflop,,,,,0,572,572,546,307,265,0,0.583041958041958,0.0,1.2412587412587412,0.2172202797202797,0.26092657342657344,0.5218531468531469
100691,random,street|mass_band,preflop,,,,,100-10k,56,56,50,27,29,0,-8.598214285714286,117.5,0.25,0.14285714285714285,0.25255808251900674,0.6045847746238505
100691,random,street|mass_band,preflop,,,,,missing,2450,0,2070,1092,1336,22,0.14775510204081632,,,0.2906666666666667,0.34087074829932135,0.3684625850340118
100691,random,street|mass_band,river,,,,,"(0,100)",24,24,24,15,8,1,-0.041666666666666664,45.333333333333336,0.4583333333333333,0.020833333333333332,0.2923387096774193,0.6868279569892471
100691,random,street|mass_band,river,,,,,0,6,6,6,2,4,0,-2.8333333333333335,0.0,1.1666666666666667,0.0,0.3333333333333333,0.6666666666666666
100691,random,street|mass_band,river,,,,,100-10k,1,1,1,1,0,0,9.0,116.0,1.0,0.0,0.0,1.0
100691,random,street|mass_band,river,,,,,missing,123,0,104,76,47,0,4.065040650406504,,,0.12317073170731706,0.3392953929539297,0.5375338753387527
100691,random,street|mass_band,turn,,,,,"(0,100)",103,103,96,69,34,0,3.5145631067961167,35.41747572815534,0.24271844660194175,0.04629985610373203,0.2926605237735977,0.6610396201226696
100691,random,street|mass_band,turn,,,,,0,24,24,24,15,8,1,7.375,0.0,1.4583333333333333,0.010416666666666666,0.329861111111111,0.659722222222222
100691,random,street|mass_band,turn,,,,,100-10k,20,20,20,12,8,0,-5.0,150.8,0.95,0.02521186440677966,0.27521186440677964,0.6995762711864405
100691,random,street|mass_band,turn,,,,,missing,293,0,239,176,113,4,9.83617747440273,,,0.15802047781569964,0.3571103526734919,0.4848691695108081
100691,random,street|position|pot_band|lookup,flop,BB,16-64,missing-key,,,21,0,19,17,4,0,22.523809523809526,,,0.14761904761904762,0.26666666666666666,0.5857142857142856
100691,random,street|position|pot_band|lookup,flop,BB,16-64,positive-mass-known-key,,,16,16,14,11,5,0,25.0625,80.5,0.3125,0.17644529768731165,0.2663110938136267,0.5572436084990616
100691,random,street|position|pot_band|lookup,flop,BB,16-64,zero-mass,,,1,1,1,0,1,0,-19.0,0.0,1.0,0.0,0.3333333333333333,0.6666666666666666
100691,random,street|position|pot_band|lookup,flop,BB,4-16,missing-key,,,79,0,78,53,26,0,3.1645569620253164,,,0.04430379746835443,0.3185654008438816,0.6371308016877631
100691,random,street|position|pot_band|lookup,flop,BB,4-16,positive-mass-known-key,,,262,262,231,191,70,1,10.870229007633588,134.08778625954199,2.2213740458015265,0.0686260618745693,0.25652802975533573,0.6748459083700956
100691,random,street|position|pot_band|lookup,flop,BB,4-16,zero-mass,,,38,38,37,28,10,0,1.631578947368421,0.0,1.7894736842105263,0.019736842105263157,0.32675438596491235,0.6535087719298247
100691,random,street|position|pot_band|lookup,flop,BB,64+,missing-key,,,95,0,95,25,70,0,-0.4105263157894737,,,0.49736842105263157,0.49736842105263157,0.005263157894736842
100691,random,street|position|pot_band|lookup,flop,BB,64+,positive-mass-known-key,,,2,2,2,1,1,0,0.0,58.0,0.0,0.41666666666666663,0.41666666666666663,0.16666666666666666
100691,random,street|position|pot_band|lookup,flop,BB,<4,missing-key,,,30,0,28,17,13,0,1.7,,,0.016666666666666666,0.3277777777777777,0.6555555555555554
100691,random,street|position|pot_band|lookup,flop,BB,<4,positive-mass-known-key,,,188,188,178,124,64,0,-1.0797872340425532,172.52659574468086,3.601063829787234,0.008779385660776485,0.36686883389885827,0.6243517804403668
100691,random,street|position|pot_band|lookup,flop,BB,<4,zero-mass,,,19,19,19,10,7,2,-14.421052631578947,0.0,2.3684210526315788,0.0,0.3333333333333332,0.6666666666666664
100691,random,street|position|pot_band|lookup,flop,BTN/SB,16-64,missing-key,,,12,0,12,9,3,0,21.5,,,0.2416666666666667,0.2416666666666667,0.5166666666666666
100691,random,street|position|pot_band|lookup,flop,BTN/SB,16-64,positive-mass-known-key,,,8,8,8,3,5,0,2.5,119.125,0.375,0.21875,0.26041666666666663,0.5208333333333333
100691,random,street|position|pot_band|lookup,flop,BTN/SB,16-64,zero-mass,,,2,2,2,2,0,0,9.5,0.0,1.0,0.125,0.29166666666666663,0.5833333333333333
100691,random,street|position|pot_band|lookup,flop,BTN/SB,4-16,missing-key,,,85,0,85,46,39,0,2.3411764705882354,,,0.10294117647058823,0.2990196078431371,0.5980392156862742
100691,random,street|position|pot_band|lookup,flop,BTN/SB,4-16,positive-mass-known-key,,,136,136,130,85,51,0,-0.7647058823529411,140.53676470588235,1.25,0.12019821308237182,0.21030810564417302,0.6694936812734554
100691,random,street|position|pot_band|lookup,flop,BTN/SB,4-16,zero-mass,,,10,10,10,8,2,0,22.1,0.0,1.1,0.125,0.2916666666666667,0.5833333333333334
100691,random,street|position|pot_band|lookup,flop,BTN/SB,64+,missing-key,,,147,0,147,35,108,4,1.6054421768707483,,,0.4971655328798186,0.4971655328798186,0.005668934240362811
100691,random,street|position|pot_band|lookup,flop,BTN/SB,<4,missing-key,,,7,0,7,4,3,0,1.4285714285714286,,,0.0,0.3333333333333333,0.6666666666666666
100691,random,street|position|pot_band|lookup,flop,BTN/SB,<4,positive-mass-known-key,,,56,56,56,30,26,0,-3.8035714285714284,255.76785714285714,2.6607142857142856,0.0655775136714959,0.16004748976986266,0.7743749965586414
100691,random,street|position|pot_band|lookup,flop,BTN/SB,<4,zero-mass,,,10,10,10,6,4,0,9.9,0.0,1.1,0.125,0.29166666666666663,0.5833333333333333
100691,random,street|position|pot_band|lookup,preflop,BB,16-64,missing-key,,,23,0,20,12,11,0,2.391304347826087,,,0.24782608695652175,0.24782608695652175,0.5043478260869565
100691,random,street|position|pot_band|lookup,preflop,BB,16-64,positive-mass-known-key,,,2,2,2,2,0,0,55.0,8.0,0.0,0.25,0.25,0.5
100691,random,street|position|pot_band|lookup,preflop,BB,4-16,missing-key,,,71,0,70,37,34,0,2.3661971830985915,,,0.25,0.25,0.5
100691,random,street|position|pot_band|lookup,preflop,BB,4-16,positive-mass-known-key,,,11,11,11,6,5,0,5.818181818181818,34.18181818181818,0.0,0.25,0.25,0.5
100691,random,street|position|pot_band|lookup,preflop,BB,4-16,zero-mass,,,7,7,7,6,1,0,30.0,0.0,1.0,0.25,0.25,0.5
100691,random,street|position|pot_band|lookup,preflop,BB,64+,missing-key,,,456,0,456,115,329,12,-1.0635964912280702,,,0.4994517543859649,0.4994517543859649,0.0010964912280701754
100691,random,street|position|pot_band|lookup,preflop,BB,<4,missing-key,,,577,0,577,366,206,5,2.779896013864818,,,0.09012131715771231,0.30329289428076334,0.6065857885615267
100691,random,street|position|pot_band|lookup,preflop,BB,<4,positive-mass-known-key,,,323,323,323,202,120,1,1.458204334365325,44.54179566563467,0.08359133126934984,0.09210526315789473,0.3276699203602546,0.5802248164818491
100691,random,street|position|pot_band|lookup,preflop,BB,<4,zero-mass,,,98,98,98,70,28,0,3.7142857142857144,0.0,1.1020408163265305,0.058673469387755105,0.31377551020408134,0.6275510204081627
100691,random,street|position|pot_band|lookup,preflop,BTN/SB,16-64,missing-key,,,18,0,18,10,8,0,14.833333333333334,,,0.2416666666666667,0.2416666666666667,0.5166666666666666
100691,random,street|position|pot_band|lookup,preflop,BTN/SB,4-16,missing-key,,,125,0,123,66,59,0,4.824,,,0.25,0.25,0.5
100691,random,street|position|pot_band|lookup,preflop,BTN/SB,4-16,positive-mass-known-key,,,25,25,25,12,13,0,-6.32,39.08,0.2,0.23,0.23,0.54
100691,random,street|position|pot_band|lookup,preflop,BTN/SB,4-16,zero-mass,,,7,7,7,4,3,0,-12.857142857142858,0.0,1.0,0.25,0.25,0.5
100691,random,street|position|pot_band|lookup,preflop,BTN/SB,64+,missing-key,,,314,0,314,72,240,2,-3.0095541401273884,,,0.49946921443736736,0.49946921443736736,0.0010615711252653928
100691,random,street|position|pot_band|lookup,preflop,BTN/SB,<4,missing-key,,,866,0,823,414,449,3,-1.0450346420323327,,,0.25,0.25,0.5
100691,random,street|position|pot_band|lookup,preflop,BTN/SB,<4,positive-mass-known-key,,,811,811,801,423,384,4,1.5376078914919853,41.318125770653516,0.4648581997533909,0.24442637422126057,0.23536130426567334,0.5202123215130662
100691,random,street|position|pot_band|lookup,preflop,BTN/SB,<4,zero-mass,,,460,460,447,227,233,0,-0.32717391304347826,0.0,1.2782608695652173,0.25,0.25,0.5
100691,random,street|position|pot_band|lookup,river,BB,16-64,missing-key,,,33,0,30,24,9,0,6.818181818181818,,,0.04242424242424242,0.3,0.6575757575757578
100691,random,street|position|pot_band|lookup,river,BB,16-64,positive-mass-known-key,,,6,6,6,6,0,0,24.5,40.0,0.16666666666666666,0.0,0.293010752688172,0.7069892473118279
100691,random,street|position|pot_band|lookup,river,BB,16-64,zero-mass,,,2,2,2,1,1,0,0.5,0.0,1.0,0.0,0.3333333333333333,0.6666666666666666
100691,random,street|position|pot_band|lookup,river,BB,4-16,missing-key,,,45,0,40,31,14,0,-0.022222222222222223,,,0.027777777777777776,0.32407407407407424,0.6481481481481485
100691,random,street|position|pot_band|lookup,river,BB,4-16,positive-mass-known-key,,,12,12,12,7,4,1,-0.5,49.666666666666664,0.9166666666666666,0.0,0.2576164874551971,0.7423835125448028
100691,random,street|position|pot_band|lookup,river,BB,4-16,zero-mass,,,4,4,4,1,3,0,-4.5,0.0,1.25,0.0,0.3333333333333333,0.6666666666666666
100691,random,street|position|pot_band|lookup,river,BB,64+,missing-key,,,13,0,12,5,8,0,1.5384615384615385,,,0.3269230769230769,0.391025641025641,0.28205128205128205
100691,random,street|position|pot_band|lookup,river,BB,<4,missing-key,,,2,0,2,1,1,0,-0.5,,,0.0,0.3333333333333333,0.6666666666666666
100691,random,street|position|pot_band|lookup,river,BB,<4,positive-mass-known-key,,,2,2,2,1,1,0,-49.5,58.99999999999999,0.0,0.0,0.3333333333333333,0.6666666666666666
100691,random,street|position|pot_band|lookup,river,BTN/SB,16-64,missing-key,,,7,0,6,7,0,0,43.57142857142857,,,0.03571428571428571,0.3095238095238095,0.6547619047619048
100691,random,street|position|pot_band|lookup,river,BTN/SB,16-64,positive-mass-known-key,,,2,2,2,0,2,0,-18.0,75.5,0.0,0.125,0.29166666666666663,0.5833333333333333
100691,random,street|position|pot_band|lookup,river,BTN/SB,4-16,missing-key,,,7,0,7,1,6,0,-4.571428571428571,,,0.14285714285714285,0.2857142857142857,0.5714285714285714
100691,random,street|position|pot_band|lookup,river,BTN/SB,4-16,positive-mass-known-key,,,3,3,3,2,1,0,0.6666666666666666,33.0,0.0,0.08333333333333333,0.3055555555555555,0.611111111111111
100691,random,street|position|pot_band|lookup,river,BTN/SB,64+,missing-key,,,15,0,15,6,9,0,-1.1333333333333333,,,0.4666666666666667,0.4666666666666667,0.06666666666666667
100691,random,street|position|pot_band|lookup,river,BTN/SB,<4,missing-key,,,1,0,1,1,0,0,1.0,,,0.0,0.3333333333333333,0.6666666666666666
100691,random,street|position|pot_band|lookup,turn,BB,16-64,missing-key,,,44,0,39,33,11,0,16.34090909090909,,,0.04318181818181818,0.3045454545454547,0.6522727272727276
100691,random,street|position|pot_band|lookup,turn,BB,16-64,positive-mass-known-key,,,10,10,10,7,3,0,-4.5,94.5,0.1,0.009042553191489363,0.319218316373728,0.6717391304347826
100691,random,street|position|pot_band|lookup,turn,BB,16-64,zero-mass,,,1,1,1,1,0,0,10.0,0.0,1.0,0.0,0.3333333333333333,0.6666666666666666
100691,random,street|position|pot_band|lookup,turn,BB,4-16,missing-key,,,91,0,84,63,26,2,6.8901098901098905,,,0.038461538461538464,0.32051282051282015,0.6410256410256403
100691,random,street|position|pot_band|lookup,turn,BB,4-16,positive-mass-known-key,,,65,65,62,49,16,0,9.646153846153846,52.63076923076923,0.47692307692307695,0.033514763796453934,0.28928938241194757,0.6771958537915985
100691,random,street|position|pot_band|lookup,turn,BB,4-16,zero-mass,,,20,20,20,11,8,1,7.75,0.0,1.55,0.0125,0.32916666666666655,0.6583333333333331
100691,random,street|position|pot_band|lookup,turn,BB,64+,missing-key,,,44,0,44,21,21,2,32.04545454545455,,,0.4431818181818182,0.47348484848484856,0.08333333333333333
100691,random,street|position|pot_band|lookup,turn,BB,64+,positive-mass-known-key,,,1,1,1,1,0,0,100.0,54.0,0.0,0.0,0.3333333333333333,0.6666666666666666
100691,random,street|position|pot_band|lookup,turn,BB,<4,missing-key,,,14,0,14,10,4,0,-6.285714285714286,,,0.017857142857142856,0.32738095238095244,0.6547619047619049
100691,random,street|position|pot_band|lookup,turn,BB,<4,positive-mass-known-key,,,17,17,16,9,8,0,-12.352941176470589,34.1764705882353,0.4117647058823529,0.0002492522432701894,0.3177810715471951,0.6819696762095345
100691,random,street|position|pot_band|lookup,turn,BTN/SB,16-64,missing-key,,,17,0,17,9,8,0,-6.470588235294118,,,0.09705882352941175,0.2833333333333333,0.6196078431372549
100691,random,street|position|pot_band|lookup,turn,BTN/SB,16-64,positive-mass-known-key,,,6,6,6,2,4,0,-18.333333333333332,49.666666666666664,0.0,0.041666666666666664,0.3055555555555555,0.6527777777777777
100691,random,street|position|pot_band|lookup,turn,BTN/SB,4-16,missing-key,,,44,0,41,30,14,0,7.795454545454546,,,0.07386363636363637,0.3087121212121213,0.6174242424242427
100691,random,street|position|pot_band|lookup,turn,BTN/SB,4-16,positive-mass-known-key,,,21,21,21,11,10,0,-4.619047619047619,57.333333333333336,0.23809523809523808,0.10714285714285714,0.25,0.6428571428571428
100691,random,street|position|pot_band|lookup,turn,BTN/SB,4-16,zero-mass,,,3,3,3,3,0,0,4.0,0.0,1.0,0.0,0.3333333333333333,0.6666666666666666
100691,random,street|position|pot_band|lookup,turn,BTN/SB,64+,missing-key,,,34,0,34,8,26,0,-0.47058823529411764,,,0.47058823529411764,0.4901960784313725,0.0392156862745098
100691,random,street|position|pot_band|lookup,turn,BTN/SB,<4,missing-key,,,5,0,5,2,3,0,-0.6,,,0.05,0.3166666666666666,0.6333333333333332
100691,random,street|position|pot_band|lookup,turn,BTN/SB,<4,positive-mass-known-key,,,3,3,3,2,1,0,-1.0,53.666666666666664,0.0,0.16666666666666666,0.27777777777777773,0.5555555555555555
100691,random,street|visit_band,flop,,,,0,,208,208,186,142,66,0,7.4326923076923075,82.63942307692308,0.0,0.0780448717948718,0.3088141025641032,0.6131410256410267
100691,random,street|visit_band,flop,,,,1,,153,153,150,100,52,1,-0.37254901960784315,65.93464052287581,1.0,0.05461808275551015,0.31260748583955694,0.6327744314049337
100691,random,street|visit_band,flop,,,,2-9,,387,387,347,257,128,2,3.5348837209302326,196.59431524547804,4.059431524547803,0.06192870429347133,0.24382845443023826,0.6942428412762902
100691,random,street|visit_band,flop,,,,missing,,476,0,417,206,266,4,3.0210084033613445,,,0.2921918767507003,0.4024859943977598,0.3053221288515407
100691,random,street|visit_band,preflop,,,,0,,858,858,827,498,358,2,2.1107226107226107,41.34265734265734,0.0,0.19842657342657344,0.26719114219114287,0.5343822843822857
100691,random,street|visit_band,preflop,,,,1,,726,726,697,370,353,3,0.3691460055096419,14.8732782369146,1.0,0.2107177522084646,0.2689818832132205,0.5203003645783157
100691,random,street|visit_band,preflop,,,,2-9,,160,160,157,84,76,0,-0.071875,18.71875,2.45625,0.23749188368810636,0.19021596764391008,0.572292148667984
100691,random,street|visit_band,preflop,,,,missing,,2450,0,2070,1092,1336,22,0.14775510204081632,,,0.2906666666666667,0.34087074829932135,0.3684625850340118
100691,random,street|visit_band,river,,,,0,,17,17,17,12,5,0,0.6470588235294118,39.76470588235294,0.0,0.029411764705882353,0.32352941176470584,0.6470588235294117
100691,random,street|visit_band,river,,,,1,,9,9,9,4,5,0,-2.111111111111111,37.55555555555556,1.0,0.0,0.24253285543608122,0.7574671445639187
100691,random,street|visit_band,river,,,,2-9,,5,5,5,2,2,1,-0.2,38.0,2.0,0.0,0.26666666666666666,0.7333333333333332
100691,random,street|visit_band,river,,,,missing,,123,0,104,76,47,0,4.065040650406504,,,0.12317073170731706,0.3392953929539297,0.5375338753387527
100691,random,street|visit_band,turn,,,,0,,95,95,89,66,29,0,3.6,45.01052631578948,0.0,0.04473684210526316,0.31754385964912246,0.6377192982456134
100691,random,street|visit_band,turn,,,,1,,28,28,26,17,10,1,5.535714285714286,21.142857142857142,1.0,0.036540088100714026,0.2629537266992763,0.7005061852000097
100691,random,street|visit_band,turn,,,,2-9,,24,24,24,13,11,0,-2.4166666666666665,74.83333333333333,2.125,0.010416666666666666,0.25148195371818555,0.7381013796151478
100691,random,street|visit_band,turn,,,,missing,,293,0,239,176,113,4,9.83617747440273,,,0.15802047781569964,0.3571103526734919,0.4848691695108081
100691,check_call,lookup,,,,missing-key,,,6874,0,3392,3393,3129,352,0.9599214431189991,,,0.029131510037823685,0.3222893026864372,0.6485791872756983
100691,check_call,lookup,,,,positive-mass-known-key,,,6538,6538,3301,2741,3506,291,-0.7347048026919547,98.69042520648516,1.142245334964821,0.02894825133567012,0.2865268806514805,0.6845248680128114
100691,check_call,lookup,,,,zero-mass,,,1385,1385,1174,606,714,65,0.6819494584837545,0.0,1.4527075812274368,0.0855595667870036,0.3048134777376621,0.6096269554753242
100691,check_call,street,flop,,,,,,3567,2883,3567,1685,1705,177,0.21054107092795066,153.71626777662158,2.421436004162331,0.0,0.2759060242834445,0.7240939757165568
100691,check_call,street,preflop,,,,,,4096,2195,4096,1685,2234,177,0.1187744140625,29.160820045558086,0.5945330296127562,0.12402677422671173,0.2947152859876995,0.5812579397855928
100691,check_call,street,river,,,,,,3567,1058,3567,1685,1705,177,0.21054107092795066,41.31285444234405,0.32608695652173914,0.0,0.32773303129457537,0.6722669687054325
100691,check_call,street,turn,,,,,,3567,1787,3567,1685,1705,177,0.21054107092795066,52.801902630106326,0.4750979294907666,0.0,0.3225572627923892,0.677442737207618
100691,check_call,street|mass_band,flop,,,,,"(0,100)",883,883,883,486,360,37,2.405436013590034,47.89920724801812,1.0702151755379388,0.0,0.33378175657420006,0.6662182434258016
100691,check_call,street|mass_band,flop,,,,,0,320,320,320,167,133,20,2.184375,0.0,2.08125,0.0,0.333333333333332,0.666666666666664
100691,check_call,street|mass_band,flop,,,,,100-10k,1680,1680,1680,661,943,76,-2.0845238095238097,238.6125,3.1964285714285716,0.0,0.21116716124841675,0.7888328387515862
100691,check_call,street|mass_band,flop,,,,,missing,684,0,684,371,269,44,2.090643274853801,,,0.0,0.3333333333333364,0.6666666666666728
100691,check_call,street|mass_band,preflop,,,,,"(0,100)",1429,1429,1429,582,781,66,-0.016794961511546535,38.20223932820154,0.30160951714485656,0.128595988266348,0.2994563277919232,0.5719476839417232
100691,check_call,street|mass_band,preflop,,,,,0,686,686,686,279,375,32,0.44970845481049565,0.0,1.249271137026239,0.1727405247813411,0.2757531584062201,0.5515063168124402
100691,check_call,street|mass_band,preflop,,,,,100-10k,80,80,80,35,44,1,-0.45625,117.7125,0.2125,0.06875,0.28934232072023713,0.6419076792797624
100691,check_call,street|mass_band,preflop,,,,,missing,1901,0,1901,789,1034,78,0.12546028406102053,,,0.10533929510783797,0.2982202349640523,0.5964404699281046
100691,check_call,street|mass_band,river,,,,,"(0,100)",857,857,857,324,490,43,-1.8763127187864643,42.79229871645274,0.20303383897316218,0.0,0.322081356625133,0.6779186433748713
100691,check_call,street|mass_band,river,,,,,0,139,139,139,42,94,3,-3.035971223021583,0.0,1.2302158273381294,0.0,0.3333333333333337,0.6666666666666674
100691,check_call,street|mass_band,river,,,,,100-10k,62,62,62,21,41,0,-3.5,113.48387096774194,0.0,0.0,0.31451612903225806,0.6854838709677418
100691,check_call,street|mass_band,river,,,,,missing,2509,0,2509,1298,1080,131,1.1948983658828218,,,0.0,0.32967981931713436,0.6703201806828947
100691,check_call,street|mass_band,turn,,,,,"(0,100)",1374,1374,1374,566,745,63,-0.9592430858806404,44.77874818049491,0.27292576419213976,0.0,0.3053579012958012,0.6946420987041853
100691,check_call,street|mass_band,turn,,,,,0,240,240,240,118,112,10,1.4958333333333333,0.0,1.325,0.0,0.3333333333333331,0.6666666666666662
100691,check_call,street|mass_band,turn,,,,,100-10k,173,173,173,66,102,5,-1.283236994219653,189.77456647398844,0.9017341040462428,0.0,0.3333333333333341,0.6666666666666682
100691,check_call,street|mass_band,turn,,,,,missing,1780,0,1780,935,746,99,1.0853932584269663,,,0.0,0.3333333333333319,0.6666666666666639
100691,check_call,street|position|pot_band|lookup,flop,BB,4-16,missing-key,,,195,0,195,109,75,11,2.0256410256410255,,,0.0,0.33333333333333415,0.6666666666666683
100691,check_call,street|position|pot_band|lookup,flop,BB,4-16,positive-mass-known-key,,,946,946,946,379,529,38,-1.715644820295983,194.22410147991545,2.5211416490486256,0.0,0.2520306567707683,0.7479693432292341
100691,check_call,street|position|pot_band|lookup,flop,BB,4-16,zero-mass,,,162,162,162,103,48,11,5.333333333333333,0.0,2.45679012345679,0.0,0.333333333333334,0.666666666666668
100691,check_call,street|position|pot_band|lookup,flop,BB,<4,missing-key,,,97,0,97,62,32,3,2.5876288659793816,,,0.0,0.33333333333333287,0.6666666666666657
100691,check_call,street|position|pot_band|lookup,flop,BB,<4,positive-mass-known-key,,,578,578,578,255,289,34,0.09342560553633218,193.94290657439447,4.192041522491349,0.0,0.36101720665348097,0.6389827933465241
100691,check_call,street|position|pot_band|lookup,flop,BB,<4,zero-mass,,,70,70,70,25,42,3,-2.142857142857143,0.0,2.5714285714285716,0.0,0.3333333333333331,0.6666666666666662
100691,check_call,street|position|pot_band|lookup,flop,BTN/SB,4-16,missing-key,,,304,0,304,151,128,25,2.174342105263158,,,0.0,0.33333333333333215,0.6666666666666643
100691,check_call,street|position|pot_band|lookup,flop,BTN/SB,4-16,positive-mass-known-key,,,715,715,715,377,313,25,0.8755244755244755,131.32027972027973,1.0167832167832167,0.0,0.19821500601129152,0.8017849939887112
100691,check_call,street|position|pot_band|lookup,flop,BTN/SB,4-16,zero-mass,,,28,28,28,5,23,0,-4.821428571428571,0.0,1.0,0.0,0.3333333333333333,0.6666666666666666
100691,check_call,street|position|pot_band|lookup,flop,BTN/SB,<4,missing-key,,,88,0,88,49,34,5,1.3977272727272727,,,0.0,0.3333333333333329,0.6666666666666659
100691,check_call,street|position|pot_band|lookup,flop,BTN/SB,<4,positive-mass-known-key,,,324,324,324,136,172,16,-1.3425925925925926,164.92283950617283,2.4074074074074074,0.0,0.1872760676031867,0.8127239323968122
100691,check_call,street|position|pot_band|lookup,flop,BTN/SB,<4,zero-mass,,,60,60,60,34,20,6,2.0,0.0,1.0,0.0,0.33333333333333326,0.6666666666666665
100691,check_call,street|position|pot_band|lookup,preflop,BB,<4,missing-key,,,1100,0,1100,505,542,53,0.03272727272727273,,,0.0,0.33333333333333026,0.6666666666666605
100691,check_call,street|position|pot_band|lookup,preflop,BB,<4,positive-mass-known-key,,,736,736,736,331,372,33,-0.08559782608695653,41.51766304347826,0.15625,0.0,0.3659303221739119,0.6340696778260966
100691,check_call,street|position|pot_band|lookup,preflop,BB,<4,zero-mass,,,212,212,212,97,101,14,-0.8584905660377359,0.0,1.0849056603773586,0.0,0.3333333333333337,0.6666666666666674
100691,check_call,street|position|pot_band|lookup,preflop,BTN/SB,<4,missing-key,,,801,0,801,284,492,25,0.25280898876404495,,,0.25,0.25,0.5
100691,check_call,street|position|pot_band|lookup,preflop,BTN/SB,<4,positive-mass-known-key,,,773,773,773,286,453,34,0.003234152652005175,43.27425614489004,0.4307891332470893,0.2448430365234298,0.23511741390981009,0.5200395495667602
100691,check_call,street|position|pot_band|lookup,preflop,BTN/SB,<4,zero-mass,,,474,474,474,182,274,18,1.0348101265822784,0.0,1.3227848101265822,0.25,0.25,0.5
100691,check_call,street|position|pot_band|lookup,river,BB,16-64,missing-key,,,394,0,394,199,174,21,0.5456852791878173,,,0.0,0.3191624365482219,0.6808375634517746
100691,check_call,street|position|pot_band|lookup,river,BB,16-64,positive-mass-known-key,,,179,179,179,72,100,7,-0.0335195530726257,58.88826815642458,0.08379888268156424,0.0,0.30822370397068594,0.6917762960293159
100691,check_call,street|position|pot_band|lookup,river,BB,16-64,zero-mass,,,33,33,33,10,22,1,-7.696969696969697,0.0,1.0,0.0,0.33333333333333337,0.6666666666666667
100691,check_call,street|position|pot_band|lookup,river,BB,4-16,missing-key,,,851,0,851,437,377,37,0.5252643948296122,,,0.0,0.33333333333333487,0.6666666666666697
100691,check_call,street|position|pot_band|lookup,river,BB,4-16,positive-mass-known-key,,,408,408,408,151,232,25,-1.0784313725490196,42.73774509803921,0.37254901960784315,0.0,0.32147375079063745,0.6785262492093593
100691,check_call,street|position|pot_band|lookup,river,BB,4-16,zero-mass,,,98,98,98,28,69,1,-1.7448979591836735,0.0,1.3265306122448979,0.0,0.33333333333333287,0.6666666666666657
100691,check_call,street|position|pot_band|lookup,river,BB,<4,missing-key,,,56,0,56,29,21,6,0.35714285714285715,,,0.0,0.33333333333333337,0.6666666666666667
100691,check_call,street|position|pot_band|lookup,river,BB,<4,positive-mass-known-key,,,21,21,21,3,17,1,-1.0952380952380953,58.19047619047619,0.0,0.0,0.3333333333333332,0.6666666666666664
100691,check_call,street|position|pot_band|lookup,river,BB,<4,zero-mass,,,8,8,8,4,3,1,0.375,0.0,1.0,0.0,0.3333333333333333,0.6666666666666666
100691,check_call,street|position|pot_band|lookup,river,BTN/SB,16-64,missing-key,,,450,0,450,243,186,21,3.628888888888889,,,0.0,0.3253703703703699,0.6746296296296294
100691,check_call,street|position|pot_band|lookup,river,BTN/SB,16-64,positive-mass-known-key,,,100,100,100,35,63,2,-8.97,52.23,0.0,0.0,0.31916666666666627,0.680833333333333
100691,check_call,street|position|pot_band|lookup,river,BTN/SB,4-16,missing-key,,,735,0,735,379,314,42,0.9115646258503401,,,0.0,0.33333333333333687,0.6666666666666737
100691,check_call,street|position|pot_band|lookup,river,BTN/SB,4-16,positive-mass-known-key,,,206,206,206,83,115,8,-2.1990291262135924,43.62135922330097,0.03398058252427184,0.0,0.3330439609760713,0.6669560390239303
100691,check_call,street|position|pot_band|lookup,river,BTN/SB,<4,missing-key,,,23,0,23,11,8,4,0.5652173913043478,,,0.0,0.3333333333333332,0.6666666666666664
100691,check_call,street|position|pot_band|lookup,river,BTN/SB,<4,positive-mass-known-key,,,5,5,5,1,4,0,-1.2,60.0,0.0,0.0,0.3333333333333333,0.6666666666666666
100691,check_call,street|position|pot_band|lookup,turn,BB,16-64,missing-key,,,141,0,141,59,74,8,-2.7588652482269502,,,0.0,0.33333333333333376,0.6666666666666675
100691,check_call,street|position|pot_band|lookup,turn,BB,16-64,positive-mass-known-key,,,93,93,93,42,50,1,0.3118279569892473,107.43010752688173,0.0,0.0,0.33333333333333287,0.6666666666666657
100691,check_call,street|position|pot_band|lookup,turn,BB,16-64,zero-mass,,,10,10,10,9,1,0,29.5,0.0,1.0,0.0,0.33333333333333337,0.6666666666666667
100691,check_call,street|position|pot_band|lookup,turn,BB,4-16,missing-key,,,600,0,600,309,260,31,0.7233333333333334,,,0.0,0.33333333333333554,0.6666666666666711
100691,check_call,street|position|pot_band|lookup,turn,BB,4-16,positive-mass-known-key,,,750,750,750,303,410,37,-0.908,62.153333333333336,0.4706666666666667,0.0,0.2990666110415826,0.7009333889584248
100691,check_call,street|position|pot_band|lookup,turn,BB,4-16,zero-mass,,,201,201,201,95,98,8,0.4925373134328358,0.0,1.3880597014925373,0.0,0.333333333333334,0.666666666666668
100691,check_call,street|position|pot_band|lookup,turn,BB,<4,missing-key,,,108,0,108,59,42,7,0.25925925925925924,,,0.0,0.33333333333333315,0.6666666666666663
100691,check_call,street|position|pot_band|lookup,turn,BB,<4,positive-mass-known-key,,,130,130,130,50,74,6,-0.16153846153846155,46.0,0.9615384615384616,0.0,0.3430394725583423,0.6569605274416582
100691,check_call,street|position|pot_band|lookup,turn,BB,<4,zero-mass,,,15,15,15,7,6,2,-0.2,0.0,1.0,0.0,0.33333333333333326,0.6666666666666665
100691,check_call,street|position|pot_band|lookup,turn,BTN/SB,16-64,missing-key,,,115,0,115,64,48,3,5.426086956521739,,,0.0,0.3333333333333333,0.6666666666666666
100691,check_call,street|position|pot_band|lookup,turn,BTN/SB,16-64,positive-mass-known-key,,,64,64,64,25,36,3,-2.703125,75.625,0.0,0.0,0.3333333333333332,0.6666666666666664
100691,check_call,street|position|pot_band|lookup,turn,BTN/SB,4-16,missing-key,,,737,0,737,403,288,46,1.6010854816824966,,,0.0,0.33333333333333687,0.6666666666666737
100691,check_call,street|position|pot_band|lookup,turn,BTN/SB,4-16,positive-mass-known-key,,,493,493,493,207,268,18,-1.3732251521298176,53.69371196754564,0.09330628803245436,0.0,0.30493576741041223,0.6950642325895896
100691,check_call,street|position|pot_band|lookup,turn,BTN/SB,4-16,zero-mass,,,5,5,5,0,5,0,-9.8,0.0,1.0,0.0,0.3333333333333333,0.6666666666666666
100691,check_call,street|position|pot_band|lookup,turn,BTN/SB,<4,missing-key,,,79,0,79,41,34,4,0.6962025316455697,,,0.0,0.333333333333333,0.666666666666666
100691,check_call,street|position|pot_band|lookup,turn,BTN/SB,<4,positive-mass-known-key,,,17,17,17,5,9,3,-1.0,27.058823529411764,0.4117647058823529,0.0,0.33333333333333326,0.6666666666666665
100691,check_call,street|position|pot_band|lookup,turn,BTN/SB,<4,zero-mass,,,9,9,9,7,2,0,1.8888888888888888,0.0,1.0,0.0,0.3333333333333333,0.6666666666666666
100691,check_call,street|visit_band,flop,,,,0,,601,601,601,333,245,23,2.612312811980033,109.14975041597337,0.0,0.0,0.33333333333333554,0.6666666666666711
100691,check_call,street|visit_band,flop,,,,1,,734,734,734,342,356,36,-0.06948228882833787,87.25613079019074,1.0,0.0,0.2584406138411454,0.7415593861588564
100691,check_call,street|visit_band,flop,,,,2-9,,1548,1548,1548,639,835,74,-1.4198966408268734,202.53165374677002,4.035529715762274,0.0,0.23651682475858607,0.7634831752414174
100691,check_call,street|visit_band,flop,,,,missing,,684,0,684,371,269,44,2.090643274853801,,,0.0,0.3333333333333364,0.6666666666666728
100691,check_call,street|visit_band,preflop,,,,0,,1128,1128,1128,477,607,44,0.03235815602836879,42.11347517730496,0.0,0.11236702127659574,0.2958776595744673,0.5917553191489346
100691,check_call,street|visit_band,preflop,,,,1,,911,911,911,362,501,48,0.26125137211855104,15.821075740944018,1.0,0.1605688723636872,0.30016946868061695,0.5392616589556988
100691,check_call,street|visit_band,preflop,,,,2-9,,156,156,156,57,92,7,-0.16987179487179488,13.403846153846153,2.5256410256410255,0.22266297762366813,0.21174845365965367,0.5655885687166785
100691,check_call,street|visit_band,preflop,,,,missing,,1901,0,1901,789,1034,78,0.12546028406102053,,,0.10533929510783797,0.2982202349640523,0.5964404699281046
100691,check_call,street|visit_band,river,,,,0,,771,771,771,296,436,39,-2.1348897535667963,46.224383916990924,0.0,0.0,0.3291180285343745,0.6708819714656359
100691,check_call,street|visit_band,river,,,,1,,229,229,229,80,142,7,-1.7903930131004366,29.790393013100438,1.0,0.0,0.30032193287221554,0.6996780671277846
100691,check_call,street|visit_band,river,,,,2-9,,58,58,58,11,47,0,-3.293103448275862,21.517241379310345,2.0,0.0,0.3333333333333333,0.6666666666666666
100691,check_call,street|visit_band,river,,,,missing,,2509,0,2509,1298,1080,131,1.1948983658828218,,,0.0,0.32967981931713436,0.6703201806828947
100691,check_call,street|visit_band,turn,,,,0,,1208,1208,1208,503,656,49,-1.298841059602649,57.687086092715234,0.0,0.0,0.3333333333333288,0.6666666666666576
100691,check_call,street|visit_band,turn,,,,1,,309,309,309,145,147,17,1.7055016181229774,20.618122977346278,1.0,0.0,0.26560837952869776,0.7343916204713012
100691,check_call,street|visit_band,turn,,,,2-9,,270,270,270,102,156,12,-0.5148148148148148,67.77777777777777,2.0,0.0,0.26847691520766026,0.7315230847923375
100691,check_call,street|visit_band,turn,,,,missing,,1780,0,1780,935,746,99,1.0853932584269663,,,0.0,0.3333333333333319,0.6666666666666639
100691,tight_aggressive,lookup,,,,missing-key,,,1492,0,1100,917,569,6,-7.17627345844504,,,0.20185433422698829,0.27301161751563796,0.5251340482573721
100691,tight_aggressive,lookup,,,,positive-mass-known-key,,,1389,1389,1119,1033,356,0,-3.2336213102951765,86.35277177825773,1.1353491720662348,0.14809660918052414,0.23058420785196074,0.621319182967513
100691,tight_aggressive,lookup,,,,zero-mass,,,607,607,568,411,195,1,-3.2932454695222404,0.0,1.3179571663920921,0.21504667764964305,0.26199890170236134,0.5229544206479957
100691,tight_aggressive,street,flop,,,,,,750,591,688,572,177,1,-8.746666666666666,141.4636209813875,2.1895093062605753,0.040280398254867227,0.2426442324663306,0.7170753692788074
100691,tight_aggressive,street,preflop,,,,,,2414,1331,2244,1628,783,3,-2.0495028997514497,25.432006010518407,0.7843726521412472,0.23768125854484834,0.24884894903102536,0.5134697924241272
100691,tight_aggressive,street,river,,,,,,110,11,90,49,61,0,-19.963636363636365,43.63636363636363,0.18181818181818182,0.12196969696969695,0.32121212121212117,0.5568181818181815
100691,tight_aggressive,street,turn,,,,,,214,63,183,112,99,3,-16.327102803738317,31.88888888888889,0.5873015873015873,0.09353582554517134,0.32060869499563205,0.5858554794591979
100691,tight_aggressive,street|mass_band,flop,,,,,"(0,100)",204,204,198,160,44,0,-8.647058823529411,39.068627450980394,0.6666666666666666,0.03568820081978241,0.3054397545120791,0.6588720446681402
100691,tight_aggressive,street|mass_band,flop,,,,,0,81,81,78,56,24,1,-13.493827160493828,0.0,1.271604938271605,0.06481481481481481,0.3096707818930039,0.6255144032921807
100691,tight_aggressive,street|mass_band,flop,,,,,100-10k,306,306,297,268,38,0,-1.2516339869281046,247.17320261437908,3.447712418300654,0.009520389075974365,0.14620957874493448,0.84427003217909
100691,tight_aggressive,street|mass_band,flop,,,,,missing,159,0,134,88,71,0,-20.88050314465409,,,0.09287211740041927,0.3135220125786168,0.5936058700209645
100691,tight_aggressive,street|mass_band,preflop,,,,,"(0,100)",783,783,767,547,236,0,-1.8690932311621966,36.39846743295019,0.45338441890166026,0.23822378645457318,0.23721771465805083,0.5245584988873762
100691,tight_aggressive,street|mass_band,preflop,,,,,0,504,504,496,344,160,0,-1.0198412698412698,0.0,1.3333333333333333,0.24543650793650795,0.2513888888888889,0.503174603174603
100691,tight_aggressive,street|mass_band,preflop,,,,,100-10k,44,44,42,32,12,0,-0.6590909090909091,121.5909090909091,0.38636363636363635,0.14204545454545456,0.24234603902215276,0.6156085064323925
100691,tight_aggressive,street|mass_band,preflop,,,,,missing,1083,0,986,705,375,3,-2.7156048014773777,,,0.23756540473991994,0.2563404124345952,0.5060941828254849
100691,tight_aggressive,street|mass_band,river,,,,,"(0,100)",9,9,9,4,5,0,-3.888888888888889,53.333333333333336,0.0,0.022222222222222223,0.31851851851851853,0.6592592592592592
100691,tight_aggressive,street|mass_band,river,,,,,0,2,2,2,1,1,0,-36.0,0.0,1.0,0.0,0.3333333333333333,0.6666666666666666
100691,tight_aggressive,street|mass_band,river,,,,,missing,99,0,81,44,55,0,-21.1010101010101,,,0.13350168350168348,0.321212121212121,0.545286195286195
100691,tight_aggressive,street|mass_band,turn,,,,,"(0,100)",41,41,40,20,21,0,-20.073170731707318,37.292682926829265,0.34146341463414637,0.06178861788617886,0.3242340015219154,0.613977380591906
100691,tight_aggressive,street|mass_band,turn,,,,,0,20,20,18,10,10,0,-16.0,0.0,1.15,0.07916666666666666,0.3291666666666666,0.5916666666666666
100691,tight_aggressive,street|mass_band,turn,,,,,100-10k,2,2,2,2,0,0,3.0,240.0,0.0,0.0,0.3333333333333333,0.6666666666666666
100691,tight_aggressive,street|mass_band,turn,,,,,missing,151,0,133,80,68,3,-15.609271523178808,,,0.10529801324503313,0.31832229580573984,0.5763796909492277
100691,tight_aggressive,street|position|pot_band|lookup,flop,BB,16-64,missing-key,,,15,0,14,6,9,0,-14.933333333333334,,,0.10666666666666666,0.26222222222222225,0.631111111111111
100691,tight_aggressive,street|position|pot_band|lookup,flop,BB,16-64,positive-mass-known-key,,,11,11,10,6,5,0,-26.272727272727273,88.63636363636364,0.9090909090909091,0.11827122675066457,0.20413783672361152,0.6775909365257239
100691,tight_aggressive,street|position|pot_band|lookup,flop,BB,16-64,zero-mass,,,3,3,3,3,0,0,22.0,0.0,1.0,0.08333333333333333,0.25,0.6666666666666666
100691,tight_aggressive,street|position|pot_band|lookup,flop,BB,4-16,missing-key,,,19,0,18,14,5,0,4.7894736842105265,,,0.02631578947368421,0.32456140350877183,0.6491228070175437
100691,tight_aggressive,street|position|pot_band|lookup,flop,BB,4-16,positive-mass-known-key,,,50,50,49,36,14,0,-8.72,155.28,3.1,0.01792863207945896,0.24635366204253706,0.735717705878004
100691,tight_aggressive,street|position|pot_band|lookup,flop,BB,4-16,zero-mass,,,12,12,11,6,6,0,-16.583333333333332,0.0,1.75,0.08333333333333333,0.3055555555555556,0.6111111111111112
100691,tight_aggressive,street|position|pot_band|lookup,flop,BB,64+,missing-key,,,7,0,7,1,6,0,-52.285714285714285,,,0.2261904761904762,0.369047619047619,0.40476190476190477
100691,tight_aggressive,street|position|pot_band|lookup,flop,BB,64+,positive-mass-known-key,,,3,3,3,1,2,0,-39.666666666666664,80.66666666666667,0.0,0.1111111111111111,0.3333333333333333,0.5555555555555555
100691,tight_aggressive,street|position|pot_band|lookup,flop,BB,<4,missing-key,,,5,0,5,3,2,0,-19.2,,,0.0,0.3333333333333333,0.6666666666666666
100691,tight_aggressive,street|position|pot_band|lookup,flop,BB,<4,positive-mass-known-key,,,38,38,38,27,11,0,-4.921052631578948,180.78947368421052,3.8421052631578947,0.0,0.36700078537098624,0.632999214629014
100691,tight_aggressive,street|position|pot_band|lookup,flop,BB,<4,zero-mass,,,3,3,3,2,1,0,-32.666666666666664,0.0,2.3333333333333335,0.0,0.3333333333333333,0.6666666666666666
100691,tight_aggressive,street|position|pot_band|lookup,flop,BTN/SB,16-64,missing-key,,,21,0,21,4,17,0,-53.476190476190474,,,0.1785714285714286,0.23015873015873017,0.5912698412698412
100691,tight_aggressive,street|position|pot_band|lookup,flop,BTN/SB,16-64,positive-mass-known-key,,,14,14,14,4,10,0,-46.07142857142857,90.92857142857143,0.7142857142857143,0.14960049040200865,0.18624499219025825,0.6641545174077331
100691,tight_aggressive,street|position|pot_band|lookup,flop,BTN/SB,4-16,missing-key,,,21,0,21,7,14,0,-40.0,,,0.14285714285714285,0.2857142857142857,0.5714285714285714
100691,tight_aggressive,street|position|pot_band|lookup,flop,BTN/SB,4-16,positive-mass-known-key,,,58,58,58,40,18,0,-7.051724137931035,200.0,1.5689655172413792,0.06008867920618487,0.20101073335679215,0.738900587437023
100691,tight_aggressive,street|position|pot_band|lookup,flop,BTN/SB,4-16,zero-mass,,,17,17,17,2,15,0,-41.470588235294116,0.0,1.5294117647058822,0.23529411764705882,0.25490196078431376,0.5098039215686275
100691,tight_aggressive,street|position|pot_band|lookup,flop,BTN/SB,64+,missing-key,,,14,0,13,2,12,0,-62.142857142857146,,,0.3095238095238095,0.4047619047619047,0.2857142857142857
100691,tight_aggressive,street|position|pot_band|lookup,flop,BTN/SB,64+,positive-mass-known-key,,,7,7,7,2,5,0,-16.0,46.714285714285715,0.0,0.2976190476190476,0.39285714285714285,0.3095238095238095
100691,tight_aggressive,street|position|pot_band|lookup,flop,BTN/SB,<4,missing-key,,,57,0,57,51,6,0,1.894736842105263,,,0.0,0.3333333333333333,0.6666666666666666
100691,tight_aggressive,street|position|pot_band|lookup,flop,BTN/SB,<4,positive-mass-known-key,,,329,329,329,312,17,0,0.1519756838905775,165.8176291793313,2.3677811550151975,0.0,0.1839652262640504,0.8160347737359491
100691,tight_aggressive,street|position|pot_band|lookup,flop,BTN/SB,<4,zero-mass,,,46,46,46,43,2,1,-3.4130434782608696,0.0,1.0,0.0,0.33333333333333354,0.6666666666666671
100691,tight_aggressive,street|position|pot_band|lookup,preflop,BB,16-64,missing-key,,,26,0,26,9,16,1,-14.807692307692308,,,0.22692307692307698,0.22692307692307698,0.5461538461538461
100691,tight_aggressive,street|position|pot_band|lookup,preflop,BB,16-64,positive-mass-known-key,,,5,5,5,2,3,0,-11.2,48.4,0.0,0.22000000000000003,0.22000000000000003,0.56
100691,tight_aggressive,street|position|pot_band|lookup,preflop,BB,4-16,missing-key,,,59,0,59,26,32,1,-8.338983050847459,,,0.25,0.25,0.5
100691,tight_aggressive,street|position|pot_band|lookup,preflop,BB,4-16,positive-mass-known-key,,,33,33,33,10,23,0,-14.303030303030303,43.75757575757576,0.15151515151515152,0.22727272727272727,0.23622266000354417,0.5365046127237286
100691,tight_aggressive,street|position|pot_band|lookup,preflop,BB,4-16,zero-mass,,,6,6,6,2,4,0,12.833333333333334,0.0,1.0,0.25,0.25,0.5
100691,tight_aggressive,street|position|pot_band|lookup,preflop,BB,64+,missing-key,,,14,0,14,3,11,0,-30.642857142857142,,,0.369047619047619,0.369047619047619,0.2619047619047619
100691,tight_aggressive,street|position|pot_band|lookup,preflop,BB,<4,missing-key,,,61,0,61,42,19,0,-10.295081967213115,,,0.0,0.33333333333333326,0.6666666666666665
100691,tight_aggressive,street|position|pot_band|lookup,preflop,BB,<4,positive-mass-known-key,,,40,40,40,32,8,0,-3.925,41.2,0.225,0.0,0.36135384521211816,0.6386461547878823
100691,tight_aggressive,street|position|pot_band|lookup,preflop,BB,<4,zero-mass,,,9,9,9,8,1,0,1.3333333333333333,0.0,1.0,0.0,0.3333333333333333,0.6666666666666666
100691,tight_aggressive,street|position|pot_band|lookup,preflop,BTN/SB,16-64,missing-key,,,14,0,14,7,7,0,5.214285714285714,,,0.2178571428571429,0.2178571428571429,0.5642857142857142
100691,tight_aggressive,street|position|pot_band|lookup,preflop,BTN/SB,16-64,positive-mass-known-key,,,2,2,2,1,1,0,42.5,59.5,0.5,0.125,0.20159250750659974,0.6734074924934003
100691,tight_aggressive,street|position|pot_band|lookup,preflop,BTN/SB,16-64,zero-mass,,,1,1,1,1,0,0,30.0,0.0,1.0,0.2,0.2,0.6000000000000001
100691,tight_aggressive,street|position|pot_band|lookup,preflop,BTN/SB,4-16,missing-key,,,65,0,65,27,38,0,-11.553846153846154,,,0.25,0.25,0.5
100691,tight_aggressive,street|position|pot_band|lookup,preflop,BTN/SB,4-16,positive-mass-known-key,,,11,11,11,6,5,0,5.909090909090909,78.72727272727273,0.18181818181818182,0.22727272727272727,0.22727272727272727,0.5454545454545454
100691,tight_aggressive,street|position|pot_band|lookup,preflop,BTN/SB,4-16,zero-mass,,,8,8,8,6,2,0,0.875,0.0,1.125,0.25,0.25,0.5
100691,tight_aggressive,street|position|pot_band|lookup,preflop,BTN/SB,64+,missing-key,,,12,0,12,3,9,0,-19.583333333333332,,,0.34722222222222227,0.34722222222222227,0.3055555555555556
100691,tight_aggressive,street|position|pot_band|lookup,preflop,BTN/SB,<4,missing-key,,,832,0,832,588,243,1,-0.11298076923076923,,,0.25,0.25,0.5
100691,tight_aggressive,street|position|pot_band|lookup,preflop,BTN/SB,<4,positive-mass-known-key,,,736,736,736,528,208,0,-1.3009510869565217,40.12364130434783,0.48233695652173914,0.24650709890479733,0.2311847957752901,0.5223081053199126
100691,tight_aggressive,street|position|pot_band|lookup,preflop,BTN/SB,<4,zero-mass,,,480,480,480,327,153,0,-1.3333333333333333,0.0,1.3479166666666667,0.25,0.25,0.5
100691,tight_aggressive,street|position|pot_band|lookup,river,BB,16-64,missing-key,,,8,0,8,1,7,0,-41.125,,,0.1375,0.24166666666666664,0.6208333333333333
100691,tight_aggressive,street|position|pot_band|lookup,river,BB,4-16,missing-key,,,9,0,8,1,8,0,-20.555555555555557,,,0.05555555555555555,0.3148148148148148,0.6296296296296297
100691,tight_aggressive,street|position|pot_band|lookup,river,BB,4-16,positive-mass-known-key,,,2,2,2,0,2,0,-4.5,54.0,0.0,0.0,0.3333333333333333,0.6666666666666666
100691,tight_aggressive,street|position|pot_band|lookup,river,BB,4-16,zero-mass,,,2,2,2,1,1,0,-36.0,0.0,1.0,0.0,0.3333333333333333,0.6666666666666666
100691,tight_aggressive,street|position|pot_band|lookup,river,BB,64+,missing-key,,,7,0,5,0,7,0,-96.14285714285714,,,0.2976190476190476,0.41666666666666663,0.2857142857142857
100691,tight_aggressive,street|position|pot_band|lookup,river,BB,<4,missing-key,,,6,0,6,4,2,0,-1.0,,,0.0,0.3333333333333333,0.6666666666666666
100691,tight_aggressive,street|position|pot_band|lookup,river,BB,<4,positive-mass-known-key,,,2,2,2,0,2,0,-1.0,58.99999999999999,0.0,0.0,0.3333333333333333,0.6666666666666666
100691,tight_aggressive,street|position|pot_band|lookup,river,BTN/SB,16-64,missing-key,,,12,0,12,5,7,0,-6.083333333333333,,,0.18333333333333335,0.23194444444444448,0.5847222222222221
100691,tight_aggressive,street|position|pot_band|lookup,river,BTN/SB,16-64,positive-mass-known-key,,,1,1,1,0,1,0,-30.0,5.0,0.0,0.2,0.2,0.6000000000000001
100691,tight_aggressive,street|position|pot_band|lookup,river,BTN/SB,4-16,missing-key,,,15,0,15,4,11,0,-6.466666666666667,,,0.2,0.26666666666666666,0.5333333333333333
100691,tight_aggressive,street|position|pot_band|lookup,river,BTN/SB,4-16,positive-mass-known-key,,,1,1,1,1,0,0,3.0,75.0,0.0,0.0,0.3333333333333333,0.6666666666666666
100691,tight_aggressive,street|position|pot_band|lookup,river,BTN/SB,64+,missing-key,,,10,0,10,0,10,0,-75.3,,,0.4333333333333334,0.4666666666666666,0.1
100691,tight_aggressive,street|position|pot_band|lookup,river,BTN/SB,<4,missing-key,,,32,0,32,29,3,0,0.84375,,,0.0,0.33333333333333337,0.6666666666666667
100691,tight_aggressive,street|position|pot_band|lookup,river,BTN/SB,<4,positive-mass-known-key,,,3,3,3,3,0,0,1.0,58.0,0.0,0.0,0.3333333333333333,0.6666666666666666
100691,tight_aggressive,street|position|pot_band|lookup,turn,BB,16-64,missing-key,,,12,0,11,6,6,0,2.3333333333333335,,,0.10833333333333334,0.2611111111111111,0.6305555555555555
100691,tight_aggressive,street|position|pot_band|lookup,turn,BB,16-64,positive-mass-known-key,,,2,2,2,0,2,0,-67.5,33.5,0.0,0.125,0.29166666666666663,0.5833333333333333
100691,tight_aggressive,street|position|pot_band|lookup,turn,BB,16-64,zero-mass,,,2,2,2,0,2,0,-55.0,0.0,1.5,0.0,0.3333333333333333,0.6666666666666666
100691,tight_aggressive,street|position|pot_band|lookup,turn,BB,4-16,missing-key,,,12,0,12,6,6,0,-9.583333333333334,,,0.041666666666666664,0.3194444444444445,0.638888888888889
100691,tight_aggressive,street|position|pot_band|lookup,turn,BB,4-16,positive-mass-known-key,,,6,6,6,1,5,0,-9.666666666666666,41.5,0.3333333333333333,0.0,0.2777777777777778,0.7222222222222222
100691,tight_aggressive,street|position|pot_band|lookup,turn,BB,4-16,zero-mass,,,3,3,3,0,3,0,-4.333333333333333,0.0,1.3333333333333333,0.08333333333333333,0.3055555555555555,0.611111111111111
100691,tight_aggressive,street|position|pot_band|lookup,turn,BB,64+,missing-key,,,1,0,1,0,1,0,-36.0,,,0.5,0.5,0.0
100691,tight_aggressive,street|position|pot_band|lookup,turn,BB,64+,zero-mass,,,1,1,1,0,1,0,-100.0,0.0,1.0,0.3333333333333333,0.3333333333333333,0.3333333333333333
100691,tight_aggressive,street|position|pot_band|lookup,turn,BB,<4,missing-key,,,6,0,6,3,3,0,-1.3333333333333333,,,0.0,0.3333333333333333,0.6666666666666666
100691,tight_aggressive,street|position|pot_band|lookup,turn,BB,<4,positive-mass-known-key,,,9,9,9,6,3,0,-3.111111111111111,34.111111111111114,0.5555555555555556,0.0,0.3844922970251554,0.6155077029748446
100691,tight_aggressive,street|position|pot_band|lookup,turn,BB,<4,zero-mass,,,2,2,2,1,1,0,-1.0,0.0,1.0,0.0,0.3333333333333333,0.6666666666666666
100691,tight_aggressive,street|position|pot_band|lookup,turn,BTN/SB,16-64,missing-key,,,12,0,12,0,11,1,-55.916666666666664,,,0.1958333333333333,0.2513888888888889,0.5527777777777778
100691,tight_aggressive,street|position|pot_band|lookup,turn,BTN/SB,16-64,positive-mass-known-key,,,6,6,6,1,5,0,-39.166666666666664,46.833333333333336,0.3333333333333333,0.11666666666666665,0.22777777777777777,0.6555555555555556
100691,tight_aggressive,street|position|pot_band|lookup,turn,BTN/SB,4-16,missing-key,,,25,0,24,11,13,1,-6.44,,,0.18,0.2733333333333333,0.5466666666666666
100691,tight_aggressive,street|position|pot_band|lookup,turn,BTN/SB,4-16,positive-mass-known-key,,,8,8,8,5,3,0,-21.125,92.0,0.25,0.09375,0.3395620903131828,0.5666879096868171
100691,tight_aggressive,street|position|pot_band|lookup,turn,BTN/SB,4-16,zero-mass,,,2,2,2,0,2,0,-2.0,0.0,1.5,0.25,0.25,0.5
100691,tight_aggressive,street|position|pot_band|lookup,turn,BTN/SB,64+,missing-key,,,19,0,18,0,18,1,-74.57894736842105,,,0.3552631578947368,0.3903508771929824,0.25438596491228066
100691,tight_aggressive,street|position|pot_band|lookup,turn,BTN/SB,64+,positive-mass-known-key,,,2,2,2,0,2,0,-100.0,41.0,0.0,0.41666666666666663,0.41666666666666663,0.16666666666666666
100691,tight_aggressive,street|position|pot_band|lookup,turn,BTN/SB,64+,zero-mass,,,1,1,1,0,1,0,-100.0,0.0,1.0,0.5,0.5,0.0
100691,tight_aggressive,street|position|pot_band|lookup,turn,BTN/SB,<4,missing-key,,,64,0,64,54,10,0,0.359375,,,0.0,0.3333333333333332,0.6666666666666664
100691,tight_aggressive,street|position|pot_band|lookup,turn,BTN/SB,<4,positive-mass-known-key,,,10,10,10,9,1,0,0.8,28.7,0.3,0.0,0.33333333333333337,0.6666666666666667
100691,tight_aggressive,street|position|pot_band|lookup,turn,BTN/SB,<4,zero-mass,,,9,9,9,9,0,0,1.0,0.0,1.0,0.0,0.3333333333333333,0.6666666666666666
100691,tight_aggressive,street|visit_band,flop,,,,0,,183,183,179,144,39,0,-7.0109289617486334,70.77595628415301,0.0,0.033151183970856105,0.32777777777777856,0.6390710382513676
100691,tight_aggressive,street|visit_band,flop,,,,1,,154,154,150,125,28,1,-8.03896103896104,49.05844155844156,1.0,0.03149962012026217,0.29063561881520833,0.6778647610645308
100691,tight_aggressive,street|visit_band,flop,,,,2-9,,254,254,250,215,39,0,-2.8307086614173227,248.41732283464566,4.488188976377953,0.017818991572034364,0.10784234534988857,0.8743386630780753
100691,tight_aggressive,street|visit_band,flop,,,,missing,,159,0,134,88,71,0,-20.88050314465409,,,0.09287211740041927,0.3135220125786168,0.5936058700209645
100691,tight_aggressive,street|visit_band,preflop,,,,0,,535,535,522,369,166,0,-2.960747663551402,39.04299065420561,0.0,0.2352336448598131,0.25454828660436135,0.5102180685358254
100691,tight_aggressive,street|visit_band,preflop,,,,1,,642,642,632,452,190,0,-0.6308411214953271,16.202492211838006,1.0,0.23842090830638976,0.2468128256815649,0.5147662660120457
100691,tight_aggressive,street|visit_band,preflop,,,,2-9,,154,154,153,102,52,0,-0.11363636363636363,16.623376623376622,2.6103896103896105,0.24391559520278389,0.18485408359305514,0.5712303212041616
100691,tight_aggressive,street|visit_band,preflop,,,,missing,,1083,0,986,705,375,3,-2.7156048014773777,,,0.23756540473991994,0.2563404124345952,0.5060941828254849
100691,tight_aggressive,street|visit_band,river,,,,0,,9,9,9,4,5,0,-3.888888888888889,53.333333333333336,0.0,0.022222222222222223,0.31851851851851853,0.6592592592592592
100691,tight_aggressive,street|visit_band,river,,,,1,,2,2,2,1,1,0,-36.0,0.0,1.0,0.0,0.3333333333333333,0.6666666666666666
100691,tight_aggressive,street|visit_band,river,,,,missing,,99,0,81,44,55,0,-21.1010101010101,,,0.13350168350168348,0.321212121212121,0.545286195286195
100691,tight_aggressive,street|visit_band,turn,,,,0,,30,30,29,13,17,0,-24.066666666666666,49.1,0.0,0.08444444444444445,0.31777777777777777,0.5977777777777777
100691,tight_aggressive,street|visit_band,turn,,,,1,,29,29,26,18,11,0,-13.793103448275861,16.344827586206897,1.0,0.04597701149425287,0.34282570239839144,0.6111972861073557
100691,tight_aggressive,street|visit_band,turn,,,,2-9,,4,4,4,1,3,0,-3.75,15.5,2.0,0.0625,0.2670788398779609,0.6704211601220391
100691,tight_aggressive,street|visit_band,turn,,,,missing,,151,0,133,80,68,3,-15.609271523178808,,,0.10529801324503313,0.31832229580573984,0.5763796909492277
100691,loose_aggressive,lookup,,,,missing-key,,,3475,0,1838,1392,2041,42,-15.068057553956834,,,0.1721151079136689,0.2928345323741076,0.5350503597122361
100691,loose_aggressive,lookup,,,,positive-mass-known-key,,,2649,2649,1750,1306,1318,25,-11.007361268403171,90.99471498678747,1.136655341638354,0.11354431305190511,0.2549978991666937,0.6314577877814092
100691,loose_aggressive,lookup,,,,zero-mass,,,792,792,702,456,328,8,-5.0896464646464645,0.0,1.3674242424242424,0.17186447811447816,0.27550505050505136,0.5526304713804732
100691,loose_aggressive,street,flop,,,,,,1689,1239,1449,886,787,16,-13.824156305506216,137.41888619854723,2.161420500403551,0.06497706955737217,0.2650026387330995,0.670020291709522
100691,loose_aggressive,street,preflop,,,,,,3604,1763,2982,1750,1835,19,-8.204217536071033,28.220646625070902,0.6908678389109473,0.20885240946688363,0.26534483082560995,0.525802759707514
100691,loose_aggressive,street,river,,,,,,658,118,510,204,437,17,-20.39209726443769,40.00847457627118,0.2711864406779661,0.12028875379939219,0.32304895952539725,0.5566622866752141
100691,loose_aggressive,street,turn,,,,,,965,321,758,314,628,23,-19.912953367875648,50.80685358255452,0.5171339563862928,0.09678258833172337,0.30552434446545174,0.5976930672028269
100691,loose_aggressive,street|mass_band,flop,,,,,"(0,100)",468,468,431,226,236,6,-17.38034188034188,47.623931623931625,0.8141025641025641,0.07546909952075734,0.28963914547486835,0.6348917550043739
100691,loose_aggressive,street|mass_band,flop,,,,,0,158,158,152,100,55,3,-5.6455696202531644,0.0,1.7341772151898733,0.055907172995780595,0.3122362869198317,0.6318565400843892
100691,loose_aggressive,street|mass_band,flop,,,,,100-10k,613,613,593,372,235,6,-11.243066884176182,241.3931484502447,3.300163132137031,0.0210604653181411,0.19660957597276701,0.7823299587090962
100691,loose_aggressive,street|mass_band,flop,,,,,missing,450,0,362,188,261,1,-16.513333333333332,,,0.11707407407407418,0.31596296296296245,0.5669629629629608
100691,loose_aggressive,street|mass_band,preflop,,,,,"(0,100)",1130,1130,1070,567,558,5,-6.887610619469027,37.81061946902655,0.40353982300884955,0.20417765520824357,0.25835577380570485,0.5374665709860518
100691,loose_aggressive,street|mass_band,preflop,,,,,0,578,578,547,328,246,4,-4.046712802768166,0.0,1.2854671280276817,0.21770472895040371,0.260957324106113,0.5213379469434832
100691,loose_aggressive,street|mass_band,preflop,,,,,100-10k,55,55,54,27,27,1,-10.790909090909091,127.76363636363637,0.34545454545454546,0.10454545454545454,0.23868022839470235,0.656774317059843
100691,loose_aggressive,street|mass_band,preflop,,,,,missing,1841,0,1484,828,1004,9,-10.240358500814775,,,0.21205866376968993,0.27180879956545173,0.5161325366648547
100691,loose_aggressive,street|mass_band,river,,,,,"(0,100)",98,98,92,25,72,1,-8.918367346938776,40.90816326530612,0.16326530612244897,0.04353741496598639,0.32329471463650167,0.6331678703975108
100691,loose_aggressive,street|mass_band,river,,,,,0,14,14,14,5,9,0,-16.071428571428573,0.0,1.1428571428571428,0.0,0.3273809523809524,0.6726190476190476
100691,loose_aggressive,street|mass_band,river,,,,,100-10k,6,6,6,1,5,0,-9.666666666666666,118.66666666666667,0.0,0.0,0.31944444444444436,0.6805555555555555
100691,loose_aggressive,street|mass_band,river,,,,,missing,540,0,412,173,351,16,-22.705555555555556,,,0.138672839506173,0.32293209876543244,0.5383950617283947
100691,loose_aggressive,street|mass_band,turn,,,,,"(0,100)",239,239,224,81,154,4,-17.196652719665273,39.19665271966527,0.3472803347280335,0.04415644280547478,0.2907497259395663,0.665093831254959
100691,loose_aggressive,street|mass_band,turn,,,,,0,42,42,40,23,18,1,-13.69047619047619,0.0,1.1904761904761905,0.034523809523809526,0.3202380952380953,0.6452380952380955
100691,loose_aggressive,street|mass_band,turn,,,,,100-10k,40,40,38,7,31,2,-17.85,173.525,0.825,0.03146186440677966,0.2814618644067798,0.687076271186441
100691,loose_aggressive,street|mass_band,turn,,,,,missing,644,0,492,203,425,16,-21.454968944099377,,,0.12443064182194627,0.31154244306418305,0.5640269151138734
100691,loose_aggressive,street|position|pot_band|lookup,flop,BB,16-64,missing-key,,,45,0,43,16,29,0,-26.444444444444443,,,0.15555555555555559,0.25555555555555554,0.588888888888889
100691,loose_aggressive,street|position|pot_band|lookup,flop,BB,16-64,positive-mass-known-key,,,56,56,53,20,36,0,-23.714285714285715,82.57142857142857,0.7142857142857143,0.17672564433669732,0.22281868036439947,0.6004556752989034
100691,loose_aggressive,street|position|pot_band|lookup,flop,BB,16-64,zero-mass,,,10,10,10,4,6,0,-22.8,0.0,1.2,0.075,0.26666666666666666,0.6583333333333334
100691,loose_aggressive,street|position|pot_band|lookup,flop,BB,4-16,missing-key,,,97,0,86,39,58,0,-21.2680412371134,,,0.06701030927835051,0.3109965635738829,0.6219931271477658
100691,loose_aggressive,street|position|pot_band|lookup,flop,BB,4-16,positive-mass-known-key,,,340,340,312,177,159,4,-16.526470588235295,158.01470588235293,2.3323529411764707,0.02943882820353209,0.23645474876609418,0.7341064230303732
100691,loose_aggressive,street|position|pot_band|lookup,flop,BB,4-16,zero-mass,,,55,55,54,37,17,1,-7.236363636363636,0.0,2.2181818181818183,0.05,0.3166666666666668,0.6333333333333336
100691,loose_aggressive,street|position|pot_band|lookup,flop,BB,64+,missing-key,,,45,0,41,12,33,0,-36.6,,,0.2703703703703704,0.3814814814814816,0.34814814814814815
100691,loose_aggressive,street|position|pot_band|lookup,flop,BB,64+,positive-mass-known-key,,,7,7,7,1,6,0,-77.85714285714286,46.714285714285715,0.14285714285714285,0.35714285714285715,0.40476190476190477,0.23809523809523808
100691,loose_aggressive,street|position|pot_band|lookup,flop,BB,64+,zero-mass,,,4,4,4,2,2,0,4.75,0.0,1.0,0.20833333333333331,0.29166666666666663,0.49999999999999994
100691,loose_aggressive,street|position|pot_band|lookup,flop,BB,<4,missing-key,,,33,0,33,20,13,0,-5.848484848484849,,,0.0,0.33333333333333337,0.6666666666666667
100691,loose_aggressive,street|position|pot_band|lookup,flop,BB,<4,positive-mass-known-key,,,164,164,164,91,69,4,-10.420731707317072,200.4268292682927,4.103658536585366,0.0,0.3673657895765004,0.6326342104235012
100691,loose_aggressive,street|position|pot_band|lookup,flop,BB,<4,zero-mass,,,22,22,22,15,7,0,-4.7727272727272725,0.0,2.909090909090909,0.0,0.3333333333333332,0.6666666666666664
100691,loose_aggressive,street|position|pot_band|lookup,flop,BTN/SB,16-64,missing-key,,,38,0,38,15,23,0,-19.5,,,0.14078947368421058,0.2548245614035088,0.6043859649122809
100691,loose_aggressive,street|position|pot_band|lookup,flop,BTN/SB,16-64,positive-mass-known-key,,,34,34,34,12,22,0,-26.352941176470587,111.32352941176471,0.4117647058823529,0.12667173393908035,0.20975655957980976,0.6635717064811099
100691,loose_aggressive,street|position|pot_band|lookup,flop,BTN/SB,16-64,zero-mass,,,7,7,7,3,4,0,-19.428571428571427,0.0,1.0,0.03571428571428571,0.3095238095238095,0.6547619047619048
100691,loose_aggressive,street|position|pot_band|lookup,flop,BTN/SB,4-16,missing-key,,,126,0,124,59,66,1,-7.428571428571429,,,0.0873015873015873,0.3042328042328042,0.6084656084656084
100691,loose_aggressive,street|position|pot_band|lookup,flop,BTN/SB,4-16,positive-mass-known-key,,,253,253,251,140,111,2,-13.146245059288537,152.699604743083,1.391304347826087,0.07384819706093633,0.197458780123736,0.7286930228153286
100691,loose_aggressive,street|position|pot_band|lookup,flop,BTN/SB,4-16,zero-mass,,,32,32,32,17,15,0,-1.625,0.0,1.15625,0.1328125,0.2890625,0.578125
100691,loose_aggressive,street|position|pot_band|lookup,flop,BTN/SB,64+,missing-key,,,34,0,34,10,24,0,-21.323529411764707,,,0.3137254901960784,0.4019607843137256,0.2843137254901962
100691,loose_aggressive,street|position|pot_band|lookup,flop,BTN/SB,64+,positive-mass-known-key,,,8,8,7,0,8,0,-96.25,72.125,0.375,0.35416666666666663,0.35416666666666663,0.29166666666666663
100691,loose_aggressive,street|position|pot_band|lookup,flop,BTN/SB,<4,missing-key,,,32,0,32,17,15,0,2.0,,,0.0,0.33333333333333337,0.6666666666666667
100691,loose_aggressive,street|position|pot_band|lookup,flop,BTN/SB,<4,positive-mass-known-key,,,219,219,219,157,60,2,-3.8036529680365296,163.1095890410959,2.410958904109589,0.0,0.18354739232162204,0.8164526076783767
100691,loose_aggressive,street|position|pot_band|lookup,flop,BTN/SB,<4,zero-mass,,,28,28,28,22,4,2,0.2857142857142857,0.0,1.0,0.0,0.3333333333333333,0.6666666666666666
100691,loose_aggressive,street|position|pot_band|lookup,preflop,BB,16-64,missing-key,,,129,0,129,33,96,0,-25.82170542635659,,,0.22674418604651142,0.22674418604651142,0.5465116279069768
100691,loose_aggressive,street|position|pot_band|lookup,preflop,BB,16-64,positive-mass-known-key,,,11,11,11,2,8,1,-29.09090909090909,33.0,0.2727272727272727,0.18181818181818182,0.18181818181818182,0.6363636363636364
100691,loose_aggressive,street|position|pot_band|lookup,preflop,BB,4-16,missing-key,,,219,0,219,59,160,0,-18.0,,,0.25,0.25,0.5
100691,loose_aggressive,street|position|pot_band|lookup,preflop,BB,4-16,positive-mass-known-key,,,98,98,98,26,71,1,-16.224489795918366,40.03061224489796,0.23469387755102042,0.23214285714285715,0.24419786857620235,0.5236592742809405
100691,loose_aggressive,street|position|pot_band|lookup,preflop,BB,4-16,zero-mass,,,21,21,21,5,16,0,-20.19047619047619,0.0,1.0476190476190477,0.25,0.25,0.5
100691,loose_aggressive,street|position|pot_band|lookup,preflop,BB,64+,missing-key,,,69,0,68,15,54,0,-40.2463768115942,,,0.44685990338164233,0.44685990338164233,0.10628019323671495
100691,loose_aggressive,street|position|pot_band|lookup,preflop,BB,64+,positive-mass-known-key,,,1,1,1,0,0,1,0.0,62.0,0.0,0.5,0.5,0.0
100691,loose_aggressive,street|position|pot_band|lookup,preflop,BB,<4,missing-key,,,330,0,330,197,127,6,-10.1,,,0.0,0.33333333333333187,0.6666666666666637
100691,loose_aggressive,street|position|pot_band|lookup,preflop,BB,<4,positive-mass-known-key,,,217,217,217,127,88,2,-10.95852534562212,45.175115207373274,0.12903225806451613,0.0,0.3725610291523486,0.6274389708476523
100691,loose_aggressive,street|position|pot_band|lookup,preflop,BB,<4,zero-mass,,,75,75,75,52,22,1,-10.24,0.0,1.0666666666666667,0.0,0.33333333333333304,0.6666666666666661
100691,loose_aggressive,street|position|pot_band|lookup,preflop,BTN/SB,16-64,missing-key,,,54,0,54,17,37,0,-5.851851851851852,,,0.22962962962962954,0.22962962962962954,0.540740740740741
100691,loose_aggressive,street|position|pot_band|lookup,preflop,BTN/SB,16-64,positive-mass-known-key,,,6,6,6,3,3,0,-1.6666666666666667,89.33333333333333,0.8333333333333334,0.03333333333333333,0.16098751251099958,0.8056791541556673
100691,loose_aggressive,street|position|pot_band|lookup,preflop,BTN/SB,16-64,zero-mass,,,2,2,2,0,2,0,-10.0,0.0,1.0,0.25,0.25,0.5
100691,loose_aggressive,street|position|pot_band|lookup,preflop,BTN/SB,4-16,missing-key,,,203,0,203,68,135,0,-8.96551724137931,,,0.25,0.25,0.5
100691,loose_aggressive,street|position|pot_band|lookup,preflop,BTN/SB,4-16,positive-mass-known-key,,,50,50,50,13,37,0,-15.2,60.88,0.24,0.21726069307530127,0.215,0.5677393069246988
100691,loose_aggressive,street|position|pot_band|lookup,preflop,BTN/SB,4-16,zero-mass,,,30,30,30,11,19,0,-3.033333333333333,0.0,1.1666666666666667,0.25,0.25,0.5
100691,loose_aggressive,street|position|pot_band|lookup,preflop,BTN/SB,64+,missing-key,,,39,0,37,10,29,0,-21.46153846153846,,,0.3311965811965813,0.3311965811965813,0.33760683760683763
100691,loose_aggressive,street|position|pot_band|lookup,preflop,BTN/SB,64+,positive-mass-known-key,,,1,1,1,0,1,0,-27.0,16.0,0.0,0.3333333333333333,0.3333333333333333,0.3333333333333333
100691,loose_aggressive,street|position|pot_band|lookup,preflop,BTN/SB,64+,zero-mass,,,1,1,1,0,1,0,-100.0,0.0,1.0,0.3333333333333333,0.3333333333333333,0.3333333333333333
100691,loose_aggressive,street|position|pot_band|lookup,preflop,BTN/SB,<4,missing-key,,,798,0,798,429,366,3,-3.1284461152882206,,,0.25,0.25,0.5
100691,loose_aggressive,street|position|pot_band|lookup,preflop,BTN/SB,<4,positive-mass-known-key,,,801,801,801,423,377,1,-4.109238451935081,39.95755305867665,0.5043695380774033,0.24946864219502723,0.23188894395409218,0.5186424138508802
100691,loose_aggressive,street|position|pot_band|lookup,preflop,BTN/SB,<4,zero-mass,,,449,449,449,260,186,3,-2.084632516703786,0.0,1.3429844097995545,0.25,0.25,0.5
100691,loose_aggressive,street|position|pot_band|lookup,river,BB,16-64,missing-key,,,105,0,90,25,78,2,-34.076190476190476,,,0.0923809523809524,0.2765079365079362,0.631111111111111
100691,loose_aggressive,street|position|pot_band|lookup,river,BB,16-64,positive-mass-known-key,,,17,17,17,5,12,0,-7.529411764705882,42.529411764705884,0.0,0.014705882352941176,0.31862745098039214,0.6666666666666665
100691,loose_aggressive,street|position|pot_band|lookup,river,BB,16-64,zero-mass,,,3,3,3,1,2,0,-52.0,0.0,1.3333333333333333,0.0,0.3055555555555555,0.6944444444444443
100691,loose_aggressive,street|position|pot_band|lookup,river,BB,4-16,missing-key,,,89,0,83,42,43,4,-9.707865168539326,,,0.028089887640449437,0.32397003745318315,0.6479400749063663
100691,loose_aggressive,street|position|pot_band|lookup,river,BB,4-16,positive-mass-known-key,,,35,35,34,8,26,1,-6.0,35.114285714285714,0.42857142857142855,0.007142857142857143,0.3240399385560677,0.6688172043010755
100691,loose_aggressive,street|position|pot_band|lookup,river,BB,4-16,zero-mass,,,8,8,8,3,5,0,-1.875,0.0,1.125,0.0,0.3333333333333333,0.6666666666666666
100691,loose_aggressive,street|position|pot_band|lookup,river,BB,64+,missing-key,,,84,0,68,17,65,2,-43.095238095238095,,,0.26785714285714285,0.39484126984126966,0.33730158730158744
100691,loose_aggressive,street|position|pot_band|lookup,river,BB,64+,positive-mass-known-key,,,4,4,4,3,1,0,47.25,26.75,0.0,0.2708333333333333,0.35416666666666663,0.375
100691,loose_aggressive,street|position|pot_band|lookup,river,BB,64+,zero-mass,,,1,1,1,0,1,0,-55.0,0.0,1.0,0.0,0.3333333333333333,0.6666666666666666
100691,loose_aggressive,street|position|pot_band|lookup,river,BB,<4,missing-key,,,11,0,11,4,7,0,-9.363636363636363,,,0.0,0.33333333333333337,0.6666666666666667
100691,loose_aggressive,street|position|pot_band|lookup,river,BB,<4,positive-mass-known-key,,,3,3,3,0,3,0,-2.0,58.99999999999999,0.0,0.0,0.3333333333333333,0.6666666666666666
100691,loose_aggressive,street|position|pot_band|lookup,river,BB,<4,zero-mass,,,1,1,1,0,1,0,-2.0,0.0,1.0,0.0,0.3333333333333333,0.6666666666666666
100691,loose_aggressive,street|position|pot_band|lookup,river,BTN/SB,16-64,missing-key,,,98,0,94,36,59,3,-5.73469387755102,,,0.11071428571428565,0.26887755102040795,0.6204081632653061
100691,loose_aggressive,street|position|pot_band|lookup,river,BTN/SB,16-64,positive-mass-known-key,,,17,17,17,2,15,0,-20.470588235294116,55.470588235294116,0.0,0.06470588235294118,0.2852941176470588,0.6499999999999999
100691,loose_aggressive,street|position|pot_band|lookup,river,BTN/SB,4-16,missing-key,,,77,0,77,36,39,2,-3.727272727272727,,,0.08116883116883117,0.30627705627705615,0.6125541125541123
100691,loose_aggressive,street|position|pot_band|lookup,river,BTN/SB,4-16,positive-mass-known-key,,,20,20,20,5,15,0,-6.75,55.75,0.05,0.0,0.33290754257907534,0.6670924574209244
100691,loose_aggressive,street|position|pot_band|lookup,river,BTN/SB,4-16,zero-mass,,,1,1,1,1,0,0,3.0,0.0,1.0,0.0,0.3333333333333333,0.6666666666666666
100691,loose_aggressive,street|position|pot_band|lookup,river,BTN/SB,64+,missing-key,,,69,0,65,9,57,3,-47.028985507246375,,,0.33454106280193235,0.39734299516908206,0.26811594202898553
100691,loose_aggressive,street|position|pot_band|lookup,river,BTN/SB,64+,positive-mass-known-key,,,4,4,4,0,4,0,-73.75,43.75,0.0,0.3958333333333333,0.3958333333333333,0.20833333333333331
100691,loose_aggressive,street|position|pot_band|lookup,river,BTN/SB,<4,missing-key,,,7,0,7,4,3,0,-0.2857142857142857,,,0.0,0.3333333333333333,0.6666666666666666
100691,loose_aggressive,street|position|pot_band|lookup,river,BTN/SB,<4,positive-mass-known-key,,,4,4,4,3,1,0,0.25,63.0,0.0,0.0,0.3333333333333333,0.6666666666666666
100691,loose_aggressive,street|position|pot_band|lookup,turn,BB,16-64,missing-key,,,115,0,102,25,87,3,-36.678260869565214,,,0.10999999999999993,0.27231884057970984,0.6176811594202899
100691,loose_aggressive,street|position|pot_band|lookup,turn,BB,16-64,positive-mass-known-key,,,24,24,22,4,20,0,-39.583333333333336,47.5,0.041666666666666664,0.054307909604519776,0.29843692098947017,0.6472551694060099
100691,loose_aggressive,street|position|pot_band|lookup,turn,BB,16-64,zero-mass,,,4,4,4,2,1,1,-1.5,0.0,1.25,0.0625,0.3125,0.625
100691,loose_aggressive,street|position|pot_band|lookup,turn,BB,4-16,missing-key,,,130,0,120,46,79,5,-15.376923076923077,,,0.057692307692307696,0.3141025641025641,0.6282051282051282
100691,loose_aggressive,street|position|pot_band|lookup,turn,BB,4-16,positive-mass-known-key,,,94,94,89,31,60,3,-9.074468085106384,66.8936170212766,0.6382978723404256,0.016047601875225387,0.2835584088236269,0.7003939893011466
100691,loose_aggressive,street|position|pot_band|lookup,turn,BB,4-16,zero-mass,,,24,24,23,12,12,0,-27.75,0.0,1.2916666666666667,0.010416666666666666,0.329861111111111,0.659722222222222
100691,loose_aggressive,street|position|pot_band|lookup,turn,BB,64+,missing-key,,,73,0,66,13,59,1,-48.945205479452056,,,0.28082191780821913,0.3858447488584473,0.3333333333333334
100691,loose_aggressive,street|position|pot_band|lookup,turn,BB,64+,positive-mass-known-key,,,1,1,1,0,1,0,-100.0,24.999999999999996,0.0,0.3333333333333333,0.3333333333333333,0.3333333333333333
100691,loose_aggressive,street|position|pot_band|lookup,turn,BB,<4,missing-key,,,26,0,26,14,11,1,-1.6538461538461537,,,0.0,0.33333333333333326,0.6666666666666665
100691,loose_aggressive,street|position|pot_band|lookup,turn,BB,<4,positive-mass-known-key,,,35,35,35,16,19,0,-7.0285714285714285,42.8,0.7142857142857143,0.0,0.35722585042518273,0.6427741495748174
100691,loose_aggressive,street|position|pot_band|lookup,turn,BB,<4,zero-mass,,,1,1,1,0,1,0,-1.0,0.0,1.0,0.0,0.3333333333333333,0.6666666666666666
100691,loose_aggressive,street|position|pot_band|lookup,turn,BTN/SB,16-64,missing-key,,,90,0,89,25,63,2,-19.066666666666666,,,0.12666666666666665,0.26925925925925914,0.604074074074074
100691,loose_aggressive,street|position|pot_band|lookup,turn,BTN/SB,16-64,positive-mass-known-key,,,23,23,23,2,21,0,-55.95652173913044,53.47826086956522,0.08695652173913043,0.11956521739130435,0.2541062801932367,0.6263285024154589
100691,loose_aggressive,street|position|pot_band|lookup,turn,BTN/SB,16-64,zero-mass,,,2,2,2,1,1,0,-9.5,0.0,1.0,0.1,0.26666666666666666,0.6333333333333333
100691,loose_aggressive,street|position|pot_band|lookup,turn,BTN/SB,4-16,missing-key,,,132,0,131,51,78,3,-6.7727272727272725,,,0.10227272727272728,0.2992424242424243,0.5984848484848486
100691,loose_aggressive,street|position|pot_band|lookup,turn,BTN/SB,4-16,positive-mass-known-key,,,87,87,87,29,55,3,-15.080459770114942,64.48275862068965,0.27586206896551724,0.05172413793103448,0.2662835249042144,0.6819923371647505
100691,loose_aggressive,street|position|pot_band|lookup,turn,BTN/SB,4-16,zero-mass,,,4,4,3,1,3,0,2.75,0.0,1.0,0.125,0.29166666666666663,0.5833333333333333
100691,loose_aggressive,street|position|pot_band|lookup,turn,BTN/SB,64+,missing-key,,,43,0,43,9,34,0,-32.97674418604651,,,0.3391472868217055,0.3779069767441862,0.28294573643410853
100691,loose_aggressive,street|position|pot_band|lookup,turn,BTN/SB,64+,positive-mass-known-key,,,4,4,4,1,3,0,-15.5,44.75,0.0,0.35416666666666663,0.35416666666666663,0.29166666666666663
100691,loose_aggressive,street|position|pot_band|lookup,turn,BTN/SB,64+,zero-mass,,,1,1,1,1,0,0,100.0,0.0,1.0,0.25,0.25,0.5
100691,loose_aggressive,street|position|pot_band|lookup,turn,BTN/SB,<4,missing-key,,,35,0,35,20,14,1,1.2571428571428571,,,0.0,0.3333333333333334,0.6666666666666669
100691,loose_aggressive,street|position|pot_band|lookup,turn,BTN/SB,<4,positive-mass-known-key,,,11,11,11,5,6,0,-1.2727272727272727,30.818181818181817,0.36363636363636365,0.0,0.33333333333333337,0.6666666666666667
100691,loose_aggressive,street|position|pot_band|lookup,turn,BTN/SB,<4,zero-mass,,,6,6,6,6,0,0,1.0,0.0,1.0,0.0,0.3333333333333333,0.6666666666666666
100691,loose_aggressive,street|visit_band,flop,,,,0,,331,331,306,165,164,2,-14.175226586102719,89.54984894259819,0.0,0.08232628398791539,0.31143001007049265,0.6062437059415896
100691,loose_aggressive,street|visit_band,flop,,,,1,,346,346,334,194,146,6,-13.841040462427745,66.69653179190752,1.0,0.027005170034554715,0.2647929062079373,0.7082019237575075
100691,loose_aggressive,street|visit_band,flop,,,,2-9,,562,562,538,339,216,7,-11.45373665480427,209.15302491103202,4.149466192170818,0.036421972094505914,0.1969829975188587,0.7665950303866396
100691,loose_aggressive,street|visit_band,flop,,,,missing,,450,0,362,188,261,1,-16.513333333333332,,,0.11707407407407418,0.31596296296296245,0.5669629629629608
100691,loose_aggressive,street|visit_band,preflop,,,,0,,825,825,788,405,414,6,-5.964242424242424,41.63878787878788,0.0,0.19282828282828285,0.2691919191919199,0.5379797979797994
100691,loose_aggressive,street|visit_band,preflop,,,,1,,746,746,700,399,345,2,-7.154825737265416,16.478552278820377,1.0,0.20534127896910934,0.2675761686754099,0.5270825523554811
100691,loose_aggressive,street|visit_band,preflop,,,,2-9,,192,192,186,118,72,2,-2.3828125,16.1875,2.4583333333333335,0.2606049805956223,0.17816466213697468,0.5612303572674034
100691,loose_aggressive,street|visit_band,preflop,,,,missing,,1841,0,1484,828,1004,9,-10.240358500814775,,,0.21205866376968993,0.27180879956545173,0.5161325366648547
100691,loose_aggressive,street|visit_band,river,,,,0,,92,92,87,24,67,1,-9.0,45.81521739130435,0.0,0.0463768115942029,0.32445652173913003,0.6291666666666661
100691,loose_aggressive,street|visit_band,river,,,,1,,20,20,20,7,13,0,-10.85,15.7,1.0,0.0,0.32081076838552697,0.6791892316144728
100691,loose_aggressive,street|visit_band,river,,,,2-9,,6,6,6,0,6,0,-18.666666666666668,32.0,2.0,0.0,0.31944444444444436,0.6805555555555555
100691,loose_aggressive,street|visit_band,river,,,,missing,,540,0,412,173,351,16,-22.705555555555556,,,0.138672839506173,0.32293209876543244,0.5383950617283947
100691,loose_aggressive,street|visit_band,turn,,,,0,,198,198,184,53,141,4,-20.13131313131313,56.80808080808081,0.0,0.051010101010101,0.31447811447811513,0.6345117845117856
100691,loose_aggressive,street|visit_band,turn,,,,1,,81,81,76,41,37,3,-11.654320987654321,24.74074074074074,1.0,0.029776103787403224,0.25814071758555684,0.7120831786270395
100691,loose_aggressive,street|visit_band,turn,,,,2-9,,42,42,42,17,25,0,-11.166666666666666,72.78571428571429,2.0238095238095237,0.017857142857142856,0.2624189115412056,0.7197239456016516
100691,loose_aggressive,street|visit_band,turn,,,,missing,,644,0,492,203,425,16,-21.454968944099377,,,0.12443064182194627,0.31154244306418305,0.5640269151138734
100691,pot_pressure,lookup,,,,missing-key,,,2287,0,1416,1240,1034,13,-8.45452557936161,,,0.2100058300539275,0.27832677452266463,0.5116673954234069
100691,pot_pressure,lookup,,,,positive-mass-known-key,,,1413,1413,1211,1001,411,1,-2.2392073602264686,76.12172682236377,1.0311394196744514,0.1491955508593662,0.2459652795626725,0.604839169577958
100691,pot_pressure,lookup,,,,zero-mass,,,538,538,516,349,188,1,-0.16449814126394052,0.0,1.3271375464684014,0.21468401486988847,0.2617719950433703,0.5235439900867406
100691,pot_pressure,street,flop,,,,,,888,465,796,643,240,5,-4.801801801801802,141.75913978494623,2.453763440860215,0.07526303450308548,0.26701623856627127,0.6577207269306473
100691,pot_pressure,street,preflop,,,,,,2953,1427,2453,1744,1205,4,-4.365052488994243,27.89908899789769,0.6895585143658024,0.2334732155070135,0.2571897161805642,0.5093370683124235
100691,pot_pressure,street,river,,,,,,102,9,80,41,60,1,-17.95098039215686,15.11111111111111,1.1111111111111112,0.1586601307189543,0.3310457516339868,0.5102941176470586
100691,pot_pressure,street,turn,,,,,,295,50,243,162,128,5,-12.213559322033898,33.88,0.72,0.1157062146892655,0.3205331806576503,0.5637606046530831
100691,pot_pressure,street|mass_band,flop,,,,,"(0,100)",154,154,152,134,19,1,-3.675324675324675,39.96103896103896,0.8636363636363636,0.006278623195280525,0.31117209291368997,0.682549283891031
100691,pot_pressure,street|mass_band,flop,,,,,0,51,51,51,37,13,1,-1.0588235294117647,0.0,1.7058823529411764,0.0,0.3333333333333335,0.666666666666667
100691,pot_pressure,street|mass_band,flop,,,,,100-10k,260,260,260,235,25,0,-0.7884615384615384,229.86153846153846,3.542307692307692,0.0,0.1797689136082285,0.8202310863917706
100691,pot_pressure,street|mass_band,flop,,,,,missing,423,0,371,237,183,3,-8.130023640661939,,,0.15571315996847918,0.2965721040189119,0.5477147360126067
100691,pot_pressure,street|mass_band,preflop,,,,,"(0,100)",921,921,904,584,337,0,-1.8952225841476655,38.382193268186754,0.3963083604777416,0.22296026644105457,0.24958613764553775,0.5274535959134089
100691,pot_pressure,street|mass_band,preflop,,,,,0,469,469,463,302,167,0,0.1631130063965885,0.0,1.2878464818763327,0.2462686567164179,0.2512437810945273,0.5024875621890545
100691,pot_pressure,street|mass_band,preflop,,,,,100-10k,37,37,37,20,17,0,-6.22972972972973,120.5945945945946,0.40540540540540543,0.12162162162162163,0.2525873633242468,0.6257910150541314
100691,pot_pressure,street|mass_band,preflop,,,,,missing,1526,0,1231,838,684,4,-7.2021625163827,,,0.23859764089121852,0.2637177806902572,0.4976845784185237
100691,pot_pressure,street|mass_band,river,,,,,"(0,100)",3,3,3,1,2,0,-4.333333333333333,45.333333333333336,0.6666666666666666,0.0,0.3333333333333333,0.6666666666666666
100691,pot_pressure,street|mass_band,river,,,,,0,6,6,6,2,4,0,-1.3333333333333333,0.0,1.3333333333333333,0.0,0.3333333333333333,0.6666666666666666
100691,pot_pressure,street|mass_band,river,,,,,missing,93,0,73,38,54,1,-19.462365591397848,,,0.17401433691756277,0.3308243727598564,0.49516129032258044
100691,pot_pressure,street|mass_band,turn,,,,,"(0,100)",36,36,36,25,11,0,-11.777777777777779,37.833333333333336,0.4722222222222222,0.0,0.33353578594463795,0.6664642140553623
100691,pot_pressure,street|mass_band,turn,,,,,0,12,12,12,8,4,0,-8.583333333333334,0.0,1.25,0.0,0.3333333333333333,0.6666666666666666
100691,pot_pressure,street|mass_band,turn,,,,,100-10k,2,2,2,2,0,0,10.0,166.0,2.0,0.0,0.3333333333333333,0.6666666666666666
100691,pot_pressure,street|mass_band,turn,,,,,missing,245,0,203,127,113,5,-12.636734693877552,,,0.1393197278911564,0.3178911564625852,0.5427891156462591
100691,pot_pressure,street|position|pot_band|lookup,flop,BB,16-64,missing-key,,,32,0,32,14,18,0,-5.5,,,0.13281250000000003,0.23697916666666669,0.6302083333333334
100691,pot_pressure,street|position|pot_band|lookup,flop,BB,16-64,positive-mass-known-key,,,2,2,2,1,1,0,-44.0,48.5,3.5,0.0,0.28388022241999245,0.7161197775800076
100691,pot_pressure,street|position|pot_band|lookup,flop,BB,4-16,missing-key,,,48,0,45,28,19,1,-8.375,,,0.125,0.2916666666666668,0.5833333333333336
100691,pot_pressure,street|position|pot_band|lookup,flop,BB,4-16,positive-mass-known-key,,,115,115,115,94,21,0,-4.6173913043478265,174.0,2.9043478260869566,0.00406006932237566,0.24937251732211524,0.7465674133555095
100691,pot_pressure,street|position|pot_band|lookup,flop,BB,4-16,zero-mass,,,24,24,24,15,8,1,-2.0416666666666665,0.0,2.25,0.0,0.3333333333333332,0.6666666666666664
100691,pot_pressure,street|position|pot_band|lookup,flop,BB,64+,missing-key,,,30,0,25,7,21,2,-36.3,,,0.2222222222222222,0.38888888888888895,0.3888888888888889
100691,pot_pressure,street|position|pot_band|lookup,flop,BB,64+,positive-mass-known-key,,,1,1,1,0,1,0,-84.0,10.0,0.0,0.5,0.5,0.0
100691,pot_pressure,street|position|pot_band|lookup,flop,BB,<4,missing-key,,,6,0,6,6,0,0,1.5,,,0.0,0.3333333333333333,0.6666666666666666
100691,pot_pressure,street|position|pot_band|lookup,flop,BB,<4,positive-mass-known-key,,,55,55,55,46,8,1,-2.672727272727273,169.65454545454546,3.7454545454545456,0.0,0.35696923637342454,0.6430307636265755
100691,pot_pressure,street|position|pot_band|lookup,flop,BB,<4,zero-mass,,,4,4,4,4,0,0,1.75,0.0,2.5,0.0,0.3333333333333333,0.6666666666666666
100691,pot_pressure,street|position|pot_band|lookup,flop,BTN/SB,16-64,missing-key,,,49,0,48,24,25,0,-5.244897959183674,,,0.1826530612244898,0.2421768707482993,0.5751700680272112
100691,pot_pressure,street|position|pot_band|lookup,flop,BTN/SB,16-64,positive-mass-known-key,,,10,10,10,8,2,0,6.0,59.9,0.9,0.0,0.17764333987355568,0.8223566601264445
100691,pot_pressure,street|position|pot_band|lookup,flop,BTN/SB,4-16,missing-key,,,180,0,180,106,74,0,-3.4555555555555557,,,0.17083333333333334,0.27638888888888913,0.5527777777777783
100691,pot_pressure,street|position|pot_band|lookup,flop,BTN/SB,4-16,positive-mass-known-key,,,38,38,38,32,6,0,2.4473684210526314,112.36842105263158,1.105263157894737,0.0,0.23037900831799196,0.7696209916820081
100691,pot_pressure,street|position|pot_band|lookup,flop,BTN/SB,4-16,zero-mass,,,2,2,2,2,0,0,2.0,0.0,1.0,0.0,0.3333333333333333,0.6666666666666666
100691,pot_pressure,street|position|pot_band|lookup,flop,BTN/SB,64+,missing-key,,,32,0,32,12,20,0,-20.40625,,,0.2890625,0.4140625000000001,0.296875
100691,pot_pressure,street|position|pot_band|lookup,flop,BTN/SB,<4,missing-key,,,46,0,46,40,6,0,-5.413043478260869,,,0.0,0.33333333333333354,0.6666666666666671
100691,pot_pressure,street|position|pot_band|lookup,flop,BTN/SB,<4,positive-mass-known-key,,,193,193,193,188,5,0,-0.38341968911917096,163.7357512953368,2.3626943005181347,0.0,0.18005531707050054,0.8199446829294986
100691,pot_pressure,street|position|pot_band|lookup,flop,BTN/SB,<4,zero-mass,,,21,21,21,16,5,0,-0.7619047619047619,0.0,1.0,0.0,0.3333333333333332,0.6666666666666664
100691,pot_pressure,street|position|pot_band|lookup,preflop,BB,16-64,missing-key,,,102,0,102,25,76,1,-21.5,,,0.2274509803921567,0.2274509803921567,0.5450980392156867
100691,pot_pressure,street|position|pot_band|lookup,preflop,BB,4-16,missing-key,,,125,0,125,39,85,1,-12.672,,,0.25,0.25,0.5
100691,pot_pressure,street|position|pot_band|lookup,preflop,BB,4-16,positive-mass-known-key,,,70,70,70,17,53,0,-12.742857142857142,47.32857142857143,0.1,0.24285714285714285,0.24285714285714285,0.5142857142857142
100691,pot_pressure,street|position|pot_band|lookup,preflop,BB,4-16,zero-mass,,,16,16,16,6,10,0,1.9375,0.0,1.0,0.25,0.25,0.5
100691,pot_pressure,street|position|pot_band|lookup,preflop,BB,64+,missing-key,,,30,0,30,6,24,0,-41.93333333333333,,,0.48333333333333334,0.48333333333333334,0.03333333333333333
100691,pot_pressure,street|position|pot_band|lookup,preflop,BB,<4,missing-key,,,115,0,115,97,16,2,-2.6608695652173915,,,0.0,0.3333333333333333,0.6666666666666666
100691,pot_pressure,street|position|pot_band|lookup,preflop,BB,<4,positive-mass-known-key,,,77,77,77,61,16,0,-8.220779220779221,42.41558441558441,0.14285714285714285,0.0,0.35654745205824273,0.6434525479417563
100691,pot_pressure,street|position|pot_band|lookup,preflop,BB,<4,zero-mass,,,7,7,7,6,1,0,0.7142857142857143,0.0,1.0,0.0,0.3333333333333333,0.6666666666666666
100691,pot_pressure,street|position|pot_band|lookup,preflop,BTN/SB,16-64,missing-key,,,36,0,36,14,22,0,-14.5,,,0.21944444444444453,0.21944444444444453,0.5611111111111112
100691,pot_pressure,street|position|pot_band|lookup,preflop,BTN/SB,4-16,missing-key,,,237,0,237,109,128,0,-7.616033755274262,,,0.25,0.25,0.5
100691,pot_pressure,street|position|pot_band|lookup,preflop,BTN/SB,4-16,positive-mass-known-key,,,16,16,16,6,10,0,8.0625,39.3125,0.1875,0.25,0.25,0.5
100691,pot_pressure,street|position|pot_band|lookup,preflop,BTN/SB,4-16,zero-mass,,,6,6,6,3,3,0,5.333333333333333,0.0,1.1666666666666667,0.25,0.25,0.5
100691,pot_pressure,street|position|pot_band|lookup,preflop,BTN/SB,64+,missing-key,,,68,0,64,17,51,0,-28.970588235294116,,,0.36397058823529393,0.36397058823529393,0.27205882352941174
100691,pot_pressure,street|position|pot_band|lookup,preflop,BTN/SB,<4,missing-key,,,813,0,813,531,282,0,-1.6635916359163592,,,0.25,0.25,0.5
100691,pot_pressure,street|position|pot_band|lookup,preflop,BTN/SB,<4,positive-mass-known-key,,,795,795,795,520,275,0,-0.7295597484276729,41.011320754716984,0.45157232704402517,0.23754264829208968,0.2399502030264811,0.5225071486814296
100691,pot_pressure,street|position|pot_band|lookup,preflop,BTN/SB,<4,zero-mass,,,440,440,440,287,153,0,0.019318181818181818,0.0,1.3045454545454545,0.25,0.25,0.5
100691,pot_pressure,street|position|pot_band|lookup,river,BB,16-64,missing-key,,,9,0,9,3,6,0,-3.7777777777777777,,,0.10555555555555556,0.2629629629629629,0.6314814814814815
100691,pot_pressure,street|position|pot_band|lookup,river,BB,4-16,missing-key,,,14,0,14,9,5,0,8.357142857142858,,,0.05357142857142857,0.3154761904761905,0.630952380952381
100691,pot_pressure,street|position|pot_band|lookup,river,BB,4-16,positive-mass-known-key,,,2,2,2,0,2,0,-7.0,38.5,1.0,0.0,0.3333333333333333,0.6666666666666666
100691,pot_pressure,street|position|pot_band|lookup,river,BB,4-16,zero-mass,,,5,5,5,1,4,0,-1.8,0.0,1.4,0.0,0.3333333333333333,0.6666666666666666
100691,pot_pressure,street|position|pot_band|lookup,river,BB,64+,missing-key,,,13,0,9,4,8,1,-20.615384615384617,,,0.21153846153846154,0.391025641025641,0.39743589743589747
100691,pot_pressure,street|position|pot_band|lookup,river,BB,<4,missing-key,,,1,0,1,1,0,0,4.0,,,0.0,0.3333333333333333,0.6666666666666666
100691,pot_pressure,street|position|pot_band|lookup,river,BB,<4,positive-mass-known-key,,,1,1,1,1,0,0,1.0,58.99999999999999,0.0,0.0,0.3333333333333333,0.6666666666666666
100691,pot_pressure,street|position|pot_band|lookup,river,BB,<4,zero-mass,,,1,1,1,1,0,0,1.0,0.0,1.0,0.0,0.3333333333333333,0.6666666666666666
100691,pot_pressure,street|position|pot_band|lookup,river,BTN/SB,16-64,missing-key,,,15,0,15,5,10,0,-21.933333333333334,,,0.1766666666666667,0.26,0.5633333333333334
100691,pot_pressure,street|position|pot_band|lookup,river,BTN/SB,4-16,missing-key,,,14,0,14,9,5,0,-11.285714285714286,,,0.10714285714285714,0.2976190476190476,0.5952380952380952
100691,pot_pressure,street|position|pot_band|lookup,river,BTN/SB,64+,missing-key,,,20,0,19,1,19,0,-57.35,,,0.3791666666666666,0.4083333333333333,0.2125
100691,pot_pressure,street|position|pot_band|lookup,river,BTN/SB,<4,missing-key,,,7,0,7,6,1,0,0.7142857142857143,,,0.0,0.3333333333333333,0.6666666666666666
100691,pot_pressure,street|position|pot_band|lookup,turn,BB,16-64,missing-key,,,24,0,21,5,16,3,-29.916666666666668,,,0.09583333333333333,0.27638888888888885,0.6277777777777777
100691,pot_pressure,street|position|pot_band|lookup,turn,BB,16-64,positive-mass-known-key,,,1,1,1,0,1,0,-100.0,47.0,2.0,0.0,0.6092473658402402,0.39075263415975986
100691,pot_pressure,street|position|pot_band|lookup,turn,BB,4-16,missing-key,,,35,0,33,25,9,1,4.942857142857143,,,0.05,0.3166666666666667,0.6333333333333334
100691,pot_pressure,street|position|pot_band|lookup,turn,BB,4-16,positive-mass-known-key,,,20,20,20,13,7,0,-14.75,49.65,0.45,0.0,0.3333333333333332,0.6666666666666664
100691,pot_pressure,street|position|pot_band|lookup,turn,BB,4-16,zero-mass,,,9,9,9,5,4,0,-11.777777777777779,0.0,1.3333333333333333,0.0,0.3333333333333333,0.6666666666666666
100691,pot_pressure,street|position|pot_band|lookup,turn,BB,64+,missing-key,,,21,0,20,7,14,0,-30.761904761904763,,,0.2817460317460317,0.37698412698412687,0.3412698412698413
100691,pot_pressure,street|position|pot_band|lookup,turn,BB,<4,missing-key,,,4,0,4,3,0,1,1.25,,,0.0,0.3333333333333333,0.6666666666666666
100691,pot_pressure,street|position|pot_band|lookup,turn,BB,<4,positive-mass-known-key,,,7,7,7,6,1,0,0.8571428571428571,51.285714285714285,1.0,0.0,0.34257727545238914,0.6574227245476107
100691,pot_pressure,street|position|pot_band|lookup,turn,BTN/SB,16-64,missing-key,,,47,0,46,17,30,0,-8.680851063829786,,,0.17553191489361702,0.2570921985815603,0.5673758865248228
100691,pot_pressure,street|position|pot_band|lookup,turn,BTN/SB,4-16,missing-key,,,61,0,61,41,20,0,-5.590163934426229,,,0.10245901639344263,0.2991803278688525,0.598360655737705
100691,pot_pressure,street|position|pot_band|lookup,turn,BTN/SB,4-16,positive-mass-known-key,,,5,5,5,4,1,0,-3.8,25.2,0.2,0.0,0.26666666666666666,0.7333333333333333
100691,pot_pressure,street|position|pot_band|lookup,turn,BTN/SB,64+,missing-key,,,27,0,27,5,22,0,-40.44444444444444,,,0.35802469135802467,0.44135802469135804,0.20061728395061726
100691,pot_pressure,street|position|pot_band|lookup,turn,BTN/SB,<4,missing-key,,,26,0,26,24,2,0,-2.6538461538461537,,,0.0,0.33333333333333326,0.6666666666666665
100691,pot_pressure,street|position|pot_band|lookup,turn,BTN/SB,<4,positive-mass-known-key,,,5,5,5,4,1,0,0.8,33.8,0.4,0.0,0.3333333333333333,0.6666666666666666
100691,pot_pressure,street|position|pot_band|lookup,turn,BTN/SB,<4,zero-mass,,,3,3,3,3,0,0,1.0,0.0,1.0,0.0,0.3333333333333333,0.6666666666666666
100691,pot_pressure,street|visit_band,flop,,,,0,,128,128,128,114,14,0,-0.8359375,81.3828125,0.0,0.00390625,0.33463541666666685,0.6614583333333337
100691,pot_pressure,street|visit_band,flop,,,,1,,103,103,102,83,19,1,-3.3883495145631066,49.41747572815534,1.0,0.0034797806411210196,0.2767297486340218,0.7197904707248574
100691,pot_pressure,street|visit_band,flop,,,,2-9,,234,234,233,209,24,1,-1.5769230769230769,215.43162393162393,4.435897435897436,0.0004636348975971618,0.17232445471884594,0.827211910383556
100691,pot_pressure,street|visit_band,flop,,,,missing,,423,0,371,237,183,3,-8.130023640661939,,,0.15571315996847918,0.2965721040189119,0.5477147360126067
100691,pot_pressure,street|visit_band,preflop,,,,0,,658,658,650,409,249,0,-2.608662613981763,40.41489361702128,0.0,0.22492401215805471,0.25835866261398177,0.5167173252279635
100691,pot_pressure,street|visit_band,preflop,,,,1,,617,617,612,396,221,0,-0.3573743922204214,16.764991896272285,1.0,0.23005876228303576,0.2556541250999393,0.5142871126170252
100691,pot_pressure,street|visit_band,preflop,,,,2-9,,152,152,151,101,51,0,0.24671052631578946,18.914473684210527,2.414473684210526,0.23289571752354055,0.1928243642184735,0.5742799182579862
100691,pot_pressure,street|visit_band,preflop,,,,missing,,1526,0,1231,838,684,4,-7.2021625163827,,,0.23859764089121852,0.2637177806902572,0.4976845784185237
100691,pot_pressure,street|visit_band,river,,,,0,,2,2,2,1,1,0,-0.5,44.0,0.0,0.0,0.3333333333333333,0.6666666666666666
100691,pot_pressure,street|visit_band,river,,,,1,,4,4,4,1,3,0,-1.75,0.0,1.0,0.0,0.3333333333333333,0.6666666666666666
100691,pot_pressure,street|visit_band,river,,,,2-9,,3,3,3,1,2,0,-4.333333333333333,16.0,2.0,0.0,0.3333333333333333,0.6666666666666666
100691,pot_pressure,street|visit_band,river,,,,missing,,93,0,73,38,54,1,-19.462365591397848,,,0.17401433691756277,0.3308243727598564,0.49516129032258044
100691,pot_pressure,street|visit_band,turn,,,,0,,24,24,24,17,7,0,-13.791666666666666,39.0,0.0,0.0,0.3333333333333332,0.6666666666666664
100691,pot_pressure,street|visit_band,turn,,,,1,,16,16,16,11,5,0,-6.25,15.4375,1.0,0.0,0.33925480473810643,0.6607451952618935
100691,pot_pressure,street|visit_band,turn,,,,2-9,,10,10,10,7,3,0,-7.6,51.1,2.0,0.0,0.3245878084863928,0.6754121915136074
100691,pot_pressure,street|visit_band,turn,,,,missing,,245,0,203,127,113,5,-12.636734693877552,,,0.1393197278911564,0.3178911564625852,0.5427891156462591
1001382,random,lookup,,,,missing-key,,,1277,0,1178,408,849,20,0.7141738449490994,,,0.4335552075176194,0.46409553641346885,0.10234925606891165
1001382,random,lookup,,,,positive-mass-known-key,,,4493,4493,2986,2529,1941,23,1.820609837525039,3747.800356109504,5.81682617404852,0.18462316706276888,0.2723277685193246,0.5430490644179047
1001382,random,lookup,,,,zero-mass,,,125,125,116,61,64,0,-7.888,0.0,1.584,0.1776,0.27826666666666666,0.5441333333333334
1001382,random,street,flop,,,,,,1152,886,921,660,484,8,3.5026041666666665,11535.292325056433,15.410835214446953,0.1549191530019343,0.3717120840529307,0.4733687629451345
1001382,random,street,preflop,,,,,,4179,3362,3396,2014,2138,27,0.4639865996649916,1699.301011302796,3.518143961927424,0.27712456057389195,0.2947897722702028,0.42808566715590674
1001382,random,street,river,,,,,,148,86,119,82,65,1,-2.0878378378378377,1420.7325581395348,1.1046511627906976,0.1076126656787049,0.34101601429963174,0.5513713200216639
1001382,random,street,turn,,,,,,416,284,330,242,167,7,5.867788461538462,2758.3274647887324,2.6619718309859155,0.1270788754712747,0.3374828077599915,0.5354383167687322
1001382,random,street|mass_band,flop,,,,,"(0,100)",6,6,5,5,1,0,31.5,48.5,0.3333333333333333,0.16666666666666666,0.27777777777777773,0.5555555555555555
1001382,random,street|mass_band,flop,,,,,0,10,10,9,6,4,0,-23.5,0.0,1.1,0.125,0.35,0.525
1001382,random,street|mass_band,flop,,,,,100-10k,505,505,454,331,171,3,3.4495049504950495,3777.506930693069,5.9485148514851485,0.06935730601121246,0.30473852805996937,0.6259041659288186
1001382,random,street|mass_band,flop,,,,,10k+,365,365,331,230,133,2,4.956164383561644,22773.52602739726,29.14246575342466,0.08285321841798922,0.40238181961285746,0.514764961969153
1001382,random,street|mass_band,flop,,,,,missing,266,0,256,88,175,3,1.9924812030075187,,,0.4171052631578948,0.45971177944862135,0.12318295739348378
1001382,random,street|mass_band,preflop,,,,,"(0,100)",27,27,27,14,13,0,3.537037037037037,34.22222222222222,0.6296296296296297,0.17592592592592593,0.2746913580246913,0.5493827160493826
1001382,random,street|mass_band,preflop,,,,,0,88,88,86,39,49,0,-8.568181818181818,0.0,1.6136363636363635,0.22386363636363635,0.25795454545454544,0.5181818181818182
1001382,random,street|mass_band,preflop,,,,,100-10k,3247,3247,2945,1744,1490,13,1.2985833076686173,1759.2011087157375,3.5937788728056668,0.22865831186889243,0.24882757159958277,0.5225141165315266
1001382,random,street|mass_band,preflop,,,,,missing,817,0,803,217,586,14,-1.981640146878825,,,0.47882496940024477,0.48208894328845364,0.03908608731130151
1001382,random,street|mass_band,river,,,,,"(0,100)",3,3,3,2,1,0,-0.6666666666666666,82.33333333333333,0.0,0.0,0.3333333333333333,0.6666666666666666
1001382,random,street|mass_band,river,,,,,0,8,8,7,3,5,0,-0.25,0.0,1.125,0.03125,0.3229166666666667,0.6458333333333334
1001382,random,street|mass_band,river,,,,,100-10k,75,75,68,40,34,1,-3.1866666666666665,1625.8133333333333,1.1466666666666667,0.04235566027264433,0.3284938237734948,0.6291505159538606
1001382,random,street|mass_band,river,,,,,missing,62,0,53,37,25,0,-1.064516129032258,,,0.20161290322580644,0.35887096774193544,0.43951612903225823
1001382,random,street|mass_band,turn,,,,,"(0,100)",4,4,4,3,1,0,3.25,58.5,0.75,0.0,0.3333333333333333,0.6666666666666666
1001382,random,street|mass_band,turn,,,,,0,19,19,18,13,6,0,0.2631578947368421,0.0,1.894736842105263,0.05263157894736842,0.31578947368421045,0.6315789473684209
1001382,random,street|mass_band,turn,,,,,100-10k,243,243,215,149,90,4,1.2304526748971194,2252.41975308642,2.45679012345679,0.05294161397551551,0.30196796763100625,0.6450904183934786
1001382,random,street|mass_band,turn,,,,,10k+,18,18,18,11,7,0,3.1666666666666665,13099.611111111111,6.666666666666667,0.0,0.30173880891605037,0.6982611910839497
1001382,random,street|mass_band,turn,,,,,missing,132,0,115,66,63,3,15.659090909090908,,,0.29545454545454547,0.4109848484848487,0.2935606060606061
1001382,random,street|position|pot_band|lookup,flop,BB,16-64,missing-key,,,6,0,6,6,0,0,34.0,,,0.19166666666666665,0.2472222222222222,0.5611111111111111
1001382,random,street|position|pot_band|lookup,flop,BB,16-64,positive-mass-known-key,,,27,27,25,18,9,0,8.518518518518519,4779.740740740741,2.5925925925925926,0.13819309461667448,0.18516238573924793,0.6766445196440776
1001382,random,street|position|pot_band|lookup,flop,BB,16-64,zero-mass,,,3,3,3,1,2,0,-31.666666666666668,0.0,1.0,0.0,0.3055555555555555,0.6944444444444443
1001382,random,street|position|pot_band|lookup,flop,BB,4-16,missing-key,,,13,0,12,11,2,0,-1.5384615384615385,,,0.019230769230769232,0.3269230769230769,0.6538461538461539
1001382,random,street|position|pot_band|lookup,flop,BB,4-16,positive-mass-known-key,,,346,346,307,242,101,3,6.465317919075145,15640.771676300577,15.3121387283237,0.043902514529020234,0.35066903964037544,0.6054284458306038
1001382,random,street|position|pot_band|lookup,flop,BB,4-16,zero-mass,,,1,1,1,1,0,0,2.0,0.0,1.0,0.0,0.3333333333333333,0.6666666666666666
1001382,random,street|position|pot_band|lookup,flop,BB,64+,missing-key,,,74,0,74,20,54,0,5.027027027027027,,,0.5,0.5,0.0
1001382,random,street|position|pot_band|lookup,flop,BB,64+,positive-mass-known-key,,,5,5,5,2,3,0,-17.8,1015.6,0.0,0.35,0.41666666666666663,0.2333333333333333
1001382,random,street|position|pot_band|lookup,flop,BB,64+,zero-mass,,,1,1,1,0,1,0,-75.0,0.0,1.0,0.5,0.5,0.0
1001382,random,street|position|pot_band|lookup,flop,BB,<4,missing-key,,,13,0,12,8,5,0,5.846153846153846,,,0.019230769230769232,0.3269230769230769,0.6538461538461539
1001382,random,street|position|pot_band|lookup,flop,BB,<4,positive-mass-known-key,,,208,208,193,130,76,2,1.5432692307692308,10919.5,24.014423076923077,0.030616680988392972,0.465783069746681,0.5036002492649263
1001382,random,street|position|pot_band|lookup,flop,BB,<4,zero-mass,,,1,1,1,1,0,0,1.0,0.0,1.0,0.0,0.3333333333333333,0.6666666666666666
1001382,random,street|position|pot_band|lookup,flop,BTN/SB,16-64,missing-key,,,6,0,6,3,3,0,-20.5,,,0.17500000000000002,0.23055555555555554,0.5944444444444444
1001382,random,street|position|pot_band|lookup,flop,BTN/SB,16-64,positive-mass-known-key,,,16,16,14,12,4,0,10.1875,2720.875,2.625,0.1149391579371458,0.21946645157321643,0.6655943904896379
1001382,random,street|position|pot_band|lookup,flop,BTN/SB,16-64,zero-mass,,,1,1,1,1,0,0,10.0,0.0,2.0,0.25,0.25,0.5
1001382,random,street|position|pot_band|lookup,flop,BTN/SB,4-16,missing-key,,,13,0,13,7,6,0,-5.0,,,0.11538461538461539,0.2948717948717949,0.5897435897435898
1001382,random,street|position|pot_band|lookup,flop,BTN/SB,4-16,positive-mass-known-key,,,198,198,190,122,76,0,2.1313131313131315,8597.530303030304,10.196969696969697,0.11904117897528635,0.2369727388294573,0.6439860821952559
1001382,random,street|position|pot_band|lookup,flop,BTN/SB,4-16,zero-mass,,,2,2,2,2,0,0,11.0,0.0,1.0,0.0,0.3333333333333333,0.6666666666666666
1001382,random,street|position|pot_band|lookup,flop,BTN/SB,64+,missing-key,,,139,0,139,32,104,3,0.6187050359712231,,,0.5,0.5,0.0
1001382,random,street|position|pot_band|lookup,flop,BTN/SB,64+,positive-mass-known-key,,,2,2,2,2,0,0,71.0,426.5,0.0,0.375,0.375,0.25
1001382,random,street|position|pot_band|lookup,flop,BTN/SB,64+,zero-mass,,,1,1,1,0,1,0,-100.0,0.0,1.0,0.5,0.5,0.0
1001382,random,street|position|pot_band|lookup,flop,BTN/SB,<4,missing-key,,,2,0,2,1,1,0,0.0,,,0.125,0.29166666666666663,0.5833333333333333
1001382,random,street|position|pot_band|lookup,flop,BTN/SB,<4,positive-mass-known-key,,,74,74,74,38,36,0,4.243243243243243,8871.31081081081,16.472972972972972,0.17659366306554555,0.3506734866360466,0.47273285029840784
1001382,random,street|position|pot_band|lookup,preflop,BB,16-64,missing-key,,,10,0,8,4,6,0,-13.2,,,0.25,0.25,0.5
1001382,random,street|position|pot_band|lookup,preflop,BB,16-64,positive-mass-known-key,,,13,13,13,8,5,0,1.7692307692307692,585.5384615384615,0.07692307692307693,0.23903419705954024,0.2541408008883304,0.5068250020521293
1001382,random,street|position|pot_band|lookup,preflop,BB,16-64,zero-mass,,,1,1,1,0,1,0,-75.0,0.0,1.0,0.2,0.2,0.6000000000000001
1001382,random,street|position|pot_band|lookup,preflop,BB,4-16,missing-key,,,13,0,13,8,5,0,9.692307692307692,,,0.25,0.25,0.5
1001382,random,street|position|pot_band|lookup,preflop,BB,4-16,positive-mass-known-key,,,81,81,81,46,35,0,6.08641975308642,1429.3703703703704,0.4444444444444444,0.2606122483548429,0.25774237093238367,0.4816453807127733
1001382,random,street|position|pot_band|lookup,preflop,BB,64+,missing-key,,,474,0,474,119,343,12,-1.6856540084388185,,,0.4994725738396624,0.4994725738396624,0.0010548523206751054
1001382,random,street|position|pot_band|lookup,preflop,BB,<4,missing-key,,,13,0,13,8,5,0,0.6923076923076923,,,0.09615384615384616,0.3012820512820513,0.6025641025641026
1001382,random,street|position|pot_band|lookup,preflop,BB,<4,positive-mass-known-key,,,968,968,968,609,352,7,2.2262396694214877,1812.9101239669421,1.0898760330578512,0.08790721948896069,0.28858879130540616,0.6235039892056345
1001382,random,street|position|pot_band|lookup,preflop,BB,<4,zero-mass,,,17,17,17,10,7,0,-4.529411764705882,0.0,1.2352941176470589,0.11764705882352941,0.29411764705882354,0.5882352941176471
1001382,random,street|position|pot_band|lookup,preflop,BTN/SB,16-64,missing-key,,,4,0,4,4,0,0,13.25,,,0.2375,0.2375,0.525
1001382,random,street|position|pot_band|lookup,preflop,BTN/SB,16-64,positive-mass-known-key,,,17,17,17,12,5,0,9.529411764705882,1325.5882352941176,0.5294117647058824,0.15140298394077267,0.22946214771563542,0.619134868343592
1001382,random,street|position|pot_band|lookup,preflop,BTN/SB,16-64,zero-mass,,,2,2,2,1,1,0,4.5,0.0,1.0,0.25,0.25,0.5
1001382,random,street|position|pot_band|lookup,preflop,BTN/SB,4-16,missing-key,,,9,0,8,2,7,0,-2.4444444444444446,,,0.25,0.25,0.5
1001382,random,street|position|pot_band|lookup,preflop,BTN/SB,4-16,positive-mass-known-key,,,121,121,121,72,48,1,0.6115702479338843,1014.4462809917355,1.3388429752066116,0.1594783558031404,0.2353513700184045,0.6051702741784548
1001382,random,street|position|pot_band|lookup,preflop,BTN/SB,4-16,zero-mass,,,20,20,20,8,12,0,-5.95,0.0,1.75,0.25,0.25,0.5
1001382,random,street|position|pot_band|lookup,preflop,BTN/SB,64+,missing-key,,,283,0,283,65,216,2,-3.049469964664311,,,0.5,0.5,0.0
1001382,random,street|position|pot_band|lookup,preflop,BTN/SB,64+,positive-mass-known-key,,,2,2,2,0,2,0,-30.0,990.0,0.0,0.375,0.375,0.25
1001382,random,street|position|pot_band|lookup,preflop,BTN/SB,<4,missing-key,,,11,0,11,7,4,0,0.8181818181818182,,,0.25,0.25,0.5
1001382,random,street|position|pot_band|lookup,preflop,BTN/SB,<4,positive-mass-known-key,,,2072,2072,1996,1011,1056,5,0.707046332046332,1779.6809845559847,5.030405405405405,0.29694574407108587,0.23103113268649303,0.4720231232424206
1001382,random,street|position|pot_band|lookup,preflop,BTN/SB,<4,zero-mass,,,48,48,47,20,28,0,-10.25,0.0,1.7291666666666667,0.25,0.25,0.5
1001382,random,street|position|pot_band|lookup,river,BB,16-64,missing-key,,,10,0,9,8,2,0,15.2,,,0.05,0.30833333333333335,0.6416666666666667
1001382,random,street|position|pot_band|lookup,river,BB,16-64,positive-mass-known-key,,,21,21,20,17,4,0,9.476190476190476,1616.5714285714287,0.47619047619047616,0.022631428871580147,0.24559350019757856,0.7317750709308413
1001382,random,street|position|pot_band|lookup,river,BB,16-64,zero-mass,,,2,2,2,0,2,0,-11.0,0.0,1.0,0.0,0.3333333333333333,0.6666666666666666
1001382,random,street|position|pot_band|lookup,river,BB,4-16,missing-key,,,15,0,12,13,2,0,1.0,,,0.06666666666666667,0.31111111111111106,0.6222222222222221
1001382,random,street|position|pot_band|lookup,river,BB,4-16,positive-mass-known-key,,,45,45,41,21,23,1,-5.088888888888889,1683.5333333333333,1.5777777777777777,0.026698100314336472,0.3795078454102742,0.5937940542753896
1001382,random,street|position|pot_band|lookup,river,BB,4-16,zero-mass,,,4,4,3,2,2,0,2.5,0.0,1.25,0.0625,0.3125,0.625
1001382,random,street|position|pot_band|lookup,river,BB,64+,missing-key,,,18,0,16,5,13,0,-10.166666666666666,,,0.3472222222222222,0.412037037037037,0.24074074074074073
1001382,random,street|position|pot_band|lookup,river,BB,64+,positive-mass-known-key,,,2,2,2,0,2,0,-100.0,1731.0,0.5,0.25,0.25,0.5
1001382,random,street|position|pot_band|lookup,river,BB,<4,missing-key,,,1,0,1,1,0,0,1.0,,,0.0,0.3333333333333333,0.6666666666666666
1001382,random,street|position|pot_band|lookup,river,BB,<4,positive-mass-known-key,,,3,3,3,3,0,0,1.3333333333333333,1060.3333333333333,1.3333333333333333,0.0,0.30057341180021124,0.6994265881997888
1001382,random,street|position|pot_band|lookup,river,BB,<4,zero-mass,,,1,1,1,0,1,0,-2.0,0.0,1.0,0.0,0.3333333333333333,0.6666666666666666
1001382,random,street|position|pot_band|lookup,river,BTN/SB,16-64,missing-key,,,5,0,5,4,1,0,23.6,,,0.1,0.29999999999999993,0.5999999999999999
1001382,random,street|position|pot_band|lookup,river,BTN/SB,16-64,zero-mass,,,1,1,1,1,0,0,12.0,0.0,1.0,0.0,0.3333333333333333,0.6666666666666666
1001382,random,street|position|pot_band|lookup,river,BTN/SB,4-16,missing-key,,,5,0,5,3,2,0,-1.8,,,0.1,0.29999999999999993,0.5999999999999999
1001382,random,street|position|pot_band|lookup,river,BTN/SB,4-16,positive-mass-known-key,,,7,7,7,1,6,0,-2.142857142857143,833.2857142857143,0.0,0.14285714285714285,0.2857142857142857,0.5714285714285714
1001382,random,street|position|pot_band|lookup,river,BTN/SB,64+,missing-key,,,8,0,8,3,5,0,-20.0,,,0.46875,0.46875,0.0625
1001382,random,street|position|pot_band|lookup,turn,BB,16-64,missing-key,,,16,0,14,11,5,0,13.875,,,0.0625,0.3020833333333333,0.6354166666666666
1001382,random,street|position|pot_band|lookup,turn,BB,16-64,positive-mass-known-key,,,22,22,22,16,5,1,17.545454545454547,1911.4545454545455,0.7272727272727273,0.035093929665661654,0.3444046202116306,0.6205014501227076
1001382,random,street|position|pot_band|lookup,turn,BB,16-64,zero-mass,,,1,1,1,0,1,0,-12.0,0.0,1.0,0.0,0.3333333333333333,0.6666666666666666
1001382,random,street|position|pot_band|lookup,turn,BB,4-16,missing-key,,,20,0,19,17,3,0,28.3,,,0.05,0.3166666666666666,0.6333333333333332
1001382,random,street|position|pot_band|lookup,turn,BB,4-16,positive-mass-known-key,,,145,145,133,89,54,2,3.1310344827586207,3692.862068965517,3.386206896551724,0.039220887684798464,0.33001461571128843,0.6307644966039136
1001382,random,street|position|pot_band|lookup,turn,BB,4-16,zero-mass,,,12,12,12,9,3,0,2.0,0.0,1.9166666666666667,0.041666666666666664,0.3194444444444445,0.638888888888889
1001382,random,street|position|pot_band|lookup,turn,BB,64+,missing-key,,,41,0,41,17,21,3,23.24390243902439,,,0.45121951219512196,0.4817073170731707,0.06707317073170731
1001382,random,street|position|pot_band|lookup,turn,BB,64+,positive-mass-known-key,,,3,3,3,2,1,0,25.0,1621.9999999999998,0.3333333333333333,0.11111111111111112,0.2895165039516504,0.5993723849372384
1001382,random,street|position|pot_band|lookup,turn,BB,<4,missing-key,,,2,0,2,0,2,0,-5.0,,,0.0,0.3333333333333333,0.6666666666666666
1001382,random,street|position|pot_band|lookup,turn,BB,<4,positive-mass-known-key,,,31,31,30,20,10,1,0.3225806451612903,3185.2258064516127,4.387096774193548,0.009063655883841958,0.18924061709169915,0.8016957270244589
1001382,random,street|position|pot_band|lookup,turn,BB,<4,zero-mass,,,2,2,2,2,0,0,3.0,0.0,1.0,0.0,0.3333333333333333,0.6666666666666666
1001382,random,street|position|pot_band|lookup,turn,BTN/SB,16-64,missing-key,,,3,0,3,2,1,0,6.0,,,0.0,0.27777777777777773,0.7222222222222222
1001382,random,street|position|pot_band|lookup,turn,BTN/SB,16-64,positive-mass-known-key,,,10,10,9,5,5,0,-16.7,1180.1,0.1,0.1,0.26666666666666666,0.6333333333333333
1001382,random,street|position|pot_band|lookup,turn,BTN/SB,4-16,missing-key,,,15,0,14,11,4,0,9.0,,,0.1,0.3,0.6
1001382,random,street|position|pot_band|lookup,turn,BTN/SB,4-16,positive-mass-known-key,,,40,40,40,25,15,0,-3.15,1613.325,1.15,0.08724851544877157,0.30875715451246755,0.603994330038761
1001382,random,street|position|pot_band|lookup,turn,BTN/SB,4-16,zero-mass,,,4,4,4,2,2,0,-3.25,0.0,2.5,0.125,0.29166666666666663,0.5833333333333333
1001382,random,street|position|pot_band|lookup,turn,BTN/SB,64+,missing-key,,,34,0,34,7,27,0,2.4411764705882355,,,0.5,0.5,0.0
1001382,random,street|position|pot_band|lookup,turn,BTN/SB,64+,positive-mass-known-key,,,3,3,3,1,2,0,-52.666666666666664,842.0,0.0,0.08333333333333333,0.3055555555555555,0.611111111111111
1001382,random,street|position|pot_band|lookup,turn,BTN/SB,<4,missing-key,,,1,0,1,1,0,0,100.0,,,0.0,0.3333333333333333,0.6666666666666666
1001382,random,street|position|pot_band|lookup,turn,BTN/SB,<4,positive-mass-known-key,,,11,11,11,5,6,0,-9.545454545454545,2125.4545454545455,2.6363636363636362,0.09558815867514904,0.18592717725767052,0.7184846640671804
1001382,random,street|visit_band,flop,,,,0,,73,73,68,48,25,0,16.561643835616437,1593.7123287671234,0.0,0.13904109589041097,0.30342465753424647,0.5575342465753423
1001382,random,street|visit_band,flop,,,,1,,70,70,67,55,15,0,7.642857142857143,2255.4714285714285,1.0,0.0727361663637518,0.25042721205455837,0.6768366215816896
1001382,random,street|visit_band,flop,,,,10-99,,420,420,384,259,157,4,2.876190476190476,19652.07380952381,28.447619047619046,0.07605953674752684,0.423485579051152,0.5004548842013212
1001382,random,street|visit_band,flop,,,,2-9,,323,323,309,210,112,1,1.7120743034055728,5238.92879256966,5.065015479876161,0.06294218940806334,0.27363820263263616,0.6634196079593002
1001382,random,street|visit_band,flop,,,,missing,,266,0,256,88,175,3,1.9924812030075187,,,0.4171052631578948,0.45971177944862135,0.12318295739348378
1001382,random,street|visit_band,preflop,,,,0,,489,489,453,286,199,4,0.558282208588957,1526.6605316973414,0.0,0.1428425357873211,0.28599182004089946,0.5711656441717784
1001382,random,street|visit_band,preflop,,,,1,,580,580,564,347,232,1,1.0974137931034482,1416.3758620689655,1.0,0.12127738361158519,0.2996328580863421,0.5790897583020733
1001382,random,street|visit_band,preflop,,,,10-99,,201,201,201,96,105,0,-0.8930348258706468,2106.5771144278606,10.522388059701493,0.3247117241530002,0.24920301983359536,0.42608525601340425
1001382,random,street|visit_band,preflop,,,,2-9,,2092,2092,1987,1068,1016,8,1.3518164435946463,1778.9641491395794,4.365678776290631,0.26837743766196037,0.22673658077145262,0.5048859815665859
1001382,random,street|visit_band,preflop,,,,missing,,817,0,803,217,586,14,-1.981640146878825,,,0.47882496940024477,0.48208894328845364,0.03908608731130151
1001382,random,street|visit_band,river,,,,0,,41,41,39,26,15,0,1.5365853658536586,979.0731707317074,0.0,0.06097560975609756,0.31504065040650414,0.6239837398373985
1001382,random,street|visit_band,river,,,,1,,21,21,20,11,10,0,-3.3333333333333335,1422.6666666666667,1.0,0.011904761904761904,0.20888997132252465,0.7792052667727132
1001382,random,street|visit_band,river,,,,2-9,,24,24,22,8,15,1,-9.833333333333334,2173.5416666666665,3.0833333333333335,0.028194771685346856,0.45487558549607376,0.5169296428185793
1001382,random,street|visit_band,river,,,,missing,,62,0,53,37,25,0,-1.064516129032258,,,0.20161290322580644,0.35887096774193544,0.43951612903225823
1001382,random,street|visit_band,turn,,,,0,,86,86,82,59,26,1,2.046511627906977,1480.1976744186047,0.0,0.04166666666666667,0.31782945736434076,0.6405038759689917
1001382,random,street|visit_band,turn,,,,1,,55,55,55,34,21,0,1.018181818181818,1828.7636363636364,1.0,0.06906858484943791,0.28054687542784285,0.6503845397227193
1001382,random,street|visit_band,turn,,,,10-99,,14,14,12,5,9,0,-1.0714285714285714,4211.857142857143,11.214285714285714,0.12301114130373539,0.5056145749540194,0.3713742837422451
1001382,random,street|visit_band,turn,,,,2-9,,129,129,119,78,48,3,1.2170542635658914,3848.9922480620153,4.217054263565892,0.03690349393601206,0.28140180230182776,0.6816947037621603
1001382,random,street|visit_band,turn,,,,missing,,132,0,115,66,63,3,15.659090909090908,,,0.29545454545454547,0.4109848484848487,0.2935606060606061
1001382,check_call,lookup,,,,missing-key,,,1129,0,842,761,309,59,5.023914968999114,,,0.0011071744906997344,0.3314880425154971,0.667404782993793
1001382,check_call,lookup,,,,positive-mass-known-key,,,13211,13211,4075,5886,6743,582,-0.0026871546438573916,5582.117175081372,6.28105366739838,0.04498996507099892,0.32723465995711093,0.6277753749719472
1001382,check_call,lookup,,,,zero-mass,,,238,238,230,121,102,15,1.5567226890756303,0.0,1.5756302521008403,0.05672268907563025,0.31302521008403383,0.6302521008403366
1001382,check_call,street,flop,,,,,,3494,3421,3494,1692,1638,164,0.45134516313680595,14874.098509207834,17.707103186202865,0.0,0.3780808534595059,0.6219191465404903
1001382,check_call,street,preflop,,,,,,4096,4061,4096,1692,2240,164,0.3115234375,1776.5183452351637,3.103422802265452,0.14870908900218913,0.2730467685486383,0.5782441424491744
1001382,check_call,street,river,,,,,,3494,2910,3494,1692,1638,164,0.45134516313680595,1822.6512027491408,0.9907216494845361,0.0,0.316727195543116,0.6832728044568921
1001382,check_call,street,turn,,,,,,3494,3057,3494,1692,1638,164,0.45134516313680595,3383.285246974158,2.38534510958456,0.0,0.3508266186327623,0.649173381367242
1001382,check_call,street|mass_band,flop,,,,,"(0,100)",22,22,22,15,4,3,12.181818181818182,51.13636363636363,0.5454545454545454,0.0,0.3333333333333332,0.6666666666666664
1001382,check_call,street|mass_band,flop,,,,,0,35,35,35,25,7,3,9.82857142857143,0.0,1.0,0.0,0.3333333333333334,0.6666666666666669
1001382,check_call,street|mass_band,flop,,,,,100-10k,1658,1658,1658,886,694,78,1.4209891435464415,4009.332328106152,4.806996381182147,0.0,0.3622242713889912,0.6377757286110063
1001382,check_call,street|mass_band,flop,,,,,10k+,1706,1706,1706,714,916,76,-1.112543962485346,25929.480070339978,30.808323563892145,0.0,0.39690112936179006,0.6030988706382082
1001382,check_call,street|mass_band,flop,,,,,missing,73,0,73,52,17,4,6.945205479452055,,,0.0,0.3333333333333331,0.6666666666666662
1001382,check_call,street|mass_band,preflop,,,,,"(0,100)",38,38,38,23,14,1,-2.736842105263158,25.81578947368421,0.13157894736842105,0.046052631578947366,0.317982456140351,0.635964912280702
1001382,check_call,street|mass_band,preflop,,,,,0,81,81,81,28,46,7,-0.05555555555555555,0.0,1.5802469135802468,0.16666666666666666,0.2777777777777778,0.5555555555555556
1001382,check_call,street|mass_band,preflop,,,,,100-10k,3942,3942,3942,1625,2161,156,0.37379502790461694,1829.898528665652,3.163368848300355,0.15033293469126505,0.272086816499719,0.5775802488090198
1001382,check_call,street|mass_band,preflop,,,,,missing,35,0,35,16,19,0,-2.5428571428571427,,,0.03571428571428571,0.32142857142857145,0.6428571428571429
1001382,check_call,street|mass_band,river,,,,,"(0,100)",94,94,94,54,33,7,3.0106382978723403,54.180851063829785,0.1595744680851064,0.0,0.3280141843971627,0.671985815602836
1001382,check_call,street|mass_band,river,,,,,0,78,78,78,40,36,2,-0.9487179487179487,0.0,1.6794871794871795,0.0,0.3290598290598288,0.6709401709401704
1001382,check_call,street|mass_band,river,,,,,100-10k,2738,2738,2738,1186,1431,121,-0.5766983199415632,1935.289262235208,0.9996347699050402,0.0,0.313055084451295,0.6869449155487284
1001382,check_call,street|mass_band,river,,,,,missing,584,0,584,412,138,34,5.046232876712328,,,0.0,0.3304794520547964,0.6695205479452094
1001382,check_call,street|mass_band,turn,,,,,"(0,100)",60,60,60,35,21,4,3.066666666666667,52.983333333333334,0.48333333333333334,0.0,0.33333333333333326,0.6666666666666665
1001382,check_call,street|mass_band,turn,,,,,0,44,44,44,28,13,3,2.3863636363636362,0.0,1.8409090909090908,0.0,0.33333333333333354,0.6666666666666671
1001382,check_call,street|mass_band,turn,,,,,100-10k,2671,2671,2671,1236,1306,129,-0.06214900786222389,2507.0992137776116,2.0576563084986894,0.0,0.352929640539398,0.6470703594606135
1001382,check_call,street|mass_band,turn,,,,,10k+,282,282,282,112,163,7,-3.024822695035461,12918.659574468085,5.9787234042553195,0.0,0.36446738400290163,0.6355326159970961
1001382,check_call,street|mass_band,turn,,,,,missing,437,0,437,281,135,21,5.279176201372998,,,0.0,0.3333333333333328,0.6666666666666656
1001382,check_call,street|position|pot_band|lookup,flop,BB,4-16,missing-key,,,8,0,8,6,2,0,14.75,,,0.0,0.3333333333333333,0.6666666666666666
1001382,check_call,street|position|pot_band|lookup,flop,BB,4-16,positive-mass-known-key,,,1348,1348,1348,617,665,66,-0.6817507418397626,23933.19584569733,18.938427299703264,0.0,0.33890400641967766,0.6610959935803196
1001382,check_call,street|position|pot_band|lookup,flop,BB,4-16,zero-mass,,,5,5,5,4,0,1,6.0,0.0,1.0,0.0,0.3333333333333333,0.6666666666666666
1001382,check_call,street|position|pot_band|lookup,flop,BB,<4,missing-key,,,22,0,22,15,5,2,2.409090909090909,,,0.0,0.3333333333333332,0.6666666666666664
1001382,check_call,street|position|pot_band|lookup,flop,BB,<4,positive-mass-known-key,,,656,656,656,285,340,31,-0.5,11273.800304878048,27.135670731707318,0.0,0.5055475865314325,0.4944524134685674
1001382,check_call,street|position|pot_band|lookup,flop,BB,<4,zero-mass,,,9,9,9,6,3,0,3.6666666666666665,0.0,1.0,0.0,0.3333333333333333,0.6666666666666666
1001382,check_call,street|position|pot_band|lookup,flop,BTN/SB,4-16,missing-key,,,32,0,32,23,7,2,9.5625,,,0.0,0.33333333333333337,0.6666666666666667
1001382,check_call,street|position|pot_band|lookup,flop,BTN/SB,4-16,positive-mass-known-key,,,950,950,950,496,418,36,1.8063157894736843,8841.986315789474,9.306315789473684,0.0,0.30010555948073175,0.6998944405192683
1001382,check_call,street|position|pot_band|lookup,flop,BTN/SB,4-16,zero-mass,,,17,17,17,12,3,2,16.41176470588235,0.0,1.0,0.0,0.33333333333333326,0.6666666666666665
1001382,check_call,street|position|pot_band|lookup,flop,BTN/SB,<4,missing-key,,,11,0,11,8,3,0,2.727272727272727,,,0.0,0.33333333333333337,0.6666666666666667
1001382,check_call,street|position|pot_band|lookup,flop,BTN/SB,<4,positive-mass-known-key,,,432,432,432,217,191,24,0.5949074074074074,6543.618055555556,19.375,0.0,0.4894268589408713,0.5105731410591287
1001382,check_call,street|position|pot_band|lookup,flop,BTN/SB,<4,zero-mass,,,4,4,4,3,1,0,0.5,0.0,1.0,0.0,0.3333333333333333,0.6666666666666666
1001382,check_call,street|position|pot_band|lookup,preflop,BB,<4,missing-key,,,30,0,30,13,17,0,-3.433333333333333,,,0.0,0.3333333333333333,0.6666666666666666
1001382,check_call,street|position|pot_band|lookup,preflop,BB,<4,positive-mass-known-key,,,1991,1991,1991,908,987,96,-0.47061778001004523,1812.076343545957,1.1647413360120542,0.0,0.3235616960929281,0.6764383039070762
1001382,check_call,street|position|pot_band|lookup,preflop,BB,<4,zero-mass,,,27,27,27,12,11,4,1.0,0.0,1.0,0.0,0.33333333333333326,0.6666666666666665
1001382,check_call,street|position|pot_band|lookup,preflop,BTN/SB,<4,missing-key,,,5,0,5,3,2,0,2.8,,,0.25,0.25,0.5
1001382,check_call,street|position|pot_band|lookup,preflop,BTN/SB,<4,positive-mass-known-key,,,1989,1989,1989,740,1188,61,1.159627953745601,1813.2714932126696,5.106083459024635,0.29882475040370376,0.22143701712126493,0.4797382324750313
1001382,check_call,street|position|pot_band|lookup,preflop,BTN/SB,<4,zero-mass,,,54,54,54,16,35,3,-0.5833333333333334,0.0,1.8703703703703705,0.25,0.25,0.5
1001382,check_call,street|position|pot_band|lookup,river,BB,16-64,missing-key,,,75,0,75,49,19,7,5.586666666666667,,,0.0,0.32222222222222197,0.6777777777777771
1001382,check_call,street|position|pot_band|lookup,river,BB,16-64,positive-mass-known-key,,,530,530,530,201,306,23,-2.9037735849056605,2782.2226415094337,0.6886792452830188,0.0,0.24609455096226826,0.7539054490377317
1001382,check_call,street|position|pot_band|lookup,river,BB,16-64,zero-mass,,,7,7,7,3,4,0,-19.285714285714285,0.0,1.0,0.0,0.2857142857142857,0.7142857142857143
1001382,check_call,street|position|pot_band|lookup,river,BB,4-16,missing-key,,,130,0,130,98,27,5,3.4923076923076923,,,0.0,0.3333333333333336,0.6666666666666672
1001382,check_call,street|position|pot_band|lookup,river,BB,4-16,positive-mass-known-key,,,1205,1205,1205,532,613,60,-0.2091286307053942,2268.302074688797,1.7767634854771783,0.0,0.3208609325390658,0.6791390674609269
1001382,check_call,street|position|pot_band|lookup,river,BB,4-16,zero-mass,,,44,44,44,24,19,1,1.1590909090909092,0.0,1.7727272727272727,0.0,0.33333333333333354,0.6666666666666671
1001382,check_call,street|position|pot_band|lookup,river,BB,<4,missing-key,,,9,0,9,7,1,1,1.4444444444444444,,,0.0,0.3333333333333333,0.6666666666666666
1001382,check_call,street|position|pot_band|lookup,river,BB,<4,positive-mass-known-key,,,38,38,38,15,20,3,-0.39473684210526316,900.7105263157895,1.5526315789473684,0.0,0.37816167185465616,0.6218383281453441
1001382,check_call,street|position|pot_band|lookup,river,BB,<4,zero-mass,,,10,10,10,4,6,0,-0.9,0.0,2.6,0.0,0.33333333333333337,0.6666666666666667
1001382,check_call,street|position|pot_band|lookup,river,BTN/SB,16-64,missing-key,,,138,0,138,96,37,5,9.934782608695652,,,0.0,0.3272946859903385,0.6727053140096625
1001382,check_call,street|position|pot_band|lookup,river,BTN/SB,16-64,positive-mass-known-key,,,276,276,276,127,141,8,2.0652173913043477,827.3079710144928,0.021739130434782608,0.0,0.3191425120772942,0.6808574879227038
1001382,check_call,street|position|pot_band|lookup,river,BTN/SB,16-64,zero-mass,,,3,3,3,2,1,0,3.0,0.0,1.0,0.0,0.3333333333333333,0.6666666666666666
1001382,check_call,street|position|pot_band|lookup,river,BTN/SB,4-16,missing-key,,,217,0,217,153,48,16,3.1382488479262673,,,0.0,0.3333333333333336,0.6666666666666672
1001382,check_call,street|position|pot_band|lookup,river,BTN/SB,4-16,positive-mass-known-key,,,721,721,721,341,348,32,-0.05131761442441054,1070.6685159500694,0.22468793342579751,0.0,0.34554193566122293,0.6544580643387857
1001382,check_call,street|position|pot_band|lookup,river,BTN/SB,4-16,zero-mass,,,11,11,11,6,4,1,1.0909090909090908,0.0,1.2727272727272727,0.0,0.33333333333333337,0.6666666666666667
1001382,check_call,street|position|pot_band|lookup,river,BTN/SB,<4,missing-key,,,15,0,15,9,6,0,0.6,,,0.0,0.33333333333333326,0.6666666666666665
1001382,check_call,street|position|pot_band|lookup,river,BTN/SB,<4,positive-mass-known-key,,,62,62,62,24,36,2,-0.3709677419354839,992.2096774193549,0.3064516129032258,0.0,0.3116355865456787,0.6883644134543209
1001382,check_call,street|position|pot_band|lookup,river,BTN/SB,<4,zero-mass,,,3,3,3,1,2,0,-0.6666666666666666,0.0,1.0,0.0,0.3333333333333333,0.6666666666666666
1001382,check_call,street|position|pot_band|lookup,turn,BB,16-64,missing-key,,,16,0,16,9,6,1,7.4375,,,0.0,0.33333333333333326,0.6666666666666665
1001382,check_call,street|position|pot_band|lookup,turn,BB,16-64,positive-mass-known-key,,,116,116,116,45,64,7,-6.120689655172414,2449.793103448276,1.293103448275862,0.0,0.2259615733796263,0.7740384266203743
1001382,check_call,street|position|pot_band|lookup,turn,BB,4-16,missing-key,,,123,0,123,74,44,5,3.2764227642276422,,,0.0,0.3333333333333334,0.6666666666666669
1001382,check_call,street|position|pot_band|lookup,turn,BB,4-16,positive-mass-known-key,,,1452,1452,1452,634,750,68,-0.6026170798898072,4815.146694214876,3.2975206611570247,0.0,0.39692105095691743,0.6030789490430803
1001382,check_call,street|position|pot_band|lookup,turn,BB,4-16,zero-mass,,,17,17,17,14,2,1,5.352941176470588,0.0,1.1176470588235294,0.0,0.33333333333333326,0.6666666666666665
1001382,check_call,street|position|pot_band|lookup,turn,BB,<4,missing-key,,,12,0,12,6,5,1,-0.4166666666666667,,,0.0,0.3333333333333333,0.6666666666666666
1001382,check_call,street|position|pot_band|lookup,turn,BB,<4,positive-mass-known-key,,,298,298,298,143,140,15,-0.1342281879194631,3105.412751677852,4.540268456375839,0.0,0.18601119821180037,0.813988801788201
1001382,check_call,street|position|pot_band|lookup,turn,BB,<4,zero-mass,,,14,14,14,8,4,2,0.2857142857142857,0.0,1.0,0.0,0.3333333333333333,0.6666666666666666
1001382,check_call,street|position|pot_band|lookup,turn,BTN/SB,16-64,missing-key,,,46,0,46,35,9,2,18.02173913043478,,,0.0,0.33333333333333354,0.6666666666666671
1001382,check_call,street|position|pot_band|lookup,turn,BTN/SB,16-64,positive-mass-known-key,,,97,97,97,56,39,2,6.762886597938144,1741.701030927835,0.07216494845360824,0.0,0.30927835051546354,0.6907216494845355
1001382,check_call,street|position|pot_band|lookup,turn,BTN/SB,16-64,zero-mass,,,3,3,3,1,2,0,13.666666666666666,0.0,1.0,0.0,0.3333333333333333,0.6666666666666666
1001382,check_call,street|position|pot_band|lookup,turn,BTN/SB,4-16,missing-key,,,208,0,208,135,63,10,4.331730769230769,,,0.0,0.3333333333333338,0.6666666666666676
1001382,check_call,street|position|pot_band|lookup,turn,BTN/SB,4-16,positive-mass-known-key,,,857,857,857,409,407,41,0.029171528588098017,1797.590431738623,0.7374562427071178,0.0,0.36139057677140934,0.6386094232285927
1001382,check_call,street|position|pot_band|lookup,turn,BTN/SB,4-16,zero-mass,,,10,10,10,5,5,0,-3.1,0.0,4.5,0.0,0.33333333333333337,0.6666666666666667
1001382,check_call,street|position|pot_band|lookup,turn,BTN/SB,<4,missing-key,,,32,0,32,22,8,2,1.875,,,0.0,0.33333333333333337,0.6666666666666667
1001382,check_call,street|position|pot_band|lookup,turn,BTN/SB,<4,positive-mass-known-key,,,193,193,193,96,90,7,0.5647668393782384,2238.5544041450776,1.455958549222798,0.0,0.3511445715432261,0.6488554284567745
1001382,check_call,street|visit_band,flop,,,,0,,201,201,201,135,58,8,4.169154228855722,975.8109452736319,0.0,0.0,0.333333333333334,0.666666666666668
1001382,check_call,street|visit_band,flop,,,,1,,228,228,228,120,91,17,3.0526315789473686,2049.6754385964914,1.0,0.0,0.27620769718035787,0.7237923028196426
1001382,check_call,street|visit_band,flop,,,,10-99,,1711,1711,1711,716,920,75,-1.3933372296902395,24869.481589713618,31.40970192869667,0.0,0.4411426111162293,0.5588573888837697
1001382,check_call,street|visit_band,flop,,,,2-9,,1281,1281,1281,669,552,60,1.4988290398126465,5986.841530054645,5.156908665105386,0.0,0.3215541031047392,0.67844589689526
1001382,check_call,street|visit_band,flop,,,,missing,,73,0,73,52,17,4,6.945205479452055,,,0.0,0.3333333333333331,0.6666666666666662
1001382,check_call,street|visit_band,preflop,,,,0,,702,702,702,312,352,38,-0.8290598290598291,1531.8390313390314,0.0,0.014245014245014245,0.3285849952516649,0.6571699905033298
1001382,check_call,street|visit_band,preflop,,,,1,,859,859,859,380,437,42,0.46973224679860304,1685.3061699650757,1.0,0.035729760989613994,0.33032864693828284,0.6339415920721045
1001382,check_call,street|visit_band,preflop,,,,10-99,,193,193,193,75,115,3,2.178756476683938,2258.6735751295337,10.507772020725389,0.35973094589502347,0.2562838556744553,0.3839851984305209
1001382,check_call,street|visit_band,preflop,,,,2-9,,2307,2307,2307,909,1317,81,0.48677936714347636,1844.598179453836,4.211530125704378,0.21575313884054995,0.2354866950339805,0.5487601661254674
1001382,check_call,street|visit_band,preflop,,,,missing,,35,0,35,16,19,0,-2.5428571428571427,,,0.03571428571428571,0.32142857142857145,0.6428571428571429
1001382,check_call,street|visit_band,river,,,,0,,1790,1790,1790,900,806,84,1.2072625698324022,1314.250279329609,0.0,0.0,0.3296089385474845,0.6703910614525119
1001382,check_call,street|visit_band,river,,,,1,,408,408,408,162,233,13,-3.531862745098039,2789.5,1.0,0.0,0.2344836155087679,0.76551638449123
1001382,check_call,street|visit_band,river,,,,10-99,,18,18,18,2,16,0,-3.0555555555555554,2071.0,10.0,0.0,0.5820071107106095,0.41799288928939043
1001382,check_call,street|visit_band,river,,,,2-9,,694,694,694,216,445,33,-2.9322766570605188,2559.0965417867437,3.3069164265129682,0.0,0.31339968026982795,0.6866003197301744
1001382,check_call,street|visit_band,river,,,,missing,,584,0,584,412,138,34,5.046232876712328,,,0.0,0.3304794520547964,0.6695205479452094
1001382,check_call,street|visit_band,turn,,,,0,,1051,1051,1051,533,466,52,1.6184586108468126,1662.0285442435775,0.0,0.0,0.333333333333331,0.666666666666662
1001382,check_call,street|visit_band,turn,,,,1,,635,635,635,364,244,27,0.8110236220472441,2745.3448818897637,1.0,0.0,0.3336311122096745,0.6663688877903284
1001382,check_call,street|visit_band,turn,,,,10-99,,105,105,105,19,84,2,-2.5428571428571427,4155.4857142857145,11.0,0.0,0.5687523944793492,0.4312476055206503
1001382,check_call,street|visit_band,turn,,,,2-9,,1266,1266,1266,495,709,62,-2.1161137440758293,5068.160347551343,4.345971563981043,0.0,0.3619379524718798,0.6380620475281246
1001382,check_call,street|visit_band,turn,,,,missing,,437,0,437,281,135,21,5.279176201372998,,,0.0,0.3333333333333328,0.6666666666666656
1001382,tight_aggressive,lookup,,,,missing-key,,,163,0,117,81,82,0,-21.567484662576685,,,0.1717791411042944,0.32361963190184084,0.5046012269938653
1001382,tight_aggressive,lookup,,,,positive-mass-known-key,,,3240,3240,2205,2128,1110,2,-5.520679012345679,2891.6654320987655,6.523456790123457,0.20369416807695243,0.2722592628615591,0.5240465690614858
1001382,tight_aggressive,lookup,,,,zero-mass,,,90,90,83,47,43,0,-13.85,0.0,1.9111111111111112,0.2122222222222222,0.2724074074074073,0.5153703703703704
1001382,tight_aggressive,street,flop,,,,,,658,610,607,493,165,0,-10.03951367781155,7501.1590163934425,16.34262295081967,0.0429974445125666,0.40391997977220667,0.5530825757152286
1001382,tight_aggressive,street,preflop,,,,,,2405,2375,2244,1524,879,2,-2.8773388773388775,1726.4745263157895,4.479157894736842,0.26519991871254417,0.23203742934646887,0.5027626519409848
1001382,tight_aggressive,street,river,,,,,,141,102,114,66,75,0,-27.177304964539008,1082.6764705882354,1.0490196078431373,0.1394411294362157,0.307206932730485,0.5533519378332994
1001382,tight_aggressive,street,turn,,,,,,289,243,249,173,116,0,-18.30795847750865,2397.0329218106995,2.4444444444444446,0.073736271023814,0.3191734828884008,0.6070902460877854
1001382,tight_aggressive,street|mass_band,flop,,,,,"(0,100)",6,6,6,4,2,0,-13.0,43.333333333333336,1.0,0.075,0.2833333333333333,0.6416666666666666
1001382,tight_aggressive,street|mass_band,flop,,,,,0,9,9,9,5,4,0,-17.444444444444443,0.0,3.111111111111111,0.13333333333333333,0.30925925925925923,0.5574074074074074
1001382,tight_aggressive,street|mass_band,flop,,,,,100-10k,400,400,374,299,101,0,-11.9375,3324.1375,6.725,0.03530198462092529,0.38590391218290426,0.5787941031961699
1001382,tight_aggressive,street|mass_band,flop,,,,,10k+,195,195,192,156,39,0,-3.933333333333333,16645.08717948718,37.15384615384615,0.03600781867127546,0.4676125563262362,0.49637962500248833
1001382,tight_aggressive,street|mass_band,flop,,,,,missing,48,0,41,29,19,0,-17.270833333333332,,,0.11458333333333333,0.32812500000000006,0.5572916666666669
1001382,tight_aggressive,street|mass_band,preflop,,,,,"(0,100)",14,14,13,8,6,0,-8.392857142857142,26.428571428571427,0.14285714285714285,0.21071428571428572,0.25833333333333336,0.530952380952381
1001382,tight_aggressive,street|mass_band,preflop,,,,,0,58,58,56,37,21,0,-0.31896551724137934,0.0,1.8103448275862069,0.2439655172413793,0.24971264367816087,0.5063218390804598
1001382,tight_aggressive,street|mass_band,preflop,,,,,100-10k,2303,2303,2180,1462,839,2,-2.938558402084238,1780.2896222318714,4.572731220147634,0.26593825640628244,0.23072804352797432,0.5033337000657421
1001382,tight_aggressive,street|mass_band,preflop,,,,,missing,30,0,27,17,13,0,-0.55,,,0.275,0.28611111111111115,0.4388888888888889
1001382,tight_aggressive,street|mass_band,river,,,,,0,13,13,11,2,11,0,-61.53846153846154,0.0,1.5384615384615385,0.19230769230769232,0.33974358974358976,0.467948717948718
1001382,tight_aggressive,street|mass_band,river,,,,,100-10k,89,89,80,52,37,0,-15.112359550561798,1240.8202247191011,0.9775280898876404,0.09993856835775002,0.2852004964232023,0.6148609352190473
1001382,tight_aggressive,street|mass_band,river,,,,,missing,39,0,34,12,27,0,-43.256410256410255,,,0.21196581196581193,0.3465811965811966,0.4414529914529914
1001382,tight_aggressive,street|mass_band,turn,,,,,"(0,100)",10,10,10,7,3,0,-17.5,55.4,1.1,0.075,0.3416666666666667,0.5833333333333334
1001382,tight_aggressive,street|mass_band,turn,,,,,0,10,10,10,3,7,0,-27.1,0.0,1.9,0.125,0.2833333333333333,0.5916666666666667
1001382,tight_aggressive,street|mass_band,turn,,,,,100-10k,219,219,191,137,82,0,-17.205479452054796,2446.634703196347,2.4474885844748857,0.06085136526278041,0.30929410265862217,0.6298545320785981
1001382,tight_aggressive,street|mass_band,turn,,,,,10k+,4,4,4,3,1,0,-23.5,11528.000000000002,7.0,0.0,0.838932018127411,0.16106798187258897
1001382,tight_aggressive,street|mass_band,turn,,,,,missing,46,0,40,23,23,0,-21.369565217391305,,,0.13007246376811593,0.323913043478261,0.5460144927536232
1001382,tight_aggressive,street|position|pot_band|lookup,flop,BB,16-64,missing-key,,,4,0,3,2,2,0,-20.5,,,0.05,0.3,0.65
1001382,tight_aggressive,street|position|pot_band|lookup,flop,BB,16-64,positive-mass-known-key,,,22,22,21,8,14,0,-37.5,4531.090909090909,7.590909090909091,0.06168348848201795,0.2217878827243542,0.7165286287936279
1001382,tight_aggressive,street|position|pot_band|lookup,flop,BB,16-64,zero-mass,,,1,1,1,1,0,0,27.0,0.0,2.0,0.0,0.25,0.75
1001382,tight_aggressive,street|position|pot_band|lookup,flop,BB,4-16,missing-key,,,3,0,3,3,0,0,3.6666666666666665,,,0.08333333333333333,0.3055555555555555,0.611111111111111
1001382,tight_aggressive,street|position|pot_band|lookup,flop,BB,4-16,positive-mass-known-key,,,77,77,75,54,23,0,-15.272727272727273,15137.623376623376,17.844155844155843,0.03737410256972145,0.2825657919664161,0.6800601054638624
1001382,tight_aggressive,street|position|pot_band|lookup,flop,BB,64+,missing-key,,,2,0,2,0,2,0,-62.5,,,0.5,0.5,0.0
1001382,tight_aggressive,street|position|pot_band|lookup,flop,BB,64+,positive-mass-known-key,,,12,12,12,3,9,0,-43.25,1236.75,0.75,0.1316444020905393,0.36575782163647746,0.5025977762729831
1001382,tight_aggressive,street|position|pot_band|lookup,flop,BB,<4,missing-key,,,3,0,3,2,1,0,0.3333333333333333,,,0.0,0.3333333333333333,0.6666666666666666
1001382,tight_aggressive,street|position|pot_band|lookup,flop,BB,<4,positive-mass-known-key,,,40,40,40,27,13,0,-10.925,10374.975,25.025,0.0,0.4978757303145708,0.5021242696854293
1001382,tight_aggressive,street|position|pot_band|lookup,flop,BTN/SB,16-64,missing-key,,,9,0,9,4,5,0,-30.444444444444443,,,0.14444444444444446,0.24629629629629632,0.6092592592592593
1001382,tight_aggressive,street|position|pot_band|lookup,flop,BTN/SB,16-64,positive-mass-known-key,,,17,17,17,7,10,0,-38.294117647058826,2120.8823529411766,3.9411764705882355,0.09009179048129812,0.23486215941922664,0.6750460500994752
1001382,tight_aggressive,street|position|pot_band|lookup,flop,BTN/SB,16-64,zero-mass,,,5,5,5,2,3,0,-21.4,0.0,4.6,0.13999999999999999,0.2733333333333333,0.5866666666666667
1001382,tight_aggressive,street|position|pot_band|lookup,flop,BTN/SB,4-16,missing-key,,,6,0,6,2,4,0,-17.833333333333332,,,0.125,0.29166666666666663,0.5833333333333333
1001382,tight_aggressive,street|position|pot_band|lookup,flop,BTN/SB,4-16,positive-mass-known-key,,,79,79,79,42,37,0,-16.949367088607595,8245.708860759494,11.89873417721519,0.16767319723452345,0.2946540076490342,0.537672795116442
1001382,tight_aggressive,street|position|pot_band|lookup,flop,BTN/SB,64+,missing-key,,,6,0,6,1,5,0,-45.166666666666664,,,0.3333333333333333,0.4444444444444444,0.2222222222222222
1001382,tight_aggressive,street|position|pot_band|lookup,flop,BTN/SB,64+,positive-mass-known-key,,,7,7,6,3,4,0,-24.714285714285715,1052.5714285714287,1.7142857142857142,0.14285714285714285,0.31395339453801246,0.5431894626048448
1001382,tight_aggressive,street|position|pot_band|lookup,flop,BTN/SB,64+,zero-mass,,,1,1,1,0,1,0,-81.0,0.0,1.0,0.5,0.5,0.0
1001382,tight_aggressive,street|position|pot_band|lookup,flop,BTN/SB,<4,missing-key,,,15,0,15,15,0,0,1.2,,,0.0,0.33333333333333326,0.6666666666666665
1001382,tight_aggressive,street|position|pot_band|lookup,flop,BTN/SB,<4,positive-mass-known-key,,,347,347,347,315,32,0,-1.440922190201729,6298.997118155619,18.360230547550433,0.0,0.48079825304622786,0.5192017469537716
1001382,tight_aggressive,street|position|pot_band|lookup,flop,BTN/SB,<4,zero-mass,,,2,2,2,2,0,0,2.0,0.0,1.0,0.0,0.3333333333333333,0.6666666666666666
1001382,tight_aggressive,street|position|pot_band|lookup,preflop,BB,16-64,missing-key,,,4,0,4,2,2,0,0.0,,,0.2375,0.2375,0.525
1001382,tight_aggressive,street|position|pot_band|lookup,preflop,BB,16-64,positive-mass-known-key,,,25,25,25,8,16,1,-19.28,826.68,0.32,0.1907960624094423,0.20589510637778374,0.6033088312127739
1001382,tight_aggressive,street|position|pot_band|lookup,preflop,BB,4-16,positive-mass-known-key,,,98,98,98,35,62,1,-15.724489795918368,1711.4183673469388,1.1428571428571428,0.2397582831897071,0.2618376937331389,0.49840402307715403
1001382,tight_aggressive,street|position|pot_band|lookup,preflop,BB,4-16,zero-mass,,,1,1,1,1,0,0,3.0,0.0,1.0,0.25,0.25,0.5
1001382,tight_aggressive,street|position|pot_band|lookup,preflop,BB,64+,missing-key,,,10,0,10,2,8,0,-43.5,,,0.375,0.375,0.25
1001382,tight_aggressive,street|position|pot_band|lookup,preflop,BB,64+,positive-mass-known-key,,,6,6,6,1,5,0,-32.5,463.8333333333333,0.0,0.40277777777777773,0.40277777777777773,0.19444444444444442
1001382,tight_aggressive,street|position|pot_band|lookup,preflop,BB,<4,missing-key,,,1,0,1,1,0,0,3.0,,,0.0,0.3333333333333333,0.6666666666666666
1001382,tight_aggressive,street|position|pot_band|lookup,preflop,BB,<4,positive-mass-known-key,,,108,108,108,79,29,0,-11.0,1995.0462962962963,1.1481481481481481,0.0,0.34541992877271716,0.6545800712272825
1001382,tight_aggressive,street|position|pot_band|lookup,preflop,BB,<4,zero-mass,,,1,1,1,1,0,0,3.0,0.0,1.0,0.0,0.3333333333333333,0.6666666666666666
1001382,tight_aggressive,street|position|pot_band|lookup,preflop,BTN/SB,16-64,missing-key,,,7,0,7,5,2,0,20.571428571428573,,,0.22142857142857145,0.22142857142857145,0.5571428571428572
1001382,tight_aggressive,street|position|pot_band|lookup,preflop,BTN/SB,16-64,positive-mass-known-key,,,7,7,7,2,5,0,-16.857142857142858,812.5714285714286,0.14285714285714285,0.17857142857142858,0.24675324675324675,0.5746753246753248
1001382,tight_aggressive,street|position|pot_band|lookup,preflop,BTN/SB,16-64,zero-mass,,,3,3,3,1,2,0,-27.333333333333332,0.0,1.0,0.21666666666666667,0.21666666666666667,0.5666666666666668
1001382,tight_aggressive,street|position|pot_band|lookup,preflop,BTN/SB,4-16,missing-key,,,3,0,3,3,0,0,46.333333333333336,,,0.25,0.25,0.5
1001382,tight_aggressive,street|position|pot_band|lookup,preflop,BTN/SB,4-16,positive-mass-known-key,,,67,67,67,36,31,0,-12.402985074626866,1185.910447761194,2.044776119402985,0.13146298329309736,0.27033688715246323,0.5982001295544394
1001382,tight_aggressive,street|position|pot_band|lookup,preflop,BTN/SB,4-16,zero-mass,,,7,7,7,3,4,0,-3.0,0.0,2.857142857142857,0.25,0.25,0.5
1001382,tight_aggressive,street|position|pot_band|lookup,preflop,BTN/SB,64+,missing-key,,,1,0,1,1,0,0,100.0,,,0.25,0.25,0.5
1001382,tight_aggressive,street|position|pot_band|lookup,preflop,BTN/SB,64+,positive-mass-known-key,,,8,8,7,1,7,0,-61.0,963.75,0.375,0.28125,0.3616071428571429,0.35714285714285715
1001382,tight_aggressive,street|position|pot_band|lookup,preflop,BTN/SB,<4,missing-key,,,4,0,4,3,1,0,8.125,,,0.25,0.25,0.5
1001382,tight_aggressive,street|position|pot_band|lookup,preflop,BTN/SB,<4,positive-mass-known-key,,,1998,1998,1998,1308,690,0,-1.022022022022022,1802.2467467467468,5.079079079079079,0.28649394626803615,0.22108166115256986,0.49242439257939297
1001382,tight_aggressive,street|position|pot_band|lookup,preflop,BTN/SB,<4,zero-mass,,,46,46,46,31,15,0,1.7065217391304348,0.0,1.7391304347826086,0.25,0.25,0.5
1001382,tight_aggressive,street|position|pot_band|lookup,river,BB,16-64,missing-key,,,6,0,5,0,6,0,-77.5,,,0.10833333333333334,0.26111111111111107,0.6305555555555555
1001382,tight_aggressive,street|position|pot_band|lookup,river,BB,16-64,positive-mass-known-key,,,5,5,4,0,5,0,-72.0,926.0,0.4,0.10268515600378192,0.23601848933711525,0.6612963546591029
1001382,tight_aggressive,street|position|pot_band|lookup,river,BB,16-64,zero-mass,,,2,2,2,0,2,0,-81.5,0.0,1.5,0.125,0.25,0.625
1001382,tight_aggressive,street|position|pot_band|lookup,river,BB,4-16,missing-key,,,2,0,2,1,1,0,-12.0,,,0.0,0.3333333333333333,0.6666666666666666
1001382,tight_aggressive,street|position|pot_band|lookup,river,BB,4-16,positive-mass-known-key,,,14,14,14,9,5,0,-17.0,2646.6428571428573,2.357142857142857,0.0,0.2623504725177368,0.7376495274822633
1001382,tight_aggressive,street|position|pot_band|lookup,river,BB,4-16,zero-mass,,,2,2,2,1,1,0,-49.0,0.0,1.5,0.0,0.3333333333333333,0.6666666666666666
1001382,tight_aggressive,street|position|pot_band|lookup,river,BB,64+,missing-key,,,5,0,4,0,5,0,-80.4,,,0.35,0.41666666666666663,0.2333333333333333
1001382,tight_aggressive,street|position|pot_band|lookup,river,BB,64+,positive-mass-known-key,,,4,4,3,0,4,0,-100.0,735.0,0.75,0.27563956144358154,0.5576937718897518,0.16666666666666666
1001382,tight_aggressive,street|position|pot_band|lookup,river,BB,64+,zero-mass,,,3,3,2,0,3,0,-87.66666666666667,0.0,1.6666666666666667,0.3333333333333333,0.4444444444444444,0.2222222222222222
1001382,tight_aggressive,street|position|pot_band|lookup,river,BB,<4,positive-mass-known-key,,,2,2,2,0,2,0,-1.0,1415.0,2.0,0.0,0.3333333333333333,0.6666666666666666
1001382,tight_aggressive,street|position|pot_band|lookup,river,BB,<4,zero-mass,,,1,1,1,0,1,0,-1.0,0.0,4.0,0.0,0.3333333333333333,0.6666666666666666
1001382,tight_aggressive,street|position|pot_band|lookup,river,BTN/SB,16-64,missing-key,,,4,0,4,1,3,0,-5.0,,,0.2375,0.2375,0.525
1001382,tight_aggressive,street|position|pot_band|lookup,river,BTN/SB,16-64,positive-mass-known-key,,,9,9,9,3,6,0,-19.333333333333332,727.0,0.3333333333333333,0.1312085769980507,0.27359660456049684,0.5951948184414525
1001382,tight_aggressive,street|position|pot_band|lookup,river,BTN/SB,16-64,zero-mass,,,2,2,2,0,2,0,-87.5,0.0,1.0,0.25,0.25,0.5
1001382,tight_aggressive,street|position|pot_band|lookup,river,BTN/SB,4-16,missing-key,,,4,0,4,3,1,0,2.0,,,0.0625,0.31249999999999994,0.6249999999999999
1001382,tight_aggressive,street|position|pot_band|lookup,river,BTN/SB,4-16,positive-mass-known-key,,,19,19,19,7,12,0,-3.1578947368421053,1357.842105263158,1.8421052631578947,0.2682984928981083,0.2721070486558413,0.45959445844605035
1001382,tight_aggressive,street|position|pot_band|lookup,river,BTN/SB,4-16,zero-mass,,,1,1,1,0,1,0,-1.0,0.0,1.0,0.25,0.25,0.5
1001382,tight_aggressive,street|position|pot_band|lookup,river,BTN/SB,64+,missing-key,,,12,0,12,1,11,0,-65.91666666666667,,,0.3888888888888889,0.4166666666666667,0.19444444444444442
1001382,tight_aggressive,street|position|pot_band|lookup,river,BTN/SB,64+,positive-mass-known-key,,,2,2,2,0,2,0,-72.5,396.5,0.0,0.5,0.5,0.0
1001382,tight_aggressive,street|position|pot_band|lookup,river,BTN/SB,64+,zero-mass,,,1,1,1,0,1,0,-100.0,0.0,1.0,0.5,0.5,0.0
1001382,tight_aggressive,street|position|pot_band|lookup,river,BTN/SB,<4,missing-key,,,6,0,6,6,0,0,1.1666666666666667,,,0.0,0.3333333333333333,0.6666666666666666
1001382,tight_aggressive,street|position|pot_band|lookup,river,BTN/SB,<4,positive-mass-known-key,,,34,34,34,33,1,0,1.0,877.7941176470588,0.20588235294117646,0.0,0.2647058823529411,0.735294117647059
1001382,tight_aggressive,street|position|pot_band|lookup,river,BTN/SB,<4,zero-mass,,,1,1,1,1,0,0,1.0,0.0,1.0,0.0,0.3333333333333333,0.6666666666666666
1001382,tight_aggressive,street|position|pot_band|lookup,turn,BB,16-64,missing-key,,,4,0,4,1,3,0,-37.75,,,0.0625,0.29166666666666663,0.6458333333333333
1001382,tight_aggressive,street|position|pot_band|lookup,turn,BB,16-64,positive-mass-known-key,,,8,8,8,0,8,0,-83.125,997.625,1.75,0.09007131166879512,0.3105073888413783,0.5994212994898265
1001382,tight_aggressive,street|position|pot_band|lookup,turn,BB,16-64,zero-mass,,,1,1,1,0,1,0,-63.0,0.0,3.0,0.0,0.25,0.75
1001382,tight_aggressive,street|position|pot_band|lookup,turn,BB,4-16,missing-key,,,4,0,4,4,0,0,3.0,,,0.0,0.3333333333333333,0.6666666666666666
1001382,tight_aggressive,street|position|pot_band|lookup,turn,BB,4-16,positive-mass-known-key,,,24,24,24,12,12,0,-22.333333333333332,3658.625,3.125,0.049255738955076546,0.40191265546611077,0.5488316055788128
1001382,tight_aggressive,street|position|pot_band|lookup,turn,BB,64+,positive-mass-known-key,,,3,3,3,0,3,0,-58.333333333333336,402.0,0.0,0.38888888888888884,0.38888888888888884,0.2222222222222222
1001382,tight_aggressive,street|position|pot_band|lookup,turn,BB,<4,missing-key,,,1,0,1,1,0,0,1.0,,,0.0,0.3333333333333333,0.6666666666666666
1001382,tight_aggressive,street|position|pot_band|lookup,turn,BB,<4,positive-mass-known-key,,,18,18,18,11,7,0,-5.333333333333333,3774.222222222222,5.277777777777778,0.0,0.15151018212510098,0.848489817874899
1001382,tight_aggressive,street|position|pot_band|lookup,turn,BB,<4,zero-mass,,,1,1,1,1,0,0,1.0,0.0,1.0,0.0,0.3333333333333333,0.6666666666666666
1001382,tight_aggressive,street|position|pot_band|lookup,turn,BTN/SB,16-64,missing-key,,,5,0,5,0,5,0,-44.2,,,0.22999999999999998,0.22999999999999998,0.54
1001382,tight_aggressive,street|position|pot_band|lookup,turn,BTN/SB,16-64,positive-mass-known-key,,,16,16,16,1,15,0,-64.75,1859.6875,1.25,0.16744397869564576,0.300513162773196,0.5320428585311583
1001382,tight_aggressive,street|position|pot_band|lookup,turn,BTN/SB,16-64,zero-mass,,,2,2,2,1,1,0,-45.5,0.0,1.5,0.0,0.3333333333333333,0.6666666666666666
1001382,tight_aggressive,street|position|pot_band|lookup,turn,BTN/SB,4-16,missing-key,,,8,0,8,3,5,0,-3.375,,,0.15625,0.28125,0.5625
1001382,tight_aggressive,street|position|pot_band|lookup,turn,BTN/SB,4-16,positive-mass-known-key,,,38,38,38,14,24,0,-29.92105263157895,2936.6052631578946,5.0,0.14459571329332568,0.28314837743458116,0.5722559092720929
1001382,tight_aggressive,street|position|pot_band|lookup,turn,BTN/SB,4-16,zero-mass,,,5,5,5,1,4,0,-5.6,0.0,2.2,0.2,0.26666666666666666,0.5333333333333333
1001382,tight_aggressive,street|position|pot_band|lookup,turn,BTN/SB,64+,missing-key,,,9,0,9,0,9,0,-69.22222222222223,,,0.3703703703703704,0.40740740740740744,0.2222222222222222
1001382,tight_aggressive,street|position|pot_band|lookup,turn,BTN/SB,64+,positive-mass-known-key,,,7,7,7,0,7,0,-76.85714285714286,435.42857142857144,0.0,0.4047619047619047,0.4047619047619047,0.19047619047619047
1001382,tight_aggressive,street|position|pot_band|lookup,turn,BTN/SB,64+,zero-mass,,,1,1,1,0,1,0,-90.0,0.0,1.0,0.25,0.25,0.5
1001382,tight_aggressive,street|position|pot_band|lookup,turn,BTN/SB,<4,missing-key,,,15,0,15,14,1,0,1.7333333333333334,,,0.0,0.33333333333333326,0.6666666666666665
1001382,tight_aggressive,street|position|pot_band|lookup,turn,BTN/SB,<4,positive-mass-known-key,,,119,119,119,109,10,0,1.226890756302521,2295.4201680672268,1.5210084033613445,0.0,0.3368303206248721,0.6631696793751278
1001382,tight_aggressive,street|visit_band,flop,,,,0,,43,43,41,26,17,0,-26.976744186046513,876.0232558139535,0.0,0.09457364341085271,0.3174418604651164,0.5879844961240313
1001382,tight_aggressive,street|visit_band,flop,,,,1,,65,65,64,45,20,0,-16.93846153846154,710.3076923076923,1.0,0.048926660644368854,0.2146131585211517,0.7364601808344793
1001382,tight_aggressive,street|visit_band,flop,,,,10-99,,327,327,320,258,69,0,-6.18960244648318,11579.923547400611,27.39755351681957,0.027023958746337274,0.507652154876686,0.4653238863769775
1001382,tight_aggressive,street|visit_band,flop,,,,2-9,,175,175,172,135,40,0,-8.525714285714285,4029.902857142857,5.4,0.03833476783237664,0.3224413528089173,0.6392238793587068
1001382,tight_aggressive,street|visit_band,flop,,,,missing,,48,0,41,29,19,0,-17.270833333333332,,,0.11458333333333333,0.32812500000000006,0.5572916666666669
1001382,tight_aggressive,street|visit_band,preflop,,,,0,,159,159,140,80,79,0,-14.185534591194969,1208.4150943396226,0.0,0.20366876310272533,0.2728511530398323,0.5234800838574423
1001382,tight_aggressive,street|visit_band,preflop,,,,1,,249,249,240,153,94,2,-8.32730923694779,1128.8875502008032,1.0,0.1707049756894757,0.26377574170324963,0.565519282607275
1001382,tight_aggressive,street|visit_band,preflop,,,,10-99,,196,196,196,114,82,0,-1.2908163265306123,2374.6173469387754,10.58673469387755,0.3536872902691237,0.22081243072664736,0.4255002790042288
1001382,tight_aggressive,street|visit_band,preflop,,,,2-9,,1771,1771,1735,1160,611,0,-1.310841332580463,1785.274421230943,4.694522868435912,0.2740509448508787,0.2242371286307511,0.5017119265183689
1001382,tight_aggressive,street|visit_band,preflop,,,,missing,,30,0,27,17,13,0,-0.55,,,0.275,0.28611111111111115,0.4388888888888889
1001382,tight_aggressive,street|visit_band,river,,,,0,,51,51,48,37,14,0,-9.470588235294118,795.3137254901961,0.0,0.07352941176470588,0.3218954248366015,0.6045751633986932
1001382,tight_aggressive,street|visit_band,river,,,,1,,28,28,25,12,16,0,-39.42857142857143,794.6428571428571,1.0,0.13580588002960442,0.25730961314064205,0.6068845068297535
1001382,tight_aggressive,street|visit_band,river,,,,2-9,,23,23,23,5,18,0,-24.26086956521739,2070.521739130435,3.4347826086956523,0.16704208447873156,0.268616304944654,0.5643416105766142
1001382,tight_aggressive,street|visit_band,river,,,,missing,,39,0,34,12,27,0,-43.256410256410255,,,0.21196581196581193,0.3465811965811966,0.4414529914529914
1001382,tight_aggressive,street|visit_band,turn,,,,0,,63,63,52,30,33,0,-28.904761904761905,872.5238095238095,0.0,0.11666666666666665,0.323015873015873,0.5603174603174604
1001382,tight_aggressive,street|visit_band,turn,,,,1,,62,62,61,50,12,0,-8.596774193548388,2039.516129032258,1.0,0.02703053746383007,0.22917024799501443,0.7437992145411554
1001382,tight_aggressive,street|visit_band,turn,,,,10-99,,11,11,11,6,5,0,-6.454545454545454,6289.181818181818,13.181818181818182,0.19833970156355676,0.2565186499566002,0.5451416484798429
1001382,tight_aggressive,street|visit_band,turn,,,,2-9,,107,107,100,64,43,0,-17.598130841121495,3101.6728971962616,3.616822429906542,0.03849363507095627,0.3734661311171432,0.5880402338119006
1001382,tight_aggressive,street|visit_band,turn,,,,missing,,46,0,40,23,23,0,-21.369565217391305,,,0.13007246376811593,0.323913043478261,0.5460144927536232
1001382,loose_aggressive,lookup,,,,missing-key,,,682,0,428,220,451,11,-22.220674486803517,,,0.19237536656891502,0.32458455522971735,0.483040078201369
1001382,loose_aggressive,lookup,,,,positive-mass-known-key,,,6059,6059,2944,2784,3209,66,-12.76365736920284,4010.062386532431,6.177256973097871,0.14817629193453652,0.28650503172058434,0.5653186763448722
1001382,loose_aggressive,lookup,,,,zero-mass,,,234,234,191,91,143,0,-13.113247863247864,0.0,1.6965811965811965,0.16574074074074074,0.2864672364672368,0.5477920227920232
1001382,loose_aggressive,street,flop,,,,,,1651,1557,1410,827,808,16,-15.15687462144155,10366.942196531792,14.936416184971097,0.06559790656241912,0.34010418856755265,0.594297904870026
1001382,loose_aggressive,street,preflop,,,,,,3589,3463,2982,1693,1873,23,-9.276400111451657,1644.8937337568582,3.5532775050534218,0.21961953535497045,0.2570315144167369,0.5233489502282921
1001382,loose_aggressive,street,river,,,,,,718,476,552,229,473,16,-20.889972144846798,1267.0672268907563,0.9705882352941176,0.11458487462032163,0.30898834957807286,0.5764267758016094
1001382,loose_aggressive,street,turn,,,,,,1017,797,816,346,649,22,-21.870206489675518,2329.04391468005,2.260978670012547,0.08750726653269864,0.3131585365105921,0.5993341969567095
1001382,loose_aggressive,street|mass_band,flop,,,,,"(0,100)",8,8,8,2,6,0,-41.875,43.625,0.375,0.14375,0.26875,0.5874999999999999
1001382,loose_aggressive,street|mass_band,flop,,,,,0,30,30,26,14,16,0,0.6333333333333333,0.0,1.6333333333333333,0.1461111111111111,0.3044444444444444,0.5494444444444444
1001382,loose_aggressive,street|mass_band,flop,,,,,100-10k,956,956,856,466,479,11,-17.3755230125523,3675.2437238493726,6.4654811715481175,0.058838904045232135,0.31592337903256945,0.625237716922199
1001382,loose_aggressive,street|mass_band,flop,,,,,10k+,563,563,512,314,245,4,-11.099467140319716,22428.857904085256,30.236234458259325,0.05775989011363918,0.38890929242728617,0.5533308174590755
1001382,loose_aggressive,street|mass_band,flop,,,,,missing,94,0,77,31,62,1,-19.659574468085108,,,0.14893617021276598,0.31117021276595724,0.5398936170212765
1001382,loose_aggressive,street|mass_band,preflop,,,,,"(0,100)",34,34,31,12,22,0,-4.5588235294117645,38.11764705882353,1.0588235294117647,0.21029411764705883,0.2691176470588235,0.5205882352941176
1001382,loose_aggressive,street|mass_band,preflop,,,,,0,115,115,103,48,67,0,-10.639130434782608,0.0,1.6521739130434783,0.23144927536231882,0.26623188405797094,0.5023188405797102
1001382,loose_aggressive,street|mass_band,preflop,,,,,100-10k,3314,3314,2887,1587,1705,22,-9.003319251659626,1718.4583584791792,3.644840072420036,0.2169124459029335,0.2542102510284651,0.5288773030686006
1001382,loose_aggressive,street|mass_band,preflop,,,,,missing,126,0,105,46,79,1,-16.488095238095237,,,0.2825396825396825,0.3195767195767197,0.3978835978835981
1001382,loose_aggressive,street|mass_band,river,,,,,"(0,100)",17,17,17,5,11,1,-17.58823529411765,48.0,0.0,0.15,0.3215686274509804,0.5284313725490196
1001382,loose_aggressive,street|mass_band,river,,,,,0,43,43,40,13,30,0,-27.46511627906977,0.0,1.5813953488372092,0.06744186046511627,0.31356589147286823,0.6189922480620157
1001382,loose_aggressive,street|mass_band,river,,,,,100-10k,416,416,354,137,268,11,-18.528846153846153,1447.8557692307693,0.9471153846153846,0.07741652238154852,0.29516098156343373,0.627422496055015
1001382,loose_aggressive,street|mass_band,river,,,,,missing,242,0,192,74,164,4,-24.012396694214875,,,0.18436639118457301,0.331060606060606,0.48457300275482146
1001382,loose_aggressive,street|mass_band,turn,,,,,"(0,100)",16,16,16,3,13,0,-33.8125,51.0,0.9375,0.059375,0.309375,0.6312499999999999
1001382,loose_aggressive,street|mass_band,turn,,,,,0,46,46,41,16,30,0,-14.847826086956522,0.0,1.9565217391304348,0.10615942028985506,0.3000000000000001,0.593840579710145
1001382,loose_aggressive,street|mass_band,turn,,,,,100-10k,708,708,608,248,444,16,-21.39830508474576,2162.326271186441,2.1497175141242937,0.0652234793744179,0.2983595441704885,0.6364169764550955
1001382,loose_aggressive,street|mass_band,turn,,,,,10k+,27,27,27,10,16,1,-16.666666666666668,12018.703703703706,6.481481481481482,0.0,0.6207533713049607,0.3792466286950391
1001382,loose_aggressive,street|mass_band,turn,,,,,missing,220,0,176,69,146,5,-24.62727272727273,,,0.16810606060606068,0.3260606060606061,0.5058333333333338
1001382,loose_aggressive,street|position|pot_band|lookup,flop,BB,16-64,missing-key,,,11,0,10,3,8,0,-19.181818181818183,,,0.2,0.253030303030303,0.546969696969697
1001382,loose_aggressive,street|position|pot_band|lookup,flop,BB,16-64,positive-mass-known-key,,,91,91,88,32,59,0,-36.0989010989011,5767.428571428572,7.351648351648351,0.07719455387246953,0.23169179906630968,0.6911136470612208
1001382,loose_aggressive,street|position|pot_band|lookup,flop,BB,16-64,zero-mass,,,3,3,3,2,1,0,65.0,0.0,1.3333333333333333,0.15,0.2333333333333333,0.6166666666666667
1001382,loose_aggressive,street|position|pot_band|lookup,flop,BB,4-16,missing-key,,,22,0,20,5,17,0,-28.136363636363637,,,0.11363636363636363,0.2954545454545454,0.5909090909090908
1001382,loose_aggressive,street|position|pot_band|lookup,flop,BB,4-16,positive-mass-known-key,,,468,468,425,263,200,5,-14.072649572649572,17962.965811965812,17.11965811965812,0.03997060075064774,0.30928508395755067,0.650744315291802
1001382,loose_aggressive,street|position|pot_band|lookup,flop,BB,4-16,zero-mass,,,4,4,4,1,3,0,12.25,0.0,2.0,0.0625,0.3125,0.625
1001382,loose_aggressive,street|position|pot_band|lookup,flop,BB,64+,missing-key,,,10,0,9,1,9,0,-63.8,,,0.2916666666666667,0.3583333333333334,0.35
1001382,loose_aggressive,street|position|pot_band|lookup,flop,BB,64+,positive-mass-known-key,,,34,34,34,8,26,0,-47.529411764705884,2244.735294117647,2.588235294117647,0.17212255067346294,0.28505620200843,0.542821247318107
1001382,loose_aggressive,street|position|pot_band|lookup,flop,BB,64+,zero-mass,,,3,3,2,1,2,0,-33.333333333333336,0.0,1.0,0.25,0.3611111111111111,0.38888888888888884
1001382,loose_aggressive,street|position|pot_band|lookup,flop,BB,<4,missing-key,,,6,0,6,3,3,0,-3.8333333333333335,,,0.0,0.3333333333333333,0.6666666666666666
1001382,loose_aggressive,street|position|pot_band|lookup,flop,BB,<4,positive-mass-known-key,,,215,215,215,112,100,3,-10.855813953488372,10951.8,26.190697674418605,0.0,0.5082853327623509,0.49171466723764906
1001382,loose_aggressive,street|position|pot_band|lookup,flop,BB,<4,zero-mass,,,4,4,4,3,1,0,-4.0,0.0,1.0,0.0,0.3333333333333333,0.6666666666666666
1001382,loose_aggressive,street|position|pot_band|lookup,flop,BTN/SB,16-64,missing-key,,,15,0,15,6,9,0,1.6666666666666667,,,0.12000000000000001,0.25333333333333335,0.6266666666666667
1001382,loose_aggressive,street|position|pot_band|lookup,flop,BTN/SB,16-64,positive-mass-known-key,,,73,73,71,27,46,0,-25.28767123287671,3504.7671232876714,5.6438356164383565,0.10142746249763926,0.20985211740829757,0.6887204200940632
1001382,loose_aggressive,street|position|pot_band|lookup,flop,BTN/SB,16-64,zero-mass,,,9,9,8,3,6,0,0.0,0.0,2.3333333333333335,0.15,0.24259259259259258,0.6074074074074074
1001382,loose_aggressive,street|position|pot_band|lookup,flop,BTN/SB,4-16,missing-key,,,13,0,13,7,5,1,-6.076923076923077,,,0.09615384615384616,0.3012820512820513,0.6025641025641026
1001382,loose_aggressive,street|position|pot_band|lookup,flop,BTN/SB,4-16,positive-mass-known-key,,,390,390,382,193,194,3,-11.492307692307692,7777.864102564103,10.430769230769231,0.11493506304265781,0.2647238681610748,0.6203410687962667
1001382,loose_aggressive,street|position|pot_band|lookup,flop,BTN/SB,4-16,zero-mass,,,4,4,4,3,1,0,-19.75,0.0,1.5,0.0625,0.31249999999999994,0.6249999999999999
1001382,loose_aggressive,street|position|pot_band|lookup,flop,BTN/SB,64+,missing-key,,,10,0,10,3,7,0,-30.1,,,0.33333333333333337,0.4333333333333334,0.2333333333333333
1001382,loose_aggressive,street|position|pot_band|lookup,flop,BTN/SB,64+,positive-mass-known-key,,,29,29,28,5,23,1,-51.89655172413793,1144.655172413793,1.6896551724137931,0.2105799577814113,0.3150900704603014,0.47432997175828734
1001382,loose_aggressive,street|position|pot_band|lookup,flop,BTN/SB,64+,zero-mass,,,3,3,3,1,2,0,-10.0,0.0,1.0,0.4444444444444444,0.4444444444444444,0.1111111111111111
1001382,loose_aggressive,street|position|pot_band|lookup,flop,BTN/SB,<4,missing-key,,,7,0,7,3,4,0,-0.2857142857142857,,,0.0,0.3333333333333333,0.6666666666666666
1001382,loose_aggressive,street|position|pot_band|lookup,flop,BTN/SB,<4,positive-mass-known-key,,,227,227,227,142,82,3,-6.788546255506608,6416.11013215859,18.845814977973568,0.0,0.48734328799719695,0.5126567120028028
1001382,loose_aggressive,street|position|pot_band|lookup,preflop,BB,16-64,missing-key,,,25,0,25,6,19,0,-33.76,,,0.22200000000000006,0.22200000000000006,0.5559999999999998
1001382,loose_aggressive,street|position|pot_band|lookup,preflop,BB,16-64,positive-mass-known-key,,,98,98,98,22,75,1,-30.153061224489797,958.9081632653061,0.5306122448979592,0.17112732780363205,0.2448298283817156,0.5840428438146525
1001382,loose_aggressive,street|position|pot_band|lookup,preflop,BB,16-64,zero-mass,,,8,8,8,2,6,0,-4.0,0.0,1.625,0.23124999999999998,0.23124999999999998,0.5375000000000001
1001382,loose_aggressive,street|position|pot_band|lookup,preflop,BB,4-16,missing-key,,,4,0,4,2,2,0,-13.75,,,0.25,0.25,0.5
1001382,loose_aggressive,street|position|pot_band|lookup,preflop,BB,4-16,positive-mass-known-key,,,326,326,326,84,241,1,-19.24846625766871,1813.9509202453987,1.460122699386503,0.25562779672405206,0.2590448389718873,0.48532736430406115
1001382,loose_aggressive,street|position|pot_band|lookup,preflop,BB,4-16,zero-mass,,,7,7,7,3,4,0,-1.0,0.0,1.5714285714285714,0.25,0.25,0.5
1001382,loose_aggressive,street|position|pot_band|lookup,preflop,BB,64+,missing-key,,,36,0,36,10,26,0,-29.77777777777778,,,0.45370370370370366,0.45370370370370366,0.0925925925925926
1001382,loose_aggressive,street|position|pot_band|lookup,preflop,BB,64+,positive-mass-known-key,,,24,24,24,3,21,0,-47.416666666666664,576.0,0.2916666666666667,0.375,0.5,0.125
1001382,loose_aggressive,street|position|pot_band|lookup,preflop,BB,64+,zero-mass,,,5,5,5,2,3,0,-9.0,0.0,1.2,0.4666666666666666,0.4666666666666666,0.06666666666666667
1001382,loose_aggressive,street|position|pot_band|lookup,preflop,BB,<4,missing-key,,,14,0,14,11,3,0,8.142857142857142,,,0.0,0.3333333333333333,0.6666666666666666
1001382,loose_aggressive,street|position|pot_band|lookup,preflop,BB,<4,positive-mass-known-key,,,596,596,596,358,230,8,-10.478187919463087,1878.486577181208,1.162751677852349,0.0,0.3336922416933237,0.6663077583066785
1001382,loose_aggressive,street|position|pot_band|lookup,preflop,BB,<4,zero-mass,,,12,12,12,6,6,0,-13.083333333333334,0.0,1.0,0.0,0.3333333333333333,0.6666666666666666
1001382,loose_aggressive,street|position|pot_band|lookup,preflop,BTN/SB,16-64,missing-key,,,19,0,19,7,12,0,6.157894736842105,,,0.22631578947368425,0.22631578947368425,0.5473684210526315
1001382,loose_aggressive,street|position|pot_band|lookup,preflop,BTN/SB,16-64,positive-mass-known-key,,,28,28,28,8,19,1,-25.714285714285715,623.8571428571429,0.35714285714285715,0.17500000000000004,0.21927062324910598,0.605729376750894
1001382,loose_aggressive,street|position|pot_band|lookup,preflop,BTN/SB,16-64,zero-mass,,,9,9,9,0,9,0,-42.111111111111114,0.0,1.3333333333333333,0.23333333333333328,0.23333333333333328,0.5333333333333334
1001382,loose_aggressive,street|position|pot_band|lookup,preflop,BTN/SB,4-16,missing-key,,,8,0,8,3,5,0,9.375,,,0.25,0.25,0.5
1001382,loose_aggressive,street|position|pot_band|lookup,preflop,BTN/SB,4-16,positive-mass-known-key,,,241,241,241,93,146,2,-13.510373443983402,1166.1369294605809,2.1825726141078836,0.1415336552373889,0.2954225323866995,0.5630438123759117
1001382,loose_aggressive,street|position|pot_band|lookup,preflop,BTN/SB,4-16,zero-mass,,,32,32,32,14,18,0,-18.9375,0.0,2.0,0.25,0.25,0.5
1001382,loose_aggressive,street|position|pot_band|lookup,preflop,BTN/SB,64+,missing-key,,,15,0,14,4,10,1,-28.0,,,0.3444444444444444,0.3444444444444444,0.3111111111111111
1001382,loose_aggressive,street|position|pot_band|lookup,preflop,BTN/SB,64+,positive-mass-known-key,,,33,33,30,9,24,0,-32.27272727272727,788.7272727272727,0.5454545454545454,0.22515048281557712,0.278835091207133,0.49601442597728984
1001382,loose_aggressive,street|position|pot_band|lookup,preflop,BTN/SB,64+,zero-mass,,,1,1,1,0,1,0,-27.0,0.0,1.0,0.3333333333333333,0.3333333333333333,0.3333333333333333
1001382,loose_aggressive,street|position|pot_band|lookup,preflop,BTN/SB,<4,missing-key,,,5,0,5,3,2,0,1.5,,,0.25,0.25,0.5
1001382,loose_aggressive,street|position|pot_band|lookup,preflop,BTN/SB,<4,positive-mass-known-key,,,2002,2002,2002,1022,971,9,-4.164835164835165,1774.7297702297703,5.161338661338661,0.28494162288731223,0.22264849620722382,0.4924098809054627
1001382,loose_aggressive,street|position|pot_band|lookup,preflop,BTN/SB,<4,zero-mass,,,41,41,41,21,20,0,0.7195121951219512,0.0,1.7317073170731707,0.25,0.25,0.5
1001382,loose_aggressive,street|position|pot_band|lookup,river,BB,16-64,missing-key,,,46,0,40,11,34,1,-37.608695652173914,,,0.09782608695652176,0.2789855072463769,0.6231884057971017
1001382,loose_aggressive,street|position|pot_band|lookup,river,BB,16-64,positive-mass-known-key,,,89,89,80,24,63,2,-26.03370786516854,1340.8202247191011,0.6629213483146067,0.055216205296225944,0.2272893936428944,0.7174944010608796
1001382,loose_aggressive,street|position|pot_band|lookup,river,BB,16-64,zero-mass,,,13,13,12,3,10,0,-29.46153846153846,0.0,1.7692307692307692,0.03461538461538462,0.29102564102564105,0.6743589743589743
1001382,loose_aggressive,street|position|pot_band|lookup,river,BB,4-16,missing-key,,,19,0,18,6,12,1,-12.105263157894736,,,0.06578947368421052,0.31140350877192974,0.6228070175438595
1001382,loose_aggressive,street|position|pot_band|lookup,river,BB,4-16,positive-mass-known-key,,,126,126,115,47,77,2,-12.936507936507937,2367.3015873015875,1.9523809523809523,0.02545159979875384,0.29459244649468247,0.6799559537065639
1001382,loose_aggressive,street|position|pot_band|lookup,river,BB,4-16,zero-mass,,,5,5,5,3,2,0,-3.2,0.0,1.8,0.0,0.3333333333333333,0.6666666666666666
1001382,loose_aggressive,street|position|pot_band|lookup,river,BB,64+,missing-key,,,55,0,50,9,46,0,-46.03636363636364,,,0.31969696969696976,0.3863636363636364,0.29393939393939394
1001382,loose_aggressive,street|position|pot_band|lookup,river,BB,64+,positive-mass-known-key,,,21,21,18,5,13,3,-32.61904761904762,391.6666666666667,0.19047619047619047,0.23015873015873015,0.4126984126984127,0.3571428571428572
1001382,loose_aggressive,street|position|pot_band|lookup,river,BB,64+,zero-mass,,,5,5,4,0,5,0,-57.8,0.0,1.4,0.1,0.36666666666666664,0.5333333333333333
1001382,loose_aggressive,street|position|pot_band|lookup,river,BB,<4,missing-key,,,2,0,2,2,0,0,2.0,,,0.0,0.3333333333333333,0.6666666666666666
1001382,loose_aggressive,street|position|pot_band|lookup,river,BB,<4,positive-mass-known-key,,,6,6,6,2,4,0,0.0,898.1666666666666,1.6666666666666667,0.0,0.40649585622690304,0.5935041437730969
1001382,loose_aggressive,street|position|pot_band|lookup,river,BB,<4,zero-mass,,,6,6,6,1,5,0,-10.166666666666666,0.0,2.1666666666666665,0.0,0.3333333333333333,0.6666666666666666
1001382,loose_aggressive,street|position|pot_band|lookup,river,BTN/SB,16-64,missing-key,,,49,0,47,19,30,0,-4.775510204081633,,,0.0959183673469388,0.2693877551020408,0.6346938775510208
1001382,loose_aggressive,street|position|pot_band|lookup,river,BTN/SB,16-64,positive-mass-known-key,,,51,51,51,12,38,1,-22.0,627.2941176470588,0.23529411764705882,0.1148143811530535,0.2414411504816257,0.6437444683653212
1001382,loose_aggressive,street|position|pot_band|lookup,river,BTN/SB,16-64,zero-mass,,,7,7,7,2,5,0,-48.57142857142857,0.0,1.1428571428571428,0.17142857142857143,0.25476190476190474,0.5738095238095238
1001382,loose_aggressive,street|position|pot_band|lookup,river,BTN/SB,4-16,missing-key,,,25,0,25,16,9,0,1.44,,,0.06,0.31333333333333324,0.6266666666666665
1001382,loose_aggressive,street|position|pot_band|lookup,river,BTN/SB,4-16,positive-mass-known-key,,,88,88,88,34,53,1,-7.443181818181818,1183.8863636363637,0.625,0.07134768211262928,0.35023208590056965,0.5784202319868006
1001382,loose_aggressive,street|position|pot_band|lookup,river,BTN/SB,4-16,zero-mass,,,3,3,3,1,2,0,0.0,0.0,1.3333333333333333,0.08333333333333333,0.3055555555555555,0.611111111111111
1001382,loose_aggressive,street|position|pot_band|lookup,river,BTN/SB,64+,missing-key,,,42,0,41,9,31,2,-26.761904761904763,,,0.3591269841269842,0.4067460317460319,0.23412698412698418
1001382,loose_aggressive,street|position|pot_band|lookup,river,BTN/SB,64+,positive-mass-known-key,,,34,34,34,6,27,1,-41.94117647058823,591.7058823529412,0.029411764705882353,0.2843137254901961,0.36274509803921573,0.35294117647058826
1001382,loose_aggressive,street|position|pot_band|lookup,river,BTN/SB,64+,zero-mass,,,1,1,1,0,1,0,-100.0,0.0,1.0,0.5,0.5,0.0
1001382,loose_aggressive,street|position|pot_band|lookup,river,BTN/SB,<4,missing-key,,,4,0,4,2,2,0,-0.25,,,0.0,0.3333333333333333,0.6666666666666666
1001382,loose_aggressive,street|position|pot_band|lookup,river,BTN/SB,<4,positive-mass-known-key,,,18,18,18,12,4,2,-9.555555555555555,866.9444444444445,0.3888888888888889,0.0,0.24074074074074073,0.7592592592592591
1001382,loose_aggressive,street|position|pot_band|lookup,river,BTN/SB,<4,zero-mass,,,3,3,3,3,0,0,2.6666666666666665,0.0,1.0,0.0,0.3333333333333333,0.6666666666666666
1001382,loose_aggressive,street|position|pot_band|lookup,turn,BB,16-64,missing-key,,,36,0,33,8,28,0,-34.47222222222222,,,0.13611111111111113,0.2611111111111111,0.6027777777777779
1001382,loose_aggressive,street|position|pot_band|lookup,turn,BB,16-64,positive-mass-known-key,,,96,96,85,21,73,2,-38.114583333333336,1935.0729166666667,1.0104166666666667,0.06987908213790782,0.25422442373091575,0.6758964941311761
1001382,loose_aggressive,street|position|pot_band|lookup,turn,BB,16-64,zero-mass,,,6,6,6,2,4,0,-28.166666666666668,0.0,3.5,0.03333333333333333,0.2972222222222222,0.6694444444444444
1001382,loose_aggressive,street|position|pot_band|lookup,turn,BB,4-16,missing-key,,,28,0,27,13,15,0,-10.321428571428571,,,0.044642857142857144,0.31845238095238093,0.6369047619047619
1001382,loose_aggressive,street|position|pot_band|lookup,turn,BB,4-16,positive-mass-known-key,,,229,229,216,77,144,8,-18.69868995633188,3372.650655021834,2.982532751091703,0.03211397149403665,0.37597729408075015,0.5919087344252136
1001382,loose_aggressive,street|position|pot_band|lookup,turn,BB,4-16,zero-mass,,,6,6,5,5,1,0,43.166666666666664,0.0,1.3333333333333333,0.08333333333333333,0.3055555555555555,0.611111111111111
1001382,loose_aggressive,street|position|pot_band|lookup,turn,BB,64+,missing-key,,,37,0,35,7,29,1,-44.972972972972975,,,0.3536036036036037,0.4166666666666668,0.22972972972972974
1001382,loose_aggressive,street|position|pot_band|lookup,turn,BB,64+,positive-mass-known-key,,,32,32,31,3,28,1,-59.9375,1088.15625,0.28125,0.25345665171898357,0.3412355230310813,0.4053078252499352
1001382,loose_aggressive,street|position|pot_band|lookup,turn,BB,64+,zero-mass,,,2,2,2,0,2,0,-74.0,0.0,1.5,0.5,0.5,0.0
1001382,loose_aggressive,street|position|pot_band|lookup,turn,BB,<4,missing-key,,,3,0,3,2,1,0,0.0,,,0.0,0.3333333333333333,0.6666666666666666
1001382,loose_aggressive,street|position|pot_band|lookup,turn,BB,<4,positive-mass-known-key,,,80,80,80,40,39,1,-11.65,3214.95,4.575,0.0,0.18715479833961596,0.812845201660384
1001382,loose_aggressive,street|position|pot_band|lookup,turn,BB,<4,zero-mass,,,3,3,3,3,0,0,4.0,0.0,1.0,0.0,0.3333333333333333,0.6666666666666666
1001382,loose_aggressive,street|position|pot_band|lookup,turn,BTN/SB,16-64,missing-key,,,39,0,38,15,22,2,-5.205128205128205,,,0.108974358974359,0.2692307692307693,0.621794871794872
1001382,loose_aggressive,street|position|pot_band|lookup,turn,BTN/SB,16-64,positive-mass-known-key,,,62,62,62,12,50,0,-32.41935483870968,1506.0806451612902,0.43548387096774194,0.1103499754085693,0.25309835858622143,0.6365516660052094
1001382,loose_aggressive,street|position|pot_band|lookup,turn,BTN/SB,16-64,zero-mass,,,12,12,12,3,9,0,-17.25,0.0,1.0833333333333333,0.09166666666666667,0.25833333333333336,0.65
1001382,loose_aggressive,street|position|pot_band|lookup,turn,BTN/SB,4-16,missing-key,,,39,0,39,17,20,2,-8.051282051282051,,,0.08333333333333333,0.3055555555555556,0.6111111111111112
1001382,loose_aggressive,street|position|pot_band|lookup,turn,BTN/SB,4-16,positive-mass-known-key,,,166,166,165,61,102,3,-12.144578313253012,2058.7048192771085,2.5301204819277108,0.08628737588746271,0.303174835819235,0.6105377882933029
1001382,loose_aggressive,street|position|pot_band|lookup,turn,BTN/SB,4-16,zero-mass,,,15,15,15,3,12,0,-15.333333333333334,0.0,2.6666666666666665,0.1,0.3,0.6
1001382,loose_aggressive,street|position|pot_band|lookup,turn,BTN/SB,64+,missing-key,,,32,0,30,4,28,0,-53.28125,,,0.3203125,0.39322916666666674,0.28645833333333337
1001382,loose_aggressive,street|position|pot_band|lookup,turn,BTN/SB,64+,positive-mass-known-key,,,12,12,10,0,12,0,-78.33333333333333,796.25,0.16666666666666666,0.3158096926713948,0.3435874704491726,0.34060283687943266
1001382,loose_aggressive,street|position|pot_band|lookup,turn,BTN/SB,64+,zero-mass,,,2,2,2,0,2,0,-100.0,0.0,1.0,0.29166666666666663,0.29166666666666663,0.41666666666666663
1001382,loose_aggressive,street|position|pot_band|lookup,turn,BTN/SB,<4,missing-key,,,6,0,6,3,3,0,-0.3333333333333333,,,0.0,0.3333333333333333,0.6666666666666666
1001382,loose_aggressive,street|position|pot_band|lookup,turn,BTN/SB,<4,positive-mass-known-key,,,74,74,74,47,25,2,-5.1891891891891895,2181.7567567567567,1.4594594594594594,0.0,0.35689813577549845,0.6431018642245009
1001382,loose_aggressive,street|visit_band,flop,,,,0,,119,119,114,49,70,0,-15.277310924369749,1202.7478991596638,0.0,0.11988795518207283,0.30266106442577023,0.5774509803921566
1001382,loose_aggressive,street|visit_band,flop,,,,1,,152,152,143,61,89,2,-19.164473684210527,2000.4473684210527,1.0,0.07096381192675424,0.2641254089266479,0.6649107791465974
1001382,loose_aggressive,street|visit_band,flop,,,,10-99,,709,709,674,392,313,4,-11.486600846262341,17857.162200282088,28.48942172073343,0.05550789855871129,0.4137893342423375,0.5307027671989523
1001382,loose_aggressive,street|visit_band,flop,,,,2-9,,577,577,543,294,274,9,-17.852686308492203,5257.202772963605,5.034662045060658,0.05180914658040639,0.2820132556736519,0.6661775977459427
1001382,loose_aggressive,street|visit_band,flop,,,,missing,,94,0,77,31,62,1,-19.659574468085108,,,0.14893617021276598,0.31117021276595724,0.5398936170212765
1001382,loose_aggressive,street|visit_band,preflop,,,,0,,472,472,421,178,291,3,-17.41843220338983,1322.0783898305085,0.0,0.15911016949152557,0.2904661016949148,0.5504237288135576
1001382,loose_aggressive,street|visit_band,preflop,,,,1,,620,620,566,283,331,6,-14.39516129032258,1420.7048387096775,1.0,0.1215063191818191,0.2990632892165589,0.5794303916016218
1001382,loose_aggressive,street|visit_band,preflop,,,,10-99,,194,194,192,102,91,1,-2.3737113402061856,2256.726804123711,10.551546391752577,0.3287688935031371,0.25841891738528683,0.4128121891115761
1001382,loose_aggressive,street|visit_band,preflop,,,,2-9,,2177,2177,2024,1084,1081,12,-6.251033532384015,1724.2094625631603,4.4271933853927425,0.24731255358596727,0.23406841032980472,0.5186190360842249
1001382,loose_aggressive,street|visit_band,preflop,,,,missing,,126,0,105,46,79,1,-16.488095238095237,,,0.2825396825396825,0.3195767195767197,0.3978835978835981
1001382,loose_aggressive,street|visit_band,river,,,,0,,262,262,238,90,162,10,-18.427480916030536,1015.2557251908397,0.0,0.10133587786259537,0.3169847328244273,0.5816793893129769
1001382,loose_aggressive,street|visit_band,river,,,,1,,103,103,96,36,65,2,-24.601941747572816,938.3300970873786,1.0,0.06767488762507443,0.23510082148044464,0.6972242908944808
1001382,loose_aggressive,street|visit_band,river,,,,10-99,,2,2,2,0,2,0,-3.5,2071.0,10.0,0.0,0.5820071107106095,0.4179928892893904
1001382,loose_aggressive,street|visit_band,river,,,,2-9,,109,109,106,29,80,0,-16.68807339449541,2168.229357798165,3.110091743119266,0.037933576929738796,0.305574032077814,0.656492390992447
1001382,loose_aggressive,street|visit_band,river,,,,missing,,242,0,192,74,164,4,-24.012396694214875,,,0.18436639118457301,0.331060606060606,0.48457300275482146
1001382,loose_aggressive,street|visit_band,turn,,,,0,,301,301,268,98,197,6,-23.691029900332225,1255.717607973422,0.0,0.09307862679955699,0.3123477297895898,0.5945736434108517
1001382,loose_aggressive,street|visit_band,turn,,,,1,,166,166,160,63,99,4,-20.927710843373493,1897.9578313253012,1.0,0.061071515455856325,0.26840220538773074,0.6705262791564137
1001382,loose_aggressive,street|visit_band,turn,,,,10-99,,42,42,42,11,31,0,-6.523809523809524,5126.547619047619,12.166666666666666,0.10389222462852972,0.3857321671651229,0.5103756082063475
1001382,loose_aggressive,street|visit_band,turn,,,,2-9,,288,288,269,105,176,7,-20.64236111111111,3291.3229166666665,3.90625,0.0329636981377921,0.3193635920693548,0.6476727097928531
1001382,loose_aggressive,street|visit_band,turn,,,,missing,,220,0,176,69,146,5,-24.62727272727273,,,0.16810606060606068,0.3260606060606061,0.5058333333333338
1001382,pot_pressure,lookup,,,,missing-key,,,980,0,583,392,580,8,-15.988775510204082,,,0.23532312925170037,0.2881292517006801,0.4765476190476206
1001382,pot_pressure,lookup,,,,positive-mass-known-key,,,3243,3243,2405,2037,1203,3,-3.446962688868332,3285.279062596361,6.3771199506629666,0.19594766918772866,0.26999129950397155,0.5340610313082972
1001382,pot_pressure,lookup,,,,zero-mass,,,81,81,77,39,42,0,-15.265432098765432,0.0,1.691358024691358,0.19135802469135801,0.2777777777777778,0.5308641975308643
1001382,pot_pressure,street,flop,,,,,,834,528,741,563,268,3,-6.902877697841727,10867.797348484848,18.064393939393938,0.07950567968419565,0.34947562905576357,0.5710186912600431
1001382,pot_pressure,street,preflop,,,,,,2936,2558,2453,1630,1303,3,-5.104564032697548,1663.1481626270524,4.204065676309617,0.2558550252764505,0.24299962030342648,0.5011453544201209
1001382,pot_pressure,street,river,,,,,,160,57,124,70,89,1,-13.175,1663.5263157894738,1.1929824561403508,0.15281249999999993,0.31102881797302345,0.5361586820269768
1001382,pot_pressure,street,turn,,,,,,374,181,314,205,165,4,-13.989304812834225,3131.5414364640883,2.5303867403314917,0.1059541892358121,0.33629486694918137,0.5577509438150048
1001382,pot_pressure,street|mass_band,flop,,,,,"(0,100)",4,4,4,2,2,0,-20.75,52.5,0.75,0.125,0.37499999999999994,0.5
1001382,pot_pressure,street|mass_band,flop,,,,,0,6,6,6,6,0,0,2.8333333333333335,0.0,1.5,0.0,0.3333333333333333,0.6666666666666666
1001382,pot_pressure,street|mass_band,flop,,,,,100-10k,313,313,308,249,63,1,-5.431309904153355,3705.0447284345046,6.65814696485623,0.00881066088376717,0.35754914308242136,0.6336401960338112
1001382,pot_pressure,street|mass_band,flop,,,,,10k+,205,205,205,157,48,0,-4.351219512195122,22333.20975609756,36.302439024390246,0.0,0.4414624041351636,0.5585375958648365
1001382,pot_pressure,street|mass_band,flop,,,,,missing,306,0,274,149,155,2,-10.127450980392156,,,0.20604575163398708,0.27957516339869287,0.51437908496732
1001382,pot_pressure,street|mass_band,preflop,,,,,"(0,100)",22,22,22,11,11,0,1.2272727272727273,33.63636363636363,0.18181818181818182,0.22727272727272727,0.25757575757575757,0.5151515151515151
1001382,pot_pressure,street|mass_band,preflop,,,,,0,66,66,64,29,37,0,-15.446969696969697,0.0,1.6363636363636365,0.23484848484848486,0.26515151515151514,0.5
1001382,pot_pressure,street|mass_band,preflop,,,,,100-10k,2470,2470,2372,1450,1018,2,-3.1536437246963565,1722.1024291497977,4.3085020242914975,0.2535453525823177,0.2369150682365147,0.5095395791811658
1001382,pot_pressure,street|mass_band,preflop,,,,,missing,378,0,297,140,237,1,-16.415343915343914,,,0.27627865961199316,0.27804232804232826,0.4456790123456786
1001382,pot_pressure,street|mass_band,river,,,,,"(0,100)",3,3,2,3,0,0,33.666666666666664,48.0,0.0,0.08333333333333333,0.3055555555555555,0.611111111111111
1001382,pot_pressure,street|mass_band,river,,,,,0,4,4,4,2,2,0,-5.25,0.0,2.5,0.0,0.3333333333333333,0.6666666666666666
1001382,pot_pressure,street|mass_band,river,,,,,100-10k,50,50,50,32,18,0,-4.48,1893.54,1.16,0.0,0.30295888418034095,0.6970411158196593
1001382,pot_pressure,street|mass_band,river,,,,,missing,103,0,82,33,69,1,-19.067961165048544,,,0.2349514563106795,0.31423948220064707,0.4508090614886732
1001382,pot_pressure,street|mass_band,turn,,,,,"(0,100)",3,3,3,3,0,0,2.0,37.333333333333336,0.3333333333333333,0.0,0.3333333333333333,0.6666666666666666
1001382,pot_pressure,street|mass_band,turn,,,,,0,5,5,5,2,3,0,-42.6,0.0,2.0,0.0,0.3333333333333333,0.6666666666666666
1001382,pot_pressure,street|mass_band,turn,,,,,100-10k,158,158,156,119,39,0,-3.3734177215189876,2443.0,2.2025316455696204,0.004389452157344214,0.3408632213530013,0.6547473264896551
1001382,pot_pressure,street|mass_band,turn,,,,,10k+,15,15,15,11,4,0,-6.066666666666666,12046.866666666667,6.6,0.0,0.6600816399035436,0.3399183600964564
1001382,pot_pressure,street|mass_band,turn,,,,,missing,193,0,153,70,119,4,-22.803108808290155,,,0.20172711571675303,0.30751295336787604,0.4907599309153715
1001382,pot_pressure,street|position|pot_band|lookup,flop,BB,16-64,missing-key,,,32,0,32,12,20,0,-23.65625,,,0.15625000000000003,0.23437500000000003,0.609375
1001382,pot_pressure,street|position|pot_band|lookup,flop,BB,16-64,positive-mass-known-key,,,4,4,4,3,1,0,9.0,8647.25,13.5,0.0,0.359676248268695,0.6403237517313051
1001382,pot_pressure,street|position|pot_band|lookup,flop,BB,4-16,missing-key,,,27,0,27,16,10,1,-15.481481481481481,,,0.23148148148148148,0.2561728395061728,0.5123456790123456
1001382,pot_pressure,street|position|pot_band|lookup,flop,BB,4-16,positive-mass-known-key,,,164,164,164,118,46,0,-8.176829268292684,19706.615853658535,21.402439024390244,0.007669127174506853,0.285450351000132,0.7068805218253613
1001382,pot_pressure,street|position|pot_band|lookup,flop,BB,4-16,zero-mass,,,3,3,3,3,0,0,4.333333333333333,0.0,2.0,0.0,0.3333333333333333,0.6666666666666666
1001382,pot_pressure,street|position|pot_band|lookup,flop,BB,64+,missing-key,,,25,0,22,4,21,0,-43.44,,,0.2333333333333333,0.4066666666666666,0.36
1001382,pot_pressure,street|position|pot_band|lookup,flop,BB,64+,positive-mass-known-key,,,4,4,4,0,4,0,-67.0,2451.75,0.75,0.5,0.5,0.0
1001382,pot_pressure,street|position|pot_band|lookup,flop,BB,<4,positive-mass-known-key,,,59,59,59,47,11,1,-7.067796610169491,10984.169491525423,26.084745762711865,0.0,0.45719862498779257,0.5428013750122076
1001382,pot_pressure,street|position|pot_band|lookup,flop,BTN/SB,16-64,missing-key,,,48,0,48,22,25,1,-2.7708333333333335,,,0.19895833333333332,0.23368055555555547,0.5673611111111114
1001382,pot_pressure,street|position|pot_band|lookup,flop,BTN/SB,16-64,positive-mass-known-key,,,18,18,18,14,4,0,9.5,2265.3333333333335,10.11111111111111,0.0,0.2942621753630168,0.7057378246369831
1001382,pot_pressure,street|position|pot_band|lookup,flop,BTN/SB,4-16,missing-key,,,142,0,142,75,67,0,-4.619718309859155,,,0.20774647887323944,0.26408450704225356,0.5281690140845071
1001382,pot_pressure,street|position|pot_band|lookup,flop,BTN/SB,4-16,positive-mass-known-key,,,58,58,58,42,16,0,-4.413793103448276,7995.120689655172,7.810344827586207,0.0,0.29779103793609357,0.7022089620639063
1001382,pot_pressure,street|position|pot_band|lookup,flop,BTN/SB,4-16,zero-mass,,,1,1,1,1,0,0,2.0,0.0,1.0,0.0,0.3333333333333333,0.6666666666666666
1001382,pot_pressure,street|position|pot_band|lookup,flop,BTN/SB,64+,missing-key,,,19,0,19,8,11,0,-0.6842105263157895,,,0.3640350877192982,0.4166666666666666,0.2192982456140351
1001382,pot_pressure,street|position|pot_band|lookup,flop,BTN/SB,64+,positive-mass-known-key,,,5,5,5,2,3,0,-23.2,895.4,1.6,0.0,0.1493337502249118,0.8506662497750881
1001382,pot_pressure,street|position|pot_band|lookup,flop,BTN/SB,<4,missing-key,,,13,0,13,12,1,0,-2.769230769230769,,,0.0,0.3333333333333333,0.6666666666666666
1001382,pot_pressure,street|position|pot_band|lookup,flop,BTN/SB,<4,positive-mass-known-key,,,210,210,210,182,28,0,-2.3047619047619046,6213.714285714285,18.0,0.0,0.49223869091989564,0.5077613090801043
1001382,pot_pressure,street|position|pot_band|lookup,flop,BTN/SB,<4,zero-mass,,,2,2,2,2,0,0,1.0,0.0,1.0,0.0,0.3333333333333333,0.6666666666666666
1001382,pot_pressure,street|position|pot_band|lookup,preflop,BB,16-64,missing-key,,,95,0,95,21,74,0,-27.54736842105263,,,0.2284210526315788,0.2284210526315788,0.5431578947368425
1001382,pot_pressure,street|position|pot_band|lookup,preflop,BB,4-16,missing-key,,,5,0,5,1,4,0,-2.8,,,0.25,0.25,0.5
1001382,pot_pressure,street|position|pot_band|lookup,preflop,BB,4-16,positive-mass-known-key,,,204,204,204,55,149,0,-15.426470588235293,1722.9558823529412,1.3872549019607843,0.27649113733798647,0.2531418025970804,0.4703670600649329
1001382,pot_pressure,street|position|pot_band|lookup,preflop,BB,4-16,zero-mass,,,2,2,2,0,2,0,-53.5,0.0,2.0,0.25,0.25,0.5
1001382,pot_pressure,street|position|pot_band|lookup,preflop,BB,64+,missing-key,,,27,0,27,6,21,0,-38.888888888888886,,,0.49382716049382713,0.49382716049382713,0.012345679012345678
1001382,pot_pressure,street|position|pot_band|lookup,preflop,BB,64+,positive-mass-known-key,,,2,2,2,0,2,0,-62.0,802.0,0.0,0.41666666666666663,0.41666666666666663,0.16666666666666666
1001382,pot_pressure,street|position|pot_band|lookup,preflop,BB,64+,zero-mass,,,2,2,2,0,2,0,-92.0,0.0,1.0,0.5,0.5,0.0
1001382,pot_pressure,street|position|pot_band|lookup,preflop,BB,<4,missing-key,,,2,0,2,2,0,0,8.5,,,0.0,0.3333333333333333,0.6666666666666666
1001382,pot_pressure,street|position|pot_band|lookup,preflop,BB,<4,positive-mass-known-key,,,191,191,191,155,35,1,-6.183246073298429,1849.2722513089004,1.0,0.0,0.3126275230191502,0.687372476980851
1001382,pot_pressure,street|position|pot_band|lookup,preflop,BB,<4,zero-mass,,,6,6,6,4,2,0,-16.0,0.0,1.0,0.0,0.3333333333333333,0.6666666666666666
1001382,pot_pressure,street|position|pot_band|lookup,preflop,BTN/SB,16-64,missing-key,,,32,0,32,14,18,0,-6.875,,,0.21562500000000007,0.21562500000000007,0.56875
1001382,pot_pressure,street|position|pot_band|lookup,preflop,BTN/SB,4-16,missing-key,,,152,0,152,79,72,1,-1.611842105263158,,,0.25,0.25,0.5
1001382,pot_pressure,street|position|pot_band|lookup,preflop,BTN/SB,4-16,positive-mass-known-key,,,81,81,81,28,53,0,-10.271604938271604,928.0617283950618,1.2592592592592593,0.15588001985798008,0.3054406126367559,0.5386793675052639
1001382,pot_pressure,street|position|pot_band|lookup,preflop,BTN/SB,4-16,zero-mass,,,14,14,14,2,12,0,-39.714285714285715,0.0,1.4285714285714286,0.25,0.25,0.5
1001382,pot_pressure,street|position|pot_band|lookup,preflop,BTN/SB,64+,missing-key,,,60,0,54,14,46,0,-34.53333333333333,,,0.3666666666666666,0.3666666666666666,0.2666666666666667
1001382,pot_pressure,street|position|pot_band|lookup,preflop,BTN/SB,64+,positive-mass-known-key,,,13,13,13,5,8,0,-13.23076923076923,866.3076923076923,0.3076923076923077,0.34615384615384615,0.6538461538461539,0.0
1001382,pot_pressure,street|position|pot_band|lookup,preflop,BTN/SB,<4,missing-key,,,5,0,5,3,2,0,-0.8,,,0.25,0.25,0.5
1001382,pot_pressure,street|position|pot_band|lookup,preflop,BTN/SB,<4,positive-mass-known-key,,,2001,2001,2001,1218,782,1,-1.1526736631684158,1729.935032483758,5.030484757621189,0.278307453233156,0.22259873944402114,0.49909380732282305
1001382,pot_pressure,street|position|pot_band|lookup,preflop,BTN/SB,<4,zero-mass,,,42,42,42,23,19,0,-1.8214285714285714,0.0,1.8095238095238095,0.25,0.25,0.5
1001382,pot_pressure,street|position|pot_band|lookup,river,BB,16-64,missing-key,,,9,0,9,1,8,0,-28.333333333333332,,,0.1222222222222222,0.2611111111111111,0.6166666666666667
1001382,pot_pressure,street|position|pot_band|lookup,river,BB,16-64,positive-mass-known-key,,,2,2,2,1,1,0,19.5,630.0,2.5,0.125,0.125,0.75
1001382,pot_pressure,street|position|pot_band|lookup,river,BB,4-16,missing-key,,,9,0,9,5,4,0,-10.555555555555555,,,0.19444444444444445,0.2685185185185185,0.537037037037037
1001382,pot_pressure,street|position|pot_band|lookup,river,BB,4-16,positive-mass-known-key,,,23,23,23,13,10,0,-7.391304347826087,2794.1304347826085,1.826086956521739,0.0,0.23697119731936744,0.7630288026806326
1001382,pot_pressure,street|position|pot_band|lookup,river,BB,4-16,zero-mass,,,1,1,1,0,1,0,-21.0,0.0,4.0,0.0,0.3333333333333333,0.6666666666666666
1001382,pot_pressure,street|position|pot_band|lookup,river,BB,64+,missing-key,,,12,0,9,3,9,0,-23.75,,,0.22916666666666666,0.3680555555555556,0.40277777777777773
1001382,pot_pressure,street|position|pot_band|lookup,river,BB,<4,positive-mass-known-key,,,2,2,2,2,0,0,1.0,833.5,2.0,0.0,0.6019607843137256,0.3980392156862745
1001382,pot_pressure,street|position|pot_band|lookup,river,BB,<4,zero-mass,,,1,1,1,0,1,0,-2.0,0.0,4.0,0.0,0.3333333333333333,0.6666666666666666
1001382,pot_pressure,street|position|pot_band|lookup,river,BTN/SB,16-64,missing-key,,,23,0,23,8,15,0,-7.434782608695652,,,0.21086956521739134,0.2543478260869565,0.5347826086956521
1001382,pot_pressure,street|position|pot_band|lookup,river,BTN/SB,16-64,positive-mass-known-key,,,1,1,1,0,1,0,-8.0,614.9999999999999,0.0,0.0,0.33333333333333337,0.6666666666666667
1001382,pot_pressure,street|position|pot_band|lookup,river,BTN/SB,4-16,missing-key,,,22,0,22,9,13,0,-9.272727272727273,,,0.18181818181818182,0.2727272727272727,0.5454545454545454
1001382,pot_pressure,street|position|pot_band|lookup,river,BTN/SB,4-16,positive-mass-known-key,,,5,5,5,2,3,0,0.0,1032.4,1.0,0.0,0.4325474324422112,0.5674525675577886
1001382,pot_pressure,street|position|pot_band|lookup,river,BTN/SB,64+,missing-key,,,26,0,26,5,20,1,-36.76923076923077,,,0.375,0.4102564102564103,0.2147435897435897
1001382,pot_pressure,street|position|pot_band|lookup,river,BTN/SB,<4,missing-key,,,2,0,2,2,0,0,1.0,,,0.0,0.3333333333333333,0.6666666666666666
1001382,pot_pressure,street|position|pot_band|lookup,river,BTN/SB,<4,positive-mass-known-key,,,20,20,20,17,3,0,0.7,1092.6,0.1,0.0,0.3332140636583207,0.666785936341679
1001382,pot_pressure,street|position|pot_band|lookup,river,BTN/SB,<4,zero-mass,,,2,2,2,2,0,0,1.0,0.0,1.0,0.0,0.3333333333333333,0.6666666666666666
1001382,pot_pressure,street|position|pot_band|lookup,turn,BB,16-64,missing-key,,,25,0,23,7,17,1,-33.32,,,0.12,0.2633333333333333,0.6166666666666666
1001382,pot_pressure,street|position|pot_band|lookup,turn,BB,16-64,positive-mass-known-key,,,2,2,2,1,1,0,45.5,4397.0,1.5,0.125,0.29166666666666663,0.5833333333333333
1001382,pot_pressure,street|position|pot_band|lookup,turn,BB,4-16,missing-key,,,10,0,10,5,4,1,-17.3,,,0.1,0.3,0.6
1001382,pot_pressure,street|position|pot_band|lookup,turn,BB,4-16,positive-mass-known-key,,,68,68,68,46,22,0,-6.1911764705882355,4499.911764705882,3.5441176470588234,0.002846080012652732,0.40949017803360965,0.5876637419537375
1001382,pot_pressure,street|position|pot_band|lookup,turn,BB,4-16,zero-mass,,,2,2,2,1,1,0,-7.5,0.0,2.5,0.0,0.3333333333333333,0.6666666666666666
1001382,pot_pressure,street|position|pot_band|lookup,turn,BB,64+,missing-key,,,17,0,15,2,14,1,-51.588235294117645,,,0.3088235294117647,0.38725490196078427,0.303921568627451
1001382,pot_pressure,street|position|pot_band|lookup,turn,BB,64+,zero-mass,,,1,1,1,0,1,0,-100.0,0.0,3.0,0.0,0.3333333333333333,0.6666666666666666
1001382,pot_pressure,street|position|pot_band|lookup,turn,BB,<4,missing-key,,,1,0,1,0,1,0,-2.0,,,0.0,0.3333333333333333,0.6666666666666666
1001382,pot_pressure,street|position|pot_band|lookup,turn,BB,<4,positive-mass-known-key,,,15,15,15,14,1,0,0.3333333333333333,3389.0,5.733333333333333,0.0,0.15546279189327245,0.8445372081067275
1001382,pot_pressure,street|position|pot_band|lookup,turn,BTN/SB,16-64,missing-key,,,53,0,52,21,31,1,-12.49056603773585,,,0.1764150943396226,0.25188679245283013,0.5716981132075475
1001382,pot_pressure,street|position|pot_band|lookup,turn,BTN/SB,4-16,missing-key,,,51,0,51,25,26,0,-10.03921568627451,,,0.15196078431372548,0.2826797385620916,0.5653594771241832
1001382,pot_pressure,street|position|pot_band|lookup,turn,BTN/SB,4-16,positive-mass-known-key,,,20,20,20,11,9,0,-11.0,1455.15,0.8,0.0125,0.41189921903981175,0.5756007809601883
1001382,pot_pressure,street|position|pot_band|lookup,turn,BTN/SB,4-16,zero-mass,,,1,1,1,1,0,0,2.0,0.0,1.0,0.0,0.3333333333333333,0.6666666666666666
1001382,pot_pressure,street|position|pot_band|lookup,turn,BTN/SB,64+,missing-key,,,31,0,30,5,26,0,-43.45161290322581,,,0.4059139784946237,0.4327956989247312,0.16129032258064516
1001382,pot_pressure,street|position|pot_band|lookup,turn,BTN/SB,64+,zero-mass,,,1,1,1,0,1,0,-100.0,0.0,1.0,0.0,0.3333333333333333,0.6666666666666666
1001382,pot_pressure,street|position|pot_band|lookup,turn,BTN/SB,<4,missing-key,,,5,0,5,5,0,0,1.0,,,0.0,0.3333333333333333,0.6666666666666666
1001382,pot_pressure,street|position|pot_band|lookup,turn,BTN/SB,<4,positive-mass-known-key,,,71,71,71,61,10,0,-1.028169014084507,2423.7042253521126,1.4366197183098592,0.0,0.36280312497905903,0.6371968750209407
1001382,pot_pressure,street|visit_band,flop,,,,0,,33,33,33,26,7,0,-9.969696969696969,1070.4848484848485,0.0,0.030303030303030304,0.3434343434343435,0.6262626262626263
1001382,pot_pressure,street|visit_band,flop,,,,1,,32,32,32,21,11,0,-9.375,1841.8125,1.0,0.04922663181582484,0.24193474026452594,0.7088386279196494
1001382,pot_pressure,street|visit_band,flop,,,,10-99,,281,281,281,219,61,1,-5.704626334519573,16984.797153024912,30.512455516014235,0.0,0.4639410947450851,0.5360589052549142
1001382,pot_pressure,street|visit_band,flop,,,,2-9,,182,182,182,148,34,0,-2.340659340659341,4786.840659340659,5.1208791208791204,0.0037499155962237856,0.31027462630406344,0.6859754580997139
1001382,pot_pressure,street|visit_band,flop,,,,missing,,306,0,274,149,155,2,-10.127450980392156,,,0.20604575163398708,0.27957516339869287,0.51437908496732
1001382,pot_pressure,street|visit_band,preflop,,,,0,,205,205,195,98,107,0,-15.665853658536586,1389.0780487804877,0.0,0.17845528455284554,0.29065040650406526,0.5308943089430899
1001382,pot_pressure,street|visit_band,preflop,,,,1,,327,327,320,209,117,1,-3.5397553516819573,1232.8899082568807,1.0,0.1652753139316134,0.3015054573430419,0.5332192287253446
1001382,pot_pressure,street|visit_band,preflop,,,,10-99,,177,177,177,105,72,0,-1.4491525423728813,1995.9887005649719,10.457627118644067,0.29201439348077696,0.30196376150923987,0.4060218450099833
1001382,pot_pressure,street|visit_band,preflop,,,,2-9,,1849,1849,1825,1078,770,1,-2.247971876690103,1737.764737696052,4.638182801514332,0.2728188816891591,0.2145612122981155,0.5126199060127248
1001382,pot_pressure,street|visit_band,preflop,,,,missing,,378,0,297,140,237,1,-16.415343915343914,,,0.27627865961199316,0.27804232804232826,0.4456790123456786
1001382,pot_pressure,street|visit_band,river,,,,0,,37,37,36,27,10,0,-1.5405405405405406,1300.5945945945946,0.0,0.006756756756756757,0.3310810810810812,0.6621621621621624
1001382,pot_pressure,street|visit_band,river,,,,1,,5,5,5,4,1,0,-3.0,874.0,1.0,0.0,0.2661895879666164,0.7338104120333835
1001382,pot_pressure,street|visit_band,river,,,,10-99,,1,1,1,0,1,0,-12.0,2071.0,10.0,0.0,0.5820071107106095,0.4179928892893904
1001382,pot_pressure,street|visit_band,river,,,,2-9,,14,14,14,6,8,0,-4.285714285714286,2875.5714285714284,3.7857142857142856,0.0,0.23107065417666778,0.7689293458233323
1001382,pot_pressure,street|visit_band,river,,,,missing,,103,0,82,33,69,1,-19.067961165048544,,,0.2349514563106795,0.31423948220064707,0.4508090614886732
1001382,pot_pressure,street|visit_band,turn,,,,0,,59,59,58,45,14,0,-3.830508474576271,1175.406779661017,0.0,0.00847457627118644,0.33050847457627114,0.6610169491525423
1001382,pot_pressure,street|visit_band,turn,,,,1,,32,32,32,26,6,0,-2.5,2545.03125,1.0,0.0,0.21459254753798698,0.7854074524620133
1001382,pot_pressure,street|visit_band,turn,,,,10-99,,6,6,6,4,2,0,-1.1666666666666667,5152.000000000001,11.333333333333334,0.0,0.08786231841662805,0.9121376815833719
1001382,pot_pressure,street|visit_band,turn,,,,2-9,,84,84,84,60,24,0,-6.166666666666667,4584.607142857143,4.261904761904762,0.0023039695340522116,0.4705969619914122,0.5270990684745355
1001382,pot_pressure,street|visit_band,turn,,,,missing,,193,0,153,70,119,4,-22.803108808290155,,,0.20172711571675303,0.30751295336787604,0.4907599309153715
5001210,random,lookup,,,,missing-key,,,1121,0,1109,296,806,19,-0.4897413024085638,,,0.48443354148082063,0.49134701159678845,0.024219446922390732
5001210,random,lookup,,,,positive-mass-known-key,,,4812,4812,3046,2773,2019,20,1.9421238570241064,85412.72797173732,26.501870324189525,0.1677881782732644,0.2759830115899486,0.5562288101367894
5001210,random,lookup,,,,zero-mass,,,34,34,31,20,14,0,1.2352941176470589,0.0,1.911764705882353,0.0661764705882353,0.3137254901960785,0.6200980392156863
5001210,random,street,flop,,,,,,1202,964,960,683,512,7,3.2970049916805326,262589.2541493776,67.27074688796681,0.15680032397297589,0.3686356554508151,0.47456402057620933
5001210,random,street,preflop,,,,,,4191,3434,3396,2077,2089,25,0.9003817704605106,40959.247233546885,17.13832265579499,0.2610430769641443,0.2981461214213488,0.44081080161450636
5001210,random,street,river,,,,,,154,112,123,82,69,3,-1.3116883116883118,21372.151785714286,4.705357142857143,0.11742718432054587,0.3124477595347352,0.5701250561447191
5001210,random,street,turn,,,,,,420,336,342,247,169,4,3.104761904761905,44113.89880952381,10.008928571428571,0.12406524403175816,0.3541655017628482,0.5217692542053931
5001210,random,street|mass_band,flop,,,,,0,7,7,7,5,2,0,1.4285714285714286,0.0,1.2857142857142858,0.10714285714285714,0.3333333333333333,0.5595238095238094
5001210,random,street|mass_band,flop,,,,,100-10k,70,70,62,48,22,0,6.128571428571429,5112.042857142857,2.642857142857143,0.08967337246163842,0.3371354464235811,0.5731911811147802
5001210,random,street|mass_band,flop,,,,,10k+,887,887,774,568,315,4,3.52423900789177,284981.0574971815,72.89177001127396,0.072657106362122,0.3373738180408442,0.5899690755970339
5001210,random,street|mass_band,flop,,,,,missing,238,0,237,62,173,3,1.6722689075630253,,,0.49159663865546216,0.49544817927170864,0.01295518207282913
5001210,random,street|mass_band,preflop,,,,,0,4,4,4,1,3,0,19.5,0.0,2.75,0.25,0.25,0.5
5001210,random,street|mass_band,preflop,,,,,100-10k,182,182,171,91,90,1,1.085164835164835,6932.263736263736,6.5054945054945055,0.2475136408131159,0.2719268940957453,0.48055946509113806
5001210,random,street|mass_band,preflop,,,,,10k+,3248,3248,2953,1794,1444,10,1.3488300492610839,42916.37407635468,17.751847290640395,0.20667612467017962,0.25318340521904287,0.5401404701107783
5001210,random,street|mass_band,preflop,,,,,missing,757,0,757,191,552,14,-1.166446499339498,,,0.4976221928665786,0.4976221928665786,0.0047556142668428005
5001210,random,street|mass_band,river,,,,,0,6,6,6,2,4,0,-7.333333333333333,0.0,1.5,0.041666666666666664,0.3055555555555555,0.6527777777777777
5001210,random,street|mass_band,river,,,,,100-10k,50,50,47,35,15,0,1.42,4435.32,1.64,0.03219874405974202,0.2983582920071117,0.6694429639331466
5001210,random,street|mass_band,river,,,,,10k+,56,56,52,31,23,2,4.464285714285714,38784.19642857143,7.785714285714286,0.02453302111387431,0.23837572085702893,0.7370912580290969
5001210,random,street|mass_band,river,,,,,missing,42,0,38,14,27,1,-11.404761904761905,,,0.35357142857142854,0.42896825396825394,0.21746031746031744
5001210,random,street|mass_band,turn,,,,,"(0,100)",1,1,1,0,1,0,-3.0,66.0,0.0,0.25,0.25,0.5
5001210,random,street|mass_band,turn,,,,,0,17,17,17,12,5,0,-0.11764705882352941,0.0,2.1176470588235294,0.014705882352941176,0.32352941176470584,0.6617647058823528
5001210,random,street|mass_band,turn,,,,,100-10k,92,92,82,60,31,1,10.380434782608695,4826.358695652174,2.0434782608695654,0.048991618648507075,0.30247460401914256,0.64853377733235
5001210,random,street|mass_band,turn,,,,,10k+,226,226,202,146,78,2,-0.26991150442477874,63620.261061946905,13.889380530973451,0.055752980432193726,0.3407308871857013,0.603516132382105
5001210,random,street|mass_band,turn,,,,,missing,84,0,81,29,54,1,4.940476190476191,,,0.4107142857142857,0.45436507936507936,0.1349206349206349
5001210,random,street|position|pot_band|lookup,flop,BB,16-64,missing-key,,,1,0,1,1,0,0,20.0,,,0.0,0.25,0.75
5001210,random,street|position|pot_band|lookup,flop,BB,16-64,positive-mass-known-key,,,47,47,45,31,16,0,0.7872340425531915,84218.44680851063,9.02127659574468,0.10024748376503216,0.2696809363701744,0.6300715798647937
5001210,random,street|position|pot_band|lookup,flop,BB,16-64,zero-mass,,,2,2,2,2,0,0,27.5,0.0,1.0,0.125,0.25,0.625
5001210,random,street|position|pot_band|lookup,flop,BB,4-16,missing-key,,,2,0,2,1,1,0,0.5,,,0.125,0.29166666666666663,0.5833333333333333
5001210,random,street|position|pot_band|lookup,flop,BB,4-16,positive-mass-known-key,,,382,382,340,258,122,2,6.31151832460733,350915.60209424084,69.66492146596859,0.05290060879294354,0.32927032233245207,0.6178290688746035
5001210,random,street|position|pot_band|lookup,flop,BB,4-16,zero-mass,,,1,1,1,1,0,0,5.0,0.0,2.0,0.0,0.3333333333333333,0.6666666666666666
5001210,random,street|position|pot_band|lookup,flop,BB,64+,missing-key,,,91,0,91,23,68,0,-1.021978021978022,,,0.5,0.5,0.0
5001210,random,street|position|pot_band|lookup,flop,BB,64+,positive-mass-known-key,,,9,9,9,5,4,0,20.333333333333332,12098.777777777777,1.3333333333333333,0.39780522156232684,0.3984910747339694,0.2037037037037037
5001210,random,street|position|pot_band|lookup,flop,BB,<4,positive-mass-known-key,,,197,197,187,131,64,2,-0.27918781725888325,254814.70050761424,103.65989847715736,0.01031716107616158,0.33858792187932674,0.6510949170445128
5001210,random,street|position|pot_band|lookup,flop,BB,<4,zero-mass,,,2,2,2,1,1,0,-1.5,0.0,1.0,0.0,0.3333333333333333,0.6666666666666666
5001210,random,street|position|pot_band|lookup,flop,BTN/SB,16-64,missing-key,,,1,0,1,0,1,0,-8.0,,,0.25,0.25,0.5
5001210,random,street|position|pot_band|lookup,flop,BTN/SB,16-64,positive-mass-known-key,,,22,22,20,15,7,0,20.40909090909091,78214.45454545454,10.636363636363637,0.18853502216600465,0.23480376146143758,0.5766612163725577
5001210,random,street|position|pot_band|lookup,flop,BTN/SB,4-16,missing-key,,,1,0,1,1,0,0,6.0,,,0.0,0.3333333333333333,0.6666666666666666
5001210,random,street|position|pot_band|lookup,flop,BTN/SB,4-16,positive-mass-known-key,,,211,211,200,126,85,0,0.9146919431279621,202590.47393364928,54.15165876777251,0.11827265654432835,0.33497647409240766,0.5467508693632637
5001210,random,street|position|pot_band|lookup,flop,BTN/SB,4-16,zero-mass,,,1,1,1,1,0,0,3.0,0.0,1.0,0.0,0.3333333333333333,0.6666666666666666
5001210,random,street|position|pot_band|lookup,flop,BTN/SB,64+,missing-key,,,142,0,142,36,103,3,3.323943661971831,,,0.5,0.5,0.0
5001210,random,street|position|pot_band|lookup,flop,BTN/SB,64+,positive-mass-known-key,,,2,2,2,0,2,0,-63.5,64223.0,6.0,0.2347846499204192,0.7652153500795807,0.0
5001210,random,street|position|pot_band|lookup,flop,BTN/SB,64+,zero-mass,,,1,1,1,0,1,0,-50.0,0.0,2.0,0.5,0.5,0.0
5001210,random,street|position|pot_band|lookup,flop,BTN/SB,<4,positive-mass-known-key,,,87,87,87,50,37,0,5.333333333333333,232469.8275862069,65.50574712643679,0.12205433419821789,0.42217702233153176,0.45576864347025037
5001210,random,street|position|pot_band|lookup,preflop,BB,16-64,missing-key,,,3,0,3,1,2,0,-16.666666666666668,,,0.25,0.25,0.5
5001210,random,street|position|pot_band|lookup,preflop,BB,16-64,positive-mass-known-key,,,28,28,28,17,11,0,7.964285714285714,16162.714285714286,0.6785714285714286,0.17146627716115875,0.2710564133014077,0.5574773095374336
5001210,random,street|position|pot_band|lookup,preflop,BB,4-16,positive-mass-known-key,,,107,107,106,62,45,0,5.719626168224299,32509.429906542056,2.7383177570093458,0.22867918494039347,0.21725529898149115,0.5540655160781154
5001210,random,street|position|pot_band|lookup,preflop,BB,64+,missing-key,,,461,0,461,118,331,12,-0.7266811279826464,,,0.5,0.5,0.0
5001210,random,street|position|pot_band|lookup,preflop,BB,64+,positive-mass-known-key,,,1,1,1,1,0,0,100.0,1935.0,0.0,0.5,0.5,0.0
5001210,random,street|position|pot_band|lookup,preflop,BB,<4,positive-mass-known-key,,,998,998,998,641,351,6,2.2094188376753507,43486.17334669339,5.632264529058117,0.08949511882954324,0.27392586472642483,0.6365790164440313
5001210,random,street|position|pot_band|lookup,preflop,BTN/SB,16-64,missing-key,,,2,0,2,1,1,0,9.5,,,0.225,0.225,0.55
5001210,random,street|position|pot_band|lookup,preflop,BTN/SB,16-64,positive-mass-known-key,,,19,19,19,14,5,0,5.578947368421052,15611.736842105263,2.1052631578947367,0.14799150571341602,0.2285336916135592,0.6234748026730247
5001210,random,street|position|pot_band|lookup,preflop,BTN/SB,4-16,missing-key,,,1,0,1,1,0,0,6.0,,,0.25,0.25,0.5
5001210,random,street|position|pot_band|lookup,preflop,BTN/SB,4-16,positive-mass-known-key,,,149,149,149,85,64,0,2.228187919463087,24551.58389261745,6.114093959731544,0.15222662557540775,0.2060972093131227,0.6416761651114694
5001210,random,street|position|pot_band|lookup,preflop,BTN/SB,4-16,zero-mass,,,4,4,4,1,3,0,19.5,0.0,2.75,0.25,0.25,0.5
5001210,random,street|position|pot_band|lookup,preflop,BTN/SB,64+,missing-key,,,290,0,290,70,218,2,-1.803448275862069,,,0.4991379310344828,0.4991379310344828,0.0017241379310344827
5001210,random,street|position|pot_band|lookup,preflop,BTN/SB,64+,positive-mass-known-key,,,2,2,2,1,1,0,12.5,2495.0,0.0,0.5,0.5,0.0
5001210,random,street|position|pot_band|lookup,preflop,BTN/SB,<4,positive-mass-known-key,,,2126,2126,2048,1064,1057,5,0.45884289746001883,42032.951552210725,24.439322671683914,0.268462875162945,0.24979579538482052,0.48174132945223475
5001210,random,street|position|pot_band|lookup,river,BB,16-64,missing-key,,,5,0,3,1,4,0,-74.4,,,0.12000000000000002,0.23666666666666666,0.6433333333333333
5001210,random,street|position|pot_band|lookup,river,BB,16-64,positive-mass-known-key,,,31,31,31,25,6,0,9.483870967741936,13374.677419354839,1.4516129032258065,0.021043067700001552,0.2330057850093616,0.7459511472906368
5001210,random,street|position|pot_band|lookup,river,BB,16-64,zero-mass,,,3,3,3,1,2,0,-11.0,0.0,1.6666666666666667,0.0,0.3055555555555555,0.6944444444444443
5001210,random,street|position|pot_band|lookup,river,BB,4-16,missing-key,,,3,0,3,2,1,0,-30.333333333333332,,,0.0,0.3333333333333333,0.6666666666666666
5001210,random,street|position|pot_band|lookup,river,BB,4-16,positive-mass-known-key,,,51,51,48,28,22,1,0.37254901960784315,29649.019607843136,7.549019607843137,0.00980392156862745,0.27750131851503207,0.7126947599163405
5001210,random,street|position|pot_band|lookup,river,BB,4-16,zero-mass,,,2,2,2,1,1,0,-1.5,0.0,1.5,0.0,0.3333333333333333,0.6666666666666666
5001210,random,street|position|pot_band|lookup,river,BB,64+,missing-key,,,16,0,16,2,13,1,-18.5,,,0.4375,0.4739583333333333,0.08854166666666666
5001210,random,street|position|pot_band|lookup,river,BB,64+,positive-mass-known-key,,,1,1,1,0,1,0,-90.0,5438.0,0.0,0.5,0.5,0.0
5001210,random,street|position|pot_band|lookup,river,BB,<4,positive-mass-known-key,,,4,4,4,2,1,1,-0.25,20994.0,9.75,0.0,0.30161032650744496,0.698389673492555
5001210,random,street|position|pot_band|lookup,river,BTN/SB,16-64,missing-key,,,2,0,2,2,0,0,54.0,,,0.0,0.3333333333333333,0.6666666666666666
5001210,random,street|position|pot_band|lookup,river,BTN/SB,16-64,positive-mass-known-key,,,5,5,4,4,1,0,8.4,7580.8,0.6,0.07198744059742022,0.2525387669360387,0.675473792466541
5001210,random,street|position|pot_band|lookup,river,BTN/SB,4-16,missing-key,,,2,0,2,1,1,0,-6.0,,,0.125,0.29166666666666663,0.5833333333333333
5001210,random,street|position|pot_band|lookup,river,BTN/SB,4-16,positive-mass-known-key,,,8,8,8,4,4,0,13.875,25019.5,4.0,0.056647179110734434,0.3444132885405533,0.5989395323487121
5001210,random,street|position|pot_band|lookup,river,BTN/SB,4-16,zero-mass,,,1,1,1,0,1,0,-8.0,0.0,1.0,0.25,0.25,0.5
5001210,random,street|position|pot_band|lookup,river,BTN/SB,64+,missing-key,,,14,0,14,6,8,0,13.142857142857142,,,0.5,0.5,0.0
5001210,random,street|position|pot_band|lookup,river,BTN/SB,64+,positive-mass-known-key,,,1,1,1,0,1,0,-50.0,1061.0,0.0,0.0,0.3333333333333333,0.6666666666666666
5001210,random,street|position|pot_band|lookup,river,BTN/SB,<4,positive-mass-known-key,,,5,5,5,3,2,0,-0.8,27686.2,2.8,0.10366733015820759,0.16668672128492495,0.7296459485568675
5001210,random,street|position|pot_band|lookup,turn,BB,16-64,missing-key,,,6,0,6,5,1,0,16.833333333333332,,,0.041666666666666664,0.27777777777777773,0.6805555555555555
5001210,random,street|position|pot_band|lookup,turn,BB,16-64,positive-mass-known-key,,,48,48,47,35,13,0,5.9375,27039.541666666668,2.2291666666666665,0.028094952801253303,0.29866287278693693,0.6732421744118099
5001210,random,street|position|pot_band|lookup,turn,BB,16-64,zero-mass,,,1,1,1,0,1,0,-100.0,0.0,1.0,0.0,0.25,0.75
5001210,random,street|position|pot_band|lookup,turn,BB,4-16,missing-key,,,1,0,1,0,1,0,-15.0,,,0.0,0.3333333333333333,0.6666666666666666
5001210,random,street|position|pot_band|lookup,turn,BB,4-16,positive-mass-known-key,,,153,153,139,103,49,1,4.57516339869281,60582.56862745098,14.209150326797385,0.03532234969975637,0.3354362499571115,0.6292414003431326
5001210,random,street|position|pot_band|lookup,turn,BB,4-16,zero-mass,,,10,10,10,7,3,0,14.5,0.0,2.5,0.0,0.33333333333333337,0.6666666666666667
5001210,random,street|position|pot_band|lookup,turn,BB,64+,missing-key,,,32,0,32,12,19,1,15.84375,,,0.46875,0.4895833333333333,0.041666666666666664
5001210,random,street|position|pot_band|lookup,turn,BB,64+,positive-mass-known-key,,,5,5,5,1,4,0,-34.8,9737.0,0.2,0.5,0.36666666666666664,0.13333333333333333
5001210,random,street|position|pot_band|lookup,turn,BB,<4,positive-mass-known-key,,,27,27,24,16,9,2,-3.1481481481481484,48761.148148148146,21.77777777777778,0.05438165384896982,0.2994939481298002,0.6461243980212298
5001210,random,street|position|pot_band|lookup,turn,BB,<4,zero-mass,,,1,1,1,1,0,0,1.0,0.0,2.0,0.0,0.3333333333333333,0.6666666666666666
5001210,random,street|position|pot_band|lookup,turn,BTN/SB,16-64,missing-key,,,2,0,2,1,1,0,7.5,,,0.125,0.25,0.625
5001210,random,street|position|pot_band|lookup,turn,BTN/SB,16-64,positive-mass-known-key,,,12,12,12,7,5,0,-4.166666666666667,15261.083333333334,1.0,0.06701925675292335,0.3212214968458457,0.6117592464012311
5001210,random,street|position|pot_band|lookup,turn,BTN/SB,16-64,zero-mass,,,1,1,1,1,0,0,30.0,0.0,1.0,0.0,0.3333333333333333,0.6666666666666666
5001210,random,street|position|pot_band|lookup,turn,BTN/SB,4-16,missing-key,,,2,0,2,2,0,0,53.0,,,0.125,0.29166666666666663,0.5833333333333333
5001210,random,street|position|pot_band|lookup,turn,BTN/SB,4-16,positive-mass-known-key,,,54,54,52,32,22,0,3.5925925925925926,36692.59259259259,5.611111111111111,0.090485096520372,0.29111341356311643,0.6184014899165118
5001210,random,street|position|pot_band|lookup,turn,BTN/SB,4-16,zero-mass,,,4,4,4,3,1,0,-19.5,0.0,1.75,0.0625,0.3125,0.625
5001210,random,street|position|pot_band|lookup,turn,BTN/SB,64+,missing-key,,,38,0,38,7,31,0,-7.868421052631579,,,0.4868421052631579,0.4868421052631579,0.02631578947368421
5001210,random,street|position|pot_band|lookup,turn,BTN/SB,64+,positive-mass-known-key,,,2,2,2,0,2,0,-46.0,4104.0,0.0,0.25,0.25,0.5
5001210,random,street|position|pot_band|lookup,turn,BTN/SB,<4,missing-key,,,3,0,3,2,1,0,0.0,,,0.08333333333333333,0.3055555555555555,0.611111111111111
5001210,random,street|position|pot_band|lookup,turn,BTN/SB,<4,positive-mass-known-key,,,18,18,18,12,6,0,6.277777777777778,39847.88888888889,7.888888888888889,0.02476635043101103,0.5239348727290142,0.4512987768399749
5001210,random,street|visit_band,flop,,,,0,,35,35,32,21,14,0,2.4857142857142858,13779.828571428572,0.0,0.14238095238095239,0.2995238095238095,0.5580952380952381
5001210,random,street|visit_band,flop,,,,1,,33,33,33,25,8,0,19.21212121212121,14079.333333333334,1.0,0.033875316439578015,0.2836577062259844,0.6824669773344376
5001210,random,street|visit_band,flop,,,,10-99,,523,523,489,339,181,3,1.9980879541108987,193837.03824091778,42.087954110898664,0.0685072462549115,0.3351475052674638,0.5963452484776246
5001210,random,street|visit_band,flop,,,,100+,,223,223,222,127,95,1,0.5067264573991032,652734.2466367712,188.76681614349775,0.0722078535102175,0.38202618182573017,0.5457659646640527
5001210,random,street|visit_band,flop,,,,2-9,,150,150,144,109,41,0,11.24,35017.473333333335,4.726666666666667,0.0896075301038686,0.29910246496267323,0.6112900049334588
5001210,random,street|visit_band,flop,,,,missing,,238,0,237,62,173,3,1.6722689075630253,,,0.49159663865546216,0.49544817927170864,0.01295518207282913
5001210,random,street|visit_band,preflop,,,,0,,77,77,65,45,31,1,1.7922077922077921,17031.51948051948,0.0,0.19805194805194803,0.2759740259740259,0.5259740259740261
5001210,random,street|visit_band,preflop,,,,1,,92,92,92,56,36,0,-0.6413043478260869,22215.956521739132,1.0,0.09502793871376883,0.16155629274447775,0.7434157685417533
5001210,random,street|visit_band,preflop,,,,10-99,,2012,2012,1923,1031,976,5,1.2224155069582505,45864.83846918489,25.67196819085487,0.25799286272050936,0.24468496431372963,0.4973221729657601
5001210,random,street|visit_band,preflop,,,,2-9,,1253,1253,1181,754,494,5,1.6903431763766958,35928.73503591381,5.673583399840383,0.13907208731157134,0.2748691681924631,0.5860587444959668
5001210,random,street|visit_band,preflop,,,,missing,,757,0,757,191,552,14,-1.166446499339498,,,0.4976221928665786,0.4976221928665786,0.0047556142668428005
5001210,random,street|visit_band,river,,,,0,,28,28,26,20,8,0,3.9285714285714284,6927.142857142857,0.0,0.05892857142857143,0.30297619047619045,0.6380952380952379
5001210,random,street|visit_band,river,,,,1,,26,26,26,18,7,1,6.346153846153846,12099.346153846154,1.0,0.018317535623526164,0.22151241641300728,0.7601700479634667
5001210,random,street|visit_band,river,,,,10-99,,16,16,16,9,6,1,1.125,51140.6875,20.0,0.0,0.3052432799294095,0.6947567200705905
5001210,random,street|visit_band,river,,,,2-9,,42,42,41,21,21,0,-0.38095238095238093,25402.071428571428,4.309523809523809,0.026369772836961486,0.2612795157795348,0.7123507113835037
5001210,random,street|visit_band,river,,,,missing,,42,0,38,14,27,1,-11.404761904761905,,,0.35357142857142854,0.42896825396825394,0.21746031746031744
5001210,random,street|visit_band,turn,,,,0,,63,63,56,38,25,0,-0.873015873015873,12255.587301587302,0.0,0.0865079365079365,0.31137566137566125,0.602116402116402
5001210,random,street|visit_band,turn,,,,1,,54,54,52,40,14,0,15.407407407407407,14936.74074074074,1.0,0.0485383066717648,0.34597964678006393,0.6054820465481713
5001210,random,street|visit_band,turn,,,,10-99,,115,115,108,73,40,2,-0.43478260869565216,88976.94782608695,25.0,0.05491152092746687,0.33702144139444135,0.6080670376780919
5001210,random,street|visit_band,turn,,,,2-9,,104,104,101,67,36,1,1.5576923076923077,28954.18269230769,4.173076923076923,0.030976048330811953,0.32236356462094967,0.6466603870482384
5001210,random,street|visit_band,turn,,,,missing,,84,0,81,29,54,1,4.940476190476191,,,0.4107142857142857,0.45436507936507936,0.1349206349206349
5001210,check_call,lookup,,,,missing-key,,,221,0,184,169,35,17,7.384615384615385,,,0.0,0.33069381598793385,0.6693061840120669
5001210,check_call,lookup,,,,positive-mass-known-key,,,14409,14409,4096,6612,7128,669,1.0463599139426747,127071.70254701923,26.401901589284474,0.03896111262521158,0.32856460925783393,0.6324742781169549
5001210,check_call,lookup,,,,zero-mass,,,50,50,49,31,17,2,3.66,0.0,1.48,0.0,0.3333333333333335,0.666666666666667
5001210,check_call,street,flop,,,,,,3528,3516,3528,1703,1653,172,1.2171201814058956,374405.7787258248,75.25796359499431,0.0,0.37361347913826815,0.6263865208617306
5001210,check_call,street,preflop,,,,,,4096,4096,4096,1703,2221,172,0.97900390625,43356.65234375,15.317626953125,0.1370582694864926,0.2684825840517782,0.5944591464617351
5001210,check_call,street,river,,,,,,3528,3398,3528,1703,1653,172,1.2171201814058956,32852.54443790465,4.465273690406121,0.0,0.3283452272107076,0.6716547727892966
5001210,check_call,street,turn,,,,,,3528,3449,3528,1703,1653,172,1.2171201814058956,65335.93795302986,11.011307625398667,0.0,0.35369117758529695,0.646308822414701
5001210,check_call,street|mass_band,flop,,,,,0,13,13,13,6,6,1,2.5384615384615383,0.0,1.3846153846153846,0.0,0.3333333333333333,0.6666666666666666
5001210,check_call,street|mass_band,flop,,,,,100-10k,171,171,171,129,35,7,6.345029239766082,5535.473684210527,1.894736842105263,0.0,0.33485766732996985,0.6651423326700319
5001210,check_call,street|mass_band,flop,,,,,10k+,3332,3332,3332,1559,1610,163,0.9087635054021609,394797.1644657863,79.31122448979592,0.0,0.37590466985385734,0.6240953301461382
5001210,check_call,street|mass_band,flop,,,,,missing,12,0,12,9,2,1,12.333333333333334,,,0.0,0.3333333333333333,0.6666666666666666
5001210,check_call,street|mass_band,preflop,,,,,100-10k,110,110,110,27,80,3,-0.33181818181818185,8091.6,7.718181818181818,0.22458809645456582,0.26718179121834085,0.508230112327093
5001210,check_call,street|mass_band,preflop,,,,,10k+,3986,3986,3986,1676,2141,169,1.015178123432012,44329.84746613146,15.527345709984948,0.13464274490884892,0.26851848149575147,0.596838773595405
5001210,check_call,street|mass_band,river,,,,,"(0,100)",9,9,9,9,0,0,23.88888888888889,30.0,0.0,0.0,0.31481481481481477,0.6851851851851852
5001210,check_call,street|mass_band,river,,,,,0,21,21,21,14,6,1,4.571428571428571,0.0,1.4285714285714286,0.0,0.3333333333333332,0.6666666666666664
5001210,check_call,street|mass_band,river,,,,,100-10k,824,824,824,550,228,46,4.452669902912621,4956.245145631068,0.7220873786407767,0.0,0.3115743547844462,0.6884256452155586
5001210,check_call,street|mass_band,river,,,,,10k+,2544,2544,2544,1028,1400,116,-0.26808176100628933,42275.44418238994,5.718553459119497,0.0,0.33375839619640824,0.6662416038036011
5001210,check_call,street|mass_band,river,,,,,missing,130,0,130,102,19,9,7.661538461538462,,,0.0,0.328846153846154,0.6711538461538464
5001210,check_call,street|mass_band,turn,,,,,"(0,100)",3,3,3,2,1,0,1.3333333333333333,55.333333333333336,0.0,0.0,0.3333333333333333,0.6666666666666666
5001210,check_call,street|mass_band,turn,,,,,0,16,16,16,11,5,0,3.375,0.0,1.625,0.0,0.33333333333333326,0.6666666666666665
5001210,check_call,street|mass_band,turn,,,,,100-10k,566,566,566,340,194,32,3.9363957597173145,4931.5830388692575,1.1943462897526502,0.0,0.3244985851568029,0.6755014148431995
5001210,check_call,street|mass_band,turn,,,,,10k+,2864,2864,2864,1292,1439,133,0.5307262569832403,77706.77653631284,13.01536312849162,0.0,0.36015698626239967,0.6398430137376002
5001210,check_call,street|mass_band,turn,,,,,missing,79,0,79,58,14,7,6.177215189873418,,,0.0,0.333333333333333,0.666666666666666
5001210,check_call,street|position|pot_band|lookup,flop,BB,4-16,missing-key,,,2,0,2,1,1,0,13.5,,,0.0,0.3333333333333333,0.6666666666666666
5001210,check_call,street|position|pot_band|lookup,flop,BB,4-16,positive-mass-known-key,,,1388,1388,1388,642,680,66,1.2154178674351586,580907.2975504323,80.50576368876081,0.0,0.3339077614633898,0.6660922385366108
5001210,check_call,street|position|pot_band|lookup,flop,BB,<4,missing-key,,,2,0,2,1,1,0,1.5,,,0.0,0.3333333333333333,0.6666666666666666
5001210,check_call,street|position|pot_band|lookup,flop,BB,<4,positive-mass-known-key,,,650,650,650,286,330,34,-0.08307692307692308,300880.20923076925,122.81846153846153,0.0,0.3550024570234419,0.6449975429765576
5001210,check_call,street|position|pot_band|lookup,flop,BB,<4,zero-mass,,,6,6,6,3,3,0,1.1666666666666667,0.0,1.3333333333333333,0.0,0.3333333333333333,0.6666666666666666
5001210,check_call,street|position|pot_band|lookup,flop,BTN/SB,4-16,missing-key,,,7,0,7,7,0,0,16.857142857142858,,,0.0,0.3333333333333333,0.6666666666666666
5001210,check_call,street|position|pot_band|lookup,flop,BTN/SB,4-16,positive-mass-known-key,,,1013,1013,1013,534,432,47,2.076999012833169,226003.37117472853,45.75814412635735,0.0,0.3908869102126304,0.6091130897873693
5001210,check_call,street|position|pot_band|lookup,flop,BTN/SB,4-16,zero-mass,,,5,5,5,3,1,1,7.2,0.0,1.2,0.0,0.3333333333333333,0.6666666666666666
5001210,check_call,street|position|pot_band|lookup,flop,BTN/SB,<4,missing-key,,,1,0,1,0,0,1,0.0,,,0.0,0.3333333333333333,0.6666666666666666
5001210,check_call,street|position|pot_band|lookup,flop,BTN/SB,<4,positive-mass-known-key,,,452,452,452,226,203,23,0.831858407079646,189375.74778761066,58.98672566371681,0.0,0.48582082089523637,0.514179179104764
5001210,check_call,street|position|pot_band|lookup,flop,BTN/SB,<4,zero-mass,,,2,2,2,0,2,0,-5.0,0.0,2.0,0.0,0.3333333333333333,0.6666666666666666
5001210,check_call,street|position|pot_band|lookup,preflop,BB,<4,positive-mass-known-key,,,2048,2048,2048,933,1015,100,0.8154296875,43526.06884765625,5.5966796875,0.0,0.30638070850832755,0.6936192914916705
5001210,check_call,street|position|pot_band|lookup,preflop,BTN/SB,<4,positive-mass-known-key,,,2048,2048,2048,770,1206,72,1.142578125,43187.23583984375,25.03857421875,0.2741165389729852,0.23058445959522603,0.4952990014317899
5001210,check_call,street|position|pot_band|lookup,river,BB,16-64,missing-key,,,11,0,11,8,2,1,14.909090909090908,,,0.0,0.3106060606060606,0.6893939393939394
5001210,check_call,street|position|pot_band|lookup,river,BB,16-64,positive-mass-known-key,,,544,544,544,270,249,25,3.1838235294117645,28194.952205882353,2.2205882352941178,0.0,0.29460852933166953,0.7053914706683309
5001210,check_call,street|position|pot_band|lookup,river,BB,16-64,zero-mass,,,2,2,2,2,0,0,18.0,0.0,1.0,0.0,0.3333333333333333,0.6666666666666666
5001210,check_call,street|position|pot_band|lookup,river,BB,4-16,missing-key,,,15,0,15,10,5,0,2.2666666666666666,,,0.0,0.33333333333333326,0.6666666666666665
5001210,check_call,street|position|pot_band|lookup,river,BB,4-16,positive-mass-known-key,,,1398,1398,1398,606,725,67,-0.22746781115879827,45348.88912732475,8.266094420600858,0.0,0.31744897651433746,0.682551023485661
5001210,check_call,street|position|pot_band|lookup,river,BB,4-16,zero-mass,,,7,7,7,4,3,0,2.0,0.0,2.0,0.0,0.3333333333333333,0.6666666666666666
5001210,check_call,street|position|pot_band|lookup,river,BB,<4,missing-key,,,2,0,2,2,0,0,2.0,,,0.0,0.3333333333333333,0.6666666666666666
5001210,check_call,street|position|pot_band|lookup,river,BB,<4,positive-mass-known-key,,,63,63,63,28,29,6,0.06349206349206349,24543.365079365078,14.492063492063492,0.0,0.5488261542375004,0.4511738457624997
5001210,check_call,street|position|pot_band|lookup,river,BB,<4,zero-mass,,,6,6,6,3,2,1,0.0,0.0,1.3333333333333333,0.0,0.3333333333333333,0.6666666666666666
5001210,check_call,street|position|pot_band|lookup,river,BTN/SB,16-64,missing-key,,,37,0,37,27,8,2,11.513513513513514,,,0.0,0.3243243243243244,0.6756756756756758
5001210,check_call,street|position|pot_band|lookup,river,BTN/SB,16-64,positive-mass-known-key,,,338,338,338,177,146,15,3.9437869822485205,15482.955621301775,0.23076923076923078,0.0,0.3253697202739123,0.6746302797260848
5001210,check_call,street|position|pot_band|lookup,river,BTN/SB,4-16,missing-key,,,62,0,62,53,4,5,5.838709677419355,,,0.0,0.33333333333333326,0.6666666666666665
5001210,check_call,street|position|pot_band|lookup,river,BTN/SB,4-16,positive-mass-known-key,,,925,925,925,467,415,43,0.5102702702702703,22425.77189189189,0.8367567567567568,0.0,0.333698472809254,0.6663015271907462
5001210,check_call,street|position|pot_band|lookup,river,BTN/SB,4-16,zero-mass,,,6,6,6,5,1,0,7.666666666666667,0.0,1.0,0.0,0.3333333333333333,0.6666666666666666
5001210,check_call,street|position|pot_band|lookup,river,BTN/SB,<4,missing-key,,,3,0,3,2,0,1,2.0,,,0.0,0.3333333333333333,0.6666666666666666
5001210,check_call,street|position|pot_band|lookup,river,BTN/SB,<4,positive-mass-known-key,,,109,109,109,39,64,6,-0.1926605504587156,49301.23853211009,5.63302752293578,0.0,0.4712766234659648,0.5287233765340353
5001210,check_call,street|position|pot_band|lookup,turn,BB,16-64,missing-key,,,3,0,3,1,2,0,-32.666666666666664,,,0.0,0.3333333333333333,0.6666666666666666
5001210,check_call,street|position|pot_band|lookup,turn,BB,16-64,positive-mass-known-key,,,243,243,243,134,99,10,8.213991769547325,60684.720164609054,3.954732510288066,0.0,0.3262430881927381,0.6737569118072625
5001210,check_call,street|position|pot_band|lookup,turn,BB,4-16,missing-key,,,17,0,17,11,5,1,4.411764705882353,,,0.0,0.33333333333333326,0.6666666666666665
5001210,check_call,street|position|pot_band|lookup,turn,BB,4-16,positive-mass-known-key,,,1571,1571,1571,685,812,74,-0.2374283895607893,92831.32908975174,16.590706556333547,0.0,0.3785793330309254,0.6214206669690743
5001210,check_call,street|position|pot_band|lookup,turn,BB,4-16,zero-mass,,,10,10,10,8,2,0,5.2,0.0,1.4,0.0,0.33333333333333337,0.6666666666666667
5001210,check_call,street|position|pot_band|lookup,turn,BB,<4,positive-mass-known-key,,,200,200,200,92,93,15,0.09,47882.65,23.98,0.0,0.4015628728287522,0.5984371271712472
5001210,check_call,street|position|pot_band|lookup,turn,BB,<4,zero-mass,,,4,4,4,2,2,0,0.0,0.0,2.5,0.0,0.3333333333333333,0.6666666666666666
5001210,check_call,street|position|pot_band|lookup,turn,BTN/SB,16-64,missing-key,,,9,0,9,5,3,1,12.333333333333334,,,0.0,0.3333333333333333,0.6666666666666666
5001210,check_call,street|position|pot_band|lookup,turn,BTN/SB,16-64,positive-mass-known-key,,,118,118,118,66,48,4,3.0,25956.85593220339,0.7627118644067796,0.0,0.33538054373289644,0.6646194562671037
5001210,check_call,street|position|pot_band|lookup,turn,BTN/SB,4-16,missing-key,,,40,0,40,32,4,4,8.8,,,0.0,0.3333333333333335,0.666666666666667
5001210,check_call,street|position|pot_band|lookup,turn,BTN/SB,4-16,positive-mass-known-key,,,1082,1082,1082,560,471,51,1.567467652495379,38453.93068391867,3.5822550831792976,0.0,0.29063285408586453,0.7093671459141343
5001210,check_call,street|position|pot_band|lookup,turn,BTN/SB,4-16,zero-mass,,,1,1,1,1,0,0,6.0,0.0,1.0,0.0,0.3333333333333333,0.6666666666666666
5001210,check_call,street|position|pot_band|lookup,turn,BTN/SB,<4,missing-key,,,10,0,10,9,0,1,4.8,,,0.0,0.33333333333333337,0.6666666666666667
5001210,check_call,street|position|pot_band|lookup,turn,BTN/SB,<4,positive-mass-known-key,,,219,219,219,97,111,11,0.2785388127853881,48002.98173515982,9.885844748858448,0.0,0.4921387140854088,0.5078612859145911
5001210,check_call,street|position|pot_band|lookup,turn,BTN/SB,<4,zero-mass,,,1,1,1,0,1,0,-4.0,0.0,1.0,0.0,0.3333333333333333,0.6666666666666666
5001210,check_call,street|visit_band,flop,,,,0,,59,59,59,46,11,2,9.220338983050848,8278.593220338984,0.0,0.0,0.3333333333333333,0.6666666666666666
5001210,check_call,street|visit_band,flop,,,,1,,61,61,61,43,15,3,4.901639344262295,6663.786885245901,1.0,0.0,0.3968856025513522,0.6031143974486477
5001210,check_call,street|visit_band,flop,,,,10-99,,1959,1959,1959,1013,852,94,1.6564573762123533,218961.69014803472,40.684532924961715,0.0,0.359999076811825,0.6400009231881695
5001210,check_call,street|visit_band,flop,,,,100+,,1028,1028,1028,341,638,49,-2.159533073929961,851095.9124513619,178.25778210116732,0.0,0.4476185824528236,0.5523814175471775
5001210,check_call,street|visit_band,flop,,,,2-9,,409,409,409,251,135,23,5.569682151589242,28467.581907090465,3.902200488997555,0.0,0.2563363612264891,0.7436636387735103
5001210,check_call,street|visit_band,flop,,,,missing,,12,0,12,9,2,1,12.333333333333334,,,0.0,0.3333333333333333,0.6666666666666666
5001210,check_call,street|visit_band,preflop,,,,0,,60,60,60,27,31,2,0.8666666666666667,16218.216666666665,0.0,0.0,0.33333333333333326,0.6666666666666665
5001210,check_call,street|visit_band,preflop,,,,1,,117,117,117,50,61,6,-0.26495726495726496,22655.094017094016,1.0,0.0,0.1423040019583162,0.8576959980416841
5001210,check_call,street|visit_band,preflop,,,,10-99,,2044,2044,2044,787,1182,75,1.1401663405088063,47765.592954990214,25.572896281800393,0.24375372207435744,0.22985160222614895,0.5263946756994935
5001210,check_call,street|visit_band,preflop,,,,2-9,,1875,1875,1875,839,947,89,0.8845333333333333,40710.5264,5.5216,0.03368430074489997,0.31639382458490956,0.6499218746701886
5001210,check_call,street|visit_band,river,,,,0,,1168,1168,1168,678,432,58,3.4460616438356166,15619.821061643835,0.0,0.0,0.32648401826483675,0.6735159817351519
5001210,check_call,street|visit_band,river,,,,1,,505,505,505,260,219,26,1.8277227722772278,26366.873267326733,1.0,0.0,0.3087080854241375,0.6912919145758638
5001210,check_call,street|visit_band,river,,,,10-99,,425,425,425,125,283,17,-2.32,65908.09411764707,20.390588235294118,0.0,0.3620372167610419,0.6379627832389578
5001210,check_call,street|visit_band,river,,,,2-9,,1300,1300,1300,538,700,62,-0.5107692307692308,40048.29538461538,4.616923076923077,0.0,0.3265809446180023,0.6734190553819978
5001210,check_call,street|visit_band,river,,,,missing,,130,0,130,102,19,9,7.661538461538462,,,0.0,0.328846153846154,0.6711538461538464
5001210,check_call,street|visit_band,turn,,,,0,,639,639,639,391,220,28,5.231611893583724,17409.3255086072,0.0,0.0,0.333333333333336,0.666666666666672
5001210,check_call,street|visit_band,turn,,,,1,,365,365,365,187,157,21,2.4876712328767123,16877.1397260274,1.0,0.0,0.27997635927178643,0.7200236407282122
5001210,check_call,street|visit_band,turn,,,,10-99,,1327,1327,1327,505,760,62,-1.048229088168802,116586.69706103994,24.681989449886963,0.0,0.42749458258825473,0.5725054174117454
5001210,check_call,street|visit_band,turn,,,,2-9,,1118,1118,1118,562,502,54,0.8461538461538461,47717.69946332737,4.347048300536673,0.0,0.30323117974846087,0.6967688202515432
5001210,check_call,street|visit_band,turn,,,,missing,,79,0,79,58,14,7,6.177215189873418,,,0.0,0.333333333333333,0.666666666666666
5001210,tight_aggressive,lookup,,,,missing-key,,,57,0,44,21,36,0,-35.92982456140351,,,0.20087719298245615,0.3353801169590643,0.4637426900584796
5001210,tight_aggressive,lookup,,,,positive-mass-known-key,,,3577,3577,2244,2349,1222,6,-5.445485043332401,72492.2046407604,28.028795079675707,0.1842245383941632,0.29950331050543466,0.5162721511004016
5001210,tight_aggressive,lookup,,,,zero-mass,,,21,21,18,5,15,1,-36.333333333333336,0.0,1.4285714285714286,0.25952380952380955,0.3865079365079365,0.35396825396825404
5001210,tight_aggressive,street,flop,,,,,,729,718,686,545,183,1,-6.895747599451303,193090.04456824512,60.1016713091922,0.03971921893374308,0.4219449521392077,0.5383358289270488
5001210,tight_aggressive,street,preflop,,,,,,2425,2421,2244,1568,854,3,-3.6369072164948455,41798.16109045849,21.97810821974391,0.24681939124426666,0.24661539066921823,0.5065652180865157
5001210,tight_aggressive,street,river,,,,,,165,146,140,66,99,0,-21.64848484848485,39483.09589041096,4.972602739726027,0.1407555648714806,0.38744190575843684,0.4718025293700829
5001210,tight_aggressive,street,turn,,,,,,336,313,299,196,137,3,-14.49702380952381,43795.79552715655,10.226837060702875,0.07486360494667332,0.3838945478535359,0.5412418471997904
5001210,tight_aggressive,street|mass_band,flop,,,,,"(0,100)",1,1,1,0,1,0,-45.0,8.0,2.0,0.0,0.3333333333333333,0.6666666666666666
5001210,tight_aggressive,street|mass_band,flop,,,,,0,4,4,4,1,3,0,-50.0,0.0,1.75,0.25,0.41666666666666663,0.3333333333333333
5001210,tight_aggressive,street|mass_band,flop,,,,,100-10k,84,84,80,64,20,0,-7.428571428571429,5742.214285714285,2.5714285714285716,0.027744917301735502,0.26884898595287465,0.7034060967453895
5001210,tight_aggressive,street|mass_band,flop,,,,,10k+,629,629,603,475,153,1,-6.290937996820349,219644.35294117648,68.24801271860095,0.03729423033813396,0.4438493194850674,0.518856450176798
5001210,tight_aggressive,street|mass_band,flop,,,,,missing,11,0,9,5,6,0,-18.272727272727273,,,0.19696969696969696,0.3484848484848485,0.45454545454545453
5001210,tight_aggressive,street|mass_band,preflop,,,,,0,5,5,5,1,4,0,-47.0,0.0,1.8,0.39,0.39,0.22000000000000003
5001210,tight_aggressive,street|mass_band,preflop,,,,,100-10k,141,141,122,69,72,0,-13.00354609929078,6751.95744680851,6.432624113475177,0.26878271323321756,0.27159156098879744,0.45962572577798466
5001210,tight_aggressive,street|mass_band,preflop,,,,,10k+,2275,2275,2175,1498,774,3,-2.865054945054945,44062.11956043956,22.985934065934067,0.244918092835808,0.2445265548454652,0.5105553523187271
5001210,tight_aggressive,street|mass_band,preflop,,,,,missing,4,0,4,0,4,0,-58.25,,,0.375,0.375,0.25
5001210,tight_aggressive,street|mass_band,river,,,,,0,5,5,4,0,5,0,-58.8,0.0,1.4,0.35,0.41666666666666663,0.2333333333333333
5001210,tight_aggressive,street|mass_band,river,,,,,100-10k,40,40,37,16,24,0,-28.625,4053.325,1.575,0.16775654627080616,0.3314201953334445,0.5008232583957495
5001210,tight_aggressive,street|mass_band,river,,,,,10k+,101,101,90,44,57,0,-13.01980198019802,55469.29702970297,6.4950495049504955,0.10492811570589503,0.42001095680004225,0.47506092749406276
5001210,tight_aggressive,street|mass_band,river,,,,,missing,19,0,18,6,13,0,-43.05263157894737,,,0.2192982456140351,0.3245614035087719,0.45614035087719296
5001210,tight_aggressive,street|mass_band,turn,,,,,0,7,7,6,3,3,1,-4.857142857142857,0.0,1.0,0.10714285714285714,0.34523809523809523,0.5476190476190476
5001210,tight_aggressive,street|mass_band,turn,,,,,100-10k,83,83,72,43,38,2,-21.734939759036145,4751.301204819277,1.9036144578313252,0.1049733309565619,0.24728981703572486,0.6477368520077131
5001210,tight_aggressive,street|mass_band,turn,,,,,10k+,223,223,215,140,83,0,-10.031390134529149,59702.807174887894,13.614349775784753,0.05414671805390554,0.4413909413968149,0.5044623405492795
5001210,tight_aggressive,street|mass_band,turn,,,,,missing,23,0,20,10,13,0,-34.608695652173914,,,0.1572463768115942,0.331159420289855,0.5115942028985507
5001210,tight_aggressive,street|position|pot_band|lookup,flop,BB,16-64,positive-mass-known-key,,,26,26,25,12,14,0,-17.0,78762.0,22.96153846153846,0.09417921474312839,0.19580638770667635,0.7100143975501951
5001210,tight_aggressive,street|position|pot_band|lookup,flop,BB,4-16,missing-key,,,1,0,1,1,0,0,3.0,,,0.0,0.3333333333333333,0.6666666666666666
5001210,tight_aggressive,street|position|pot_band|lookup,flop,BB,4-16,positive-mass-known-key,,,77,77,72,52,25,0,-14.03896103896104,297383.44155844155,80.94805194805195,0.04943706680184697,0.36555729208555415,0.5850056411125987
5001210,tight_aggressive,street|position|pot_band|lookup,flop,BB,64+,missing-key,,,2,0,2,1,1,0,0.0,,,0.41666666666666663,0.41666666666666663,0.16666666666666666
5001210,tight_aggressive,street|position|pot_band|lookup,flop,BB,64+,positive-mass-known-key,,,7,7,7,2,5,0,-34.857142857142854,34307.142857142855,19.428571428571427,0.15161829026781573,0.3482353195588227,0.5001463901733616
5001210,tight_aggressive,street|position|pot_band|lookup,flop,BB,64+,zero-mass,,,2,2,2,0,2,0,-100.0,0.0,1.5,0.5,0.5,0.0
5001210,tight_aggressive,street|position|pot_band|lookup,flop,BB,<4,positive-mass-known-key,,,45,45,45,35,10,0,-4.7555555555555555,300673.22222222225,122.8,0.0,0.3391717063769785,0.6608282936230213
5001210,tight_aggressive,street|position|pot_band|lookup,flop,BB,<4,zero-mass,,,1,1,1,0,1,0,-1.0,0.0,1.0,0.0,0.3333333333333333,0.6666666666666666
5001210,tight_aggressive,street|position|pot_band|lookup,flop,BTN/SB,16-64,missing-key,,,2,0,2,1,1,0,-5.0,,,0.125,0.29166666666666663,0.5833333333333333
5001210,tight_aggressive,street|position|pot_band|lookup,flop,BTN/SB,16-64,positive-mass-known-key,,,25,25,25,14,11,0,-22.88,57758.72,20.72,0.04132298985850827,0.26817701005922134,0.6905000000822703
5001210,tight_aggressive,street|position|pot_band|lookup,flop,BTN/SB,4-16,missing-key,,,1,0,1,0,1,0,-25.0,,,0.25,0.25,0.5
5001210,tight_aggressive,street|position|pot_band|lookup,flop,BTN/SB,4-16,positive-mass-known-key,,,88,88,88,44,44,0,-18.261363636363637,203412.32954545456,57.29545454545455,0.18365504673725128,0.32625647442396327,0.49008847883878554
5001210,tight_aggressive,street|position|pot_band|lookup,flop,BTN/SB,64+,missing-key,,,3,0,3,1,2,0,-23.333333333333332,,,0.27777777777777773,0.38888888888888884,0.3333333333333333
5001210,tight_aggressive,street|position|pot_band|lookup,flop,BTN/SB,64+,positive-mass-known-key,,,13,13,13,6,7,0,-9.076923076923077,29128.076923076922,4.923076923076923,0.09825256290407271,0.2617239206989238,0.6400235163970034
5001210,tight_aggressive,street|position|pot_band|lookup,flop,BTN/SB,<4,missing-key,,,2,0,2,1,1,0,-49.5,,,0.0,0.3333333333333333,0.6666666666666666
5001210,tight_aggressive,street|position|pot_band|lookup,flop,BTN/SB,<4,positive-mass-known-key,,,433,433,433,374,58,1,-0.8036951501154734,185216.97921478064,57.80600461893764,0.0,0.49039541003411075,0.5096045899658895
5001210,tight_aggressive,street|position|pot_band|lookup,flop,BTN/SB,<4,zero-mass,,,1,1,1,1,0,0,1.0,0.0,3.0,0.0,0.3333333333333333,0.6666666666666666
5001210,tight_aggressive,street|position|pot_band|lookup,preflop,BB,16-64,missing-key,,,1,0,1,0,1,0,-15.0,,,0.25,0.25,0.5
5001210,tight_aggressive,street|position|pot_band|lookup,preflop,BB,16-64,positive-mass-known-key,,,30,30,30,9,20,1,-31.933333333333334,16233.566666666668,1.7666666666666666,0.12437964056432625,0.24278737664481692,0.6328329827908569
5001210,tight_aggressive,street|position|pot_band|lookup,preflop,BB,4-16,positive-mass-known-key,,,102,102,102,35,66,1,-16.03921568627451,41661.91176470588,5.882352941176471,0.3048459366670572,0.2757882250283234,0.41936583830461954
5001210,tight_aggressive,street|position|pot_band|lookup,preflop,BB,64+,missing-key,,,2,0,2,0,2,0,-59.0,,,0.375,0.375,0.25
5001210,tight_aggressive,street|position|pot_band|lookup,preflop,BB,64+,positive-mass-known-key,,,15,15,13,3,12,0,-51.4,13461.6,0.7333333333333333,0.3100968760543236,0.5589731374118295,0.13092998653384685
5001210,tight_aggressive,street|position|pot_band|lookup,preflop,BB,64+,zero-mass,,,1,1,1,0,1,0,-100.0,0.0,1.0,0.25,0.25,0.5
5001210,tight_aggressive,street|position|pot_band|lookup,preflop,BB,<4,positive-mass-known-key,,,110,110,110,81,29,0,-10.372727272727273,45776.545454545456,5.5181818181818185,0.0,0.34482076410585816,0.6551792358941417
5001210,tight_aggressive,street|position|pot_band|lookup,preflop,BTN/SB,16-64,positive-mass-known-key,,,22,22,22,11,11,0,-24.954545454545453,9717.90909090909,2.8636363636363638,0.04312798552515294,0.2547317745058052,0.7021402399690421
5001210,tight_aggressive,street|position|pot_band|lookup,preflop,BTN/SB,16-64,zero-mass,,,1,1,1,1,0,0,100.0,0.0,4.0,0.2,0.2,0.6000000000000001
5001210,tight_aggressive,street|position|pot_band|lookup,preflop,BTN/SB,4-16,positive-mass-known-key,,,75,75,75,39,36,0,-13.586666666666666,25391.426666666666,11.2,0.10527868423626725,0.3204531806004148,0.5742681351633179
5001210,tight_aggressive,street|position|pot_band|lookup,preflop,BTN/SB,64+,missing-key,,,1,0,1,0,1,0,-100.0,,,0.5,0.5,0.0
5001210,tight_aggressive,street|position|pot_band|lookup,preflop,BTN/SB,64+,positive-mass-known-key,,,14,14,14,6,8,0,-7.142857142857143,9076.285714285714,0.9285714285714286,0.24100027832361973,0.3262694802857443,0.43273024139063593
5001210,tight_aggressive,street|position|pot_band|lookup,preflop,BTN/SB,64+,zero-mass,,,3,3,3,0,3,0,-78.33333333333333,0.0,1.3333333333333333,0.5,0.5,0.0
5001210,tight_aggressive,street|position|pot_band|lookup,preflop,BTN/SB,<4,positive-mass-known-key,,,2048,2048,2048,1383,664,1,-1.063232421875,43444.46435546875,24.90869140625,0.2653277221551555,0.23371951206037045,0.500952765784475
5001210,tight_aggressive,street|position|pot_band|lookup,river,BB,16-64,missing-key,,,3,0,3,0,3,0,-76.66666666666667,,,0.20000000000000004,0.20000000000000004,0.6000000000000001
5001210,tight_aggressive,street|position|pot_band|lookup,river,BB,16-64,positive-mass-known-key,,,5,5,5,0,5,0,-49.6,4314.4,3.2,0.05,0.36663031058481355,0.5833696894151864
5001210,tight_aggressive,street|position|pot_band|lookup,river,BB,16-64,zero-mass,,,1,1,1,0,1,0,-16.0,0.0,1.0,0.0,0.3333333333333333,0.6666666666666666
5001210,tight_aggressive,street|position|pot_band|lookup,river,BB,4-16,positive-mass-known-key,,,5,5,4,0,5,0,-36.8,7024.4,2.6,0.0,0.16971697818326556,0.8302830218167344
5001210,tight_aggressive,street|position|pot_band|lookup,river,BB,64+,missing-key,,,2,0,1,0,2,0,-100.0,,,0.25,0.41666666666666663,0.3333333333333333
5001210,tight_aggressive,street|position|pot_band|lookup,river,BB,64+,positive-mass-known-key,,,2,2,2,0,2,0,-100.0,978.5,1.5,0.25,0.75,0.0
5001210,tight_aggressive,street|position|pot_band|lookup,river,BB,64+,zero-mass,,,1,1,1,0,1,0,-16.0,0.0,1.0,0.25,0.25,0.5
5001210,tight_aggressive,street|position|pot_band|lookup,river,BB,<4,positive-mass-known-key,,,4,4,4,2,2,0,0.0,35938.5,19.5,0.0,0.5484995315139368,0.4515004684860632
5001210,tight_aggressive,street|position|pot_band|lookup,river,BTN/SB,16-64,missing-key,,,4,0,4,2,2,0,5.5,,,0.22499999999999998,0.22499999999999998,0.55
5001210,tight_aggressive,street|position|pot_band|lookup,river,BTN/SB,16-64,positive-mass-known-key,,,15,15,15,2,13,0,-48.46666666666667,17109.266666666666,1.1333333333333333,0.10532736642233596,0.1487694112535381,0.7459032223241259
5001210,tight_aggressive,street|position|pot_band|lookup,river,BTN/SB,4-16,positive-mass-known-key,,,34,34,34,7,27,0,-11.411764705882353,56790.58823529412,6.823529411764706,0.29102228551350795,0.3362918106788254,0.3726859038076666
5001210,tight_aggressive,street|position|pot_band|lookup,river,BTN/SB,64+,missing-key,,,7,0,7,1,6,0,-59.0,,,0.3095238095238095,0.40476190476190477,0.2857142857142857
5001210,tight_aggressive,street|position|pot_band|lookup,river,BTN/SB,64+,positive-mass-known-key,,,10,10,10,0,10,0,-69.1,9553.2,0.3,0.5083333333333333,0.4083333333333333,0.08333333333333333
5001210,tight_aggressive,street|position|pot_band|lookup,river,BTN/SB,64+,zero-mass,,,3,3,3,0,3,0,-87.33333333333333,0.0,1.6666666666666667,0.5,0.5,0.0
5001210,tight_aggressive,street|position|pot_band|lookup,river,BTN/SB,<4,missing-key,,,3,0,3,3,0,0,1.0,,,0.0,0.3333333333333333,0.6666666666666666
5001210,tight_aggressive,street|position|pot_band|lookup,river,BTN/SB,<4,positive-mass-known-key,,,66,66,66,49,17,0,-0.3333333333333333,49682.969696969696,5.409090909090909,0.0,0.47808157295499154,0.5219184270450085
5001210,tight_aggressive,street|position|pot_band|lookup,turn,BB,16-64,missing-key,,,1,0,1,0,1,0,-90.0,,,0.2,0.2,0.6000000000000001
5001210,tight_aggressive,street|position|pot_band|lookup,turn,BB,16-64,positive-mass-known-key,,,12,12,10,2,10,0,-62.75,18307.416666666668,6.5,0.023216709852572848,0.21565332524163092,0.7611299649057962
5001210,tight_aggressive,street|position|pot_band|lookup,turn,BB,16-64,zero-mass,,,1,1,1,0,1,0,-16.0,0.0,1.0,0.25,0.25,0.5
5001210,tight_aggressive,street|position|pot_band|lookup,turn,BB,4-16,missing-key,,,1,0,1,1,0,0,3.0,,,0.0,0.3333333333333333,0.6666666666666666
5001210,tight_aggressive,street|position|pot_band|lookup,turn,BB,4-16,positive-mass-known-key,,,27,27,25,17,10,0,-11.0,56915.7037037037,14.444444444444445,0.05772531621208051,0.16017798819195933,0.7820966955959601
5001210,tight_aggressive,street|position|pot_band|lookup,turn,BB,4-16,zero-mass,,,1,1,1,0,1,0,-16.0,0.0,1.0,0.0,0.3333333333333333,0.6666666666666666
5001210,tight_aggressive,street|position|pot_band|lookup,turn,BB,64+,missing-key,,,1,0,1,0,1,0,-90.0,,,0.5,0.5,0.0
5001210,tight_aggressive,street|position|pot_band|lookup,turn,BB,64+,positive-mass-known-key,,,3,3,3,0,3,0,-68.0,10103.0,2.0,0.33441086021251665,0.33441086021251665,0.33117827957496676
5001210,tight_aggressive,street|position|pot_band|lookup,turn,BB,<4,positive-mass-known-key,,,15,15,15,9,6,0,-1.9333333333333333,40025.333333333336,19.733333333333334,0.0,0.2763716953812841,0.723628304618716
5001210,tight_aggressive,street|position|pot_band|lookup,turn,BTN/SB,16-64,missing-key,,,2,0,2,0,2,0,-60.0,,,0.25,0.25,0.5
5001210,tight_aggressive,street|position|pot_band|lookup,turn,BTN/SB,16-64,positive-mass-known-key,,,17,17,17,5,11,1,-43.294117647058826,13056.882352941177,2.0,0.17110337428384034,0.22202948411157908,0.6068671416045807
5001210,tight_aggressive,street|position|pot_band|lookup,turn,BTN/SB,4-16,missing-key,,,1,0,1,0,1,0,-20.0,,,0.0,0.3333333333333333,0.6666666666666666
5001210,tight_aggressive,street|position|pot_band|lookup,turn,BTN/SB,4-16,positive-mass-known-key,,,62,62,61,22,39,1,-18.93548387096774,46367.790322580644,11.67741935483871,0.20222923663657075,0.3217897995903051,0.4759809637731244
5001210,tight_aggressive,street|position|pot_band|lookup,turn,BTN/SB,64+,missing-key,,,8,0,8,1,7,0,-61.0,,,0.3020833333333333,0.34375000000000006,0.3541666666666667
5001210,tight_aggressive,street|position|pot_band|lookup,turn,BTN/SB,64+,positive-mass-known-key,,,10,10,10,0,10,0,-72.9,5707.5,0.6,0.2500117924528302,0.3833215408805032,0.36666666666666675
5001210,tight_aggressive,street|position|pot_band|lookup,turn,BTN/SB,64+,zero-mass,,,1,1,1,0,0,1,0.0,0.0,1.0,0.5,0.5,0.0
5001210,tight_aggressive,street|position|pot_band|lookup,turn,BTN/SB,<4,missing-key,,,9,0,9,8,1,0,1.0,,,0.0,0.3333333333333333,0.6666666666666666
5001210,tight_aggressive,street|position|pot_band|lookup,turn,BTN/SB,<4,positive-mass-known-key,,,160,160,160,128,32,0,-0.74375,51044.60625,10.375,0.0,0.49584435585446773,0.5041556441455324
5001210,tight_aggressive,street|position|pot_band|lookup,turn,BTN/SB,<4,zero-mass,,,4,4,4,3,1,0,-0.5,0.0,1.0,0.0,0.3333333333333333,0.6666666666666666
5001210,tight_aggressive,street|visit_band,flop,,,,0,,28,28,27,20,8,0,-17.392857142857142,8798.92857142857,0.0,0.044642857142857144,0.31845238095238093,0.6369047619047619
5001210,tight_aggressive,street|visit_band,flop,,,,1,,29,29,29,19,10,0,-17.275862068965516,7358.206896551724,1.0,0.0830782125385381,0.3411893013513117,0.5757324861101503
5001210,tight_aggressive,street|visit_band,flop,,,,10-99,,363,363,355,277,85,1,-7.303030303030303,126050.61983471074,34.42424242424242,0.03607479025614343,0.45172952255869914,0.5121956871851576
5001210,tight_aggressive,street|visit_band,flop,,,,100+,,192,192,190,149,43,0,-1.6041666666666667,470106.5104166667,157.09375,0.027400752279350914,0.4903050265618109,0.48229422115883835
5001210,tight_aggressive,street|visit_band,flop,,,,2-9,,106,106,102,75,31,0,-8.29245283018868,20396.877358490565,4.39622641509434,0.045030966715084754,0.25317923190206393,0.7017898013828513
5001210,tight_aggressive,street|visit_band,flop,,,,missing,,11,0,9,5,6,0,-18.272727272727273,,,0.19696969696969696,0.3484848484848485,0.45454545454545453
5001210,tight_aggressive,street|visit_band,preflop,,,,0,,27,27,20,7,20,0,-38.111111111111114,14667.074074074075,0.0,0.3141975308641975,0.32654320987654323,0.3592592592592592
5001210,tight_aggressive,street|visit_band,preflop,,,,1,,33,33,27,15,18,0,-21.606060606060606,13214.878787878788,1.0,0.14430906899655407,0.3053465550170577,0.5503443759863883
5001210,tight_aggressive,street|visit_band,preflop,,,,10-99,,1866,1866,1835,1249,616,1,-1.2379421221864952,46781.77331189711,26.85316184351554,0.26500757255875673,0.23222073813471308,0.5027716893065306
5001210,tight_aggressive,street|visit_band,preflop,,,,2-9,,495,495,450,297,196,2,-9.16060606060606,26396.88282828283,6.197979797979798,0.18037850659088225,0.29156630713383613,0.5280551862752818
5001210,tight_aggressive,street|visit_band,preflop,,,,missing,,4,0,4,0,4,0,-58.25,,,0.375,0.375,0.25
5001210,tight_aggressive,street|visit_band,river,,,,0,,23,23,21,8,15,0,-37.34782608695652,6805.608695652174,0.0,0.22753623188405797,0.3543478260869565,0.41811594202898544
5001210,tight_aggressive,street|visit_band,river,,,,1,,19,19,18,3,16,0,-37.578947368421055,13513.736842105263,1.0,0.13064641949290037,0.19051374957975784,0.6788398309273419
5001210,tight_aggressive,street|visit_band,river,,,,10-99,,12,12,12,1,11,0,-17.0,111423.75,16.5,0.2577975460454964,0.49572003249876984,0.24648242145573382
5001210,tight_aggressive,street|visit_band,river,,,,2-9,,92,92,88,48,44,0,-10.619565217391305,43632.141304347824,5.532608695652174,0.0896610400096005,0.43524832773342104,0.4750906322569784
5001210,tight_aggressive,street|visit_band,river,,,,missing,,19,0,18,6,13,0,-43.05263157894737,,,0.2192982456140351,0.3245614035087719,0.45614035087719296
5001210,tight_aggressive,street|visit_band,turn,,,,0,,39,39,36,16,23,0,-40.41025641025641,6749.307692307692,0.0,0.12179487179487179,0.31837606837606847,0.5598290598290598
5001210,tight_aggressive,street|visit_band,turn,,,,1,,33,33,31,18,13,2,-11.242424242424242,11069.69696969697,1.0,0.08196836306796863,0.2515742994529918,0.6664573374790396
5001210,tight_aggressive,street|visit_band,turn,,,,10-99,,120,120,118,76,44,0,-4.533333333333333,85699.56666666667,21.6,0.054602451251339335,0.5514198824911997,0.39397766625746095
5001210,tight_aggressive,street|visit_band,turn,,,,2-9,,121,121,116,76,44,1,-13.090909090909092,23104.239669421488,4.760330578512397,0.06223350796704037,0.28498261954183646,0.6527838724911237
5001210,tight_aggressive,street|visit_band,turn,,,,missing,,23,0,20,10,13,0,-34.608695652173914,,,0.1572463768115942,0.331159420289855,0.5115942028985507
5001210,loose_aggressive,lookup,,,,missing-key,,,198,0,138,73,119,6,-16.96969696969697,,,0.2351010101010102,0.34621212121212164,0.4186868686868688
5001210,loose_aggressive,lookup,,,,positive-mass-known-key,,,6747,6747,2982,3016,3637,94,-10.633911368015415,93443.69823625316,26.04639098858752,0.1480579667150454,0.2954403714894225,0.556501661795533
5001210,loose_aggressive,lookup,,,,zero-mass,,,63,63,52,15,46,2,-25.555555555555557,0.0,2.1587301587301586,0.16455026455026456,0.30079365079365067,0.5346560846560849
5001210,loose_aggressive,street,flop,,,,,,1658,1637,1439,796,839,23,-11.910132689987938,261308.2968845449,63.02932193036042,0.08190673702978599,0.3473530894791845,0.5707401734910303
5001210,loose_aggressive,street,preflop,,,,,,3588,3564,2982,1710,1846,32,-7.516722408026756,40165.954826038156,17.193322109988777,0.20622662092479838,0.2635595957870073,0.5302137832881946
5001210,loose_aggressive,street,river,,,,,,716,649,555,241,455,20,-15.736033519553073,24617.73805855162,3.842835130970724,0.10766212042950371,0.3095787755136086,0.5827591040568895
5001210,loose_aggressive,street,turn,,,,,,1046,960,839,357,662,27,-17.909177820267686,45390.182291666664,9.292708333333334,0.09850401911280254,0.3227672381750735,0.5787287427121243
5001210,loose_aggressive,street|mass_band,flop,,,,,"(0,100)",1,1,1,1,0,0,100.0,8.0,2.0,0.0,0.3333333333333333,0.6666666666666666
5001210,loose_aggressive,street|mass_band,flop,,,,,0,5,5,4,1,4,0,-43.8,0.0,2.6,0.05,0.31666666666666665,0.6333333333333333
5001210,loose_aggressive,street|mass_band,flop,,,,,100-10k,142,142,126,65,74,3,-0.9859154929577465,4996.992957746479,2.7183098591549295,0.09766213089123472,0.2968515904065812,0.6054862787021841
5001210,loose_aggressive,street|mass_band,flop,,,,,10k+,1489,1489,1329,721,748,20,-12.858965748824714,286804.63465413026,69.02484889187375,0.07910231525106104,0.352882357187433,0.5680153275615074
5001210,loose_aggressive,street|mass_band,flop,,,,,missing,21,0,16,8,13,0,-16.238095238095237,,,0.18571428571428572,0.30476190476190473,0.5095238095238095
5001210,loose_aggressive,street|mass_band,preflop,,,,,"(0,100)",3,3,3,2,1,0,41.333333333333336,4.0,3.0,0.25,0.25,0.5
5001210,loose_aggressive,street|mass_band,preflop,,,,,0,13,13,12,2,10,1,-29.0,0.0,2.4615384615384617,0.28846153846153844,0.28846153846153844,0.423076923076923
5001210,loose_aggressive,street|mass_band,preflop,,,,,100-10k,279,279,231,106,169,4,-14.707885304659499,6256.580645161291,4.491039426523297,0.2117310660165362,0.29781150045229426,0.49045743353116894
5001210,loose_aggressive,street|mass_band,preflop,,,,,10k+,3269,3269,2903,1592,1650,27,-6.835882532884674,43256.61211379627,18.349036402569592,0.20400269658189987,0.2595836915644719,0.5364136118536285
5001210,loose_aggressive,street|mass_band,preflop,,,,,missing,24,0,22,8,16,0,-11.125,,,0.39513888888888893,0.39513888888888893,0.20972222222222223
5001210,loose_aggressive,street|mass_band,river,,,,,"(0,100)",3,3,3,2,1,0,33.333333333333336,59.333333333333336,0.0,0.31666666666666665,0.31666666666666665,0.3666666666666667
5001210,loose_aggressive,street|mass_band,river,,,,,0,21,21,18,6,14,1,-27.714285714285715,0.0,2.3333333333333335,0.17142857142857143,0.3063492063492063,0.5222222222222221
5001210,loose_aggressive,street|mass_band,river,,,,,100-10k,254,254,215,92,157,5,-20.153543307086615,4408.677165354331,1.4488188976377954,0.14758213502876524,0.28931214835511115,0.5631057166161236
5001210,loose_aggressive,street|mass_band,river,,,,,10k+,371,371,326,113,247,11,-12.237196765498652,40045.633423180596,5.598382749326146,0.05467263952439771,0.31497695665465825,0.6303504038209431
5001210,loose_aggressive,street|mass_band,river,,,,,missing,67,0,54,28,36,3,-16.80597014925373,,,0.2203980099502488,0.35721393034825855,0.4223880597014926
5001210,loose_aggressive,street|mass_band,turn,,,,,0,24,24,20,6,18,0,-18.0,0.0,1.75,0.11527777777777777,0.29930555555555555,0.5854166666666666
5001210,loose_aggressive,street|mass_band,turn,,,,,100-10k,266,266,230,100,158,8,-18.43984962406015,4707.466165413533,1.8646616541353382,0.1208990992321402,0.27354059168629025,0.6055603090815697
5001210,loose_aggressive,street|mass_band,turn,,,,,10k+,670,670,597,222,432,16,-17.567164179104477,63167.744776119405,12.511940298507463,0.07419309989488879,0.3416956225013548,0.5841112776037571
5001210,loose_aggressive,street|mass_band,turn,,,,,missing,86,0,71,29,54,3,-18.906976744186046,,,0.21395348837209302,0.33410852713178274,0.45193798449612405
5001210,loose_aggressive,street|position|pot_band|lookup,flop,BB,16-64,missing-key,,,7,0,6,4,3,0,14.857142857142858,,,0.17142857142857143,0.25476190476190474,0.5738095238095238
5001210,loose_aggressive,street|position|pot_band|lookup,flop,BB,16-64,positive-mass-known-key,,,95,95,92,32,61,2,-30.526315789473685,117843.2947368421,26.8,0.11052522539400042,0.20527703738722516,0.6841977372187744
5001210,loose_aggressive,street|position|pot_band|lookup,flop,BB,4-16,missing-key,,,2,0,2,0,2,0,-21.5,,,0.125,0.29166666666666663,0.5833333333333333
5001210,loose_aggressive,street|position|pot_band|lookup,flop,BB,4-16,positive-mass-known-key,,,507,507,457,257,245,5,-13.41222879684418,431522.9072978304,78.26824457593689,0.04935377700350368,0.3106101801723313,0.6400360428241652
5001210,loose_aggressive,street|position|pot_band|lookup,flop,BB,4-16,zero-mass,,,1,1,1,0,1,0,-100.0,0.0,3.0,0.25,0.25,0.5
5001210,loose_aggressive,street|position|pot_band|lookup,flop,BB,64+,missing-key,,,3,0,2,0,3,0,-100.0,,,0.4166666666666667,0.4166666666666667,0.16666666666666666
5001210,loose_aggressive,street|position|pot_band|lookup,flop,BB,64+,positive-mass-known-key,,,47,47,43,16,31,0,-27.19148936170213,26578.510638297874,5.085106382978723,0.17330428496517264,0.36614855466884777,0.46054716036597954
5001210,loose_aggressive,street|position|pot_band|lookup,flop,BB,<4,positive-mass-known-key,,,185,185,185,105,78,2,-6.351351351351352,279911.98918918916,114.32432432432432,0.0,0.3447405680758849,0.6552594319241164
5001210,loose_aggressive,street|position|pot_band|lookup,flop,BB,<4,zero-mass,,,3,3,3,0,3,0,-48.666666666666664,0.0,2.3333333333333335,0.0,0.3333333333333333,0.6666666666666666
5001210,loose_aggressive,street|position|pot_band|lookup,flop,BTN/SB,16-64,missing-key,,,3,0,3,1,2,0,-39.333333333333336,,,0.15,0.2333333333333333,0.6166666666666667
5001210,loose_aggressive,street|position|pot_band|lookup,flop,BTN/SB,16-64,positive-mass-known-key,,,95,95,88,39,55,1,-7.842105263157895,68965.93684210526,23.073684210526316,0.15075067721195673,0.21767754575148027,0.6315717770365633
5001210,loose_aggressive,street|position|pot_band|lookup,flop,BTN/SB,16-64,zero-mass,,,1,1,1,1,0,0,27.0,0.0,3.0,0.0,0.3333333333333333,0.6666666666666666
5001210,loose_aggressive,street|position|pot_band|lookup,flop,BTN/SB,4-16,missing-key,,,3,0,3,1,2,0,-31.333333333333332,,,0.08333333333333333,0.3055555555555555,0.611111111111111
5001210,loose_aggressive,street|position|pot_band|lookup,flop,BTN/SB,4-16,positive-mass-known-key,,,400,400,394,175,218,7,-10.4625,222449.985,55.3825,0.17189539555895933,0.3388731586786048,0.4892314457624357
5001210,loose_aggressive,street|position|pot_band|lookup,flop,BTN/SB,64+,missing-key,,,3,0,3,2,1,0,36.666666666666664,,,0.16666666666666666,0.38888888888888884,0.4444444444444444
5001210,loose_aggressive,street|position|pot_band|lookup,flop,BTN/SB,64+,positive-mass-known-key,,,35,35,33,10,24,1,-36.885714285714286,16176.971428571429,4.771428571428571,0.1401238482884565,0.3133575826365265,0.5465185690750171
5001210,loose_aggressive,street|position|pot_band|lookup,flop,BTN/SB,<4,positive-mass-known-key,,,268,268,268,153,110,5,-3.033582089552239,181543.26492537314,56.10820895522388,0.0,0.532706254665714,0.4672937453342866
5001210,loose_aggressive,street|position|pot_band|lookup,preflop,BB,16-64,missing-key,,,2,0,2,1,1,0,0.0,,,0.225,0.225,0.55
5001210,loose_aggressive,street|position|pot_band|lookup,preflop,BB,16-64,positive-mass-known-key,,,119,119,119,37,80,2,-24.554621848739497,19536.03361344538,1.9747899159663866,0.11153934002559868,0.2268091007238979,0.661651559250503
5001210,loose_aggressive,street|position|pot_band|lookup,preflop,BB,16-64,zero-mass,,,1,1,1,0,1,0,-76.0,0.0,1.0,0.25,0.25,0.5
5001210,loose_aggressive,street|position|pot_band|lookup,preflop,BB,4-16,positive-mass-known-key,,,338,338,338,84,251,3,-17.13609467455621,43385.79585798817,6.92603550295858,0.3029054340304928,0.24171672167908095,0.4553778442904262
5001210,loose_aggressive,street|position|pot_band|lookup,preflop,BB,64+,missing-key,,,14,0,14,4,10,0,-10.714285714285714,,,0.4404761904761904,0.4404761904761904,0.11904761904761904
5001210,loose_aggressive,street|position|pot_band|lookup,preflop,BB,64+,positive-mass-known-key,,,45,45,45,12,32,1,-24.22222222222222,8099.866666666667,0.4222222222222222,0.39519301335681783,0.48258476442095993,0.12222222222222222
5001210,loose_aggressive,street|position|pot_band|lookup,preflop,BB,<4,positive-mass-known-key,,,622,622,622,373,242,7,-8.186495176848874,44284.58199356913,5.654340836012862,0.0,0.3185267934909856,0.6814732065090137
5001210,loose_aggressive,street|position|pot_band|lookup,preflop,BTN/SB,16-64,missing-key,,,1,0,1,1,0,0,100.0,,,0.2,0.2,0.6000000000000001
5001210,loose_aggressive,street|position|pot_band|lookup,preflop,BTN/SB,16-64,positive-mass-known-key,,,62,62,62,21,40,1,-23.43548387096774,13553.983870967742,2.338709677419355,0.10140326701891714,0.19632545829464118,0.7022712746864416
5001210,loose_aggressive,street|position|pot_band|lookup,preflop,BTN/SB,16-64,zero-mass,,,2,2,2,0,2,0,-52.5,0.0,2.0,0.25,0.25,0.5
5001210,loose_aggressive,street|position|pot_band|lookup,preflop,BTN/SB,4-16,positive-mass-known-key,,,274,274,274,110,161,3,-10.306569343065693,25622.722627737225,11.18978102189781,0.10451172340851847,0.30413035722355153,0.5913579193679294
5001210,loose_aggressive,street|position|pot_band|lookup,preflop,BTN/SB,4-16,zero-mass,,,4,4,4,1,3,0,-7.25,0.0,4.25,0.25,0.25,0.5
5001210,loose_aggressive,street|position|pot_band|lookup,preflop,BTN/SB,64+,missing-key,,,7,0,6,2,5,0,-31.0,,,0.380952380952381,0.380952380952381,0.23809523809523808
5001210,loose_aggressive,street|position|pot_band|lookup,preflop,BTN/SB,64+,positive-mass-known-key,,,43,43,42,16,27,0,-13.813953488372093,16075.279069767443,1.3488372093023255,0.23102956028994212,0.284829816782004,0.484140622928054
5001210,loose_aggressive,street|position|pot_band|lookup,preflop,BTN/SB,64+,zero-mass,,,6,6,6,1,4,1,-27.833333333333332,0.0,1.6666666666666667,0.3333333333333333,0.3333333333333333,0.3333333333333333
5001210,loose_aggressive,street|position|pot_band|lookup,preflop,BTN/SB,<4,positive-mass-known-key,,,2048,2048,2048,1047,987,14,-3.20263671875,43799.1025390625,25.32421875,0.2677790004476859,0.24225410306215261,0.48996689649016123
5001210,loose_aggressive,street|position|pot_band|lookup,river,BB,16-64,missing-key,,,3,0,3,1,2,0,-29.333333333333332,,,0.25,0.25,0.5
5001210,loose_aggressive,street|position|pot_band|lookup,river,BB,16-64,positive-mass-known-key,,,128,128,111,35,90,3,-24.640625,19648.34375,2.890625,0.07183126338347093,0.2272941467937826,0.700874589822747
5001210,loose_aggressive,street|position|pot_band|lookup,river,BB,16-64,zero-mass,,,8,8,6,2,6,0,-21.875,0.0,3.125,0.11249999999999999,0.26875,0.61875
5001210,loose_aggressive,street|position|pot_band|lookup,river,BB,4-16,missing-key,,,5,0,3,3,2,0,-6.4,,,0.1,0.29999999999999993,0.5999999999999999
5001210,loose_aggressive,street|position|pot_band|lookup,river,BB,4-16,positive-mass-known-key,,,140,140,130,51,87,2,-10.821428571428571,42098.52142857143,8.442857142857143,0.01849861849844635,0.2990823364420702,0.6824190450594838
5001210,loose_aggressive,street|position|pot_band|lookup,river,BB,4-16,zero-mass,,,3,3,2,2,0,1,6.0,0.0,3.6666666666666665,0.08333333333333333,0.3055555555555555,0.611111111111111
5001210,loose_aggressive,street|position|pot_band|lookup,river,BB,64+,missing-key,,,15,0,11,3,12,0,-42.0,,,0.29999999999999993,0.4111111111111111,0.28888888888888886
5001210,loose_aggressive,street|position|pot_band|lookup,river,BB,64+,positive-mass-known-key,,,38,38,36,11,25,2,-27.526315789473685,6970.684210526316,0.5263157894736842,0.2123096385488573,0.3356313986499525,0.4520589628011903
5001210,loose_aggressive,street|position|pot_band|lookup,river,BB,64+,zero-mass,,,4,4,4,0,4,0,-71.75,0.0,1.5,0.3125,0.3958333333333333,0.29166666666666663
5001210,loose_aggressive,street|position|pot_band|lookup,river,BB,<4,positive-mass-known-key,,,14,14,14,3,11,0,-6.428571428571429,30442.714285714286,17.642857142857142,0.0,0.5689736747187466,0.4310263252812535
5001210,loose_aggressive,street|position|pot_band|lookup,river,BTN/SB,16-64,missing-key,,,15,0,15,7,8,0,-5.533333333333333,,,0.09000000000000001,0.26777777777777784,0.6422222222222224
5001210,loose_aggressive,street|position|pot_band|lookup,river,BTN/SB,16-64,positive-mass-known-key,,,106,106,104,30,71,5,-13.952830188679245,12692.311320754718,0.7169811320754716,0.11567999544317409,0.2389127119674039,0.6454072925894215
5001210,loose_aggressive,street|position|pot_band|lookup,river,BTN/SB,16-64,zero-mass,,,2,2,2,1,1,0,18.5,0.0,1.0,0.1,0.225,0.675
5001210,loose_aggressive,street|position|pot_band|lookup,river,BTN/SB,4-16,missing-key,,,5,0,5,3,1,1,-16.4,,,0.0,0.3333333333333333,0.6666666666666666
5001210,loose_aggressive,street|position|pot_band|lookup,river,BTN/SB,4-16,positive-mass-known-key,,,120,120,118,55,65,0,-0.8083333333333333,30889.941666666666,2.9833333333333334,0.07622012307731549,0.2864387246642402,0.6373411522584441
5001210,loose_aggressive,street|position|pot_band|lookup,river,BTN/SB,4-16,zero-mass,,,2,2,2,1,1,0,-6.0,0.0,1.0,0.25,0.25,0.5
5001210,loose_aggressive,street|position|pot_band|lookup,river,BTN/SB,64+,missing-key,,,21,0,21,8,11,2,-10.285714285714286,,,0.365079365079365,0.4206349206349206,0.21428571428571427
5001210,loose_aggressive,street|position|pot_band|lookup,river,BTN/SB,64+,positive-mass-known-key,,,50,50,49,8,40,2,-43.3,5472.56,0.42,0.34917885413760524,0.41991678154762574,0.23090436431476896
5001210,loose_aggressive,street|position|pot_band|lookup,river,BTN/SB,64+,zero-mass,,,2,2,2,0,2,0,-81.5,0.0,1.5,0.25,0.41666666666666663,0.3333333333333333
5001210,loose_aggressive,street|position|pot_band|lookup,river,BTN/SB,<4,missing-key,,,3,0,3,3,0,0,1.6666666666666667,,,0.0,0.3333333333333333,0.6666666666666666
5001210,loose_aggressive,street|position|pot_band|lookup,river,BTN/SB,<4,positive-mass-known-key,,,32,32,32,14,16,2,-0.40625,48476.28125,5.34375,0.0,0.5910531440370927,0.4089468559629072
5001210,loose_aggressive,street|position|pot_band|lookup,turn,BB,16-64,missing-key,,,9,0,9,3,6,0,-11.666666666666666,,,0.20555555555555555,0.24259259259259258,0.5518518518518518
5001210,loose_aggressive,street|position|pot_band|lookup,turn,BB,16-64,positive-mass-known-key,,,119,119,108,35,81,3,-26.285714285714285,28455.126050420167,4.915966386554622,0.08063466186689151,0.28118851256815397,0.6381768255649544
5001210,loose_aggressive,street|position|pot_band|lookup,turn,BB,16-64,zero-mass,,,2,2,2,0,2,0,-70.0,0.0,2.0,0.0,0.29166666666666663,0.7083333333333333
5001210,loose_aggressive,street|position|pot_band|lookup,turn,BB,4-16,missing-key,,,7,0,7,2,5,0,-29.0,,,0.07142857142857142,0.3095238095238095,0.619047619047619
5001210,loose_aggressive,street|position|pot_band|lookup,turn,BB,4-16,positive-mass-known-key,,,264,264,242,90,167,7,-13.090909090909092,76591.29924242424,15.556818181818182,0.038520243299312085,0.36088622015498445,0.6005935365457035
5001210,loose_aggressive,street|position|pot_band|lookup,turn,BB,4-16,zero-mass,,,1,1,1,1,0,0,10.0,0.0,1.0,0.25,0.25,0.5
5001210,loose_aggressive,street|position|pot_band|lookup,turn,BB,64+,missing-key,,,24,0,21,4,19,1,-50.291666666666664,,,0.34027777777777785,0.40972222222222227,0.25000000000000006
5001210,loose_aggressive,street|position|pot_band|lookup,turn,BB,64+,positive-mass-known-key,,,48,48,43,4,43,1,-62.833333333333336,11167.041666666666,1.125,0.24009307429799268,0.2871948378803097,0.4727120878216977
5001210,loose_aggressive,street|position|pot_band|lookup,turn,BB,64+,zero-mass,,,3,3,3,1,2,0,-6.0,0.0,1.0,0.19444444444444442,0.3055555555555555,0.5
5001210,loose_aggressive,street|position|pot_band|lookup,turn,BB,<4,missing-key,,,1,0,1,0,1,0,-3.0,,,0.0,0.3333333333333333,0.6666666666666666
5001210,loose_aggressive,street|position|pot_band|lookup,turn,BB,<4,positive-mass-known-key,,,44,44,44,17,27,0,-3.9545454545454546,50783.77272727273,26.272727272727273,0.0,0.3485593194669639,0.6514406805330363
5001210,loose_aggressive,street|position|pot_band|lookup,turn,BB,<4,zero-mass,,,2,2,2,1,1,0,0.5,0.0,2.0,0.0,0.3333333333333333,0.6666666666666666
5001210,loose_aggressive,street|position|pot_band|lookup,turn,BTN/SB,16-64,missing-key,,,16,0,16,8,7,1,11.625,,,0.128125,0.25312500000000004,0.6187500000000001
5001210,loose_aggressive,street|position|pot_band|lookup,turn,BTN/SB,16-64,positive-mass-known-key,,,85,85,84,20,62,3,-33.61176470588235,17109.988235294117,1.8705882352941177,0.08841300044078197,0.25255382184706165,0.6590331777121565
5001210,loose_aggressive,street|position|pot_band|lookup,turn,BTN/SB,16-64,zero-mass,,,8,8,7,1,7,0,-8.25,0.0,1.75,0.07500000000000001,0.26249999999999996,0.6625000000000001
5001210,loose_aggressive,street|position|pot_band|lookup,turn,BTN/SB,4-16,missing-key,,,9,0,9,4,4,1,8.666666666666666,,,0.1111111111111111,0.2962962962962963,0.5925925925925926
5001210,loose_aggressive,street|position|pot_band|lookup,turn,BTN/SB,4-16,positive-mass-known-key,,,253,253,245,95,151,7,-10.130434782608695,43614.06324110672,7.233201581027668,0.14162915238559498,0.2848081930754819,0.5735626545389231
5001210,loose_aggressive,street|position|pot_band|lookup,turn,BTN/SB,4-16,zero-mass,,,5,5,5,1,4,0,-14.4,0.0,2.6,0.1,0.29999999999999993,0.5999999999999999
5001210,loose_aggressive,street|position|pot_band|lookup,turn,BTN/SB,64+,missing-key,,,14,0,14,4,10,0,-26.714285714285715,,,0.3452380952380952,0.3928571428571428,0.2619047619047619
5001210,loose_aggressive,street|position|pot_band|lookup,turn,BTN/SB,64+,positive-mass-known-key,,,22,22,22,2,20,0,-60.63636363636363,5886.5,0.5,0.3287236443100291,0.2803761734391714,0.39090018225079953
5001210,loose_aggressive,street|position|pot_band|lookup,turn,BTN/SB,64+,zero-mass,,,2,2,2,0,2,0,-75.0,0.0,1.0,0.41666666666666663,0.41666666666666663,0.16666666666666666
5001210,loose_aggressive,street|position|pot_band|lookup,turn,BTN/SB,<4,missing-key,,,6,0,6,4,2,0,0.3333333333333333,,,0.0,0.3333333333333333,0.6666666666666666
5001210,loose_aggressive,street|position|pot_band|lookup,turn,BTN/SB,<4,positive-mass-known-key,,,101,101,101,59,39,3,-1.4554455445544554,45342.55445544554,9.673267326732674,0.0,0.43711567873637847,0.5628843212636213
5001210,loose_aggressive,street|position|pot_band|lookup,turn,BTN/SB,<4,zero-mass,,,1,1,1,1,0,0,3.0,0.0,1.0,0.0,0.3333333333333333,0.6666666666666666
5001210,loose_aggressive,street|visit_band,flop,,,,0,,52,52,46,12,39,1,-23.076923076923077,8335.807692307691,0.0,0.18557692307692303,0.30096153846153856,0.5134615384615386
5001210,loose_aggressive,street|visit_band,flop,,,,1,,50,50,49,29,19,2,3.62,11941.7,1.0,0.10466876172147348,0.32417864025725635,0.5711525980212702
5001210,loose_aggressive,street|visit_band,flop,,,,10-99,,918,918,875,466,435,17,-13.188453159041394,187091.0403050109,38.9161220043573,0.08021636125246827,0.34342509892127926,0.5763585398262518
5001210,loose_aggressive,street|visit_band,flop,,,,100+,,346,346,343,157,188,1,-8.598265895953757,711328.1156069364,191.17341040462426,0.059278158194588405,0.44353741557875836,0.4971844262266529
5001210,loose_aggressive,street|visit_band,flop,,,,2-9,,271,271,247,124,145,2,-12.195571955719558,32701.225092250923,4.642066420664206,0.08438771049526911,0.25433322414627774,0.6612790653584537
5001210,loose_aggressive,street|visit_band,flop,,,,missing,,21,0,16,8,13,0,-16.238095238095237,,,0.18571428571428572,0.30476190476190473,0.5095238095238095
5001210,loose_aggressive,street|visit_band,preflop,,,,0,,104,104,92,27,77,0,-30.807692307692307,12506.076923076924,0.0,0.29150641025641016,0.3331730769230769,0.37532051282051293
5001210,loose_aggressive,street|visit_band,preflop,,,,1,,118,118,112,44,72,2,-16.508474576271187,14774.652542372882,1.0,0.1182277147985756,0.25022694608408796,0.6315453391173362
5001210,loose_aggressive,street|visit_band,preflop,,,,10-99,,2108,2108,1982,1060,1032,16,-4.333965844402277,46599.88282732448,25.70493358633776,0.25102483047491453,0.24122643134504487,0.5077487381800402
5001210,loose_aggressive,street|visit_band,preflop,,,,2-9,,1234,1234,1102,571,649,14,-10.060777957860616,33934.25364667747,5.6507293354943275,0.12725275761006954,0.2945594809053225,0.5781877614846089
5001210,loose_aggressive,street|visit_band,preflop,,,,missing,,24,0,22,8,16,0,-11.125,,,0.39513888888888893,0.39513888888888893,0.20972222222222223
5001210,loose_aggressive,street|visit_band,river,,,,0,,228,228,203,80,141,7,-15.179824561403509,13052.84649122807,0.0,0.15372807017543857,0.317105263157895,0.5291666666666673
5001210,loose_aggressive,street|visit_band,river,,,,1,,109,109,101,39,64,6,-19.541284403669724,12646.733944954129,1.0,0.10016537486594404,0.24516233527479955,0.6546722898592565
5001210,loose_aggressive,street|visit_band,river,,,,10-99,,72,72,71,14,58,0,-9.569444444444445,65775.125,18.26388888888889,0.04442226387865542,0.3743041997280728,0.5812735363932715
5001210,loose_aggressive,street|visit_band,river,,,,2-9,,240,240,214,80,156,4,-16.0875,28694.0,4.458333333333333,0.0548040945883618,0.2989686375376478,0.6462272678739903
5001210,loose_aggressive,street|visit_band,river,,,,missing,,67,0,54,28,36,3,-16.80597014925373,,,0.2203980099502488,0.35721393034825855,0.4223880597014926
5001210,loose_aggressive,street|visit_band,turn,,,,0,,183,183,158,52,123,8,-22.89071038251366,12082.185792349726,0.0,0.13897996357012743,0.30837887067395314,0.5526411657559201
5001210,loose_aggressive,street|visit_band,turn,,,,1,,120,120,115,39,80,1,-23.641666666666666,17026.775,1.0,0.13610820429695286,0.261842779582915,0.6020490161201321
5001210,loose_aggressive,street|visit_band,turn,,,,10-99,,302,302,289,107,189,6,-8.102649006622517,93851.34105960265,24.003311258278146,0.06295342791249271,0.4050010598249621,0.5320455122625453
5001210,loose_aggressive,street|visit_band,turn,,,,2-9,,355,355,337,130,216,9,-21.504225352112677,30921.738028169013,4.371830985915493,0.06720267862943922,0.2780743967531612,0.6547229246173987
5001210,loose_aggressive,street|visit_band,turn,,,,missing,,86,0,71,29,54,3,-18.906976744186046,,,0.21395348837209302,0.33410852713178274,0.45193798449612405
5001210,pot_pressure,lookup,,,,missing-key,,,970,0,590,390,574,6,-16.61340206185567,,,0.2370446735395185,0.28463917525773175,0.4783161512027509
5001210,pot_pressure,lookup,,,,positive-mass-known-key,,,3361,3361,2453,2036,1318,7,-3.9592383219279976,81947.1335911931,28.67926212436775,0.1950202356363743,0.2838899039150598,0.5210898604485636
5001210,pot_pressure,lookup,,,,zero-mass,,,11,11,11,4,7,0,-33.45454545454545,0.0,1.9090909090909092,0.3181818181818182,0.4090909090909091,0.2727272727272727
5001210,pot_pressure,street,flop,,,,,,854,542,754,556,294,4,-7.209601873536299,279944.7269372694,73.18265682656826,0.08426732266627801,0.36167909316508584,0.5540535841686356
5001210,pot_pressure,street,preflop,,,,,,2942,2590,2453,1638,1301,3,-4.7471108089734875,42044.52586872587,20.88185328185328,0.2537271873159481,0.2470663498620806,0.49920646282197084
5001210,pot_pressure,street,river,,,,,,170,60,132,57,111,2,-21.388235294117646,52500.666666666664,6.85,0.1663725490196078,0.35944492429100444,0.47418252668938793
5001210,pot_pressure,street,turn,,,,,,376,180,320,179,193,4,-16.039893617021278,64716.177777777775,12.511111111111111,0.11218971631205672,0.36676910391441814,0.5210411797735243
5001210,pot_pressure,street|mass_band,flop,,,,,"(0,100)",1,1,1,1,0,0,2.0,68.0,1.0,0.0,0.3333333333333333,0.6666666666666666
5001210,pot_pressure,street|mass_band,flop,,,,,0,3,3,3,2,1,0,-32.666666666666664,0.0,2.0,0.16666666666666666,0.38888888888888884,0.4444444444444444
5001210,pot_pressure,street|mass_band,flop,,,,,100-10k,37,37,36,30,7,0,12.91891891891892,5305.378378378378,3.5945945945945947,0.04873817917296178,0.29382685011059073,0.6574349707164475
5001210,pot_pressure,street|mass_band,flop,,,,,10k+,501,501,495,369,130,2,-6.063872255489022,302462.4251497006,78.89221556886227,0.005377872776317639,0.41856756907962334,0.5760545581440595
5001210,pot_pressure,street|mass_band,flop,,,,,missing,312,0,277,154,156,2,-11.221153846153847,,,0.21463675213675223,0.2782051282051284,0.5071581196581195
5001210,pot_pressure,street|mass_band,preflop,,,,,0,6,6,6,2,4,0,-20.0,0.0,2.0,0.4166666666666667,0.4166666666666667,0.16666666666666666
5001210,pot_pressure,street|mass_band,preflop,,,,,100-10k,124,124,120,66,58,0,-9.834677419354838,7215.814516129032,7.169354838709677,0.2680221680707106,0.296738337608961,0.43523949432032805
5001210,pot_pressure,street|mass_band,preflop,,,,,10k+,2460,2460,2367,1427,1030,3,-3.169308943089431,43902.667073170735,21.61910569105691,0.2508051366840454,0.2413917265978576,0.5078031367180983
5001210,pot_pressure,street|mass_band,preflop,,,,,missing,352,0,292,143,209,0,-13.721590909090908,,,0.26633522727272757,0.26633522727272757,0.4673295454545449
5001210,pot_pressure,street|mass_band,river,,,,,0,1,1,1,0,1,0,-50.0,0.0,1.0,0.5,0.5,0.0
5001210,pot_pressure,street|mass_band,river,,,,,100-10k,8,8,8,6,2,0,-2.25,3839.125,1.625,0.0,0.28594403904050414,0.7140559609594959
5001210,pot_pressure,street|mass_band,river,,,,,10k+,51,51,51,24,26,1,-5.078431372549019,61163.27450980392,7.784313725490196,0.0,0.4418578722316344,0.5581421277683657
5001210,pot_pressure,street|mass_band,river,,,,,missing,110,0,84,27,82,1,-30.081818181818182,,,0.2525757575757575,0.32530303030303026,0.42212121212121223
5001210,pot_pressure,street|mass_band,turn,,,,,0,1,1,1,0,1,0,-100.0,0.0,2.0,0.0,0.3333333333333333,0.6666666666666666
5001210,pot_pressure,street|mass_band,turn,,,,,100-10k,38,38,38,25,13,0,-4.2368421052631575,5438.894736842105,2.289473684210526,0.013157894736842105,0.326379611678002,0.6604624935851562
5001210,pot_pressure,street|mass_band,turn,,,,,10k+,141,141,140,88,52,1,-9.184397163120567,81150.59574468085,15.340425531914894,0.0017730496453900709,0.46384934629827784,0.5343776040563318
5001210,pot_pressure,street|mass_band,turn,,,,,missing,196,0,162,66,127,3,-22.831632653061224,,,0.21139455782312924,0.30493197278911605,0.483673469387755
5001210,pot_pressure,street|position|pot_band|lookup,flop,BB,16-64,missing-key,,,33,0,33,17,16,0,-7.818181818181818,,,0.16212121212121214,0.2378787878787879,0.5999999999999999
5001210,pot_pressure,street|position|pot_band|lookup,flop,BB,16-64,positive-mass-known-key,,,5,5,5,1,4,0,-64.6,129482.39999999998,18.2,0.10816892490731614,0.09412261605136758,0.7977084590413164
5001210,pot_pressure,street|position|pot_band|lookup,flop,BB,4-16,missing-key,,,24,0,24,15,8,1,-8.166666666666666,,,0.25,0.25,0.5
5001210,pot_pressure,street|position|pot_band|lookup,flop,BB,4-16,positive-mass-known-key,,,159,159,159,112,46,1,-6.540880503144654,479679.8679245283,97.86792452830188,0.0035642528443226087,0.34057731315268513,0.6558584340029927
5001210,pot_pressure,street|position|pot_band|lookup,flop,BB,64+,missing-key,,,16,0,15,4,12,0,-36.9375,,,0.171875,0.38020833333333326,0.4479166666666667
5001210,pot_pressure,street|position|pot_band|lookup,flop,BB,64+,positive-mass-known-key,,,6,6,6,0,6,0,-75.5,29137.666666666668,17.333333333333332,0.4238436093671063,0.37374713889272154,0.2024092517401722
5001210,pot_pressure,street|position|pot_band|lookup,flop,BB,64+,zero-mass,,,1,1,1,0,1,0,-100.0,0.0,1.0,0.5,0.5,0.0
5001210,pot_pressure,street|position|pot_band|lookup,flop,BB,<4,positive-mass-known-key,,,52,52,52,46,6,0,-0.6153846153846154,322539.73076923075,131.30769230769232,0.0,0.3259214484893516,0.6740785515106484
5001210,pot_pressure,street|position|pot_band|lookup,flop,BB,<4,zero-mass,,,1,1,1,1,0,0,1.0,0.0,2.0,0.0,0.3333333333333333,0.6666666666666666
5001210,pot_pressure,street|position|pot_band|lookup,flop,BTN/SB,16-64,missing-key,,,51,0,51,23,28,0,-8.588235294117647,,,0.20490196078431366,0.23758169934640516,0.5575163398692812
5001210,pot_pressure,street|position|pot_band|lookup,flop,BTN/SB,16-64,positive-mass-known-key,,,19,19,19,13,6,0,5.105263157894737,72009.21052631579,37.31578947368421,0.0,0.3009092389139708,0.699090761086029
5001210,pot_pressure,street|position|pot_band|lookup,flop,BTN/SB,4-16,missing-key,,,157,0,157,84,72,1,-8.40764331210191,,,0.2054140127388535,0.2648619957537155,0.529723991507431
5001210,pot_pressure,street|position|pot_band|lookup,flop,BTN/SB,4-16,positive-mass-known-key,,,63,63,63,46,17,0,-2.015873015873016,198280.38095238095,39.53968253968254,0.0,0.40017847834710407,0.5998215216528962
5001210,pot_pressure,street|position|pot_band|lookup,flop,BTN/SB,64+,missing-key,,,29,0,29,9,20,0,-24.137931034482758,,,0.3505747126436781,0.4310344827586208,0.21839080459770113
5001210,pot_pressure,street|position|pot_band|lookup,flop,BTN/SB,64+,positive-mass-known-key,,,12,12,11,7,5,0,16.333333333333332,16224.166666666666,13.583333333333334,0.07058370061235082,0.25681284701055673,0.6726034523770924
5001210,pot_pressure,street|position|pot_band|lookup,flop,BTN/SB,<4,missing-key,,,2,0,2,2,0,0,1.0,,,0.0,0.3333333333333333,0.6666666666666666
5001210,pot_pressure,street|position|pot_band|lookup,flop,BTN/SB,<4,positive-mass-known-key,,,223,223,223,175,47,1,-3.928251121076233,196466.86098654708,61.488789237668165,0.0,0.5071040404960566,0.49289595950394366
5001210,pot_pressure,street|position|pot_band|lookup,flop,BTN/SB,<4,zero-mass,,,1,1,1,1,0,0,1.0,0.0,3.0,0.0,0.3333333333333333,0.6666666666666666
5001210,pot_pressure,street|position|pot_band|lookup,preflop,BB,16-64,missing-key,,,95,0,95,23,72,0,-23.178947368421053,,,0.22526315789473664,0.22526315789473664,0.5494736842105268
5001210,pot_pressure,street|position|pot_band|lookup,preflop,BB,4-16,positive-mass-known-key,,,212,212,212,49,163,0,-12.768867924528301,43127.1179245283,6.566037735849057,0.3074585818231088,0.24478720918357566,0.44775420899331575
5001210,pot_pressure,street|position|pot_band|lookup,preflop,BB,64+,missing-key,,,18,0,18,4,14,0,-41.72222222222222,,,0.4907407407407407,0.4907407407407407,0.018518518518518517
5001210,pot_pressure,street|position|pot_band|lookup,preflop,BB,64+,positive-mass-known-key,,,9,9,9,2,7,0,-44.888888888888886,12631.111111111111,0.7777777777777778,0.3784997890063114,0.5474261369196145,0.07407407407407407
5001210,pot_pressure,street|position|pot_band|lookup,preflop,BB,64+,zero-mass,,,3,3,3,1,2,0,-28.0,0.0,1.3333333333333333,0.5,0.5,0.0
5001210,pot_pressure,street|position|pot_band|lookup,preflop,BB,<4,positive-mass-known-key,,,199,199,199,163,35,1,-4.366834170854271,43819.66331658291,5.4623115577889445,0.0,0.294970648253111,0.7050293517468896
5001210,pot_pressure,street|position|pot_band|lookup,preflop,BTN/SB,16-64,missing-key,,,33,0,33,14,19,0,-11.090909090909092,,,0.21515151515151523,0.21515151515151523,0.5696969696969697
5001210,pot_pressure,street|position|pot_band|lookup,preflop,BTN/SB,4-16,missing-key,,,151,0,151,84,67,0,-2.6754966887417218,,,0.25,0.25,0.5
5001210,pot_pressure,street|position|pot_band|lookup,preflop,BTN/SB,4-16,positive-mass-known-key,,,105,105,105,39,66,0,-11.466666666666667,22814.809523809523,6.6,0.1382437777064873,0.2978298708386368,0.5639263514548758
5001210,pot_pressure,street|position|pot_band|lookup,preflop,BTN/SB,4-16,zero-mass,,,2,2,2,1,1,0,0.0,0.0,2.5,0.25,0.25,0.5
5001210,pot_pressure,street|position|pot_band|lookup,preflop,BTN/SB,64+,missing-key,,,55,0,52,18,37,0,-20.12727272727273,,,0.33939393939393936,0.33939393939393936,0.3212121212121212
5001210,pot_pressure,street|position|pot_band|lookup,preflop,BTN/SB,64+,positive-mass-known-key,,,11,11,11,2,9,0,-57.81818181818182,27447.454545454544,1.9090909090909092,0.17379225756601957,0.8262077424339804,0.0
5001210,pot_pressure,street|position|pot_band|lookup,preflop,BTN/SB,64+,zero-mass,,,1,1,1,0,1,0,-36.0,0.0,3.0,0.5,0.5,0.0
5001210,pot_pressure,street|position|pot_band|lookup,preflop,BTN/SB,<4,positive-mass-known-key,,,2048,2048,2048,1238,808,2,-1.560546875,43076.71044921875,24.83984375,0.2759767363982211,0.2318056138221907,0.4922176497795898
5001210,pot_pressure,street|position|pot_band|lookup,river,BB,16-64,missing-key,,,10,0,10,3,7,0,-15.6,,,0.09,0.26499999999999996,0.645
5001210,pot_pressure,street|position|pot_band|lookup,river,BB,4-16,missing-key,,,5,0,5,1,4,0,-24.8,,,0.25,0.25,0.5
5001210,pot_pressure,street|position|pot_band|lookup,river,BB,4-16,positive-mass-known-key,,,25,25,25,12,13,0,-6.68,50706.32,8.28,0.0,0.3541571751323668,0.6458428248676331
5001210,pot_pressure,street|position|pot_band|lookup,river,BB,64+,missing-key,,,13,0,11,2,11,0,-39.61538461538461,,,0.3141025641025641,0.391025641025641,0.2948717948717949
5001210,pot_pressure,street|position|pot_band|lookup,river,BB,64+,positive-mass-known-key,,,1,1,1,0,1,0,-85.0,108.0,0.0,0.0,0.3333333333333333,0.6666666666666666
5001210,pot_pressure,street|position|pot_band|lookup,river,BB,64+,zero-mass,,,1,1,1,0,1,0,-50.0,0.0,1.0,0.5,0.5,0.0
5001210,pot_pressure,street|position|pot_band|lookup,river,BB,<4,positive-mass-known-key,,,2,2,2,2,0,0,1.5,24156.0,13.5,0.0,0.34492442578845195,0.6550755742115482
5001210,pot_pressure,street|position|pot_band|lookup,river,BTN/SB,16-64,missing-key,,,17,0,17,2,14,1,-33.23529411764706,,,0.2088235294117647,0.24803921568627457,0.5431372549019607
5001210,pot_pressure,street|position|pot_band|lookup,river,BTN/SB,16-64,positive-mass-known-key,,,2,2,2,0,2,0,-14.0,11952.0,0.0,0.0,0.3333333333333333,0.6666666666666666
5001210,pot_pressure,street|position|pot_band|lookup,river,BTN/SB,4-16,missing-key,,,35,0,35,16,19,0,-9.857142857142858,,,0.17857142857142858,0.27380952380952384,0.5476190476190477
5001210,pot_pressure,street|position|pot_band|lookup,river,BTN/SB,4-16,positive-mass-known-key,,,3,3,3,1,2,0,-1.3333333333333333,20431.333333333332,1.6666666666666667,0.0,0.4154330759360862,0.5845669240639139
5001210,pot_pressure,street|position|pot_band|lookup,river,BTN/SB,64+,missing-key,,,30,0,29,3,27,0,-53.46666666666667,,,0.3916666666666667,0.4333333333333334,0.17499999999999996
5001210,pot_pressure,street|position|pot_band|lookup,river,BTN/SB,<4,positive-mass-known-key,,,26,26,26,15,10,1,0.15384615384615385,67260.15384615384,6.576923076923077,0.0,0.5012394745555022,0.49876052544449784
5001210,pot_pressure,street|position|pot_band|lookup,turn,BB,16-64,missing-key,,,28,0,26,12,14,2,-9.142857142857142,,,0.10892857142857144,0.26964285714285713,0.6214285714285713
5001210,pot_pressure,street|position|pot_band|lookup,turn,BB,4-16,missing-key,,,5,0,5,0,5,0,-51.8,,,0.25,0.25,0.5
5001210,pot_pressure,street|position|pot_band|lookup,turn,BB,4-16,positive-mass-known-key,,,63,63,63,36,27,0,-10.015873015873016,92860.30158730158,16.047619047619047,0.0,0.389996277256031,0.6100037227439692
5001210,pot_pressure,street|position|pot_band|lookup,turn,BB,64+,missing-key,,,13,0,12,3,10,0,-32.61538461538461,,,0.31410256410256415,0.36538461538461536,0.32051282051282054
5001210,pot_pressure,street|position|pot_band|lookup,turn,BB,64+,positive-mass-known-key,,,1,1,1,0,1,0,-85.0,11857.0,3.0,0.0,0.1735891279136295,0.8264108720863705
5001210,pot_pressure,street|position|pot_band|lookup,turn,BB,64+,zero-mass,,,1,1,1,0,1,0,-100.0,0.0,2.0,0.0,0.3333333333333333,0.6666666666666666
5001210,pot_pressure,street|position|pot_band|lookup,turn,BB,<4,positive-mass-known-key,,,8,8,8,8,0,0,1.125,48830.75,28.0,0.0,0.3421225276045928,0.6578774723954074
5001210,pot_pressure,street|position|pot_band|lookup,turn,BTN/SB,16-64,missing-key,,,56,0,56,19,37,0,-17.035714285714285,,,0.19285714285714287,0.24940476190476188,0.5577380952380955
5001210,pot_pressure,street|position|pot_band|lookup,turn,BTN/SB,16-64,positive-mass-known-key,,,4,4,4,2,2,0,-1.5,12957.5,0.5,0.0,0.31970667639752287,0.6802933236024771
5001210,pot_pressure,street|position|pot_band|lookup,turn,BTN/SB,4-16,missing-key,,,60,0,60,26,33,1,-14.433333333333334,,,0.14583333333333334,0.2847222222222224,0.5694444444444448
5001210,pot_pressure,street|position|pot_band|lookup,turn,BTN/SB,4-16,positive-mass-known-key,,,21,21,21,12,9,0,-10.523809523809524,42315.95238095238,5.095238095238095,0.011904761904761904,0.30734316107414,0.6807520770210981
5001210,pot_pressure,street|position|pot_band|lookup,turn,BTN/SB,64+,missing-key,,,33,0,32,5,28,0,-52.03030303030303,,,0.4090909090909091,0.4494949494949495,0.14141414141414144
5001210,pot_pressure,street|position|pot_band|lookup,turn,BTN/SB,64+,positive-mass-known-key,,,3,3,3,0,3,0,-100.0,5448.0,2.0,0.16666666666666666,0.16666666666666666,0.6666666666666666
5001210,pot_pressure,street|position|pot_band|lookup,turn,BTN/SB,<4,missing-key,,,1,0,1,1,0,0,1.0,,,0.0,0.3333333333333333,0.6666666666666666
5001210,pot_pressure,street|position|pot_band|lookup,turn,BTN/SB,<4,positive-mass-known-key,,,79,79,79,55,23,1,-2.810126582278481,56194.94936708861,11.354430379746836,0.0,0.5328077869341005,0.46719221306589953
5001210,pot_pressure,street|visit_band,flop,,,,0,,15,15,15,11,4,0,-10.333333333333334,11124.866666666667,0.0,0.05,0.33888888888888885,0.6111111111111112
5001210,pot_pressure,street|visit_band,flop,,,,1,,12,12,12,6,6,0,-16.25,7336.833333333333,1.0,0.04178610247465939,0.3845946585409323,0.5736192389844083
5001210,pot_pressure,street|visit_band,flop,,,,10-99,,287,287,286,213,73,1,-5.693379790940766,157749.09059233448,37.53310104529617,0.011209175048763382,0.42822475946863275,0.5605660654826039
5001210,pot_pressure,street|visit_band,flop,,,,100+,,164,164,164,117,46,1,-5.2926829268292686,638909.1829268293,174.42073170731706,0.0,0.4695274953748771,0.5304725046251229
5001210,pot_pressure,street|visit_band,flop,,,,2-9,,64,64,63,55,9,0,3.0625,22188.0,4.3125,0.008268131588183123,0.19488220497158412,0.7968496634402328
5001210,pot_pressure,street|visit_band,flop,,,,missing,,312,0,277,154,156,2,-11.221153846153847,,,0.21463675213675223,0.2782051282051284,0.5071581196581195
5001210,pot_pressure,street|visit_band,preflop,,,,0,,20,20,20,10,10,0,-9.65,15512.85,0.0,0.2208333333333333,0.32083333333333336,0.4583333333333333
5001210,pot_pressure,street|visit_band,preflop,,,,1,,35,35,35,14,21,0,-21.97142857142857,15572.771428571428,1.0,0.1668055193173082,0.23721983731759064,0.5959746433651013
5001210,pot_pressure,street|visit_band,preflop,,,,10-99,,1889,1889,1869,1132,755,2,-1.384595023822128,46818.455267337216,26.462149285336157,0.2728902882473813,0.22738138134626756,0.49972833040635267
5001210,pot_pressure,street|visit_band,preflop,,,,2-9,,646,646,630,339,306,1,-8.604489164086687,30340.489164086688,6.287925696594427,0.19654918071431146,0.29237834513677735,0.5110724741489111
5001210,pot_pressure,street|visit_band,preflop,,,,missing,,352,0,292,143,209,0,-13.721590909090908,,,0.26633522727272757,0.26633522727272757,0.4673295454545449
5001210,pot_pressure,street|visit_band,river,,,,0,,10,10,10,6,4,0,-0.2,11293.9,0.0,0.0,0.33333333333333337,0.6666666666666667
5001210,pot_pressure,street|visit_band,river,,,,1,,3,3,3,1,2,0,-46.0,17518.0,1.0,0.16666666666666666,0.45109500800303054,0.3822383253303028
5001210,pot_pressure,street|visit_band,river,,,,10-99,,9,9,9,4,5,0,-2.111111111111111,74271.55555555556,17.22222222222222,0.0,0.34646739873148064,0.6535326012685193
5001210,pot_pressure,street|visit_band,river,,,,2-9,,38,38,38,19,18,1,-4.421052631578948,60950.07894736842,6.657894736842105,0.0,0.4609862855318852,0.5390137144681149
5001210,pot_pressure,street|visit_band,river,,,,missing,,110,0,84,27,82,1,-30.081818181818182,,,0.2525757575757575,0.32530303030303026,0.42212121212121223
5001210,pot_pressure,street|visit_band,turn,,,,0,,16,16,15,7,9,0,-20.0625,10964.8125,0.0,0.046875,0.33854166666666663,0.6145833333333333
5001210,pot_pressure,street|visit_band,turn,,,,1,,17,17,17,13,4,0,0.8823529411764706,17538.58823529412,1.0,0.0,0.22286069965425806,0.7771393003457421
5001210,pot_pressure,street|visit_band,turn,,,,10-99,,91,91,91,53,37,1,-7.417582417582418,108167.94505494506,22.153846153846153,0.0,0.5919064401221186,0.4080935598778812
5001210,pot_pressure,street|visit_band,turn,,,,2-9,,56,56,56,40,16,0,-10.267857142857142,23786.35714285714,3.9107142857142856,0.0,0.26910235345094236,0.7308976465490578
5001210,pot_pressure,street|visit_band,turn,,,,missing,,196,0,162,66,127,3,-22.831632653061224,,,0.21139455782312924,0.30493197278911605,0.483673469387755
10001922,random,lookup,,,,missing-key,,,1069,0,1067,283,767,19,0.9625818521983162,,,0.4937636420330526,0.4968038665419394,0.009432491425007796
10001922,random,lookup,,,,positive-mass-known-key,,,4815,4815,3046,2717,2074,24,1.8353063343717548,358341.6053997923,55.21391484942887,0.17721641740550234,0.2885773977751787,0.5342061848193174
10001922,random,lookup,,,,zero-mass,,,16,16,15,8,8,0,-0.5625,0.0,2.375,0.2,0.2989583333333334,0.5010416666666666
10001922,random,street,flop,,,,,,1190,959,951,663,517,10,3.149579831932773,1102367.7184567258,141.70594369134514,0.15536615561282613,0.36995810799942797,0.47467573638774696
10001922,random,street,preflop,,,,,,4149,3412,3396,2023,2101,25,1.0554350445890577,171421.52930832357,35.375146541617816,0.27145509768547205,0.3113155157872878,0.4172293865272398
10001922,random,street,river,,,,,,138,113,112,82,53,3,1.173913043478261,111165.36283185841,10.097345132743364,0.107062116907396,0.31772250224521387,0.5752153808473901
10001922,random,street,turn,,,,,,423,347,338,240,178,5,3.706855791962175,204012.23054755043,23.504322766570606,0.13806828730808215,0.3537184589209,0.5082132537710179
10001922,random,street|mass_band,flop,,,,,0,2,2,2,1,1,0,-2.5,0.0,1.5,0.125,0.29166666666666663,0.5833333333333333
10001922,random,street|mass_band,flop,,,,,100-10k,20,20,17,14,6,0,17.75,4602.55,1.85,0.0475,0.3949336940337265,0.5575663059662733
10001922,random,street|mass_band,flop,,,,,10k+,937,937,817,586,344,7,2.712913553895411,1128152.1782283885,144.99039487726787,0.0738374868508676,0.3382441920725485,0.5879183210765846
10001922,random,street|mass_band,flop,,,,,missing,231,0,231,62,166,3,3.705627705627706,,,0.49567099567099565,0.4971139971139971,0.007215007215007214
10001922,random,street|mass_band,preflop,,,,,0,6,6,6,2,4,0,-11.833333333333334,0.0,3.1666666666666665,0.2916666666666667,0.2916666666666667,0.4166666666666667
10001922,random,street|mass_band,preflop,,,,,100-10k,9,9,9,4,5,0,0.5555555555555556,5329.111111111111,4.666666666666667,0.24633602438843194,0.3257233721859441,0.4279406034256239
10001922,random,street|mass_band,preflop,,,,,10k+,3397,3397,3046,1829,1556,12,1.3532528701795703,172164.34972034147,35.51339417132764,0.2221225128282391,0.27059657481653854,0.5072809123552214
10001922,random,street|mass_band,preflop,,,,,missing,737,0,737,188,536,13,-0.2062415196743555,,,0.4989823609226594,0.4989823609226594,0.0020352781546811396
10001922,random,street|mass_band,river,,,,,0,3,3,3,2,1,0,28.0,0.0,1.6666666666666667,0.06666666666666667,0.2611111111111111,0.6722222222222222
10001922,random,street|mass_band,river,,,,,100-10k,17,17,16,13,4,0,12.117647058823529,4735.705882352941,1.588235294117647,0.07058823529411765,0.2898431562252979,0.6395686084805844
10001922,random,street|mass_band,river,,,,,10k+,93,93,84,58,33,2,-0.5053763440860215,134206.2258064516,11.924731182795698,0.035389664514917374,0.2872943188603166,0.6773160166247661
10001922,random,street|mass_band,river,,,,,missing,25,0,25,9,15,1,-3.24,,,0.40333333333333327,0.45666666666666667,0.14
10001922,random,street|mass_band,turn,,,,,"(0,100)",1,1,1,1,0,0,80.0,69.0,5.0,0.0,0.3333333333333333,0.6666666666666666
10001922,random,street|mass_band,turn,,,,,0,5,5,5,3,2,0,-3.4,0.0,2.2,0.2,0.3333333333333333,0.4666666666666666
10001922,random,street|mass_band,turn,,,,,100-10k,27,27,24,18,9,0,15.62962962962963,5099.518518518518,1.1851851851851851,0.10185185185185185,0.30621836557137494,0.5919297825767731
10001922,random,street|mass_band,turn,,,,,10k+,314,314,277,194,117,3,2.156050955414013,225014.29299363057,25.821656050955415,0.06099645073668389,0.32570598382095617,0.61329756544236
10001922,random,street|mass_band,turn,,,,,missing,76,0,75,24,50,2,5.342105263157895,,,0.46710526315789475,0.4879385964912281,0.04495614035087719
10001922,random,street|position|pot_band|lookup,flop,BB,16-64,missing-key,,,2,0,2,2,0,0,17.0,,,0.125,0.29166666666666663,0.5833333333333333
10001922,random,street|position|pot_band|lookup,flop,BB,16-64,positive-mass-known-key,,,40,40,37,30,10,0,14.85,240081.45,24.425,0.1073595864547782,0.26297857651528,0.6296618370299417
10001922,random,street|position|pot_band|lookup,flop,BB,4-16,positive-mass-known-key,,,336,336,305,217,117,2,3.800595238095238,1369143.9702380951,139.3095238095238,0.07649534086792653,0.3353313581208907,0.5881733010111821
10001922,random,street|position|pot_band|lookup,flop,BB,64+,missing-key,,,86,0,86,22,63,1,-0.7674418604651163,,,0.5,0.5,0.0
10001922,random,street|position|pot_band|lookup,flop,BB,64+,positive-mass-known-key,,,3,3,3,2,1,0,22.0,23998.0,0.0,0.25,0.3611111111111111,0.38888888888888884
10001922,random,street|position|pot_band|lookup,flop,BB,<4,positive-mass-known-key,,,261,261,249,157,101,3,-1.4444444444444444,1274937.8122605365,215.65134099616859,0.015502747469745592,0.32526818108802513,0.6592290714422293
10001922,random,street|position|pot_band|lookup,flop,BB,<4,zero-mass,,,1,1,1,1,0,0,3.0,0.0,1.0,0.0,0.3333333333333333,0.6666666666666666
10001922,random,street|position|pot_band|lookup,flop,BTN/SB,16-64,positive-mass-known-key,,,17,17,17,11,5,1,3.4705882352941178,269208.35294117645,28.705882352941178,0.06812483823829278,0.4367634420686435,0.49511171969306367
10001922,random,street|position|pot_band|lookup,flop,BTN/SB,16-64,zero-mass,,,1,1,1,0,1,0,-8.0,0.0,2.0,0.25,0.25,0.5
10001922,random,street|position|pot_band|lookup,flop,BTN/SB,4-16,missing-key,,,1,0,1,1,0,0,12.0,,,0.25,0.25,0.5
10001922,random,street|position|pot_band|lookup,flop,BTN/SB,4-16,positive-mass-known-key,,,211,211,201,125,85,1,2.009478672985782,775752.5450236967,89.54502369668246,0.1142147583668299,0.3345701294424762,0.5512151121906943
10001922,random,street|position|pot_band|lookup,flop,BTN/SB,64+,missing-key,,,142,0,142,37,103,2,6.169014084507042,,,0.5,0.5,0.0
10001922,random,street|position|pot_band|lookup,flop,BTN/SB,64+,positive-mass-known-key,,,1,1,1,1,0,0,100.0,38486.0,7.0,0.0,1.0,0.0
10001922,random,street|position|pot_band|lookup,flop,BTN/SB,<4,positive-mass-known-key,,,88,88,88,57,31,0,8.568181818181818,981879.9090909091,141.29545454545453,0.1146051572090097,0.4164249777111864,0.46896986507980426
10001922,random,street|position|pot_band|lookup,preflop,BB,16-64,missing-key,,,2,0,2,0,2,0,-34.0,,,0.25,0.25,0.5
10001922,random,street|position|pot_band|lookup,preflop,BB,16-64,positive-mass-known-key,,,29,29,26,20,9,0,9.172413793103448,61447.620689655174,2.2413793103448274,0.17681000196486577,0.3075821490319784,0.5156078490031558
10001922,random,street|position|pot_band|lookup,preflop,BB,4-16,positive-mass-known-key,,,88,88,86,50,38,0,1.7159090909090908,119695.07954545454,6.068181818181818,0.3020973542784933,0.19893606553606497,0.4989665801854418
10001922,random,street|position|pot_band|lookup,preflop,BB,64+,missing-key,,,449,0,449,114,324,11,-0.6904231625835189,,,0.5,0.5,0.0
10001922,random,street|position|pot_band|lookup,preflop,BB,64+,positive-mass-known-key,,,2,2,2,2,0,0,85.0,114418.0,0.5,0.32830519079292386,0.42169480920707614,0.25
10001922,random,street|position|pot_band|lookup,preflop,BB,64+,zero-mass,,,1,1,1,0,1,0,-60.0,0.0,1.0,0.5,0.5,0.0
10001922,random,street|position|pot_band|lookup,preflop,BB,<4,positive-mass-known-key,,,998,998,998,603,389,6,1.68937875751503,184246.98096192384,12.050100200400802,0.10841951442857055,0.33353043495261364,0.5580500506188157
10001922,random,street|position|pot_band|lookup,preflop,BTN/SB,16-64,positive-mass-known-key,,,17,17,17,11,6,0,1.8235294117647058,68879.94117647059,4.411764705882353,0.20769722268289884,0.2821590937314027,0.5101436835856984
10001922,random,street|position|pot_band|lookup,preflop,BTN/SB,16-64,zero-mass,,,2,2,2,0,2,0,-7.5,0.0,4.0,0.25,0.25,0.5
10001922,random,street|position|pot_band|lookup,preflop,BTN/SB,4-16,missing-key,,,1,0,1,1,0,0,5.0,,,0.25,0.25,0.5
10001922,random,street|position|pot_band|lookup,preflop,BTN/SB,4-16,positive-mass-known-key,,,147,147,145,82,64,1,0.4897959183673469,91222.95238095238,11.598639455782314,0.13716790138542692,0.23740649107710418,0.6254256075374687
10001922,random,street|position|pot_band|lookup,preflop,BTN/SB,4-16,zero-mass,,,3,3,3,2,1,0,1.3333333333333333,0.0,3.3333333333333335,0.25,0.25,0.5
10001922,random,street|position|pot_band|lookup,preflop,BTN/SB,64+,missing-key,,,285,0,285,73,210,2,0.775438596491228,,,0.5,0.5,0.0
10001922,random,street|position|pot_band|lookup,preflop,BTN/SB,64+,positive-mass-known-key,,,1,1,1,0,1,0,-100.0,32189.0,2.0,0.026670601758364658,0.9733293982416353,0.0
10001922,random,street|position|pot_band|lookup,preflop,BTN/SB,<4,positive-mass-known-key,,,2124,2124,2048,1065,1054,5,1.0951035781544256,176014.5315442561,50.03436911487759,0.2789428683574437,0.24545492798080232,0.4756022036617574
10001922,random,street|position|pot_band|lookup,river,BB,16-64,missing-key,,,1,0,1,1,0,0,16.0,,,0.0,0.3333333333333333,0.6666666666666666
10001922,random,street|position|pot_band|lookup,river,BB,16-64,positive-mass-known-key,,,25,25,25,18,7,0,4.96,66016.44,2.96,0.02883820093542859,0.2213611193041875,0.749800679760384
10001922,random,street|position|pot_band|lookup,river,BB,16-64,zero-mass,,,3,3,3,2,1,0,28.0,0.0,1.6666666666666667,0.06666666666666667,0.2611111111111111,0.6722222222222222
10001922,random,street|position|pot_band|lookup,river,BB,4-16,missing-key,,,1,0,1,1,0,0,18.0,,,0.0,0.3333333333333333,0.6666666666666666
10001922,random,street|position|pot_band|lookup,river,BB,4-16,positive-mass-known-key,,,59,59,54,35,22,2,-3.76271186440678,158697.7288135593,16.52542372881356,0.017144014912697913,0.3304506486646459,0.6524053364226563
10001922,random,street|position|pot_band|lookup,river,BB,64+,missing-key,,,13,0,13,2,10,1,-12.23076923076923,,,0.4487179487179488,0.47435897435897434,0.07692307692307693
10001922,random,street|position|pot_band|lookup,river,BB,<4,positive-mass-known-key,,,1,1,1,1,0,0,1.0,56255.0,11.0,0.0,0.8788914459541585,0.12110855404584148
10001922,random,street|position|pot_band|lookup,river,BTN/SB,16-64,missing-key,,,2,0,2,2,0,0,23.5,,,0.125,0.29166666666666663,0.5833333333333333
10001922,random,street|position|pot_band|lookup,river,BTN/SB,16-64,positive-mass-known-key,,,5,5,4,4,1,0,25.6,11283.0,0.6,0.15,0.24719797522871634,0.6028020247712836
10001922,random,street|position|pot_band|lookup,river,BTN/SB,4-16,positive-mass-known-key,,,16,16,14,10,6,0,1.6875,71486.375,3.5625,0.05262747338263371,0.20988492249163734,0.7374876041257289
10001922,random,street|position|pot_band|lookup,river,BTN/SB,64+,missing-key,,,8,0,8,3,5,0,-0.375,,,0.5,0.5,0.0
10001922,random,street|position|pot_band|lookup,river,BTN/SB,64+,positive-mass-known-key,,,1,1,1,1,0,0,100.0,1560.0,0.0,0.5,0.5,0.0
10001922,random,street|position|pot_band|lookup,river,BTN/SB,<4,positive-mass-known-key,,,3,3,3,2,1,0,0.3333333333333333,96699.0,5.333333333333333,0.22224910751009486,0.21401632468559195,0.5637345678043132
10001922,random,street|position|pot_band|lookup,turn,BB,16-64,missing-key,,,2,0,2,2,0,0,24.0,,,0.0,0.29166666666666663,0.7083333333333333
10001922,random,street|position|pot_band|lookup,turn,BB,16-64,positive-mass-known-key,,,37,37,35,27,10,0,9.621621621621621,105437.24324324324,7.675675675675675,0.03076133138533078,0.2944304800130011,0.6748081886016681
10001922,random,street|position|pot_band|lookup,turn,BB,4-16,missing-key,,,2,0,2,1,1,0,-6.0,,,0.0,0.3333333333333333,0.6666666666666666
10001922,random,street|position|pot_band|lookup,turn,BB,4-16,positive-mass-known-key,,,175,175,158,108,64,3,3.388571428571429,275071.59428571427,33.29142857142857,0.052397945896158524,0.3410275009382324,0.6065745531656092
10001922,random,street|position|pot_band|lookup,turn,BB,4-16,zero-mass,,,2,2,2,2,0,0,2.5,0.0,2.5,0.0,0.3333333333333333,0.6666666666666666
10001922,random,street|position|pot_band|lookup,turn,BB,64+,missing-key,,,32,0,32,11,20,1,14.21875,,,0.484375,0.4947916666666667,0.020833333333333332
10001922,random,street|position|pot_band|lookup,turn,BB,64+,positive-mass-known-key,,,2,2,2,1,1,0,9.0,72712.5,0.5,0.25,0.45830788026878433,0.2916921197312157
10001922,random,street|position|pot_band|lookup,turn,BB,64+,zero-mass,,,1,1,1,0,1,0,-27.0,0.0,1.0,0.5,0.5,0.0
10001922,random,street|position|pot_band|lookup,turn,BB,<4,positive-mass-known-key,,,25,25,22,12,13,0,-4.52,267948.72,51.76,0.04606913970277276,0.29474827117585084,0.6591825891213765
10001922,random,street|position|pot_band|lookup,turn,BTN/SB,16-64,positive-mass-known-key,,,17,17,17,10,7,0,-6.235294117647059,60514.58823529412,1.7058823529411764,0.0884551210464218,0.2215632150861535,0.6899816638674247
10001922,random,street|position|pot_band|lookup,turn,BTN/SB,4-16,positive-mass-known-key,,,73,73,71,47,26,0,5.1506849315068495,129691.06849315068,7.835616438356165,0.09537284288973351,0.29656898921483527,0.6080581678954309
10001922,random,street|position|pot_band|lookup,turn,BTN/SB,4-16,zero-mass,,,1,1,1,1,0,0,7.0,0.0,4.0,0.25,0.25,0.5
10001922,random,street|position|pot_band|lookup,turn,BTN/SB,64+,missing-key,,,40,0,40,10,29,1,-2.125,,,0.5,0.5,0.0
10001922,random,street|position|pot_band|lookup,turn,BTN/SB,64+,positive-mass-known-key,,,2,2,2,0,2,0,-36.0,17568.0,1.0,0.5375822623436585,0.46241773765634153,0.0
10001922,random,street|position|pot_band|lookup,turn,BTN/SB,<4,positive-mass-known-key,,,11,11,11,8,3,0,11.545454545454545,125278.36363636363,12.454545454545455,0.036566193839764886,0.5157180740431669,0.4477157321170683
10001922,random,street|position|pot_band|lookup,turn,BTN/SB,<4,zero-mass,,,1,1,1,0,1,0,-2.0,0.0,1.0,0.25,0.25,0.5
10001922,random,street|visit_band,flop,,,,0,,11,11,10,10,1,0,45.63636363636363,13443.727272727272,0.0,0.10909090909090909,0.31363636363636366,0.5772727272727273
10001922,random,street|visit_band,flop,,,,1,,14,14,14,10,4,0,10.357142857142858,19637.64285714286,1.0,0.02064691343330157,0.2558311777237036,0.7235219088429948
10001922,random,street|visit_band,flop,,,,10-99,,418,418,380,269,146,3,2.54066985645933,453416.72966507176,51.057416267942585,0.0839214721269808,0.3315867063117252,0.5844918215612939
10001922,random,street|visit_band,flop,,,,100+,,400,400,375,229,168,3,0.435,2146695.24,284.7325,0.07457689360094288,0.34640104112574094,0.5790220652733149
10001922,random,street|visit_band,flop,,,,2-9,,116,116,110,83,32,1,8.698275862068966,73634.00862068965,5.577586206896552,0.03436841035984185,0.3553579224935869,0.6102736671465714
10001922,random,street|visit_band,flop,,,,missing,,231,0,231,62,166,3,3.705627705627706,,,0.49567099567099565,0.4971139971139971,0.007215007215007214
10001922,random,street|visit_band,preflop,,,,0,,12,12,12,6,5,1,1.0,43006.166666666664,0.0,0.24583333333333335,0.27361111111111114,0.48055555555555557
10001922,random,street|visit_band,preflop,,,,1,,27,27,24,16,11,0,1.1481481481481481,55629.333333333336,1.0,0.1654477697223203,0.24003438503358485,0.594517845244095
10001922,random,street|visit_band,preflop,,,,10-99,,2949,2949,2751,1556,1383,10,1.3085791793828416,183529.31637843337,40.16107154967786,0.23416670380350865,0.2669267166896831,0.49890657950680783
10001922,random,street|visit_band,preflop,,,,2-9,,424,424,396,257,166,1,1.4834905660377358,98217.5424528302,5.278301886792453,0.1427889174480518,0.2994502965904251,0.5577607859615236
10001922,random,street|visit_band,preflop,,,,missing,,737,0,737,188,536,13,-0.2062415196743555,,,0.4989823609226594,0.4989823609226594,0.0020352781546811396
10001922,random,street|visit_band,river,,,,0,,21,21,18,15,6,0,2.380952380952381,20685.095238095237,0.0,0.08095238095238096,0.3071428571428571,0.6119047619047618
10001922,random,street|visit_band,river,,,,1,,12,12,12,10,2,0,14.416666666666666,35999.666666666664,1.0,0.02427852800187069,0.24954747516043163,0.7261739968376976
10001922,random,street|visit_band,river,,,,10-99,,39,39,39,19,19,1,-4.923076923076923,234416.97435897434,24.743589743589745,0.026801753396854675,0.38823036656602283,0.5849678800371225
10001922,random,street|visit_band,river,,,,2-9,,41,41,37,29,11,1,5.170731707317073,62269.29268292683,4.0,0.04035678247286671,0.1913045035407993,0.7683387139863341
10001922,random,street|visit_band,river,,,,missing,,25,0,25,9,15,1,-3.24,,,0.40333333333333327,0.45666666666666667,0.14
10001922,random,street|visit_band,turn,,,,0,,37,37,32,20,17,0,8.324324324324325,36106.5945945946,0.0,0.1108108108108108,0.30225225225225233,0.586936936936937
10001922,random,street|visit_band,turn,,,,1,,24,24,23,15,9,0,10.0,59092.125,1.0,0.09260321583772231,0.26353340171801537,0.6438633824442622
10001922,random,street|visit_band,turn,,,,10-99,,162,162,148,94,65,3,-0.6975308641975309,301520.68518518517,36.75308641975309,0.06781847912012022,0.36585967661798596,0.5663218442618935
10001922,random,street|visit_band,turn,,,,100+,,15,15,15,5,10,0,-1.7333333333333334,719014.7333333332,112.4,0.0,0.3927272702450277,0.6072727297549724
10001922,random,street|visit_band,turn,,,,2-9,,109,109,105,82,27,0,6.908256880733945,77124.00917431193,4.513761467889908,0.05131940122710033,0.27404828577846285,0.6746323129944367
10001922,random,street|visit_band,turn,,,,missing,,76,0,75,24,50,2,5.342105263157895,,,0.46710526315789475,0.4879385964912281,0.04495614035087719
10001922,check_call,lookup,,,,missing-key,,,84,0,72,66,13,5,9.904761904761905,,,0.0,0.33035714285714246,0.6696428571428564
10001922,check_call,lookup,,,,positive-mass-known-key,,,14471,14471,4096,6672,7113,686,0.9969594361136065,509067.88736092875,55.601340612259,0.04154724739813719,0.34736825275199756,0.6110844998498647
10001922,check_call,lookup,,,,zero-mass,,,17,17,17,14,2,1,7.235294117647059,0.0,1.6470588235294117,0.0,0.33333333333333326,0.6666666666666665
10001922,check_call,street,flop,,,,,,3492,3488,3492,1688,1631,173,1.122852233676976,1494600.8712729358,158.50630733944953,0.0,0.3445840377573154,0.6554159622426857
10001922,check_call,street,preflop,,,,,,4096,4096,4096,1688,2235,173,0.883544921875,180752.63891601562,31.75830078125,0.14678472097129963,0.3056597052453535,0.5475555737833442
10001922,check_call,street,river,,,,,,3492,3444,3492,1688,1631,173,1.122852233676976,141561.33013937282,9.863530778164925,0.0,0.3486571883458333,0.6513428116541703
10001922,check_call,street,turn,,,,,,3492,3460,3492,1688,1631,173,1.122852233676976,267529.9216763006,25.35057803468208,0.0,0.397308745132777,0.6026912548672251
10001922,check_call,street|mass_band,flop,,,,,0,2,2,2,1,0,1,4.5,0.0,1.0,0.0,0.3333333333333333,0.6666666666666666
10001922,check_call,street|mass_band,flop,,,,,100-10k,30,30,30,22,7,1,7.033333333333333,6368.866666666667,1.3333333333333333,0.0,0.4127389030987472,0.5872610969012529
10001922,check_call,street|mass_band,flop,,,,,10k+,3456,3456,3456,1663,1622,171,1.072337962962963,1508384.4829282407,159.96180555555554,0.0,0.34401194813529595,0.6559880518647047
10001922,check_call,street|mass_band,flop,,,,,missing,4,0,4,2,2,0,-1.25,,,0.0,0.3333333333333333,0.6666666666666666
10001922,check_call,street|mass_band,preflop,,,,,10k+,4096,4096,4096,1688,2235,173,0.883544921875,180752.63891601562,31.75830078125,0.14678472097129963,0.3056597052453535,0.5475555737833442
10001922,check_call,street|mass_band,river,,,,,"(0,100)",1,1,1,1,0,0,6.0,12.0,1.0,0.0,0.3333333333333333,0.6666666666666666
10001922,check_call,street|mass_band,river,,,,,0,4,4,4,4,0,0,7.5,0.0,1.0,0.0,0.3333333333333333,0.6666666666666666
10001922,check_call,street|mass_band,river,,,,,100-10k,223,223,223,160,51,12,6.515695067264574,5707.345291479821,0.7668161434977578,0.0,0.3142674886644265,0.6857325113355734
10001922,check_call,street|mass_band,river,,,,,10k+,3216,3216,3216,1482,1575,159,0.5609452736318408,151201.6389925373,10.508084577114428,0.0,0.3513720724704048,0.6486279275296039
10001922,check_call,street|mass_band,river,,,,,missing,48,0,48,41,5,2,13.083333333333334,,,0.0,0.3281250000000002,0.6718750000000004
10001922,check_call,street|mass_band,turn,,,,,"(0,100)",2,2,2,1,0,1,18.0,79.0,0.0,0.0,0.3333333333333333,0.6666666666666666
10001922,check_call,street|mass_band,turn,,,,,0,11,11,11,9,2,0,7.636363636363637,0.0,2.0,0.0,0.33333333333333337,0.6666666666666667
10001922,check_call,street|mass_band,turn,,,,,100-10k,123,123,123,83,31,9,8.910569105691057,5966.69918699187,1.4390243902439024,0.0,0.36220289142854106,0.6377971085714591
10001922,check_call,street|mass_band,turn,,,,,10k+,3324,3324,3324,1572,1592,160,0.7509025270758123,278254.95397111913,26.32791817087846,0.0,0.3994738815757964,0.6005261184242058
10001922,check_call,street|mass_band,turn,,,,,missing,32,0,32,23,6,3,6.53125,,,0.0,0.33333333333333337,0.6666666666666667
10001922,check_call,street|position|pot_band|lookup,flop,BB,4-16,positive-mass-known-key,,,1230,1230,1230,584,591,55,1.2195121951219512,2253857.4601626014,171.839837398374,0.0,0.3241643048719683,0.675835695128039
10001922,check_call,street|position|pot_band|lookup,flop,BB,<4,missing-key,,,1,0,1,0,1,0,-18.0,,,0.0,0.3333333333333333,0.6666666666666666
10001922,check_call,street|position|pot_band|lookup,flop,BB,<4,positive-mass-known-key,,,817,817,817,349,423,45,0.014687882496940025,1469186.0795593634,251.60587515299878,0.0,0.29456971249019787,0.705430287509803
10001922,check_call,street|position|pot_band|lookup,flop,BTN/SB,4-16,missing-key,,,3,0,3,2,1,0,4.333333333333333,,,0.0,0.3333333333333333,0.6666666666666666
10001922,check_call,street|position|pot_band|lookup,flop,BTN/SB,4-16,positive-mass-known-key,,,983,983,983,508,429,46,1.9257375381485249,876012.9399796542,81.57782299084435,0.0,0.37569391532103413,0.6243060846789641
10001922,check_call,street|position|pot_band|lookup,flop,BTN/SB,4-16,zero-mass,,,2,2,2,1,0,1,4.5,0.0,1.0,0.0,0.3333333333333333,0.6666666666666666
10001922,check_call,street|position|pot_band|lookup,flop,BTN/SB,<4,positive-mass-known-key,,,456,456,456,244,186,26,1.1228070175438596,832187.3157894737,122.26315789473684,0.0,0.42235699778723823,0.5776430022127627
10001922,check_call,street|position|pot_band|lookup,preflop,BB,<4,positive-mass-known-key,,,2048,2048,2048,933,1015,100,0.7294921875,180298.52783203125,12.1005859375,0.0,0.3807925700259779,0.61920742997402
10001922,check_call,street|position|pot_band|lookup,preflop,BTN/SB,<4,positive-mass-known-key,,,2048,2048,2048,755,1220,73,1.03759765625,181206.75,51.416015625,0.29356944194259926,0.2305268404647282,0.4759037175926766
10001922,check_call,street|position|pot_band|lookup,river,BB,16-64,missing-key,,,7,0,7,4,3,0,14.285714285714286,,,0.0,0.3095238095238095,0.6904761904761905
10001922,check_call,street|position|pot_band|lookup,river,BB,16-64,positive-mass-known-key,,,503,503,503,252,224,27,3.6938369781312126,117022.88667992048,5.644135188866799,0.0,0.3139462186503918,0.686053781349608
10001922,check_call,street|position|pot_band|lookup,river,BB,4-16,missing-key,,,3,0,3,2,0,1,7.333333333333333,,,0.0,0.3333333333333333,0.6666666666666666
10001922,check_call,street|position|pot_band|lookup,river,BB,4-16,positive-mass-known-key,,,1452,1452,1452,638,751,63,-0.3347107438016529,198976.84710743802,18.022038567493112,0.0,0.3277962620025738,0.6722037379974265
10001922,check_call,street|position|pot_band|lookup,river,BB,4-16,zero-mass,,,1,1,1,1,0,0,4.0,0.0,1.0,0.0,0.3333333333333333,0.6666666666666666
10001922,check_call,street|position|pot_band|lookup,river,BB,<4,positive-mass-known-key,,,82,82,82,36,37,9,-0.04878048780487805,79422.64634146342,22.524390243902438,0.0,0.40122144273637883,0.5987785572636213
10001922,check_call,street|position|pot_band|lookup,river,BTN/SB,16-64,missing-key,,,16,0,16,15,1,0,21.1875,,,0.0,0.32812499999999994,0.6718749999999999
10001922,check_call,street|position|pot_band|lookup,river,BTN/SB,16-64,positive-mass-known-key,,,284,284,284,153,113,18,4.404929577464789,48481.112676056335,0.426056338028169,0.0,0.3361650884660547,0.663834911533943
10001922,check_call,street|position|pot_band|lookup,river,BTN/SB,4-16,missing-key,,,22,0,22,20,1,1,7.590909090909091,,,0.0,0.3333333333333332,0.6666666666666664
10001922,check_call,street|position|pot_band|lookup,river,BTN/SB,4-16,positive-mass-known-key,,,1021,1021,1021,527,447,47,0.6307541625857003,98205.6013712047,1.9559255631733594,0.0,0.3813775183953163,0.6186224816046798
10001922,check_call,street|position|pot_band|lookup,river,BTN/SB,4-16,zero-mass,,,3,3,3,3,0,0,8.666666666666666,0.0,1.0,0.0,0.3333333333333333,0.6666666666666666
10001922,check_call,street|position|pot_band|lookup,river,BTN/SB,<4,positive-mass-known-key,,,98,98,98,37,54,7,0.0,196031.7857142857,10.142857142857142,0.0,0.49790773725583287,0.5020922627441672
10001922,check_call,street|position|pot_band|lookup,turn,BB,16-64,missing-key,,,2,0,2,0,2,0,-27.0,,,0.0,0.3333333333333333,0.6666666666666666
10001922,check_call,street|position|pot_band|lookup,turn,BB,16-64,positive-mass-known-key,,,200,200,200,102,86,12,5.8,248359.95,9.785,0.0,0.3661688837419985,0.6338311162580011
10001922,check_call,street|position|pot_band|lookup,turn,BB,4-16,missing-key,,,6,0,6,4,2,0,-1.1666666666666667,,,0.0,0.3333333333333333,0.6666666666666666
10001922,check_call,street|position|pot_band|lookup,turn,BB,4-16,positive-mass-known-key,,,1607,1607,1607,713,823,71,0.1729931549471064,369989.60049782204,38.845675171126324,0.0,0.38074573122494504,0.6192542687750539
10001922,check_call,street|position|pot_band|lookup,turn,BB,4-16,zero-mass,,,7,7,7,6,1,0,6.571428571428571,0.0,2.2857142857142856,0.0,0.3333333333333333,0.6666666666666666
10001922,check_call,street|position|pot_band|lookup,turn,BB,<4,positive-mass-known-key,,,226,226,226,108,101,17,0.3141592920353982,205729.2389380531,47.17256637168141,0.0,0.3809572057483095,0.6190427942516913
10001922,check_call,street|position|pot_band|lookup,turn,BTN/SB,16-64,missing-key,,,3,0,3,1,1,1,0.3333333333333333,,,0.0,0.3333333333333333,0.6666666666666666
10001922,check_call,street|position|pot_band|lookup,turn,BTN/SB,16-64,positive-mass-known-key,,,103,103,103,55,42,6,4.825242718446602,80410.76699029126,2.6601941747572817,0.0,0.354559878142743,0.6454401218572569
10001922,check_call,street|position|pot_band|lookup,turn,BTN/SB,4-16,missing-key,,,17,0,17,14,1,2,14.411764705882353,,,0.0,0.33333333333333326,0.6666666666666665
10001922,check_call,street|position|pot_band|lookup,turn,BTN/SB,4-16,positive-mass-known-key,,,1117,1117,1117,589,477,51,1.3742166517457475,169752.80572963294,7.615935541629364,0.0,0.42022045586257756,0.5797795441374214
10001922,check_call,street|position|pot_band|lookup,turn,BTN/SB,4-16,zero-mass,,,4,4,4,3,1,0,9.5,0.0,1.5,0.0,0.3333333333333333,0.6666666666666666
10001922,check_call,street|position|pot_band|lookup,turn,BTN/SB,<4,missing-key,,,4,0,4,4,0,0,6.0,,,0.0,0.3333333333333333,0.6666666666666666
10001922,check_call,street|position|pot_band|lookup,turn,BTN/SB,<4,positive-mass-known-key,,,196,196,196,89,94,13,0.44387755102040816,188863.52040816325,19.729591836734695,0.0,0.4896652688629162,0.5103347311370838
10001922,check_call,street|visit_band,flop,,,,0,,18,18,18,13,4,1,9.555555555555555,13382.222222222223,0.0,0.0,0.33333333333333326,0.6666666666666665
10001922,check_call,street|visit_band,flop,,,,1,,20,20,20,13,5,2,6.05,13303.6,1.0,0.0,0.3042345494369528,0.6957654505630471
10001922,check_call,street|visit_band,flop,,,,10-99,,1481,1481,1481,768,628,85,2.1114112086428087,554965.7765023633,51.49628629304524,0.0,0.3427051807320117,0.6572948192679887
10001922,check_call,street|visit_band,flop,,,,100+,,1614,1614,1614,651,893,70,-1.0092936802973977,2703061.076827757,294.0371747211896,0.0,0.3525803147655815,0.6474196852344282
10001922,check_call,street|visit_band,flop,,,,2-9,,355,355,355,241,99,15,6.014084507042254,78918.29295774648,5.656338028169014,0.0,0.31903784459362294,0.6809621554063768
10001922,check_call,street|visit_band,flop,,,,missing,,4,0,4,2,2,0,-1.25,,,0.0,0.3333333333333333,0.6666666666666666
10001922,check_call,street|visit_band,preflop,,,,0,,6,6,6,1,5,0,-4.333333333333333,67154.0,0.0,0.0,0.3333333333333334,0.6666666666666669
10001922,check_call,street|visit_band,preflop,,,,1,,20,20,20,5,13,2,-3.2,69437.0,1.0,0.0,0.3337025823132638,0.6662974176867362
10001922,check_call,street|visit_band,preflop,,,,10-99,,3478,3478,3478,1380,1952,146,0.7527314548591144,194222.91230592295,36.46981023576768,0.17286665241473356,0.2944230375366751,0.5327103100485869
10001922,check_call,street|visit_band,preflop,,,,2-9,,592,592,592,302,265,25,1.8429054054054055,106526.78378378379,5.4391891891891895,0.0,0.3704472575779425,0.629552742422057
10001922,check_call,street|visit_band,river,,,,0,,771,771,771,460,268,43,4.544747081712062,47809.77561608301,0.0,0.0,0.3283614353653299,0.6716385646346803
10001922,check_call,street|visit_band,river,,,,1,,377,377,377,219,136,22,2.4323607427055705,63619.183023872676,1.0,0.0,0.3151007527680131,0.6848992472319863
10001922,check_call,street|visit_band,river,,,,10-99,,1129,1129,1129,363,708,58,-1.7440212577502214,247908.58104517273,24.984942426926484,0.0,0.3923748007669462,0.6076251992330542
10001922,check_call,street|visit_band,river,,,,2-9,,1167,1167,1167,605,514,48,0.7206512425021423,125794.91345329906,4.614395886889461,0.0,0.3314568133483827,0.6685431866516157
10001922,check_call,street|visit_band,river,,,,missing,,48,0,48,41,5,2,13.083333333333334,,,0.0,0.3281250000000002,0.6718750000000004
10001922,check_call,street|visit_band,turn,,,,0,,318,318,318,196,107,15,4.4937106918239,53344.3144654088,0.0,0.0,0.333333333333332,0.666666666666664
10001922,check_call,street|visit_band,turn,,,,1,,265,265,265,161,88,16,4.909433962264151,65110.09811320755,1.0,0.0,0.26870895991853977,0.7312910400814603
10001922,check_call,street|visit_band,turn,,,,10-99,,1734,1734,1734,725,935,74,-0.7214532871972318,388190.6597462514,37.0040369088812,0.0,0.4486405595501897,0.5513594404498107
10001922,check_call,street|visit_band,turn,,,,100+,,164,164,164,48,109,7,-1.4634146341463414,744925.9634146341,113.8780487804878,0.0,0.37282343015279107,0.6271765698472082
10001922,check_call,street|visit_band,turn,,,,2-9,,979,979,979,535,386,58,2.526046986721144,98207.7620020429,4.705822267620021,0.0,0.36817346695965814,0.631826533040342
10001922,check_call,street|visit_band,turn,,,,missing,,32,0,32,23,6,3,6.53125,,,0.0,0.33333333333333337,0.6666666666666667
10001922,tight_aggressive,lookup,,,,missing-key,,,40,0,29,16,24,0,-26.825,,,0.18874999999999997,0.3220833333333334,0.48916666666666664
10001922,tight_aggressive,lookup,,,,positive-mass-known-key,,,3612,3612,2244,2278,1328,6,-5.222176079734219,320144.49557032116,58.64922480620155,0.19484132603717935,0.30243864523204655,0.5027200287307719
10001922,tight_aggressive,lookup,,,,zero-mass,,,13,13,12,1,11,1,-38.15384615384615,0.0,1.6923076923076923,0.3294871794871795,0.3807692307692308,0.2897435897435897
10001922,tight_aggressive,street,flop,,,,,,748,744,702,538,209,1,-7.081550802139038,890474.4932795699,128.90860215053763,0.05184720771738391,0.38468058920483206,0.563472203077784
10001922,tight_aggressive,street,preflop,,,,,,2416,2416,2244,1513,900,3,-3.1794288079470197,173061.07408940396,44.97682119205298,0.2591788665839842,0.2577654388565283,0.48305569455948877
10001922,tight_aggressive,street,river,,,,,,160,148,140,65,95,0,-18.425,153349.60135135133,9.783783783783784,0.14091919227954447,0.39800148598944807,0.4610793217310075
10001922,tight_aggressive,street,turn,,,,,,341,317,293,179,159,3,-13.211143695014663,167311.03785488958,18.43217665615142,0.08239084802166789,0.39900029662930514,0.5186088553490263
10001922,tight_aggressive,street|mass_band,flop,,,,,0,3,3,3,1,2,0,-8.333333333333334,0.0,1.6666666666666667,0.3611111111111111,0.3611111111111111,0.27777777777777773
10001922,tight_aggressive,street|mass_band,flop,,,,,100-10k,20,20,20,9,11,0,-31.8,7042.15,2.55,0.13802595938023296,0.2870956740793644,0.5748783665404024
10001922,tight_aggressive,street|mass_band,flop,,,,,10k+,721,721,684,527,193,1,-6.223300970873787,918685.4091539528,132.94313453536753,0.0476484403860358,0.3878860387105322,0.5644655209034318
10001922,tight_aggressive,street|mass_band,flop,,,,,missing,4,0,3,1,3,0,-37.25,,,0.14583333333333331,0.31249999999999994,0.5416666666666666
10001922,tight_aggressive,street|mass_band,preflop,,,,,0,1,1,1,0,1,0,-45.0,0.0,2.0,0.5,0.5,0.0
10001922,tight_aggressive,street|mass_band,preflop,,,,,100-10k,16,16,14,6,10,0,-23.4375,6242.125,3.9375,0.2635516722172565,0.3094655837039053,0.42698274407883813
10001922,tight_aggressive,street|mass_band,preflop,,,,,10k+,2399,2399,2244,1507,889,3,-3.0268862025844103,174245.80283451438,45.26844518549395,0.2590493184291078,0.25731965441355154,0.48363102715734235
10001922,tight_aggressive,street|mass_band,river,,,,,0,4,4,4,0,4,0,-30.25,0.0,1.75,0.3,0.3833333333333333,0.31666666666666665
10001922,tight_aggressive,street|mass_band,river,,,,,100-10k,30,30,27,14,16,0,-32.7,5088.5,1.4,0.11573729481511942,0.3082023688600247,0.5760603363248558
10001922,tight_aggressive,street|mass_band,river,,,,,10k+,114,114,106,47,67,0,-13.921052631578947,197746.3684210526,12.271929824561404,0.13209022152286726,0.4305628657237801,0.4373469127533525
10001922,tight_aggressive,street|mass_band,river,,,,,missing,12,0,12,4,8,0,-21.583333333333332,,,0.23472222222222225,0.3180555555555556,0.44722222222222224
10001922,tight_aggressive,street|mass_band,turn,,,,,0,5,5,4,0,4,1,-61.0,0.0,1.6,0.3,0.36666666666666664,0.3333333333333333
10001922,tight_aggressive,street|mass_band,turn,,,,,100-10k,34,34,29,18,15,1,-16.205882352941178,5270.029411764706,1.7058823529411764,0.09160736185485324,0.3632237891361347,0.5451688490090121
10001922,tight_aggressive,street|mass_band,turn,,,,,10k+,278,278,252,150,127,1,-10.733812949640289,190138.19424460432,20.780575539568346,0.06953463623138038,0.41028594359699433,0.5201794201716248
10001922,tight_aggressive,street|mass_band,turn,,,,,missing,24,0,20,11,13,0,-27.708333333333332,,,0.1729166666666667,0.32569444444444434,0.5013888888888889
10001922,tight_aggressive,street|position|pot_band|lookup,flop,BB,16-64,positive-mass-known-key,,,19,19,18,9,10,0,-28.263157894736842,398574.5263157894,60.0,0.04624071225956677,0.28141385804712815,0.6723454296933051
10001922,tight_aggressive,street|position|pot_band|lookup,flop,BB,4-16,positive-mass-known-key,,,72,72,67,42,30,0,-16.77777777777778,1291588.0277777775,150.02777777777777,0.08084812636237901,0.3000255912780229,0.6191262823595981
10001922,tight_aggressive,street|position|pot_band|lookup,flop,BB,64+,positive-mass-known-key,,,6,6,6,2,4,0,-33.166666666666664,64645.5,16.166666666666668,0.06457274153570337,0.40935526952046475,0.5260719889438318
10001922,tight_aggressive,street|position|pot_band|lookup,flop,BB,64+,zero-mass,,,2,2,2,1,1,0,0.0,0.0,2.0,0.41666666666666663,0.41666666666666663,0.16666666666666666
10001922,tight_aggressive,street|position|pot_band|lookup,flop,BB,<4,positive-mass-known-key,,,58,58,58,46,12,0,-6.206896551724138,1394465.8448275863,238.05172413793105,0.0,0.3435489735461736,0.6564510264538261
10001922,tight_aggressive,street|position|pot_band|lookup,flop,BTN/SB,16-64,missing-key,,,1,0,1,0,1,0,-25.0,,,0.25,0.25,0.5
10001922,tight_aggressive,street|position|pot_band|lookup,flop,BTN/SB,16-64,positive-mass-known-key,,,27,27,26,9,18,0,-32.7037037037037,229013.40740740745,37.925925925925924,0.16721607245780254,0.2796918399633049,0.5530920875788926
10001922,tight_aggressive,street|position|pot_band|lookup,flop,BTN/SB,4-16,positive-mass-known-key,,,98,98,98,46,52,0,-17.622448979591837,859128.8571428572,116.66326530612245,0.2360889483788268,0.2723662085636474,0.4915448430575257
10001922,tight_aggressive,street|position|pot_band|lookup,flop,BTN/SB,4-16,zero-mass,,,1,1,1,0,1,0,-25.0,0.0,1.0,0.25,0.25,0.5
10001922,tight_aggressive,street|position|pot_band|lookup,flop,BTN/SB,64+,missing-key,,,1,0,1,0,1,0,-25.0,,,0.3333333333333333,0.3333333333333333,0.3333333333333333
10001922,tight_aggressive,street|position|pot_band|lookup,flop,BTN/SB,64+,positive-mass-known-key,,,14,14,13,4,10,0,-45.214285714285715,63741.57142857143,10.5,0.16974419487239287,0.3247631714339275,0.5054926336936795
10001922,tight_aggressive,street|position|pot_band|lookup,flop,BTN/SB,<4,missing-key,,,2,0,2,1,1,0,-49.5,,,0.0,0.3333333333333333,0.6666666666666666
10001922,tight_aggressive,street|position|pot_band|lookup,flop,BTN/SB,<4,positive-mass-known-key,,,447,447,447,378,68,1,0.9485458612975392,871159.966442953,128.53020134228188,0.0,0.44135753225021407,0.5586424677497864
10001922,tight_aggressive,street|position|pot_band|lookup,preflop,BB,16-64,positive-mass-known-key,,,28,28,28,7,20,1,-34.5,64885.82142857143,3.6785714285714284,0.11161330905345065,0.23758035173887596,0.6508063392076732
10001922,tight_aggressive,street|position|pot_band|lookup,preflop,BB,4-16,positive-mass-known-key,,,97,97,97,29,67,1,-17.144329896907216,173075.45360824742,11.845360824742269,0.33090229088425177,0.27181358078282974,0.3972841283329187
10001922,tight_aggressive,street|position|pot_band|lookup,preflop,BB,64+,positive-mass-known-key,,,18,18,16,4,14,0,-43.833333333333336,42667.22222222222,1.3888888888888888,0.26672902568566326,0.5778663559065014,0.15540461840783534
10001922,tight_aggressive,street|position|pot_band|lookup,preflop,BB,<4,positive-mass-known-key,,,110,110,110,81,29,0,-10.854545454545455,189436.20909090908,12.018181818181818,0.0,0.4336441082114036,0.5663558917885964
10001922,tight_aggressive,street|position|pot_band|lookup,preflop,BTN/SB,16-64,positive-mass-known-key,,,25,25,25,11,14,0,-9.08,52269.48,5.08,0.04181805529795813,0.20012733695077276,0.7580546077512692
10001922,tight_aggressive,street|position|pot_band|lookup,preflop,BTN/SB,4-16,positive-mass-known-key,,,75,75,75,38,37,0,-12.346666666666666,113412.41333333333,21.48,0.09261343305378235,0.34144430613001275,0.5659422608162049
10001922,tight_aggressive,street|position|pot_band|lookup,preflop,BTN/SB,64+,positive-mass-known-key,,,14,14,14,4,10,0,-24.857142857142858,30703.5,1.8571428571428572,0.3250309330422743,0.40518807138456703,0.26978099557315866
10001922,tight_aggressive,street|position|pot_band|lookup,preflop,BTN/SB,64+,zero-mass,,,1,1,1,0,1,0,-45.0,0.0,2.0,0.5,0.5,0.0
10001922,tight_aggressive,street|position|pot_band|lookup,preflop,BTN/SB,<4,positive-mass-known-key,,,2048,2048,2048,1339,708,1,-0.743896484375,179522.42333984375,50.92724609375,0.2798390783257916,0.24162917353529034,0.47853174813892263
10001922,tight_aggressive,street|position|pot_band|lookup,river,BB,16-64,missing-key,,,1,0,1,0,1,0,-13.0,,,0.25,0.25,0.5
10001922,tight_aggressive,street|position|pot_band|lookup,river,BB,16-64,positive-mass-known-key,,,5,5,5,0,5,0,-76.0,13581.8,3.0,0.056368093324566014,0.20362828029311605,0.7400036263823179
10001922,tight_aggressive,street|position|pot_band|lookup,river,BB,16-64,zero-mass,,,1,1,1,0,1,0,-13.0,0.0,4.0,0.0,0.3333333333333333,0.6666666666666666
10001922,tight_aggressive,street|position|pot_band|lookup,river,BB,4-16,positive-mass-known-key,,,12,12,11,8,4,0,-15.916666666666666,115133.16666666667,13.0,0.013814636111848515,0.3026550817223221,0.6835302821658295
10001922,tight_aggressive,street|position|pot_band|lookup,river,BB,64+,missing-key,,,1,0,1,0,1,0,-63.0,,,0.3333333333333333,0.3333333333333333,0.3333333333333333
10001922,tight_aggressive,street|position|pot_band|lookup,river,BB,64+,positive-mass-known-key,,,5,5,4,0,5,0,-100.0,22732.2,0.2,0.26666666666666666,0.3333333333333333,0.4
10001922,tight_aggressive,street|position|pot_band|lookup,river,BB,<4,positive-mass-known-key,,,8,8,8,6,2,0,1.125,74773.0,30.5,0.0,0.42658621560399346,0.5734137843960064
10001922,tight_aggressive,street|position|pot_band|lookup,river,BTN/SB,16-64,missing-key,,,4,0,4,1,3,0,5.0,,,0.22499999999999998,0.22499999999999998,0.55
10001922,tight_aggressive,street|position|pot_band|lookup,river,BTN/SB,16-64,positive-mass-known-key,,,9,9,9,1,8,0,-62.333333333333336,47387.88888888889,3.5555555555555554,0.14910267707120417,0.2256239401565108,0.625273382772285
10001922,tight_aggressive,street|position|pot_band|lookup,river,BTN/SB,16-64,zero-mass,,,1,1,1,0,1,0,-9.0,0.0,1.0,0.2,0.2,0.6000000000000001
10001922,tight_aggressive,street|position|pot_band|lookup,river,BTN/SB,4-16,missing-key,,,1,0,1,1,0,0,3.0,,,0.0,0.3333333333333333,0.6666666666666666
10001922,tight_aggressive,street|position|pot_band|lookup,river,BTN/SB,4-16,positive-mass-known-key,,,35,35,35,5,30,0,-8.114285714285714,209804.4,11.571428571428571,0.35756193776325373,0.31903306334644616,0.32340499889030005
10001922,tight_aggressive,street|position|pot_band|lookup,river,BTN/SB,64+,missing-key,,,3,0,3,0,3,0,-69.33333333333333,,,0.4444444444444444,0.4444444444444444,0.1111111111111111
10001922,tight_aggressive,street|position|pot_band|lookup,river,BTN/SB,64+,positive-mass-known-key,,,9,9,9,0,9,0,-75.77777777777777,16415.88888888889,0.4444444444444444,0.3214291943785986,0.5119041389547347,0.16666666666666663
10001922,tight_aggressive,street|position|pot_band|lookup,river,BTN/SB,64+,zero-mass,,,2,2,2,0,2,0,-49.5,0.0,1.0,0.5,0.5,0.0
10001922,tight_aggressive,street|position|pot_band|lookup,river,BTN/SB,<4,missing-key,,,2,0,2,2,0,0,1.0,,,0.0,0.3333333333333333,0.6666666666666666
10001922,tight_aggressive,street|position|pot_band|lookup,river,BTN/SB,<4,positive-mass-known-key,,,61,61,61,41,20,0,0.3442622950819672,206836.08196721307,9.573770491803279,0.0,0.5048683451729964,0.4951316548270036
10001922,tight_aggressive,street|position|pot_band|lookup,turn,BB,16-64,missing-key,,,2,0,2,0,2,0,-95.0,,,0.1,0.26666666666666666,0.6333333333333333
10001922,tight_aggressive,street|position|pot_band|lookup,turn,BB,16-64,positive-mass-known-key,,,14,14,13,2,12,0,-61.857142857142854,74817.92857142857,6.642857142857143,0.08555527614931113,0.2389454835224905,0.6754992403281984
10001922,tight_aggressive,street|position|pot_band|lookup,turn,BB,16-64,zero-mass,,,2,2,1,0,2,0,-100.0,0.0,2.5,0.125,0.29166666666666663,0.5833333333333333
10001922,tight_aggressive,street|position|pot_band|lookup,turn,BB,4-16,positive-mass-known-key,,,30,30,26,11,19,0,-26.1,180846.76666666666,21.166666666666668,0.07311340245917612,0.29419881972882445,0.6326877778119993
10001922,tight_aggressive,street|position|pot_band|lookup,turn,BB,64+,missing-key,,,2,0,2,0,2,0,-95.0,,,0.5,0.5,0.0
10001922,tight_aggressive,street|position|pot_band|lookup,turn,BB,64+,positive-mass-known-key,,,7,7,7,0,7,0,-85.85714285714286,19956.285714285714,1.7142857142857142,0.20583317255128947,0.30444498739180625,0.4897218400569043
10001922,tight_aggressive,street|position|pot_band|lookup,turn,BB,64+,zero-mass,,,1,1,1,0,1,0,-100.0,0.0,1.0,0.5,0.5,0.0
10001922,tight_aggressive,street|position|pot_band|lookup,turn,BB,<4,positive-mass-known-key,,,20,20,20,16,4,0,-3.25,220959.95,42.05,0.0,0.3965403857380987,0.6034596142619013
10001922,tight_aggressive,street|position|pot_band|lookup,turn,BTN/SB,16-64,missing-key,,,3,0,3,0,3,0,-41.666666666666664,,,0.2333333333333333,0.2333333333333333,0.5333333333333333
10001922,tight_aggressive,street|position|pot_band|lookup,turn,BTN/SB,16-64,positive-mass-known-key,,,18,18,18,3,14,1,-36.888888888888886,56753.0,2.2777777777777777,0.2286978505019217,0.24149456225814875,0.5298075872399297
10001922,tight_aggressive,street|position|pot_band|lookup,turn,BTN/SB,4-16,missing-key,,,2,0,2,1,1,0,-8.5,,,0.125,0.29166666666666663,0.5833333333333333
10001922,tight_aggressive,street|position|pot_band|lookup,turn,BTN/SB,4-16,positive-mass-known-key,,,59,59,59,22,36,1,-3.983050847457627,193368.45762711865,21.779661016949152,0.18809987868221056,0.3251102964612265,0.4867898248565628
10001922,tight_aggressive,street|position|pot_band|lookup,turn,BTN/SB,4-16,zero-mass,,,1,1,1,0,1,0,-5.0,0.0,1.0,0.25,0.25,0.5
10001922,tight_aggressive,street|position|pot_band|lookup,turn,BTN/SB,64+,missing-key,,,7,0,7,2,5,0,-21.571428571428573,,,0.2857142857142857,0.3333333333333333,0.38095238095238093
10001922,tight_aggressive,street|position|pot_band|lookup,turn,BTN/SB,64+,positive-mass-known-key,,,10,10,10,1,9,0,-54.5,11929.1,1.2,0.2398816876379072,0.4308185954857713,0.32929971687632154
10001922,tight_aggressive,street|position|pot_band|lookup,turn,BTN/SB,64+,zero-mass,,,1,1,1,0,0,1,0.0,0.0,1.0,0.5,0.5,0.0
10001922,tight_aggressive,street|position|pot_band|lookup,turn,BTN/SB,<4,missing-key,,,8,0,8,8,0,0,1.0,,,0.0,0.3333333333333333,0.6666666666666666
10001922,tight_aggressive,street|position|pot_band|lookup,turn,BTN/SB,<4,positive-mass-known-key,,,154,154,154,113,41,0,1.4545454545454546,191274.46753246753,18.935064935064936,0.0,0.4957102701051438,0.504289729894856
10001922,tight_aggressive,street|visit_band,flop,,,,0,,12,12,11,6,6,0,-38.416666666666664,11943.916666666666,0.0,0.1486111111111111,0.3361111111111111,0.5152777777777778
10001922,tight_aggressive,street|visit_band,flop,,,,1,,12,12,12,6,6,0,-8.083333333333334,14542.583333333334,1.0,0.13843510762564787,0.32124100574007614,0.5403238866342759
10001922,tight_aggressive,street|visit_band,flop,,,,10-99,,301,301,293,212,88,1,-7.651162790697675,373177.70099667774,46.15282392026578,0.05897338957346774,0.41798095193990903,0.5230456584866227
10001922,tight_aggressive,street|visit_band,flop,,,,100+,,315,315,311,241,74,0,-3.250793650793651,1725283.4,258.7111111111111,0.04073482145337165,0.3721361359705599,0.5871290425760702
10001922,tight_aggressive,street|visit_band,flop,,,,2-9,,104,104,101,72,32,0,-12.14423076923077,61581.019230769234,4.903846153846154,0.0401092730288735,0.34199717267655516,0.6178935542945714
10001922,tight_aggressive,street|visit_band,flop,,,,missing,,4,0,3,1,3,0,-37.25,,,0.14583333333333331,0.31249999999999994,0.5416666666666666
10001922,tight_aggressive,street|visit_band,preflop,,,,0,,19,19,15,2,17,0,-50.63157894736842,44468.84210526316,0.0,0.3210526315789474,0.3210526315789474,0.3578947368421052
10001922,tight_aggressive,street|visit_band,preflop,,,,1,,12,12,11,5,7,0,2.25,20853.666666666668,1.0,0.29521965290741975,0.4280556400089977,0.2767247070835827
10001922,tight_aggressive,street|visit_band,preflop,,,,10-99,,2261,2261,2191,1453,806,2,-1.8604599734630693,180174.93586908447,47.78195488721804,0.2663285131511735,0.2520112071400662,0.48166027970876335
10001922,tight_aggressive,street|visit_band,preflop,,,,2-9,,124,124,104,53,70,1,-20.483870967741936,77781.23387096774,4.975806451612903,0.11584465804204651,0.33651042946431237,0.5476449124936411
10001922,tight_aggressive,street|visit_band,river,,,,0,,19,19,18,6,13,0,-47.26315789473684,15871.894736842105,0.0,0.21228070175438596,0.34824561403508764,0.4394736842105263
10001922,tight_aggressive,street|visit_band,river,,,,1,,22,22,21,10,12,0,-26.681818181818183,16373.90909090909,1.0,0.14480366916525825,0.24493073589924216,0.6102655949354994
10001922,tight_aggressive,street|visit_band,river,,,,10-99,,69,69,69,26,43,0,-4.246376811594203,293443.73913043475,18.217391304347824,0.1346325206777386,0.5151402324410825,0.3502272468811791
10001922,tight_aggressive,street|visit_band,river,,,,2-9,,38,38,37,19,19,0,-23.973684210526315,47008.71052631579,4.447368421052632,0.08478279253493355,0.3240461104410609,0.5911710970240057
10001922,tight_aggressive,street|visit_band,river,,,,missing,,12,0,12,4,8,0,-21.583333333333332,,,0.23472222222222225,0.3180555555555556,0.44722222222222224
10001922,tight_aggressive,street|visit_band,turn,,,,0,,28,28,27,13,15,0,-24.392857142857142,14259.464285714286,0.0,0.16904761904761906,0.3238095238095238,0.5071428571428572
10001922,tight_aggressive,street|visit_band,turn,,,,1,,27,27,26,11,14,2,-24.85185185185185,31159.51851851852,1.0,0.1393461446892297,0.282331213970796,0.5783226413399742
10001922,tight_aggressive,street|visit_band,turn,,,,10-99,,159,159,158,87,72,0,-7.389937106918239,279033.6918238994,31.88050314465409,0.05342759225226001,0.49508046968851216,0.4514919380592277
10001922,tight_aggressive,street|visit_band,turn,,,,100+,,2,2,2,2,0,0,1.0,452915.99999999994,103.0,0.0,0.15093643043113952,0.8490635695688604
10001922,tight_aggressive,street|visit_band,turn,,,,2-9,,101,101,96,55,45,1,-13.0,64602.35643564357,5.356435643564357,0.06885755215185024,0.3221104702842833,0.6090319775638668
10001922,tight_aggressive,street|visit_band,turn,,,,missing,,24,0,20,11,13,0,-27.708333333333332,,,0.1729166666666667,0.32569444444444434,0.5013888888888889
10001922,loose_aggressive,lookup,,,,missing-key,,,100,0,72,41,59,0,-9.21,,,0.26766666666666655,0.3568333333333332,0.37550000000000006
10001922,loose_aggressive,lookup,,,,positive-mass-known-key,,,6808,6808,2982,3126,3611,71,-9.794212690951822,379327.62353113986,53.82535252643948,0.15799715433000924,0.3009985476878583,0.5410042979821283
10001922,loose_aggressive,lookup,,,,zero-mass,,,48,48,41,16,32,0,-9.770833333333334,0.0,2.2083333333333335,0.19479166666666667,0.325,0.4802083333333334
10001922,loose_aggressive,street,flop,,,,,,1665,1653,1461,854,795,16,-9.218018018018018,1056539.880217786,131.66848154869933,0.08294547639755466,0.32042401990360986,0.596630503698839
10001922,loose_aggressive,street,preflop,,,,,,3594,3587,2982,1727,1843,24,-7.159988870339455,167509.49484248675,34.96515193755227,0.2177712344250307,0.28070475345754226,0.5015240121174251
10001922,loose_aggressive,street,river,,,,,,672,626,536,244,416,12,-13.875,101492.47284345048,7.463258785942492,0.11835241666550492,0.30618166570640687,0.5754659176280899
10001922,loose_aggressive,street,turn,,,,,,1025,990,822,358,648,19,-17.233170731707318,173344.6393939394,18.998989898989898,0.10873603377625105,0.3437741361674741,0.5474898300562752
10001922,loose_aggressive,street|mass_band,flop,,,,,0,4,4,4,2,2,0,6.25,0.0,1.5,0.20833333333333331,0.29166666666666663,0.49999999999999994
10001922,loose_aggressive,street|mass_band,flop,,,,,100-10k,44,44,39,24,20,0,9.25,5779.477272727273,2.272727272727273,0.13230136739400897,0.30848554127478955,0.5592130913312015
10001922,loose_aggressive,street|mass_band,flop,,,,,10k+,1605,1605,1422,823,766,16,-9.644859813084112,1087978.894080997,135.54018691588786,0.08018668205810518,0.3204668510841664,0.5993464668577326
10001922,loose_aggressive,street|mass_band,flop,,,,,missing,12,0,8,5,7,0,-25.0,,,0.22916666666666666,0.3680555555555555,0.40277777777777773
10001922,loose_aggressive,street|mass_band,preflop,,,,,0,8,8,6,5,3,0,36.625,0.0,3.125,0.2791666666666667,0.2791666666666667,0.4416666666666667
10001922,loose_aggressive,street|mass_band,preflop,,,,,100-10k,48,48,41,16,32,0,-13.958333333333334,5367.166666666667,4.770833333333333,0.2337617007843589,0.3720891795252755,0.3941491196903657
10001922,loose_aggressive,street|mass_band,preflop,,,,,10k+,3531,3531,2982,1704,1803,24,-7.139903709997168,170093.15604644577,35.447748513169074,0.21702046300932057,0.27919643254296067,0.503783104447717
10001922,loose_aggressive,street|mass_band,preflop,,,,,missing,7,0,7,2,5,0,-20.714285714285715,,,0.41666666666666663,0.41666666666666663,0.16666666666666666
10001922,loose_aggressive,street|mass_band,river,,,,,0,15,15,14,4,11,0,-22.466666666666665,0.0,2.2,0.18555555555555556,0.33555555555555555,0.4788888888888889
10001922,loose_aggressive,street|mass_band,river,,,,,100-10k,96,96,86,45,49,2,-9.770833333333334,5212.78125,1.6458333333333333,0.16718041087446298,0.2910216668277486,0.5417979222977881
10001922,loose_aggressive,street|mass_band,river,,,,,10k+,515,515,432,173,332,10,-16.08349514563107,122395.84660194175,8.700970873786408,0.09391619007495948,0.30362329968784724,0.6024605102371935
10001922,loose_aggressive,street|mass_band,river,,,,,missing,46,0,36,22,24,0,5.086956521739131,,,0.2681159420289855,0.3568840579710145,0.375
10001922,loose_aggressive,street|mass_band,turn,,,,,"(0,100)",1,1,1,0,1,0,-100.0,7.0,0.0,0.5,0.5,0.0
10001922,loose_aggressive,street|mass_band,turn,,,,,0,21,21,19,5,16,0,-21.428571428571427,0.0,2.0,0.16666666666666666,0.3412698412698412,0.492063492063492
10001922,loose_aggressive,street|mass_band,turn,,,,,100-10k,107,107,95,41,65,1,-18.77570093457944,5641.102803738318,1.7009345794392523,0.16427865040614548,0.29314020351410236,0.5425811460797519
10001922,loose_aggressive,street|mass_band,turn,,,,,10k+,861,861,727,300,543,18,-16.718931475029034,198615.08478513357,21.585365853658537,0.09420435814231491,0.3500609614351362,0.5557346804225485
10001922,loose_aggressive,street|mass_band,turn,,,,,missing,35,0,27,12,23,0,-20.285714285714285,,,0.2504761904761905,0.340952380952381,0.40857142857142864
10001922,loose_aggressive,street|position|pot_band|lookup,flop,BB,16-64,missing-key,,,4,0,2,2,2,0,-15.0,,,0.125,0.29166666666666663,0.5833333333333333
10001922,loose_aggressive,street|position|pot_band|lookup,flop,BB,16-64,positive-mass-known-key,,,110,110,104,45,65,0,-17.51818181818182,357495.7636363636,44.472727272727276,0.13274820734779194,0.20400865125908482,0.6632431413931229
10001922,loose_aggressive,street|position|pot_band|lookup,flop,BB,4-16,positive-mass-known-key,,,459,459,422,240,216,3,-11.69281045751634,1660854.1154684096,161.18300653594773,0.05160704633457998,0.2916824730951687,0.6567104805702503
10001922,loose_aggressive,street|position|pot_band|lookup,flop,BB,64+,missing-key,,,3,0,2,0,3,0,-91.66666666666667,,,0.4166666666666667,0.4166666666666667,0.16666666666666666
10001922,loose_aggressive,street|position|pot_band|lookup,flop,BB,64+,positive-mass-known-key,,,40,40,36,13,27,0,-35.1,99876.125,12.05,0.12386753788401594,0.4399267540347321,0.4362057080812519
10001922,loose_aggressive,street|position|pot_band|lookup,flop,BB,<4,positive-mass-known-key,,,235,235,235,137,95,3,-7.659574468085107,1385964.5234042553,237.0255319148936,0.0,0.3053363061209233,0.6946636938790774
10001922,loose_aggressive,street|position|pot_band|lookup,flop,BTN/SB,16-64,positive-mass-known-key,,,85,85,80,32,52,1,-10.988235294117647,233135.0588235294,38.6,0.18090852336263405,0.23411855714135646,0.5849729194960094
10001922,loose_aggressive,street|position|pot_band|lookup,flop,BTN/SB,16-64,zero-mass,,,2,2,2,1,1,0,12.5,0.0,1.0,0.25,0.25,0.5
10001922,loose_aggressive,street|position|pot_band|lookup,flop,BTN/SB,4-16,positive-mass-known-key,,,398,398,389,178,215,5,-5.615577889447236,845085.2462311556,103.11809045226131,0.18354287082713866,0.31014508174561467,0.5063120474272464
10001922,loose_aggressive,street|position|pot_band|lookup,flop,BTN/SB,4-16,zero-mass,,,1,1,1,0,1,0,-100.0,0.0,3.0,0.0,0.3333333333333333,0.6666666666666666
10001922,loose_aggressive,street|position|pot_band|lookup,flop,BTN/SB,64+,missing-key,,,5,0,5,3,2,0,7.0,,,0.2,0.39999999999999997,0.4
10001922,loose_aggressive,street|position|pot_band|lookup,flop,BTN/SB,64+,positive-mass-known-key,,,29,29,29,14,15,0,-14.241379310344827,83301.3448275862,15.862068965517242,0.09823997249586604,0.33239924027256634,0.5693607872315677
10001922,loose_aggressive,street|position|pot_band|lookup,flop,BTN/SB,64+,zero-mass,,,1,1,1,1,0,0,100.0,0.0,1.0,0.3333333333333333,0.3333333333333333,0.3333333333333333
10001922,loose_aggressive,street|position|pot_band|lookup,flop,BTN/SB,<4,positive-mass-known-key,,,293,293,293,188,101,4,-3.3890784982935154,875532.4027303755,129.0170648464164,0.0,0.4411977920051692,0.5588022079948313
10001922,loose_aggressive,street|position|pot_band|lookup,preflop,BB,16-64,positive-mass-known-key,,,123,123,123,35,86,2,-28.1869918699187,69340.08943089431,3.3089430894308944,0.14745176815863723,0.22269838675400155,0.6298498450873609
10001922,loose_aggressive,street|position|pot_band|lookup,preflop,BB,4-16,positive-mass-known-key,,,338,338,338,90,246,2,-16.33431952662722,182294.01183431954,12.748520710059172,0.3434966740824397,0.2375286696774731,0.41897465624008773
10001922,loose_aggressive,street|position|pot_band|lookup,preflop,BB,64+,missing-key,,,3,0,3,0,3,0,-56.666666666666664,,,0.4444444444444444,0.4444444444444444,0.1111111111111111
10001922,loose_aggressive,street|position|pot_band|lookup,preflop,BB,64+,positive-mass-known-key,,,47,47,47,10,36,1,-36.829787234042556,44566.0,0.8085106382978723,0.37545438422631494,0.4817437000443619,0.14280191572932305
10001922,loose_aggressive,street|position|pot_band|lookup,preflop,BB,<4,positive-mass-known-key,,,622,622,622,375,241,6,-6.763665594855305,186947.48231511255,11.979099678456592,0.0,0.38994815806969196,0.6100518419303085
10001922,loose_aggressive,street|position|pot_band|lookup,preflop,BTN/SB,16-64,positive-mass-known-key,,,75,75,75,26,49,0,-26.56,57274.56,5.16,0.04083983415652587,0.2191672550456417,0.7399929107978324
10001922,loose_aggressive,street|position|pot_band|lookup,preflop,BTN/SB,16-64,zero-mass,,,3,3,3,2,1,0,50.0,0.0,1.6666666666666667,0.21666666666666667,0.21666666666666667,0.5666666666666668
10001922,loose_aggressive,street|position|pot_band|lookup,preflop,BTN/SB,4-16,positive-mass-known-key,,,281,281,281,117,162,2,-11.494661921708184,112111.75444839857,22.615658362989326,0.11239445491223214,0.32738327827101776,0.5602222668167505
10001922,loose_aggressive,street|position|pot_band|lookup,preflop,BTN/SB,4-16,zero-mass,,,2,2,2,1,1,0,19.5,0.0,8.5,0.25,0.25,0.5
10001922,loose_aggressive,street|position|pot_band|lookup,preflop,BTN/SB,64+,missing-key,,,4,0,4,2,2,0,6.25,,,0.3958333333333333,0.3958333333333333,0.20833333333333331
10001922,loose_aggressive,street|position|pot_band|lookup,preflop,BTN/SB,64+,positive-mass-known-key,,,45,45,43,16,28,1,-10.755555555555556,33771.555555555555,2.7777777777777777,0.22353270143410997,0.37440303506312583,0.40206426350276425
10001922,loose_aggressive,street|position|pot_band|lookup,preflop,BTN/SB,64+,zero-mass,,,3,3,3,2,1,0,34.666666666666664,0.0,1.0,0.3611111111111111,0.3611111111111111,0.27777777777777773
10001922,loose_aggressive,street|position|pot_band|lookup,preflop,BTN/SB,<4,positive-mass-known-key,,,2048,2048,2048,1051,987,10,-2.56298828125,183114.111328125,51.91552734375,0.2836573321215502,0.24685361420060095,0.46948905367785204
10001922,loose_aggressive,street|position|pot_band|lookup,river,BB,16-64,missing-key,,,4,0,3,3,1,0,41.5,,,0.125,0.2708333333333333,0.6041666666666666
10001922,loose_aggressive,street|position|pot_band|lookup,river,BB,16-64,positive-mass-known-key,,,105,105,94,26,77,2,-28.695238095238096,81089.40952380952,5.980952380952381,0.111024223308686,0.23897088482973847,0.6500048918615754
10001922,loose_aggressive,street|position|pot_band|lookup,river,BB,16-64,zero-mass,,,5,5,4,2,3,0,2.0,0.0,1.8,0.05,0.3,0.65
10001922,loose_aggressive,street|position|pot_band|lookup,river,BB,4-16,missing-key,,,1,0,1,0,1,0,-27.0,,,0.25,0.25,0.5
10001922,loose_aggressive,street|position|pot_band|lookup,river,BB,4-16,positive-mass-known-key,,,149,149,137,49,97,3,-7.4630872483221475,177080.86577181207,16.22818791946309,0.03190091378176479,0.28915169404815855,0.678947392170077
10001922,loose_aggressive,street|position|pot_band|lookup,river,BB,64+,missing-key,,,9,0,9,5,4,0,21.666666666666668,,,0.35185185185185186,0.4259259259259259,0.2222222222222222
10001922,loose_aggressive,street|position|pot_band|lookup,river,BB,64+,positive-mass-known-key,,,33,33,32,8,25,0,-40.515151515151516,25737.424242424244,1.3636363636363635,0.2278942475485993,0.38216087267374044,0.3899448797776603
10001922,loose_aggressive,street|position|pot_band|lookup,river,BB,64+,zero-mass,,,1,1,1,0,1,0,-63.0,0.0,2.0,0.5,0.5,0.0
10001922,loose_aggressive,street|position|pot_band|lookup,river,BB,<4,positive-mass-known-key,,,17,17,17,9,8,0,-10.058823529411764,95120.76470588235,28.235294117647058,0.0,0.42459176311980884,0.5754082368801913
10001922,loose_aggressive,street|position|pot_band|lookup,river,BTN/SB,16-64,missing-key,,,11,0,11,6,5,0,13.454545454545455,,,0.11363636363636363,0.25000000000000006,0.6363636363636364
10001922,loose_aggressive,street|position|pot_band|lookup,river,BTN/SB,16-64,positive-mass-known-key,,,96,96,95,33,60,3,-17.385416666666668,39107.822916666664,1.3020833333333333,0.11988886480345623,0.22747727351809333,0.6526338616784503
10001922,loose_aggressive,street|position|pot_band|lookup,river,BTN/SB,16-64,zero-mass,,,5,5,5,2,3,0,1.0,0.0,3.0,0.13999999999999999,0.2733333333333333,0.5866666666666667
10001922,loose_aggressive,street|position|pot_band|lookup,river,BTN/SB,4-16,missing-key,,,2,0,2,1,1,0,-43.5,,,0.125,0.29166666666666663,0.5833333333333333
10001922,loose_aggressive,street|position|pot_band|lookup,river,BTN/SB,4-16,positive-mass-known-key,,,128,128,127,62,63,3,-1.359375,118393.8671875,4.3203125,0.12120872836913521,0.30599929455825897,0.572791977072606
10001922,loose_aggressive,street|position|pot_band|lookup,river,BTN/SB,4-16,zero-mass,,,1,1,1,0,1,0,-8.0,0.0,2.0,0.0,0.3333333333333333,0.6666666666666666
10001922,loose_aggressive,street|position|pot_band|lookup,river,BTN/SB,64+,missing-key,,,19,0,18,7,12,0,-8.473684210526315,,,0.36403508771929827,0.41666666666666663,0.2192982456140351
10001922,loose_aggressive,street|position|pot_band|lookup,river,BTN/SB,64+,positive-mass-known-key,,,50,50,47,11,39,0,-34.42,19042.96,1.1,0.26921638620345417,0.37154957629135504,0.35923403750519073
10001922,loose_aggressive,street|position|pot_band|lookup,river,BTN/SB,64+,zero-mass,,,3,3,3,0,3,0,-93.66666666666667,0.0,1.6666666666666667,0.4444444444444444,0.4444444444444444,0.1111111111111111
10001922,loose_aggressive,street|position|pot_band|lookup,river,BTN/SB,<4,positive-mass-known-key,,,33,33,33,20,12,1,-0.7272727272727273,191137.84848484848,10.151515151515152,0.0,0.50654419658712,0.4934558034128799
10001922,loose_aggressive,street|position|pot_band|lookup,turn,BB,16-64,missing-key,,,4,0,4,1,3,0,-47.5,,,0.15000000000000002,0.21250000000000002,0.6375000000000001
10001922,loose_aggressive,street|position|pot_band|lookup,turn,BB,16-64,positive-mass-known-key,,,110,110,99,29,79,2,-27.254545454545454,86263.85454545454,8.018181818181818,0.12995688997332577,0.27864400640569237,0.591399103620982
10001922,loose_aggressive,street|position|pot_band|lookup,turn,BB,16-64,zero-mass,,,5,5,5,1,4,0,-12.6,0.0,1.6,0.05,0.31666666666666665,0.6333333333333333
10001922,loose_aggressive,street|position|pot_band|lookup,turn,BB,4-16,missing-key,,,4,0,4,1,3,0,-71.5,,,0.0625,0.3125,0.625
10001922,loose_aggressive,street|position|pot_band|lookup,turn,BB,4-16,positive-mass-known-key,,,264,264,239,81,175,8,-13.049242424242424,300346.29545454547,33.46590909090909,0.04765280344353129,0.3597917084906106,0.5925554880658578
10001922,loose_aggressive,street|position|pot_band|lookup,turn,BB,64+,missing-key,,,12,0,11,4,8,0,-19.833333333333332,,,0.2916666666666667,0.375,0.3333333333333333
10001922,loose_aggressive,street|position|pot_band|lookup,turn,BB,64+,positive-mass-known-key,,,59,59,54,9,49,1,-61.389830508474574,35078.40677966102,2.2542372881355934,0.18288627075619435,0.29971653415697325,0.5173971950868324
10001922,loose_aggressive,street|position|pot_band|lookup,turn,BB,64+,zero-mass,,,3,3,3,1,2,0,-5.333333333333333,0.0,2.0,0.4166666666666667,0.4166666666666667,0.16666666666666666
10001922,loose_aggressive,street|position|pot_band|lookup,turn,BB,<4,positive-mass-known-key,,,59,59,59,30,29,0,-13.694915254237289,210966.7288135593,48.152542372881356,0.0,0.3112867424962138,0.6887132575037863
10001922,loose_aggressive,street|position|pot_band|lookup,turn,BB,<4,zero-mass,,,1,1,1,1,0,0,2.0,0.0,1.0,0.0,0.3333333333333333,0.6666666666666666
10001922,loose_aggressive,street|position|pot_band|lookup,turn,BTN/SB,16-64,missing-key,,,4,0,4,2,2,0,45.25,,,0.1875,0.25,0.5625
10001922,loose_aggressive,street|position|pot_band|lookup,turn,BTN/SB,16-64,positive-mass-known-key,,,103,103,101,24,77,2,-24.25242718446602,50068.51456310679,3.6310679611650487,0.14741632546313588,0.25814099486418945,0.5944426796726747
10001922,loose_aggressive,street|position|pot_band|lookup,turn,BTN/SB,16-64,zero-mass,,,2,2,2,0,2,0,-30.0,0.0,1.0,0.25,0.25,0.5
10001922,loose_aggressive,street|position|pot_band|lookup,turn,BTN/SB,4-16,positive-mass-known-key,,,255,255,252,105,147,3,-7.741176470588235,176478.98039215687,14.403921568627451,0.1438480470538795,0.35523548959925444,0.5009164633468665
10001922,loose_aggressive,street|position|pot_band|lookup,turn,BTN/SB,4-16,zero-mass,,,6,6,6,1,5,0,-20.5,0.0,2.8333333333333335,0.041666666666666664,0.3194444444444444,0.6388888888888888
10001922,loose_aggressive,street|position|pot_band|lookup,turn,BTN/SB,64+,missing-key,,,10,0,10,3,7,0,-17.8,,,0.3666666666666667,0.4,0.23333333333333334
10001922,loose_aggressive,street|position|pot_band|lookup,turn,BTN/SB,64+,positive-mass-known-key,,,30,30,28,7,23,0,-36.1,20426.833333333332,1.9666666666666666,0.3218915483924955,0.30864096879903585,0.36946748280846864
10001922,loose_aggressive,street|position|pot_band|lookup,turn,BTN/SB,64+,zero-mass,,,4,4,4,1,3,0,-47.5,0.0,2.0,0.3125,0.3958333333333333,0.29166666666666663
10001922,loose_aggressive,street|position|pot_band|lookup,turn,BTN/SB,<4,missing-key,,,1,0,1,1,0,0,1.0,,,0.0,0.3333333333333333,0.6666666666666666
10001922,loose_aggressive,street|position|pot_band|lookup,turn,BTN/SB,<4,positive-mass-known-key,,,89,89,89,56,30,3,-0.8539325842696629,197102.04494382022,22.134831460674157,0.0,0.5073105968559904,0.4926894031440095
10001922,loose_aggressive,street|visit_band,flop,,,,0,,37,37,32,11,25,1,-16.594594594594593,16687.54054054054,0.0,0.18513513513513513,0.290990990990991,0.5238738738738739
10001922,loose_aggressive,street|visit_band,flop,,,,1,,27,27,25,13,14,0,6.666666666666667,20327.666666666668,1.0,0.13097790787610333,0.26640136712973383,0.6026207249941629
10001922,loose_aggressive,street|visit_band,flop,,,,10-99,,734,734,704,377,349,8,-10.814713896457766,495729.0190735695,47.926430517711175,0.09118424298080811,0.31641794715208965,0.592397809867102
10001922,loose_aggressive,street|visit_band,flop,,,,100+,,642,642,633,341,296,5,-8.45638629283489,2126917.8800623054,282.40342679127724,0.0652332075931106,0.33449689094304513,0.6002699014638443
10001922,loose_aggressive,street|visit_band,flop,,,,2-9,,213,213,195,107,104,2,-5.854460093896714,74872.0985915493,5.352112676056338,0.07586319749569781,0.3010894164253783,0.6230473860789245
10001922,loose_aggressive,street|visit_band,flop,,,,missing,,12,0,8,5,7,0,-25.0,,,0.22916666666666666,0.3680555555555555,0.40277777777777773
10001922,loose_aggressive,street|visit_band,preflop,,,,0,,54,54,48,14,40,0,-37.01851851851852,48713.25925925926,0.0,0.3558641975308641,0.3558641975308641,0.28827160493827164
10001922,loose_aggressive,street|visit_band,preflop,,,,1,,61,61,58,19,41,1,-24.18032786885246,30334.09836065574,1.0,0.265563202025919,0.3118012983990598,0.4226354995750213
10001922,loose_aggressive,street|visit_band,preflop,,,,10-99,,2966,2966,2717,1480,1469,17,-4.752191503708699,186604.25960890087,41.370869858395146,0.2351595912782971,0.2759292996737427,0.4889111090479584
10001922,loose_aggressive,street|visit_band,preflop,,,,2-9,,506,506,449,212,288,6,-15.847826086956522,84797.28853754941,5.243083003952569,0.0925964034292811,0.2950461829217614,0.6123574136489583
10001922,loose_aggressive,street|visit_band,preflop,,,,missing,,7,0,7,2,5,0,-20.714285714285715,,,0.41666666666666663,0.41666666666666663,0.16666666666666666
10001922,loose_aggressive,street|visit_band,river,,,,0,,153,153,139,60,90,3,-14.72549019607843,31930.53594771242,0.0,0.1567538126361655,0.3152505446623097,0.527995642701525
10001922,loose_aggressive,street|visit_band,river,,,,1,,78,78,78,38,39,1,-4.333333333333333,42033.1282051282,1.0,0.08685881003826305,0.25637891377748534,0.6567622761842512
10001922,loose_aggressive,street|visit_band,river,,,,10-99,,166,166,155,41,124,1,-10.921686746987952,207336.59638554216,21.728915662650603,0.07062039914390972,0.3511997159216036,0.5781798849344869
10001922,loose_aggressive,street|visit_band,river,,,,2-9,,229,229,208,83,139,7,-22.50655021834061,91495.44541484716,4.310043668122271,0.10793966764925352,0.27426799666845036,0.6177923356822962
10001922,loose_aggressive,street|visit_band,river,,,,missing,,46,0,36,22,24,0,5.086956521739131,,,0.2681159420289855,0.3568840579710145,0.375
10001922,loose_aggressive,street|visit_band,turn,,,,0,,130,130,110,43,84,3,-13.876923076923077,25870.1,0.0,0.16448717948717945,0.3067948717948718,0.5287179487179485
10001922,loose_aggressive,street|visit_band,turn,,,,1,,107,107,100,31,75,1,-24.242990654205606,41250.009345794395,1.0,0.12915235539602038,0.31043497012865556,0.5604126744753238
10001922,loose_aggressive,street|visit_band,turn,,,,10-99,,421,421,386,147,269,5,-15.553444180522565,295306.6033254157,34.703087885985745,0.08564045490873813,0.3956600236808886,0.5186995214103731
10001922,loose_aggressive,street|visit_band,turn,,,,100+,,23,23,23,5,17,1,-5.043478260869565,727097.1304347825,113.69565217391305,0.0,0.32207876893272563,0.6779212310672748
10001922,loose_aggressive,street|visit_band,turn,,,,2-9,,309,309,286,120,180,9,-19.067961165048544,73744.38511326861,4.7799352750809065,0.1017168319634447,0.3021184448094546,0.5961647232271007
10001922,loose_aggressive,street|visit_band,turn,,,,missing,,35,0,27,12,23,0,-20.285714285714285,,,0.2504761904761905,0.340952380952381,0.40857142857142864
10001922,pot_pressure,lookup,,,,missing-key,,,909,0,550,369,534,6,-15.776677667766776,,,0.23423175650898384,0.28355335533553366,0.48221488815548397
10001922,pot_pressure,lookup,,,,positive-mass-known-key,,,3396,3396,2453,2120,1259,17,-2.4132803297997643,332169.7847467609,59.6454652532391,0.20228892407387178,0.28969453557070035,0.5080165403554268
10001922,pot_pressure,lookup,,,,zero-mass,,,7,7,7,3,4,0,-28.857142857142858,0.0,2.4285714285714284,0.2857142857142857,0.42857142857142855,0.2857142857142857
10001922,pot_pressure,street,flop,,,,,,858,568,763,593,259,6,-4.903263403263403,1096762.7200704226,152.6338028169014,0.07625031121286201,0.3402966753387827,0.5834530134483557
10001922,pot_pressure,street,preflop,,,,,,2930,2570,2453,1633,1292,5,-4.469112627986348,174518.98832684825,42.7852140077821,0.26609229321987504,0.25703341593777884,0.4768742908423457
10001922,pot_pressure,street,river,,,,,,164,75,137,72,88,4,-12.865853658536585,180309.12,12.093333333333334,0.1227642276422764,0.36874277803075456,0.5084929943269693
10001922,pot_pressure,street,turn,,,,,,360,190,307,194,158,8,-9.241666666666667,226580.94736842104,26.378947368421052,0.10189814814814811,0.3861010307297003,0.5120008211221504
10001922,pot_pressure,street|mass_band,flop,,,,,0,2,2,2,2,0,0,15.0,0.0,2.5,0.0,0.3333333333333333,0.6666666666666666
10001922,pot_pressure,street|mass_band,flop,,,,,100-10k,5,5,5,3,2,0,16.4,5402.4,4.8,0.03116706362708404,0.6199223907043079,0.348910545668608
10001922,pot_pressure,street|mass_band,flop,,,,,10k+,561,561,557,453,103,5,-0.8877005347593583,1110399.6666666667,154.4866310160428,0.005466901430481563,0.3697414179806666,0.6247916805888509
10001922,pot_pressure,street|mass_band,flop,,,,,missing,290,0,251,135,154,1,-13.175862068965516,,,0.2144827586206898,0.2785632183908047,0.5069540229885056
10001922,pot_pressure,street|mass_band,preflop,,,,,0,3,3,3,1,2,0,-28.0,0.0,2.6666666666666665,0.5,0.5,0.0
10001922,pot_pressure,street|mass_band,preflop,,,,,100-10k,8,8,8,2,6,0,-31.5,4420.5,6.0,0.44792207461518085,0.35233802742502246,0.19973989795979666
10001922,pot_pressure,street|mass_band,preflop,,,,,10k+,2559,2559,2453,1490,1064,5,-2.781750683860883,175255.34818288393,42.947245017585,0.26503206038972715,0.25495865747490876,0.48000928213536476
10001922,pot_pressure,street|mass_band,preflop,,,,,missing,360,0,288,140,220,0,-15.666666666666666,,,0.2676388888888892,0.2676388888888892,0.46472222222222165
10001922,pot_pressure,street|mass_band,river,,,,,100-10k,7,7,7,5,2,0,22.857142857142858,5408.142857142857,1.0,0.17857142857142858,0.17857142857142855,0.6428571428571429
10001922,pot_pressure,street|mass_band,river,,,,,10k+,68,68,68,40,25,3,-2.6029411764705883,198313.63235294117,13.235294117647058,0.0,0.45966395485848593,0.5403360451415141
10001922,pot_pressure,street|mass_band,river,,,,,missing,89,0,71,27,61,1,-23.51685393258427,,,0.21217228464419474,0.31423220973782756,0.4735955056179774
10001922,pot_pressure,street|mass_band,turn,,,,,0,2,2,2,0,2,0,-74.0,0.0,2.0,0.25,0.41666666666666663,0.3333333333333333
10001922,pot_pressure,street|mass_band,turn,,,,,100-10k,9,9,9,7,2,0,12.11111111111111,5373.666666666667,1.3333333333333333,0.05555555555555555,0.2856529889054546,0.6587914555389899
10001922,pot_pressure,street|mass_band,turn,,,,,10k+,179,179,178,120,55,4,-2.798882681564246,240234.73184357543,27.910614525139664,0.00111731843575419,0.46336402697882506,0.5355186545854207
10001922,pot_pressure,street|mass_band,turn,,,,,missing,170,0,140,67,99,4,-16.394117647058824,,,0.2087254901960784,0.30970588235294144,0.48156862745098045
10001922,pot_pressure,street|position|pot_band|lookup,flop,BB,16-64,missing-key,,,34,0,34,16,18,0,-12.323529411764707,,,0.15294117647058827,0.23382352941176474,0.6132352941176471
10001922,pot_pressure,street|position|pot_band|lookup,flop,BB,16-64,positive-mass-known-key,,,2,2,2,0,2,0,-53.0,619845.9999999998,187.5,0.35337646018022556,0.2154889474012935,0.43113459241848096
10001922,pot_pressure,street|position|pot_band|lookup,flop,BB,4-16,missing-key,,,18,0,18,9,8,1,-20.055555555555557,,,0.25,0.25,0.5
10001922,pot_pressure,street|position|pot_band|lookup,flop,BB,4-16,positive-mass-known-key,,,123,123,123,89,33,1,-2.7642276422764227,1738590.3577235772,196.0487804878049,0.004788925949597883,0.32038190504388386,0.6748291690065183
10001922,pot_pressure,street|position|pot_band|lookup,flop,BB,4-16,zero-mass,,,1,1,1,1,0,0,20.0,0.0,1.0,0.0,0.3333333333333333,0.6666666666666666
10001922,pot_pressure,street|position|pot_band|lookup,flop,BB,64+,missing-key,,,17,0,17,4,13,0,-32.588235294117645,,,0.24509803921568624,0.40196078431372545,0.35294117647058826
10001922,pot_pressure,street|position|pot_band|lookup,flop,BB,64+,positive-mass-known-key,,,6,6,6,0,6,0,-80.16666666666667,142558.0,34.333333333333336,0.2951901483898611,0.4647238754135808,0.2400859761965581
10001922,pot_pressure,street|position|pot_band|lookup,flop,BB,<4,positive-mass-known-key,,,91,91,91,79,11,1,-4.131868131868132,1516715.0439560437,260.74725274725273,0.0,0.2801196487464497,0.7198803512535499
10001922,pot_pressure,street|position|pot_band|lookup,flop,BTN/SB,16-64,missing-key,,,45,0,45,18,27,0,-17.644444444444446,,,0.18888888888888888,0.23703703703703702,0.5740740740740743
10001922,pot_pressure,street|position|pot_band|lookup,flop,BTN/SB,16-64,positive-mass-known-key,,,22,22,22,15,7,0,3.5454545454545454,320570.6818181818,104.0909090909091,0.0,0.3172416618007275,0.6827583381992725
10001922,pot_pressure,street|position|pot_band|lookup,flop,BTN/SB,16-64,zero-mass,,,1,1,1,1,0,0,10.0,0.0,4.0,0.0,0.3333333333333333,0.6666666666666666
10001922,pot_pressure,street|position|pot_band|lookup,flop,BTN/SB,4-16,missing-key,,,147,0,147,77,70,0,-8.26530612244898,,,0.20238095238095238,0.2658730158730158,0.5317460317460316
10001922,pot_pressure,street|position|pot_band|lookup,flop,BTN/SB,4-16,positive-mass-known-key,,,57,57,57,45,12,0,1.3508771929824561,798372.2631578947,73.52631578947368,0.0,0.3626916398414922,0.6373083601585077
10001922,pot_pressure,street|position|pot_band|lookup,flop,BTN/SB,64+,missing-key,,,28,0,28,10,18,0,-17.107142857142858,,,0.36011904761904756,0.4077380952380953,0.23214285714285715
10001922,pot_pressure,street|position|pot_band|lookup,flop,BTN/SB,64+,positive-mass-known-key,,,8,8,8,8,0,0,95.5,32301.75,11.375,0.019479414766927525,0.28981004357225515,0.6907105416608172
10001922,pot_pressure,street|position|pot_band|lookup,flop,BTN/SB,<4,missing-key,,,1,0,1,1,0,0,1.0,,,0.0,0.3333333333333333,0.6666666666666666
10001922,pot_pressure,street|position|pot_band|lookup,flop,BTN/SB,<4,positive-mass-known-key,,,257,257,257,220,34,3,-0.1245136186770428,841168.5369649805,123.3307392996109,0.0,0.4374947220152056,0.5625052779847948
10001922,pot_pressure,street|position|pot_band|lookup,preflop,BB,16-64,missing-key,,,97,0,97,18,79,0,-29.0,,,0.22371134020618533,0.22371134020618533,0.5525773195876293
10001922,pot_pressure,street|position|pot_band|lookup,preflop,BB,4-16,positive-mass-known-key,,,210,210,210,47,163,0,-14.642857142857142,179618.6857142857,12.504761904761905,0.3315400907112344,0.2156932353750477,0.4527666739137179
10001922,pot_pressure,street|position|pot_band|lookup,preflop,BB,64+,missing-key,,,20,0,20,3,17,0,-55.0,,,0.4916666666666666,0.4916666666666666,0.016666666666666666
10001922,pot_pressure,street|position|pot_band|lookup,preflop,BB,64+,positive-mass-known-key,,,7,7,7,1,6,0,-66.85714285714286,55953.42857142857,1.7142857142857142,0.3082777257564815,0.5552515583445096,0.13647071589900892
10001922,pot_pressure,street|position|pot_band|lookup,preflop,BB,64+,zero-mass,,,3,3,3,1,2,0,-28.0,0.0,2.6666666666666665,0.5,0.5,0.0
10001922,pot_pressure,street|position|pot_band|lookup,preflop,BB,<4,positive-mass-known-key,,,199,199,199,165,32,2,-3.4020100502512562,181076.81407035177,11.78894472361809,0.0,0.3998500739490328,0.6001499260509673
10001922,pot_pressure,street|position|pot_band|lookup,preflop,BTN/SB,16-64,missing-key,,,38,0,38,18,20,0,-8.68421052631579,,,0.20789473684210535,0.20789473684210535,0.5842105263157896
10001922,pot_pressure,street|position|pot_band|lookup,preflop,BTN/SB,4-16,missing-key,,,152,0,152,83,69,0,-3.0723684210526314,,,0.25,0.25,0.5
10001922,pot_pressure,street|position|pot_band|lookup,preflop,BTN/SB,4-16,positive-mass-known-key,,,95,95,95,37,58,0,-9.031578947368422,82094.48421052631,11.56842105263158,0.13528864768089832,0.30204391277792364,0.5626674395411777
10001922,pot_pressure,street|position|pot_band|lookup,preflop,BTN/SB,64+,missing-key,,,53,0,50,18,35,0,-17.547169811320753,,,0.35691823899371067,0.35691823899371067,0.2861635220125787
10001922,pot_pressure,street|position|pot_band|lookup,preflop,BTN/SB,64+,positive-mass-known-key,,,8,8,8,1,7,0,-75.0,80798.75,5.625,0.0,1.0,0.0
10001922,pot_pressure,street|position|pot_band|lookup,preflop,BTN/SB,<4,positive-mass-known-key,,,2048,2048,2048,1241,804,3,-0.826416015625,178673.1201171875,50.6943359375,0.291585270739694,0.23916564059119244,0.46924908866911746
10001922,pot_pressure,street|position|pot_band|lookup,river,BB,16-64,missing-key,,,8,0,8,2,6,0,-13.75,,,0.05,0.26875,0.6812499999999999
10001922,pot_pressure,street|position|pot_band|lookup,river,BB,16-64,positive-mass-known-key,,,2,2,2,1,1,0,0.0,4978.5,0.5,0.125,0.125,0.75
10001922,pot_pressure,street|position|pot_band|lookup,river,BB,4-16,missing-key,,,5,0,5,2,3,0,-21.6,,,0.2,0.26666666666666666,0.5333333333333333
10001922,pot_pressure,street|position|pot_band|lookup,river,BB,4-16,positive-mass-known-key,,,21,21,21,11,10,0,1.0476190476190477,146706.90476190476,15.0,0.0,0.21152931585265874,0.7884706841473413
10001922,pot_pressure,street|position|pot_band|lookup,river,BB,64+,missing-key,,,11,0,10,1,9,1,-45.45454545454545,,,0.25,0.37121212121212116,0.37878787878787884
10001922,pot_pressure,street|position|pot_band|lookup,river,BB,64+,positive-mass-known-key,,,2,2,2,0,2,0,-67.5,12229.499999999998,0.5,0.5,0.16666666666666669,0.33333333333333337
10001922,pot_pressure,street|position|pot_band|lookup,river,BB,<4,positive-mass-known-key,,,5,5,5,5,0,0,1.2,100015.6,28.0,0.0,0.42827756884451124,0.5717224311554887
10001922,pot_pressure,street|position|pot_band|lookup,river,BTN/SB,16-64,missing-key,,,13,0,13,3,10,0,-32.15384615384615,,,0.16538461538461538,0.26794871794871794,0.5666666666666667
10001922,pot_pressure,street|position|pot_band|lookup,river,BTN/SB,16-64,positive-mass-known-key,,,4,4,4,1,3,0,-7.25,48507.25,3.25,0.0,0.5081824819205432,0.49181751807945684
10001922,pot_pressure,street|position|pot_band|lookup,river,BTN/SB,4-16,missing-key,,,32,0,32,15,17,0,-8.84375,,,0.1640625,0.2786458333333333,0.5572916666666666
10001922,pot_pressure,street|position|pot_band|lookup,river,BTN/SB,4-16,positive-mass-known-key,,,5,5,5,4,1,0,1.4,110979.2,3.6,0.0,0.5964605740977367,0.4035394259022632
10001922,pot_pressure,street|position|pot_band|lookup,river,BTN/SB,64+,missing-key,,,20,0,20,4,16,0,-33.7,,,0.36666666666666664,0.39999999999999997,0.23333333333333334
10001922,pot_pressure,street|position|pot_band|lookup,river,BTN/SB,64+,positive-mass-known-key,,,1,1,1,1,0,0,100.0,7332.999999999999,0.0,0.0,0.3333333333333333,0.6666666666666666
10001922,pot_pressure,street|position|pot_band|lookup,river,BTN/SB,<4,positive-mass-known-key,,,35,35,35,22,10,3,0.34285714285714286,261473.91428571424,11.971428571428572,0.0,0.5711984568117463,0.42880154318825386
10001922,pot_pressure,street|position|pot_band|lookup,turn,BB,16-64,missing-key,,,22,0,21,5,14,3,-29.09090909090909,,,0.1431818181818182,0.2606060606060606,0.5962121212121212
10001922,pot_pressure,street|position|pot_band|lookup,turn,BB,16-64,positive-mass-known-key,,,2,2,2,0,2,0,-53.0,77794.50000000001,24.0,0.1,0.42908396338147414,0.4709160366185259
10001922,pot_pressure,street|position|pot_band|lookup,turn,BB,16-64,zero-mass,,,1,1,1,0,1,0,-100.0,0.0,1.0,0.0,0.3333333333333333,0.6666666666666666
10001922,pot_pressure,street|position|pot_band|lookup,turn,BB,4-16,missing-key,,,11,0,11,4,6,1,-15.090909090909092,,,0.18181818181818182,0.2727272727272727,0.5454545454545454
10001922,pot_pressure,street|position|pot_band|lookup,turn,BB,4-16,positive-mass-known-key,,,50,50,50,30,20,0,-3.1,350485.86,43.12,0.0,0.3859482926834261,0.6140517073165739
10001922,pot_pressure,street|position|pot_band|lookup,turn,BB,64+,missing-key,,,17,0,15,3,14,0,-51.11764705882353,,,0.27941176470588236,0.3970588235294117,0.32352941176470595
10001922,pot_pressure,street|position|pot_band|lookup,turn,BB,64+,positive-mass-known-key,,,3,3,3,0,3,0,-95.0,15974.0,3.6666666666666665,0.0,0.046985825859418275,0.9530141741405816
10001922,pot_pressure,street|position|pot_band|lookup,turn,BB,64+,zero-mass,,,1,1,1,0,1,0,-48.0,0.0,3.0,0.5,0.5,0.0
10001922,pot_pressure,street|position|pot_band|lookup,turn,BB,<4,positive-mass-known-key,,,16,16,16,15,0,1,1.3125,179172.24999999997,43.875,0.0,0.40147841908435733,0.5985215809156428
10001922,pot_pressure,street|position|pot_band|lookup,turn,BTN/SB,16-64,missing-key,,,45,0,45,17,28,0,-5.644444444444445,,,0.18888888888888888,0.2537037037037037,0.5574074074074076
10001922,pot_pressure,street|position|pot_band|lookup,turn,BTN/SB,16-64,positive-mass-known-key,,,7,7,7,3,4,0,-2.4285714285714284,59913.28571428572,8.285714285714286,0.0,0.2607804839314853,0.7392195160685148
10001922,pot_pressure,street|position|pot_band|lookup,turn,BTN/SB,4-16,missing-key,,,51,0,51,33,18,0,-0.11764705882352941,,,0.14215686274509803,0.28594771241830075,0.5718954248366015
10001922,pot_pressure,street|position|pot_band|lookup,turn,BTN/SB,4-16,positive-mass-known-key,,,21,21,21,14,7,0,-3.142857142857143,181865.33333333334,8.904761904761905,0.0,0.49442167653592317,0.5055783234640769
10001922,pot_pressure,street|position|pot_band|lookup,turn,BTN/SB,64+,missing-key,,,23,0,23,4,19,0,-37.08695652173913,,,0.4275362318840579,0.4710144927536231,0.10144927536231883
10001922,pot_pressure,street|position|pot_band|lookup,turn,BTN/SB,64+,positive-mass-known-key,,,3,3,3,3,0,0,98.66666666666667,9993.666666666666,2.3333333333333335,0.16666666666666666,0.27777777777777773,0.5555555555555555
10001922,pot_pressure,street|position|pot_band|lookup,turn,BTN/SB,<4,missing-key,,,1,0,1,1,0,0,1.0,,,0.0,0.3333333333333333,0.6666666666666666
10001922,pot_pressure,street|position|pot_band|lookup,turn,BTN/SB,<4,positive-mass-known-key,,,86,86,86,62,21,3,-0.9302325581395349,211479.93023255814,21.38372093023256,0.0,0.5319905936905636,0.46800940630943627
10001922,pot_pressure,street|visit_band,flop,,,,0,,4,4,4,3,1,0,0.25,16801.75,0.0,0.0,0.3333333333333333,0.6666666666666666
10001922,pot_pressure,street|visit_band,flop,,,,1,,3,3,3,2,1,0,-8.666666666666666,12420.0,1.0,0.0,0.39447556269698886,0.6055244373030111
10001922,pot_pressure,street|visit_band,flop,,,,10-99,,243,243,241,195,46,2,-1.0781893004115226,429432.93827160494,49.148148148148145,0.013262415722780155,0.41086852647756283,0.575869057799657
10001922,pot_pressure,street|visit_band,flop,,,,100+,,261,261,261,205,53,3,-2.57088122605364,1971996.0536398469,285.191570881226,0.0,0.35256372794301544,0.6474362720569851
10001922,pot_pressure,street|visit_band,flop,,,,2-9,,57,57,57,53,4,0,10.035087719298245,66904.98245614035,5.526315789473684,0.0,0.29498717822356413,0.705012821776436
10001922,pot_pressure,street|visit_band,flop,,,,missing,,290,0,251,135,154,1,-13.175862068965516,,,0.2144827586206898,0.2785632183908047,0.5069540229885056
10001922,pot_pressure,street|visit_band,preflop,,,,0,,1,1,1,0,1,0,-13.0,57200.0,0.0,0.25,0.25,0.5
10001922,pot_pressure,street|visit_band,preflop,,,,1,,11,11,11,7,4,0,-3.0,61379.0,1.0,0.21057011012763674,0.28239795937207,0.5070319305002933
10001922,pot_pressure,street|visit_band,preflop,,,,10-99,,2394,2394,2332,1406,983,5,-2.002297410192147,181127.46282372597,45.554302422723474,0.2759954291673499,0.25014094709607637,0.47386362373657465
10001922,pot_pressure,street|visit_band,preflop,,,,2-9,,164,164,163,80,84,0,-15.945121951219512,86355.39634146342,5.426829268292683,0.12195786887922667,0.3327079499792232,0.5453341811415499
10001922,pot_pressure,street|visit_band,preflop,,,,missing,,360,0,288,140,220,0,-15.666666666666666,,,0.2676388888888892,0.2676388888888892,0.46472222222222165
10001922,pot_pressure,street|visit_band,river,,,,0,,6,6,6,4,2,0,34.0,16587.833333333332,0.0,0.041666666666666664,0.3194444444444444,0.6388888888888888
10001922,pot_pressure,street|visit_band,river,,,,1,,4,4,4,2,2,0,-37.0,15535.5,1.0,0.25,0.051088562202081154,0.6989114377979189
10001922,pot_pressure,street|visit_band,river,,,,10-99,,45,45,45,23,19,3,-2.2,267361.1777777778,17.866666666666667,0.0,0.5225017657332253,0.47749823426677473
10001922,pot_pressure,street|visit_band,river,,,,2-9,,20,20,20,16,4,0,1.3,66513.1,4.95,0.0,0.3436774278453453,0.6563225721546548
10001922,pot_pressure,street|visit_band,river,,,,missing,,89,0,71,27,61,1,-23.51685393258427,,,0.21217228464419474,0.31423220973782756,0.4735955056179774
10001922,pot_pressure,street|visit_band,turn,,,,0,,7,7,7,6,1,0,29.285714285714285,14421.142857142857,0.0,0.09999999999999999,0.3380952380952381,0.5619047619047619
10001922,pot_pressure,street|visit_band,turn,,,,1,,5,5,5,4,1,0,1.8,25968.4,1.0,0.0,0.23509580689588172,0.7649041931041182
10001922,pot_pressure,street|visit_band,turn,,,,10-99,,103,103,103,59,41,3,-6.223300970873787,326926.4466019418,37.47572815533981,0.0,0.5622301139487378,0.4377698860512623
10001922,pot_pressure,street|visit_band,turn,,,,100+,,7,7,7,7,0,0,3.7142857142857144,668155.2857142856,111.57142857142857,0.0,0.27177090248077473,0.7282290975192254
10001922,pot_pressure,street|visit_band,turn,,,,2-9,,68,68,68,51,16,1,-2.0441176470588234,65721.75,5.382352941176471,0.007352941176470588,0.3381195192273631,0.6545275395961665
10001922,pot_pressure,street|visit_band,turn,,,,missing,,170,0,140,67,99,4,-16.394117647058824,,,0.2087254901960784,0.30970588235294144,0.48156862745098045
11042440,random,lookup,,,,missing-key,,,1056,0,1054,274,764,18,0.3797348484848485,,,0.4941603535353535,0.49723800505050497,0.008601641414141414
11042440,random,lookup,,,,positive-mass-known-key,,,4859,4859,3046,2748,2090,21,1.8954517390409549,436458.7233998765,61.63264046100021,0.17743280834925695,0.2934124538074395,0.5291547378433061
11042440,random,lookup,,,,zero-mass,,,10,10,9,5,5,0,5.6,0.0,2.4,0.16999999999999998,0.295,0.5349999999999999
11042440,random,street,flop,,,,,,1195,970,962,673,514,8,2.40418410041841,1340543.175257732,159.53608247422682,0.15444595961206486,0.37061697017165446,0.47493707021628073
11042440,random,street,preflop,,,,,,4138,3408,3396,2005,2109,24,0.8417109714838086,209989.56191314553,39.183392018779344,0.27201096075204023,0.3154211529381437,0.4125678863098177
11042440,random,street,river,,,,,,152,125,120,91,58,3,4.065789473684211,123309.968,11.568,0.10706682992729707,0.31912979139445685,0.5738033786782457
11042440,random,street,turn,,,,,,440,366,352,258,178,4,6.120454545454545,244174.54644808744,26.6775956284153,0.13468389460242286,0.35708342699672346,0.508232678400854
11042440,random,street|mass_band,flop,,,,,0,1,1,1,1,0,0,3.0,0.0,2.0,0.0,0.3333333333333333,0.6666666666666666
11042440,random,street|mass_band,flop,,,,,100-10k,16,16,14,10,6,0,12.75,5203.875,1.5,0.075,0.34929579088071755,0.5757042091192823
11042440,random,street|mass_band,flop,,,,,10k+,953,953,836,603,345,5,2.5928646379853095,1364368.9590766001,162.35466946484786,0.07540705323863334,0.3411667156709001,0.5834262310904653
11042440,random,street|mass_band,flop,,,,,missing,225,0,225,59,163,3,0.8666666666666667,,,0.4955555555555556,0.497037037037037,0.007407407407407407
11042440,random,street|mass_band,preflop,,,,,0,3,3,3,1,2,0,-1.6666666666666667,0.0,4.0,0.25,0.25,0.5
11042440,random,street|mass_band,preflop,,,,,100-10k,9,9,9,2,7,0,-5.444444444444445,6091.222222222223,5.222222222222222,0.33418268763631837,0.3036327358161874,0.3621845765474942
11042440,random,street|mass_band,preflop,,,,,10k+,3396,3396,3046,1819,1566,11,1.1728504122497054,210715.4316843345,39.30447585394582,0.22300462644382002,0.2759805760411349,0.5010147975150466
11042440,random,street|mass_band,preflop,,,,,missing,730,0,730,183,534,13,-0.6109589041095891,,,0.49931506849315066,0.49931506849315066,0.0013698630136986301
11042440,random,street|mass_band,river,,,,,0,3,3,3,2,1,0,28.0,0.0,2.0,0.06666666666666667,0.2611111111111111,0.6722222222222222
11042440,random,street|mass_band,river,,,,,100-10k,14,14,12,12,2,0,28.571428571428573,5005.214285714285,0.9285714285714286,0.08928571428571429,0.3431320401378691,0.5675822455764167
11042440,random,street|mass_band,river,,,,,10k+,108,108,95,69,37,2,1.7222222222222223,142071.0462962963,13.212962962962964,0.0323224519964428,0.2801285160187713,0.6875490319847858
11042440,random,street|mass_band,river,,,,,missing,27,0,27,8,18,1,-1.9259259259259258,,,0.41975308641975306,0.4691358024691358,0.1111111111111111
11042440,random,street|mass_band,turn,,,,,"(0,100)",1,1,1,1,0,0,80.0,69.0,5.0,0.0,0.3333333333333333,0.6666666666666666
11042440,random,street|mass_band,turn,,,,,0,3,3,3,1,2,0,-8.666666666666666,0.0,1.3333333333333333,0.25,0.3611111111111111,0.38888888888888884
11042440,random,street|mass_band,turn,,,,,100-10k,20,20,17,12,8,0,12.9,5017.05,1.45,0.1,0.341857344158572,0.5581426558414281
11042440,random,street|mass_band,turn,,,,,10k+,342,342,300,220,119,3,4.9035087719298245,261016.00584795323,28.43859649122807,0.0643593965645206,0.32976479823212523,0.6058758052033542
11042440,random,street|mass_band,turn,,,,,missing,74,0,73,24,49,1,9.513513513513514,,,0.46621621621621623,0.48761261261261263,0.046171171171171164
11042440,random,street|position|pot_band|lookup,flop,BB,16-64,missing-key,,,2,0,2,2,0,0,17.0,,,0.125,0.29166666666666663,0.5833333333333333
11042440,random,street|position|pot_band|lookup,flop,BB,16-64,positive-mass-known-key,,,40,40,36,31,9,0,14.025,270994.9,29.15,0.09507740087749031,0.27067515563415173,0.634247443488358
11042440,random,street|position|pot_band|lookup,flop,BB,4-16,positive-mass-known-key,,,336,336,304,217,117,2,3.2827380952380953,1632000.488095238,156.98214285714286,0.07712161194266466,0.3501465144886093,0.5727318735687257
11042440,random,street|position|pot_band|lookup,flop,BB,64+,missing-key,,,85,0,85,21,63,1,-4.0588235294117645,,,0.5,0.5,0.0
11042440,random,street|position|pot_band|lookup,flop,BB,64+,positive-mass-known-key,,,2,2,2,1,1,0,8.0,16276.5,0.0,0.25,0.41666666666666663,0.3333333333333333
11042440,random,street|position|pot_band|lookup,flop,BB,<4,positive-mass-known-key,,,275,275,262,173,99,3,-0.5236363636363637,1565564.4327272726,235.57454545454544,0.014853934333147875,0.3189979300259178,0.6661481356409344
11042440,random,street|position|pot_band|lookup,flop,BB,<4,zero-mass,,,1,1,1,1,0,0,3.0,0.0,2.0,0.0,0.3333333333333333,0.6666666666666666
11042440,random,street|position|pot_band|lookup,flop,BTN/SB,16-64,positive-mass-known-key,,,19,19,18,12,7,0,11.052631578947368,255200.8947368421,22.842105263157894,0.10698514646040262,0.2762065117370507,0.6168083418025468
11042440,random,street|position|pot_band|lookup,flop,BTN/SB,4-16,missing-key,,,1,0,1,1,0,0,12.0,,,0.25,0.25,0.5
11042440,random,street|position|pot_band|lookup,flop,BTN/SB,4-16,positive-mass-known-key,,,203,203,194,119,84,0,0.8817733990147784,924013.7093596059,99.77339901477832,0.12060002058994859,0.3417072248654131,0.537692754544638
11042440,random,street|position|pot_band|lookup,flop,BTN/SB,64+,missing-key,,,137,0,137,35,100,2,3.605839416058394,,,0.5,0.5,0.0
11042440,random,street|position|pot_band|lookup,flop,BTN/SB,<4,positive-mass-known-key,,,94,94,94,60,34,0,7.9787234042553195,1256899.4468085107,163.45744680851064,0.1302937253665931,0.41566088440187554,0.45404539023153156
11042440,random,street|position|pot_band|lookup,preflop,BB,16-64,missing-key,,,2,0,2,0,2,0,-34.0,,,0.25,0.25,0.5
11042440,random,street|position|pot_band|lookup,preflop,BB,16-64,positive-mass-known-key,,,27,27,24,20,7,0,11.481481481481481,71748.14814814815,2.4444444444444446,0.15777410037826908,0.32024209922835933,0.5219838003933716
11042440,random,street|position|pot_band|lookup,preflop,BB,4-16,positive-mass-known-key,,,87,87,85,49,38,0,-0.9195402298850575,143650.5747126437,6.068965517241379,0.2983859716999161,0.2046159121951438,0.49699811610494044
11042440,random,street|position|pot_band|lookup,preflop,BB,64+,missing-key,,,449,0,449,113,325,11,-1.5434298440979954,,,0.5,0.5,0.0
11042440,random,street|position|pot_band|lookup,preflop,BB,64+,positive-mass-known-key,,,3,3,3,2,1,0,47.333333333333336,97704.0,0.3333333333333333,0.37473456568975855,0.45859876764357477,0.16666666666666666
11042440,random,street|position|pot_band|lookup,preflop,BB,<4,positive-mass-known-key,,,998,998,998,608,384,6,1.3006012024048097,225720.18537074147,13.39879759519038,0.10880335820381463,0.3440919402005328,0.5471047015956525
11042440,random,street|position|pot_band|lookup,preflop,BTN/SB,16-64,positive-mass-known-key,,,17,17,17,10,7,0,-1.1764705882352942,106436.5294117647,5.235294117647059,0.20841995310100542,0.291400765707144,0.5001792811918505
11042440,random,street|position|pot_band|lookup,preflop,BTN/SB,16-64,zero-mass,,,1,1,1,0,1,0,-6.0,0.0,2.0,0.25,0.25,0.5
11042440,random,street|position|pot_band|lookup,preflop,BTN/SB,4-16,positive-mass-known-key,,,145,145,141,79,65,1,-0.25517241379310346,106456.10344827586,12.489655172413793,0.1291312078556846,0.24550360969114687,0.6253651824531685
11042440,random,street|position|pot_band|lookup,preflop,BTN/SB,4-16,zero-mass,,,2,2,2,1,1,0,0.5,0.0,5.0,0.25,0.25,0.5
11042440,random,street|position|pot_band|lookup,preflop,BTN/SB,64+,missing-key,,,279,0,279,70,207,2,1.1290322580645162,,,0.5,0.5,0.0
11042440,random,street|position|pot_band|lookup,preflop,BTN/SB,64+,positive-mass-known-key,,,1,1,1,0,1,0,-100.0,39855.0,2.0,0.02154058461924476,0.9784594153807552,0.0
11042440,random,street|position|pot_band|lookup,preflop,BTN/SB,<4,positive-mass-known-key,,,2127,2127,2048,1053,1070,4,1.1382228490832158,215497.11283497885,55.31546779501645,0.28120038327830094,0.24786307539126118,0.47093654133043683
11042440,random,street|position|pot_band|lookup,river,BB,16-64,missing-key,,,1,0,1,1,0,0,16.0,,,0.0,0.3333333333333333,0.6666666666666666
11042440,random,street|position|pot_band|lookup,river,BB,16-64,positive-mass-known-key,,,24,24,24,17,7,0,9.291666666666666,70377.41666666667,3.0833333333333335,0.04812074530305677,0.20966450221189656,0.7422147524850465
11042440,random,street|position|pot_band|lookup,river,BB,16-64,zero-mass,,,3,3,3,2,1,0,28.0,0.0,2.0,0.06666666666666667,0.2611111111111111,0.6722222222222222
11042440,random,street|position|pot_band|lookup,river,BB,4-16,missing-key,,,1,0,1,1,0,0,18.0,,,0.0,0.3333333333333333,0.6666666666666666
11042440,random,street|position|pot_band|lookup,river,BB,4-16,positive-mass-known-key,,,66,66,60,40,24,2,-2.227272727272727,175518.57575757575,19.166666666666668,0.01558340851998011,0.33397973805139997,0.6504368534286201
11042440,random,street|position|pot_band|lookup,river,BB,64+,missing-key,,,14,0,14,2,11,1,-12.357142857142858,,,0.45238095238095244,0.47619047619047616,0.07142857142857142
11042440,random,street|position|pot_band|lookup,river,BB,64+,positive-mass-known-key,,,2,2,2,2,0,0,77.0,12600.5,1.5,0.25,0.3260629785025304,0.4239370214974696
11042440,random,street|position|pot_band|lookup,river,BB,<4,positive-mass-known-key,,,1,1,1,1,0,0,1.0,63882.0,12.0,0.0,0.8933508389241286,0.10664916107587133
11042440,random,street|position|pot_band|lookup,river,BTN/SB,16-64,missing-key,,,1,0,1,1,0,0,12.0,,,0.0,0.3333333333333333,0.6666666666666666
11042440,random,street|position|pot_band|lookup,river,BTN/SB,16-64,positive-mass-known-key,,,7,7,6,5,2,0,22.571428571428573,28275.571428571428,0.8571428571428571,0.07142857142857142,0.22392037773497542,0.7046510508364532
11042440,random,street|position|pot_band|lookup,river,BTN/SB,4-16,positive-mass-known-key,,,17,17,15,11,6,0,0.47058823529411764,100017.5294117647,4.176470588235294,0.06220129211904545,0.22713045873985047,0.710668249141104
11042440,random,street|position|pot_band|lookup,river,BTN/SB,64+,missing-key,,,10,0,10,3,7,0,7.5,,,0.5,0.5,0.0
11042440,random,street|position|pot_band|lookup,river,BTN/SB,64+,positive-mass-known-key,,,3,3,3,3,0,0,62.333333333333336,35068.0,0.3333333333333333,0.16666666666666666,0.2986879868798688,0.5346453464534645
11042440,random,street|position|pot_band|lookup,river,BTN/SB,<4,positive-mass-known-key,,,2,2,2,2,0,0,1.0,23974.0,4.0,0.0,0.05645816409423233,0.9435418359057677
11042440,random,street|position|pot_band|lookup,turn,BB,16-64,missing-key,,,2,0,2,2,0,0,24.0,,,0.0,0.29166666666666663,0.7083333333333333
11042440,random,street|position|pot_band|lookup,turn,BB,16-64,positive-mass-known-key,,,35,35,34,27,8,0,14.914285714285715,119411.88571428572,7.914285714285715,0.03219593887164395,0.28929318320801634,0.6785108779203397
11042440,random,street|position|pot_band|lookup,turn,BB,4-16,missing-key,,,2,0,2,1,1,0,-6.0,,,0.0,0.3333333333333333,0.6666666666666666
11042440,random,street|position|pot_band|lookup,turn,BB,4-16,positive-mass-known-key,,,192,192,171,122,67,3,4.807291666666667,322778.9947916667,36.78125,0.05108091527681343,0.3374328287800217,0.6114862559431652
11042440,random,street|position|pot_band|lookup,turn,BB,4-16,zero-mass,,,1,1,1,1,0,0,3.0,0.0,2.0,0.0,0.3333333333333333,0.6666666666666666
11042440,random,street|position|pot_band|lookup,turn,BB,64+,missing-key,,,32,0,32,11,20,1,14.25,,,0.484375,0.49479166666666663,0.020833333333333332
11042440,random,street|position|pot_band|lookup,turn,BB,64+,positive-mass-known-key,,,3,3,3,2,1,0,39.333333333333336,67388.0,1.0,0.16666666666666666,0.6388719201791896,0.1944614131541438
11042440,random,street|position|pot_band|lookup,turn,BB,64+,zero-mass,,,1,1,1,0,1,0,-27.0,0.0,1.0,0.5,0.5,0.0
11042440,random,street|position|pot_band|lookup,turn,BB,<4,positive-mass-known-key,,,26,26,22,12,14,0,-4.1923076923076925,347581.1923076923,61.57692307692308,0.09689801148211956,0.29312229460870554,0.6099796939091748
11042440,random,street|position|pot_band|lookup,turn,BTN/SB,16-64,positive-mass-known-key,,,16,16,16,10,6,0,0.0,54770.9375,1.0,0.07963167305974757,0.23149460100713204,0.6888737259331205
11042440,random,street|position|pot_band|lookup,turn,BTN/SB,4-16,positive-mass-known-key,,,76,76,74,50,26,0,7.276315789473684,152484.1447368421,8.552631578947368,0.0980045066854017,0.33023960241398675,0.5717558909006115
11042440,random,street|position|pot_band|lookup,turn,BTN/SB,64+,missing-key,,,38,0,38,10,28,0,5.578947368421052,,,0.5,0.5,0.0
11042440,random,street|position|pot_band|lookup,turn,BTN/SB,64+,positive-mass-known-key,,,4,4,4,1,3,0,-31.75,25087.25,1.0,0.3266149253596492,0.42338507464035074,0.25
11042440,random,street|position|pot_band|lookup,turn,BTN/SB,<4,positive-mass-known-key,,,11,11,11,9,2,0,12.272727272727273,128195.18181818182,13.363636363636363,0.0025693413081943816,0.45492886866767707,0.5425017900241286
11042440,random,street|position|pot_band|lookup,turn,BTN/SB,<4,zero-mass,,,1,1,1,0,1,0,-2.0,0.0,1.0,0.25,0.25,0.5
11042440,random,street|visit_band,flop,,,,0,,12,12,11,9,3,0,35.166666666666664,27330.333333333332,0.0,0.13749999999999998,0.2972222222222222,0.5652777777777778
11042440,random,street|visit_band,flop,,,,1,,11,11,11,6,5,0,3.8181818181818183,20062.81818181818,1.0,0.026277889824201997,0.2276871492862848,0.7460349608895133
11042440,random,street|visit_band,flop,,,,10-99,,375,375,346,239,134,2,2.296,495695.5626666667,47.501333333333335,0.08993876196360656,0.33346212834217365,0.5765991096942188
11042440,random,street|visit_band,flop,,,,100+,,475,475,445,291,181,3,0.8294736842105264,2326683.149473684,287.14947368421053,0.07428594889325162,0.3488836136784074,0.5768304374283403
11042440,random,street|visit_band,flop,,,,2-9,,97,97,93,69,28,0,9.88659793814433,89875.18556701031,5.463917525773196,0.021762922553653426,0.3527289287362602,0.6255081487100864
11042440,random,street|visit_band,flop,,,,missing,,225,0,225,59,163,3,0.8666666666666667,,,0.4955555555555556,0.497037037037037,0.007407407407407407
11042440,random,street|visit_band,preflop,,,,0,,12,12,12,6,5,1,-0.3333333333333333,47047.0,0.0,0.26666666666666666,0.29444444444444445,0.4388888888888889
11042440,random,street|visit_band,preflop,,,,1,,19,19,17,14,5,0,3.9473684210526314,62585.57894736842,1.0,0.14223569865882976,0.2576023460186602,0.6001619553225099
11042440,random,street|visit_band,preflop,,,,10-99,,2974,2974,2773,1560,1405,9,1.2199058507061198,225176.1553463349,44.15904505716207,0.235735050156971,0.2719914015231853,0.49227354831984416
11042440,random,street|visit_band,preflop,,,,2-9,,403,403,375,242,160,1,0.5707196029776674,109719.23325062035,5.431761786600497,0.134250218735954,0.30616011121686415,0.5595896700471815
11042440,random,street|visit_band,preflop,,,,missing,,730,0,730,183,534,13,-0.6109589041095891,,,0.49931506849315066,0.49931506849315066,0.0013698630136986301
11042440,random,street|visit_band,river,,,,0,,25,25,22,18,7,0,9.2,32938.04,0.0,0.09,0.3033333333333333,0.6066666666666666
11042440,random,street|visit_band,river,,,,1,,12,12,10,12,0,0,32.916666666666664,34573.0,1.0,0.05833333333333333,0.24226629496052834,0.6994003717061382
11042440,random,street|visit_band,river,,,,10-99,,48,48,48,26,21,1,-3.3125,238901.66666666666,26.6875,0.008844087448010247,0.37731490917473215,0.6138410033772576
11042440,random,street|visit_band,river,,,,2-9,,40,40,38,27,12,1,5.1,67703.475,3.825,0.039157715452783265,0.1809854278010994,0.7798568567461175
11042440,random,street|visit_band,river,,,,missing,,27,0,27,8,18,1,-1.9259259259259258,,,0.41975308641975306,0.4691358024691358,0.1111111111111111
11042440,random,street|visit_band,turn,,,,0,,35,35,30,18,17,0,8.4,41153.74285714285,0.0,0.11,0.3052380952380953,0.5847619047619049
11042440,random,street|visit_band,turn,,,,1,,26,26,25,18,8,0,7.615384615384615,60459.03846153846,1.0,0.0969152600531349,0.30255985485765313,0.600524885089212
11042440,random,street|visit_band,turn,,,,10-99,,175,175,165,109,64,2,1.9142857142857144,318481.41142857145,36.582857142857144,0.07095261603469091,0.3634548838720089,0.5655925000933004
11042440,random,street|visit_band,turn,,,,100+,,25,25,25,11,13,1,-0.08,894451.64,114.4,0.0,0.29365544908538926,0.7063445509146108
11042440,random,street|visit_band,turn,,,,2-9,,105,105,102,78,27,0,11.085714285714285,78666.95238095238,4.533333333333333,0.056899133882034596,0.3003570864843461,0.6427437796336192
11042440,random,street|visit_band,turn,,,,missing,,74,0,73,24,49,1,9.513513513513514,,,0.46621621621621623,0.48761261261261263,0.046171171171171164
11042440,check_call,lookup,,,,missing-key,,,71,0,61,55,11,5,8.112676056338028,,,0.0,0.3309859154929575,0.6690140845070418
11042440,check_call,lookup,,,,positive-mass-known-key,,,14463,14463,4096,6668,7109,686,1.009783585701445,617931.7703795893,62.34923598146996,0.04204005438063673,0.3564227578685179,0.6015371877508474
11042440,check_call,lookup,,,,zero-mass,,,17,17,17,13,3,1,6.9411764705882355,0.0,1.8823529411764706,0.0,0.33333333333333326,0.6666666666666665
11042440,check_call,street,flop,,,,,,3485,3482,3485,1684,1628,173,1.1193687230989957,1804910.9434233198,177.1614014933946,0.0,0.35845503189954725,0.6415449681004521
11042440,check_call,street,preflop,,,,,,4096,4096,4096,1684,2239,173,0.8778076171875,221522.62426757812,35.233642578125,0.14844367834647193,0.31244081927297124,0.5391155023805564
11042440,check_call,street,river,,,,,,3485,3449,3485,1684,1628,173,1.1193687230989957,175674.13569150478,11.472310814728907,0.0,0.3552110370637346,0.6447889629362652
11042440,check_call,street,turn,,,,,,3485,3453,3485,1684,1628,173,1.1193687230989957,329913.2716478425,29.25803649000869,0.0,0.4066643235695581,0.5933356764304437
11042440,check_call,street|mass_band,flop,,,,,0,2,2,2,1,0,1,4.5,0.0,1.0,0.0,0.3333333333333333,0.6666666666666666
11042440,check_call,street|mass_band,flop,,,,,100-10k,27,27,27,20,6,1,8.481481481481481,6383.2962962962965,1.4444444444444444,0.0,0.40921606517144754,0.5907839348285525
11042440,check_call,street|mass_band,flop,,,,,10k+,3453,3453,3453,1662,1620,171,1.0668983492615118,1820019.5644367216,178.63741673906748,0.0,0.3580944934096803,0.6419055065903184
11042440,check_call,street|mass_band,flop,,,,,missing,3,0,3,1,2,0,-7.0,,,0.0,0.3333333333333333,0.6666666666666666
11042440,check_call,street|mass_band,preflop,,,,,10k+,4096,4096,4096,1684,2239,173,0.8778076171875,221522.62426757812,35.233642578125,0.14844367834647193,0.31244081927297124,0.5391155023805564
11042440,check_call,street|mass_band,river,,,,,"(0,100)",3,3,3,3,0,0,7.666666666666667,29.666666666666668,0.6666666666666666,0.0,0.3333333333333333,0.6666666666666666
11042440,check_call,street|mass_band,river,,,,,0,5,5,5,4,1,0,5.4,0.0,1.0,0.0,0.3333333333333333,0.6666666666666666
11042440,check_call,street|mass_band,river,,,,,100-10k,163,163,163,119,35,9,6.4969325153374236,6172.085889570552,0.6441717791411042,0.0,0.32271836125602643,0.6772816387439757
11042440,check_call,street|mass_band,river,,,,,10k+,3278,3278,3278,1526,1590,162,0.7178157413056742,184531.40787065282,12.0366076876144,0.0,0.3571712542045105,0.6428287457954919
11042440,check_call,street|mass_band,river,,,,,missing,36,0,36,32,2,2,12.194444444444445,,,0.0,0.3287037037037038,0.6712962962962965
11042440,check_call,street|mass_band,turn,,,,,"(0,100)",2,2,2,1,0,1,18.0,79.0,0.0,0.0,0.3333333333333333,0.6666666666666666
11042440,check_call,street|mass_band,turn,,,,,0,10,10,10,8,2,0,8.2,0.0,2.5,0.0,0.33333333333333337,0.6666666666666667
11042440,check_call,street|mass_band,turn,,,,,100-10k,85,85,85,58,21,6,8.741176470588234,6095.329411764706,1.2823529411764707,0.0,0.37538782003625343,0.624612179963746
11042440,check_call,street|mass_band,turn,,,,,10k+,3356,3356,3356,1595,1598,163,0.8587604290822408,339294.4773539929,30.063766388557806,0.0,0.4084179190316341,0.5915820809683676
11042440,check_call,street|mass_band,turn,,,,,missing,32,0,32,22,7,3,4.9375,,,0.0,0.33333333333333337,0.6666666666666667
11042440,check_call,street|position|pot_band|lookup,flop,BB,4-16,positive-mass-known-key,,,1207,1207,1207,572,579,56,1.2783761391880697,2686461.4896437447,192.69759734879867,0.0,0.3685499936396662,0.6314500063603391
11042440,check_call,street|position|pot_band|lookup,flop,BB,<4,missing-key,,,1,0,1,0,1,0,-18.0,,,0.0,0.3333333333333333,0.6666666666666666
11042440,check_call,street|position|pot_band|lookup,flop,BB,<4,positive-mass-known-key,,,840,840,840,361,435,44,-0.05238095238095238,1835384.788095238,279.8511904761905,0.0,0.29282433778111394,0.707175662218883
11042440,check_call,street|position|pot_band|lookup,flop,BTN/SB,4-16,missing-key,,,2,0,2,1,1,0,-1.5,,,0.0,0.3333333333333333,0.6666666666666666
11042440,check_call,street|position|pot_band|lookup,flop,BTN/SB,4-16,positive-mass-known-key,,,982,982,982,504,431,47,1.884928716904277,1059575.9511201628,90.60285132382892,0.0,0.3635121338288717,0.6364878661711265
11042440,check_call,street|position|pot_band|lookup,flop,BTN/SB,4-16,zero-mass,,,2,2,2,1,0,1,4.5,0.0,1.0,0.0,0.3333333333333333,0.6666666666666666
11042440,check_call,street|position|pot_band|lookup,flop,BTN/SB,<4,positive-mass-known-key,,,451,451,451,245,181,25,1.2483370288248337,1019765.1463414636,133.5720620842572,0.0,0.44294438586274004,0.5570556141372603
11042440,check_call,street|position|pot_band|lookup,preflop,BB,<4,positive-mass-known-key,,,2048,2048,2048,933,1015,100,0.72314453125,221361.927734375,13.59619140625,0.0,0.3918844943037074,0.6081155056962932
11042440,check_call,street|position|pot_band|lookup,preflop,BTN/SB,<4,positive-mass-known-key,,,2048,2048,2048,751,1224,73,1.032470703125,221683.32080078125,56.87109375,0.29688735669294386,0.2329971442422351,0.4701154990648207
11042440,check_call,street|position|pot_band|lookup,river,BB,16-64,missing-key,,,5,0,5,3,2,0,6.2,,,0.0,0.31666666666666665,0.6833333333333332
11042440,check_call,street|position|pot_band|lookup,river,BB,16-64,positive-mass-known-key,,,483,483,483,245,213,25,3.6956521739130435,132542.77432712214,6.627329192546584,0.0,0.31723621854951783,0.6827637814504819
11042440,check_call,street|position|pot_band|lookup,river,BB,16-64,zero-mass,,,1,1,1,0,1,0,-12.0,0.0,1.0,0.0,0.3333333333333333,0.6666666666666666
11042440,check_call,street|position|pot_band|lookup,river,BB,4-16,missing-key,,,3,0,3,2,0,1,7.333333333333333,,,0.0,0.3333333333333333,0.6666666666666666
11042440,check_call,street|position|pot_band|lookup,river,BB,4-16,positive-mass-known-key,,,1465,1465,1465,640,762,63,-0.2354948805460751,250784.00204778157,20.9160409556314,0.0,0.33632951857748355,0.6636704814225141
11042440,check_call,street|position|pot_band|lookup,river,BB,4-16,zero-mass,,,1,1,1,1,0,0,4.0,0.0,1.0,0.0,0.3333333333333333,0.6666666666666666
11042440,check_call,street|position|pot_band|lookup,river,BB,<4,positive-mass-known-key,,,90,90,90,42,37,11,-0.044444444444444446,95203.64444444445,25.91111111111111,0.0,0.39960711055583176,0.6003928894441687
11042440,check_call,street|position|pot_band|lookup,river,BTN/SB,16-64,missing-key,,,10,0,10,10,0,0,25.6,,,0.0,0.32500000000000007,0.675
11042440,check_call,street|position|pot_band|lookup,river,BTN/SB,16-64,positive-mass-known-key,,,267,267,267,145,104,18,4.711610486891386,56284.11235955056,0.4232209737827715,0.0,0.3377746374071073,0.662225362592891
11042440,check_call,street|position|pot_band|lookup,river,BTN/SB,16-64,zero-mass,,,1,1,1,1,0,0,18.0,0.0,1.0,0.0,0.3333333333333333,0.6666666666666666
11042440,check_call,street|position|pot_band|lookup,river,BTN/SB,4-16,missing-key,,,18,0,18,17,0,1,7.222222222222222,,,0.0,0.33333333333333326,0.6666666666666665
11042440,check_call,street|position|pot_band|lookup,river,BTN/SB,4-16,positive-mass-known-key,,,1041,1041,1041,536,459,46,0.7041306436119116,124865.8674351585,2.2036503362151776,0.0,0.3871780323051603,0.6128219676948355
11042440,check_call,street|position|pot_band|lookup,river,BTN/SB,4-16,zero-mass,,,2,2,2,2,0,0,8.5,0.0,1.0,0.0,0.3333333333333333,0.6666666666666666
11042440,check_call,street|position|pot_band|lookup,river,BTN/SB,<4,positive-mass-known-key,,,98,98,98,40,50,8,0.08163265306122448,213283.8469387755,10.010204081632653,0.0,0.5026512869825305,0.49734871301746947
11042440,check_call,street|position|pot_band|lookup,turn,BB,16-64,missing-key,,,2,0,2,0,2,0,-27.0,,,0.0,0.3333333333333333,0.6666666666666666
11042440,check_call,street|position|pot_band|lookup,turn,BB,16-64,positive-mass-known-key,,,195,195,195,96,87,12,3.9846153846153847,282676.041025641,12.107692307692307,0.0,0.39299009132799273,0.6070099086720072
11042440,check_call,street|position|pot_band|lookup,turn,BB,4-16,missing-key,,,4,0,4,3,1,0,1.0,,,0.0,0.3333333333333333,0.6666666666666666
11042440,check_call,street|position|pot_band|lookup,turn,BB,4-16,positive-mass-known-key,,,1614,1614,1614,717,825,72,0.4052044609665427,454229.3717472119,44.513011152416354,0.0,0.38653447314960865,0.6134655268503918
11042440,check_call,street|position|pot_band|lookup,turn,BB,4-16,zero-mass,,,5,5,5,4,1,0,5.2,0.0,3.4,0.0,0.3333333333333333,0.6666666666666666
11042440,check_call,street|position|pot_band|lookup,turn,BB,<4,positive-mass-known-key,,,228,228,228,113,99,16,0.32456140350877194,263168.5,55.60964912280702,0.0,0.4012309108505002,0.5987690891494999
11042440,check_call,street|position|pot_band|lookup,turn,BTN/SB,16-64,missing-key,,,2,0,2,1,1,0,0.5,,,0.0,0.3333333333333333,0.6666666666666666
11042440,check_call,street|position|pot_band|lookup,turn,BTN/SB,16-64,positive-mass-known-key,,,87,87,87,44,36,7,5.045977011494253,82571.35632183908,2.218390804597701,0.0,0.33116987273443727,0.668830127265562
11042440,check_call,street|position|pot_band|lookup,turn,BTN/SB,4-16,missing-key,,,21,0,21,15,3,3,8.952380952380953,,,0.0,0.3333333333333332,0.6666666666666664
11042440,check_call,street|position|pot_band|lookup,turn,BTN/SB,4-16,positive-mass-known-key,,,1110,1110,1110,581,479,50,1.445045045045045,212202.04684684685,8.51981981981982,0.0,0.4365486481036757,0.5634513518963234
11042440,check_call,street|position|pot_band|lookup,turn,BTN/SB,4-16,zero-mass,,,5,5,5,4,1,0,11.2,0.0,1.6,0.0,0.3333333333333333,0.6666666666666666
11042440,check_call,street|position|pot_band|lookup,turn,BTN/SB,<4,missing-key,,,3,0,3,3,0,0,6.333333333333333,,,0.0,0.3333333333333333,0.6666666666666666
11042440,check_call,street|position|pot_band|lookup,turn,BTN/SB,<4,positive-mass-known-key,,,209,209,209,103,93,13,0.5406698564593302,230679.88038277513,21.382775119617225,0.0,0.46824896732347654,0.5317510326765236
11042440,check_call,street|visit_band,flop,,,,0,,13,13,13,9,3,1,11.153846153846153,14664.692307692309,0.0,0.0,0.3333333333333333,0.6666666666666666
11042440,check_call,street|visit_band,flop,,,,1,,24,24,24,16,6,2,4.375,15330.541666666666,1.0,0.0,0.3399453969493535,0.6600546030506463
11042440,check_call,street|visit_band,flop,,,,10-99,,1341,1341,1341,681,582,78,1.691275167785235,603069.7397464579,49.473527218493665,0.0,0.3506092458022745,0.649390754197731
11042440,check_call,street|visit_band,flop,,,,100+,,1794,1794,1794,769,946,79,-0.21906354515050167,3037148.5189520624,305.8823857302118,0.0,0.3634216584921186,0.6365783415078807
11042440,check_call,street|visit_band,flop,,,,2-9,,310,310,310,208,89,13,5.796774193548387,86388.28064516129,5.661290322580645,0.0,0.3663816430777443,0.6336183569222553
11042440,check_call,street|visit_band,flop,,,,missing,,3,0,3,1,2,0,-7.0,,,0.0,0.3333333333333333,0.6666666666666666
11042440,check_call,street|visit_band,preflop,,,,0,,6,6,6,1,5,0,-4.333333333333333,74357.0,0.0,0.0,0.3333333333333334,0.6666666666666669
11042440,check_call,street|visit_band,preflop,,,,1,,4,4,4,2,2,0,3.75,65877.99999999999,1.0,0.0,0.26177175991985185,0.7382282400801482
11042440,check_call,street|visit_band,preflop,,,,10-99,,3530,3530,3530,1404,1978,148,0.7720963172804532,238788.41274787535,39.99745042492918,0.17224512932213853,0.30151458837941997,0.526240282298442
11042440,check_call,street|visit_band,preflop,,,,2-9,,556,556,556,277,254,25,1.5845323741007193,114611.36330935251,5.615107913669065,0.0,0.3819496613724164,0.6180503386275834
11042440,check_call,street|visit_band,river,,,,0,,745,745,745,446,254,45,4.4080536912751676,59250.971812080534,0.0,0.0,0.3286353467561554,0.6713646532438546
11042440,check_call,street|visit_band,river,,,,1,,335,335,335,207,116,12,3.017910447761194,71255.32835820895,1.0,0.0,0.2926631922827792,0.7073368077172204
11042440,check_call,street|visit_band,river,,,,10-99,,1292,1292,1292,437,788,67,-1.2469040247678018,295696.1246130031,26.545665634674922,0.0,0.4105779128383237,0.5894220871616763
11042440,check_call,street|visit_band,river,,,,2-9,,1077,1077,1077,562,468,47,0.7223769730733519,144705.84215413185,4.583101207056639,0.0,0.3275162160618425,0.6724837839381551
11042440,check_call,street|visit_band,river,,,,missing,,36,0,36,32,2,2,12.194444444444445,,,0.0,0.3287037037037038,0.6712962962962965
11042440,check_call,street|visit_band,turn,,,,0,,252,252,252,167,71,14,6.162698412698413,61171.833333333336,0.0,0.0,0.33333333333333287,0.6666666666666657
11042440,check_call,street|visit_band,turn,,,,1,,272,272,272,161,99,12,3.676470588235294,82619.62867647059,1.0,0.0,0.2837964258857451,0.7162035741142555
11042440,check_call,street|visit_band,turn,,,,10-99,,1696,1696,1696,744,876,76,-0.3419811320754717,407931.9958726415,34.49233490566038,0.0,0.4729542233029433,0.5270457766970569
11042440,check_call,street|visit_band,turn,,,,100+,,328,328,328,90,227,11,-1.6615853658536586,959601.875,115.25,0.0,0.36453142618141604,0.635468573818582
11042440,check_call,street|visit_band,turn,,,,2-9,,905,905,905,500,348,57,2.5580110497237567,104641.55359116022,4.922651933701657,0.0,0.3576455277602651,0.6423544722397357
11042440,check_call,street|visit_band,turn,,,,missing,,32,0,32,22,7,3,4.9375,,,0.0,0.33333333333333337,0.6666666666666667
11042440,tight_aggressive,lookup,,,,missing-key,,,29,0,21,14,15,0,-20.103448275862068,,,0.17413793103448275,0.33505747126436775,0.49080459770114937
11042440,tight_aggressive,lookup,,,,positive-mass-known-key,,,3617,3617,2244,2281,1326,10,-4.949543820846005,392263.43323196017,64.807851810893,0.1961913616550007,0.30224487442927767,0.5015637639157234
11042440,tight_aggressive,lookup,,,,zero-mass,,,15,15,12,1,13,1,-40.46666666666667,0.0,2.0,0.3188888888888889,0.36333333333333334,0.31777777777777777
11042440,tight_aggressive,street,flop,,,,,,742,740,697,537,203,2,-6.621293800539084,1095912.954054054,142.66216216216216,0.051338493731726546,0.3943896318318586,0.5542718744364141
11042440,tight_aggressive,street,preflop,,,,,,2418,2418,2244,1513,901,4,-2.9629859387923903,211245.64805624483,49.81430934656741,0.26057055415523905,0.25928307778493176,0.4801463680598287
11042440,tight_aggressive,street,river,,,,,,163,154,139,64,98,1,-18.34355828220859,179785.25974025973,10.188311688311689,0.14080676335503653,0.37415397517950705,0.48503926146545656
11042440,tight_aggressive,street,turn,,,,,,338,320,295,182,152,4,-11.908284023668639,216757.328125,21.40625,0.08388527726713176,0.3781529308281178,0.5379617919047498
11042440,tight_aggressive,street|mass_band,flop,,,,,0,4,4,3,1,3,0,-12.5,0.0,1.75,0.3333333333333333,0.3333333333333333,0.3333333333333333
11042440,tight_aggressive,street|mass_band,flop,,,,,100-10k,12,12,12,6,6,0,-32.333333333333336,6602.666666666667,2.6666666666666665,0.12799989354925126,0.28707393955563737,0.5849261668951115
11042440,tight_aggressive,street|mass_band,flop,,,,,10k+,724,724,685,529,193,2,-6.147790055248619,1120022.58839779,145.7610497237569,0.04819129414320914,0.39667433638752964,0.5551343694692606
11042440,tight_aggressive,street|mass_band,flop,,,,,missing,2,0,2,1,1,0,-12.0,,,0.16666666666666666,0.3333333333333333,0.5
11042440,tight_aggressive,street|mass_band,preflop,,,,,0,1,1,1,0,1,0,-45.0,0.0,2.0,0.5,0.5,0.0
11042440,tight_aggressive,street|mass_band,preflop,,,,,100-10k,12,12,10,3,9,0,-32.833333333333336,6264.583333333333,3.3333333333333335,0.2773515940252638,0.32198908775584595,0.4006593182188902
11042440,tight_aggressive,street|mass_band,preflop,,,,,10k+,2405,2405,2244,1510,891,4,-2.7964656964656966,212356.25862785862,50.06611226611226,0.2603872685318357,0.25887010936835536,0.4807426220998086
11042440,tight_aggressive,street|mass_band,river,,,,,0,3,3,3,0,3,0,-39.0,0.0,2.3333333333333335,0.39999999999999997,0.39999999999999997,0.20000000000000004
11042440,tight_aggressive,street|mass_band,river,,,,,100-10k,21,21,19,8,13,0,-25.80952380952381,5685.380952380952,1.8571428571428572,0.18138946172142378,0.2353683886075529,0.5832421496710233
11042440,tight_aggressive,street|mass_band,river,,,,,10k+,130,130,114,51,78,1,-18.0,212057.97692307693,11.715384615384615,0.12147941331323886,0.39764893687308484,0.48087164981367614
11042440,tight_aggressive,street|mass_band,river,,,,,missing,9,0,9,5,4,0,1.0,,,0.23888888888888887,0.35,0.4111111111111111
11042440,tight_aggressive,street|mass_band,turn,,,,,0,7,7,5,0,6,1,-56.42857142857143,0.0,2.0,0.25,0.34523809523809523,0.4047619047619047
11042440,tight_aggressive,street|mass_band,turn,,,,,100-10k,25,25,21,13,11,1,-17.24,4357.88,2.04,0.16680953833350906,0.3091296286443272,0.5240608330221638
11042440,tight_aggressive,street|mass_band,turn,,,,,10k+,288,288,264,161,125,2,-9.135416666666666,240463.1875,23.55902777777778,0.06898027288641022,0.38809299735114255,0.5429267297624469
11042440,tight_aggressive,street|mass_band,turn,,,,,missing,18,0,15,8,10,0,-31.555555555555557,,,0.14259259259259258,0.3277777777777778,0.5296296296296297
11042440,tight_aggressive,street|position|pot_band|lookup,flop,BB,16-64,positive-mass-known-key,,,19,19,18,10,9,0,-21.57894736842105,462692.7894736841,64.36842105263158,0.046628160111619736,0.23888767439812225,0.7144841654902581
11042440,tight_aggressive,street|position|pot_band|lookup,flop,BB,4-16,positive-mass-known-key,,,71,71,66,41,30,0,-13.253521126760564,1538542.38028169,170.7887323943662,0.08920659824167312,0.3119433502745624,0.5988500514837644
11042440,tight_aggressive,street|position|pot_band|lookup,flop,BB,64+,positive-mass-known-key,,,7,7,7,2,5,0,-42.714285714285715,77722.57142857143,15.285714285714286,0.06290595447337861,0.46650542387488436,0.47058862165173704
11042440,tight_aggressive,street|position|pot_band|lookup,flop,BB,64+,zero-mass,,,2,2,2,1,1,0,0.0,0.0,2.0,0.41666666666666663,0.41666666666666663,0.16666666666666666
11042440,tight_aggressive,street|position|pot_band|lookup,flop,BB,<4,positive-mass-known-key,,,59,59,59,47,12,0,-4.423728813559322,1781683.254237288,271.06779661016947,0.0,0.34232332500791074,0.657676674992089
11042440,tight_aggressive,street|position|pot_band|lookup,flop,BTN/SB,16-64,positive-mass-known-key,,,24,24,23,8,16,0,-35.541666666666664,323007.7916666667,45.583333333333336,0.16444653420510455,0.29841525546435466,0.5371382103305408
11042440,tight_aggressive,street|position|pot_band|lookup,flop,BTN/SB,16-64,zero-mass,,,1,1,1,0,1,0,-25.0,0.0,1.0,0.25,0.25,0.5
11042440,tight_aggressive,street|position|pot_band|lookup,flop,BTN/SB,4-16,positive-mass-known-key,,,97,97,97,49,48,0,-15.793814432989691,1077754.9999999998,135.31958762886597,0.231263227810209,0.2910426545636021,0.47769411762618913
11042440,tight_aggressive,street|position|pot_band|lookup,flop,BTN/SB,4-16,zero-mass,,,1,1,1,0,1,0,-25.0,0.0,2.0,0.25,0.25,0.5
11042440,tight_aggressive,street|position|pot_band|lookup,flop,BTN/SB,64+,missing-key,,,1,0,1,0,1,0,-25.0,,,0.3333333333333333,0.3333333333333333,0.3333333333333333
11042440,tight_aggressive,street|position|pot_band|lookup,flop,BTN/SB,64+,positive-mass-known-key,,,14,14,13,4,10,0,-45.214285714285715,75895.42857142857,11.357142857142858,0.17052146894060144,0.3278352211556867,0.5016433099037118
11042440,tight_aggressive,street|position|pot_band|lookup,flop,BTN/SB,<4,missing-key,,,1,0,1,1,0,0,1.0,,,0.0,0.3333333333333333,0.6666666666666666
11042440,tight_aggressive,street|position|pot_band|lookup,flop,BTN/SB,<4,positive-mass-known-key,,,445,445,445,374,69,2,0.20224719101123595,1065005.811235955,138.73033707865167,0.0,0.45057270173841885,0.5494272982615819
11042440,tight_aggressive,street|position|pot_band|lookup,preflop,BB,16-64,positive-mass-known-key,,,27,27,27,8,18,1,-30.88888888888889,83831.4074074074,4.074074074074074,0.11205869359645179,0.24221457521644563,0.6457267311871026
11042440,tight_aggressive,street|position|pot_band|lookup,preflop,BB,4-16,positive-mass-known-key,,,97,97,97,31,65,1,-14.989690721649485,214006.0824742268,13.288659793814434,0.3283384710332722,0.28089185955051715,0.3907696694162107
11042440,tight_aggressive,street|position|pot_band|lookup,preflop,BB,64+,positive-mass-known-key,,,16,16,14,3,13,0,-49.3125,50078.6875,1.375,0.28933739301434386,0.5358324112768414,0.17483019570881475
11042440,tight_aggressive,street|position|pot_band|lookup,preflop,BB,<4,positive-mass-known-key,,,110,110,110,81,29,0,-9.10909090909091,232589.76363636364,13.527272727272727,0.0,0.44153453663704517,0.5584654633629548
11042440,tight_aggressive,street|position|pot_band|lookup,preflop,BTN/SB,16-64,positive-mass-known-key,,,26,26,26,11,15,0,-9.692307692307692,62781.769230769234,5.615384615384615,0.035576123029989644,0.1894438384952043,0.7749800384748061
11042440,tight_aggressive,street|position|pot_band|lookup,preflop,BTN/SB,4-16,positive-mass-known-key,,,79,79,79,40,39,0,-12.658227848101266,140640.07594936708,24.139240506329113,0.08664358205137965,0.32325081830379143,0.5901055996448287
11042440,tight_aggressive,street|position|pot_band|lookup,preflop,BTN/SB,64+,positive-mass-known-key,,,14,14,14,5,9,0,-10.571428571428571,38179.28571428572,2.142857142857143,0.33598511585878177,0.4187391622194541,0.2452757219217641
11042440,tight_aggressive,street|position|pot_band|lookup,preflop,BTN/SB,64+,zero-mass,,,1,1,1,0,1,0,-45.0,0.0,2.0,0.5,0.5,0.0
11042440,tight_aggressive,street|position|pot_band|lookup,preflop,BTN/SB,<4,positive-mass-known-key,,,2048,2048,2048,1334,712,2,-0.801025390625,218801.955078125,56.37548828125,0.2820225446479227,0.24374675676184973,0.47423069859022726
11042440,tight_aggressive,street|position|pot_band|lookup,river,BB,16-64,positive-mass-known-key,,,7,7,7,0,7,0,-61.42857142857143,25343.714285714286,2.857142857142857,0.055677864835851305,0.2108532290648005,0.7334689060993481
11042440,tight_aggressive,street|position|pot_band|lookup,river,BB,4-16,positive-mass-known-key,,,11,11,10,7,4,0,-8.818181818181818,161377.27272727274,15.363636363636363,0.018529568499333002,0.3579436182594507,0.6235268132412165
11042440,tight_aggressive,street|position|pot_band|lookup,river,BB,64+,positive-mass-known-key,,,4,4,4,0,4,0,-77.75,22560.0,0.5,0.5680111915825903,0.34099440420870486,0.09099440420870487
11042440,tight_aggressive,street|position|pot_band|lookup,river,BB,<4,positive-mass-known-key,,,9,9,9,7,2,0,1.1111111111111112,95065.11111111111,32.111111111111114,0.0,0.3751933573942481,0.6248066426057519
11042440,tight_aggressive,street|position|pot_band|lookup,river,BTN/SB,16-64,missing-key,,,3,0,3,1,2,0,28.333333333333332,,,0.21666666666666667,0.21666666666666667,0.5666666666666668
11042440,tight_aggressive,street|position|pot_band|lookup,river,BTN/SB,16-64,positive-mass-known-key,,,12,12,12,2,10,0,-55.166666666666664,85201.25,4.666666666666667,0.07772081674817494,0.15803592661986912,0.764243256631956
11042440,tight_aggressive,street|position|pot_band|lookup,river,BTN/SB,16-64,zero-mass,,,1,1,1,0,1,0,-9.0,0.0,2.0,0.2,0.2,0.6000000000000001
11042440,tight_aggressive,street|position|pot_band|lookup,river,BTN/SB,4-16,missing-key,,,1,0,1,1,0,0,3.0,,,0.0,0.3333333333333333,0.6666666666666666
11042440,tight_aggressive,street|position|pot_band|lookup,river,BTN/SB,4-16,positive-mass-known-key,,,32,32,32,3,29,0,-9.5625,265636.4375,13.75,0.3480178401735063,0.2456860008118066,0.4062961590146869
11042440,tight_aggressive,street|position|pot_band|lookup,river,BTN/SB,64+,missing-key,,,3,0,3,1,2,0,-27.0,,,0.5,0.5,0.0
11042440,tight_aggressive,street|position|pot_band|lookup,river,BTN/SB,64+,positive-mass-known-key,,,13,13,13,0,13,0,-78.07692307692308,32119.23076923077,0.5384615384615384,0.358974358974359,0.38810692853246037,0.2529187124931806
11042440,tight_aggressive,street|position|pot_band|lookup,river,BTN/SB,64+,zero-mass,,,2,2,2,0,2,0,-54.0,0.0,2.5,0.5,0.5,0.0
11042440,tight_aggressive,street|position|pot_band|lookup,river,BTN/SB,<4,missing-key,,,2,0,2,2,0,0,1.0,,,0.0,0.3333333333333333,0.6666666666666666
11042440,tight_aggressive,street|position|pot_band|lookup,river,BTN/SB,<4,positive-mass-known-key,,,63,63,63,40,22,1,-1.126984126984127,235685.9841269841,9.19047619047619,0.0,0.5028453095274729,0.49715469047252714
11042440,tight_aggressive,street|position|pot_band|lookup,turn,BB,16-64,missing-key,,,1,0,1,0,1,0,-90.0,,,0.2,0.2,0.6000000000000001
11042440,tight_aggressive,street|position|pot_band|lookup,turn,BB,16-64,positive-mass-known-key,,,13,13,12,3,10,0,-47.53846153846154,117632.38461538461,8.307692307692308,0.14924853349227554,0.20669288964023155,0.6440585768674929
11042440,tight_aggressive,street|position|pot_band|lookup,turn,BB,16-64,zero-mass,,,3,3,2,0,3,0,-81.66666666666667,0.0,2.3333333333333335,0.16666666666666666,0.27777777777777773,0.5555555555555555
11042440,tight_aggressive,street|position|pot_band|lookup,turn,BB,4-16,positive-mass-known-key,,,29,29,25,11,18,0,-20.137931034482758,250007.93103448275,25.06896551724138,0.07871791996449466,0.25285765697991996,0.6684244230555854
11042440,tight_aggressive,street|position|pot_band|lookup,turn,BB,4-16,zero-mass,,,1,1,1,0,1,0,-45.0,0.0,4.0,0.0,0.3333333333333333,0.6666666666666666
11042440,tight_aggressive,street|position|pot_band|lookup,turn,BB,64+,missing-key,,,1,0,1,0,1,0,-90.0,,,0.5,0.5,0.0
11042440,tight_aggressive,street|position|pot_band|lookup,turn,BB,64+,positive-mass-known-key,,,7,7,7,1,6,0,-60.857142857142854,23890.14285714286,1.8571428571428572,0.20583317255128947,0.23038031291879021,0.5637865145299202
11042440,tight_aggressive,street|position|pot_band|lookup,turn,BB,64+,zero-mass,,,1,1,1,0,1,0,-100.0,0.0,1.0,0.5,0.5,0.0
11042440,tight_aggressive,street|position|pot_band|lookup,turn,BB,<4,positive-mass-known-key,,,20,20,20,16,4,0,-3.25,270359.0,47.85,0.0,0.41618368250653603,0.583816317493464
11042440,tight_aggressive,street|position|pot_band|lookup,turn,BTN/SB,16-64,missing-key,,,3,0,3,0,3,0,-41.666666666666664,,,0.2333333333333333,0.2333333333333333,0.5333333333333333
11042440,tight_aggressive,street|position|pot_band|lookup,turn,BTN/SB,16-64,positive-mass-known-key,,,17,17,16,2,14,1,-40.64705882352941,69006.41176470589,4.529411764705882,0.1882432083041116,0.30753499565004166,0.5042217960458467
11042440,tight_aggressive,street|position|pot_band|lookup,turn,BTN/SB,4-16,missing-key,,,1,0,1,0,1,0,-20.0,,,0.0,0.3333333333333333,0.6666666666666666
11042440,tight_aggressive,street|position|pot_band|lookup,turn,BTN/SB,4-16,positive-mass-known-key,,,54,54,54,21,32,1,-7.314814814814815,281289.1666666667,26.037037037037038,0.21615814233750025,0.31672433552371165,0.4671175221387878
11042440,tight_aggressive,street|position|pot_band|lookup,turn,BTN/SB,4-16,zero-mass,,,1,1,1,0,1,0,-5.0,0.0,1.0,0.25,0.25,0.5
11042440,tight_aggressive,street|position|pot_band|lookup,turn,BTN/SB,64+,missing-key,,,4,0,4,0,4,0,-62.75,,,0.29166666666666663,0.37499999999999994,0.3333333333333333
11042440,tight_aggressive,street|position|pot_band|lookup,turn,BTN/SB,64+,positive-mass-known-key,,,10,10,10,1,9,0,-52.2,12940.6,1.1,0.35,0.26810332586079666,0.3818966741392034
11042440,tight_aggressive,street|position|pot_band|lookup,turn,BTN/SB,64+,zero-mass,,,1,1,1,0,0,1,0.0,0.0,1.0,0.5,0.5,0.0
11042440,tight_aggressive,street|position|pot_band|lookup,turn,BTN/SB,<4,missing-key,,,8,0,8,8,0,0,1.0,,,0.0,0.3333333333333333,0.6666666666666666
11042440,tight_aggressive,street|position|pot_band|lookup,turn,BTN/SB,<4,positive-mass-known-key,,,163,163,163,119,43,1,1.4662576687116564,236296.64417177913,21.699386503067483,0.0,0.4572427373742038,0.5427572626257963
11042440,tight_aggressive,street|visit_band,flop,,,,0,,11,11,10,5,6,0,-44.54545454545455,11837.90909090909,0.0,0.1621212121212121,0.343939393939394,0.49393939393939396
11042440,tight_aggressive,street|visit_band,flop,,,,1,,13,13,13,5,8,0,-15.307692307692308,18698.384615384617,1.0,0.1222685814496456,0.35654621212079474,0.5211852064295596
11042440,tight_aggressive,street|visit_band,flop,,,,10-99,,288,288,281,209,77,2,-6.270833333333333,440755.0451388889,47.791666666666664,0.038965960938239126,0.4358982983762337,0.5251357406855265
11042440,tight_aggressive,street|visit_band,flop,,,,100+,,327,327,322,247,80,0,-3.4220183486238533,2066433.7064220184,279.18042813455656,0.058517230883011764,0.36888149924416136,0.5726012698728276
11042440,tight_aggressive,street|visit_band,flop,,,,2-9,,101,101,99,70,31,0,-12.623762376237623,78623.91089108911,4.96039603960396,0.03989775123238919,0.3701885730343748,0.5899136757332362
11042440,tight_aggressive,street|visit_band,flop,,,,missing,,2,0,2,1,1,0,-12.0,,,0.16666666666666666,0.3333333333333333,0.5
11042440,tight_aggressive,street|visit_band,preflop,,,,0,,17,17,14,3,14,0,-40.23529411764706,54118.294117647056,0.0,0.33627450980392154,0.33627450980392154,0.32745098039215687
11042440,tight_aggressive,street|visit_band,preflop,,,,1,,13,13,12,6,7,0,-0.6923076923076923,28780.69230769231,1.0,0.28995703971257836,0.3764503316497351,0.3335926286376865
11042440,tight_aggressive,street|visit_band,preflop,,,,10-99,,2276,2276,2200,1453,820,3,-2.010764499121265,219714.01449912126,52.66388400702988,0.2669072677263879,0.2534741231176451,0.47961860915596616
11042440,tight_aggressive,street|visit_band,preflop,,,,2-9,,112,112,96,51,60,1,-16.919642857142858,84185.0,5.133928571428571,0.11689777159980982,0.352043365090099,0.5310588633100909
11042440,tight_aggressive,street|visit_band,river,,,,0,,16,16,16,5,11,0,-51.625,34595.6875,0.0,0.28541666666666665,0.36874999999999997,0.3458333333333333
11042440,tight_aggressive,street|visit_band,river,,,,1,,27,27,25,10,17,0,-29.555555555555557,23783.037037037036,1.0,0.17068080865217755,0.19871502361594334,0.6306041677318789
11042440,tight_aggressive,street|visit_band,river,,,,10-99,,70,70,70,26,43,1,-5.228571428571429,338895.3714285714,19.585714285714285,0.12069771875512936,0.5024327132915734,0.3768695679532975
11042440,tight_aggressive,street|visit_band,river,,,,2-9,,41,41,39,18,23,0,-24.609756097560975,67526.36585365854,4.170731707317073,0.07750277106674232,0.2780854240541228,0.644411804879135
11042440,tight_aggressive,street|visit_band,river,,,,missing,,9,0,9,5,4,0,1.0,,,0.23888888888888887,0.35,0.4111111111111111
11042440,tight_aggressive,street|visit_band,turn,,,,0,,28,28,27,16,12,0,-18.428571428571427,18175.785714285714,0.0,0.1619047619047619,0.32857142857142857,0.5095238095238095
11042440,tight_aggressive,street|visit_band,turn,,,,1,,23,23,22,8,13,2,-28.869565217391305,32619.608695652172,1.0,0.1456154970405634,0.24367877512324762,0.610705727836189
11042440,tight_aggressive,street|visit_band,turn,,,,10-99,,178,178,176,104,73,1,-6.792134831460674,334677.38764044945,33.28089887640449,0.058936414929823176,0.4554919899049198,0.4855715951652571
11042440,tight_aggressive,street|visit_band,turn,,,,100+,,4,4,4,3,1,0,0.25,633108.75,114.0,0.0,0.34159734515025764,0.6584026548497424
11042440,tight_aggressive,street|visit_band,turn,,,,2-9,,87,87,83,43,43,1,-12.28735632183908,68944.3908045977,5.137931034482759,0.08521132674539138,0.2835300598665803,0.6312586133880284
11042440,tight_aggressive,street|visit_band,turn,,,,missing,,18,0,15,8,10,0,-31.555555555555557,,,0.14259259259259258,0.3277777777777778,0.5296296296296297
11042440,loose_aggressive,lookup,,,,missing-key,,,92,0,61,37,55,0,-13.652173913043478,,,0.2610507246376811,0.35887681159420265,0.3800724637681162
11042440,loose_aggressive,lookup,,,,positive-mass-known-key,,,6792,6792,2982,3071,3659,62,-10.018551236749117,461372.98807420494,59.76766784452297,0.1595051135988938,0.3045069078103956,0.5359879785907097
11042440,loose_aggressive,lookup,,,,zero-mass,,,29,29,26,11,18,0,3.1379310344827585,0.0,2.206896551724138,0.21666666666666667,0.33735632183908054,0.4459770114942528
11042440,loose_aggressive,street,flop,,,,,,1633,1623,1436,831,787,15,-8.890385793018984,1297533.0948860135,147.86568083795441,0.08317320799943154,0.3281914673900312,0.5886353246105395
11042440,loose_aggressive,street,preflop,,,,,,3586,3581,2982,1698,1866,22,-7.577802565532627,205267.44037978217,38.88829935772131,0.2186501359551991,0.28498654718422967,0.49636331686057267
11042440,loose_aggressive,street,river,,,,,,680,638,533,242,427,11,-14.680882352941177,124888.94200626959,8.495297805642632,0.12240614277936394,0.3037650523892031,0.5738288048314341
11042440,loose_aggressive,street,turn,,,,,,1014,979,811,348,652,14,-17.29388560157791,217576.37691521962,21.798774259448418,0.10899538291449759,0.3417675125966446,0.5492371044888584
11042440,loose_aggressive,street|mass_band,flop,,,,,0,2,2,2,2,0,0,100.0,0.0,1.0,0.29166666666666663,0.29166666666666663,0.41666666666666663
11042440,loose_aggressive,street|mass_band,flop,,,,,100-10k,39,39,34,20,19,0,6.230769230769231,5769.461538461538,2.3076923076923075,0.13485072936784873,0.29923653369492814,0.5659127369372232
11042440,loose_aggressive,street|mass_band,flop,,,,,10k+,1582,1582,1406,804,763,15,-9.371681415929203,1331018.460176991,151.63969658659923,0.08105520662730241,0.3288662714499487,0.5900785219227516
11042440,loose_aggressive,street|mass_band,flop,,,,,missing,10,0,6,5,5,0,-13.5,,,0.175,0.3416666666666667,0.4833333333333333
11042440,loose_aggressive,street|mass_band,preflop,,,,,0,5,5,4,3,2,0,55.0,0.0,3.8,0.30666666666666664,0.30666666666666664,0.38666666666666666
11042440,loose_aggressive,street|mass_band,preflop,,,,,100-10k,39,39,32,12,27,0,-18.641025641025642,5484.205128205128,4.641025641025641,0.18887934475713378,0.37205253025298685,0.43906812498987946
11042440,loose_aggressive,street|mass_band,preflop,,,,,10k+,3537,3537,2982,1683,1832,22,-7.472999717274527,207760.48063330507,39.31552162849873,0.21857405327202412,0.2838097378728058,0.4976162088551715
11042440,loose_aggressive,street|mass_band,preflop,,,,,missing,5,0,5,0,5,0,-58.0,,,0.41666666666666663,0.41666666666666663,0.16666666666666666
11042440,loose_aggressive,street|mass_band,river,,,,,0,9,9,9,2,7,0,-31.666666666666668,0.0,1.7777777777777777,0.21296296296296294,0.35185185185185186,0.4351851851851851
11042440,loose_aggressive,street|mass_band,river,,,,,100-10k,85,85,77,39,46,0,-6.0588235294117645,5081.329411764706,1.0705882352941176,0.16378255045749887,0.27348950449242265,0.5627279450500782
11042440,loose_aggressive,street|mass_band,river,,,,,10k+,544,544,450,183,350,11,-16.705882352941178,145675.0588235294,9.766544117647058,0.10214091967110299,0.30296622746838575,0.5948928528605112
11042440,loose_aggressive,street|mass_band,river,,,,,missing,42,0,32,18,24,0,-2.261904761904762,,,0.28174603174603174,0.3650793650793651,0.3531746031746031
11042440,loose_aggressive,street|mass_band,turn,,,,,"(0,100)",1,1,1,0,1,0,-100.0,7.0,0.0,0.5,0.5,0.0
11042440,loose_aggressive,street|mass_band,turn,,,,,0,13,13,12,4,9,0,-7.615384615384615,0.0,2.076923076923077,0.17307692307692307,0.34615384615384615,0.48076923076923084
11042440,loose_aggressive,street|mass_band,turn,,,,,100-10k,95,95,86,34,61,0,-17.694736842105264,6036.0,2.0526315789473686,0.13953069882609537,0.28349052412454756,0.576978777049357
11042440,loose_aggressive,street|mass_band,turn,,,,,10k+,870,870,730,296,560,14,-17.149425287356323,244176.83448275863,24.27471264367816,0.09904126653657642,0.34762910879061215,0.5533296246728121
11042440,loose_aggressive,street|mass_band,turn,,,,,missing,35,0,25,14,21,0,-21.02857142857143,,,0.23857142857142857,0.3480952380952382,0.41333333333333333
11042440,loose_aggressive,street|position|pot_band|lookup,flop,BB,16-64,missing-key,,,4,0,2,2,2,0,-15.0,,,0.125,0.29166666666666663,0.5833333333333333
11042440,loose_aggressive,street|position|pot_band|lookup,flop,BB,16-64,positive-mass-known-key,,,97,97,91,39,58,0,-15.371134020618557,389713.90721649484,45.23711340206186,0.14225227631761617,0.20242243190502318,0.6553252917773605
11042440,loose_aggressive,street|position|pot_band|lookup,flop,BB,4-16,positive-mass-known-key,,,450,450,413,235,211,4,-10.188888888888888,1981156.6622222222,178.79555555555555,0.0551393858224327,0.3167213996982855,0.6281392144792799
11042440,loose_aggressive,street|position|pot_band|lookup,flop,BB,64+,missing-key,,,3,0,2,0,3,0,-91.66666666666667,,,0.4166666666666667,0.4166666666666667,0.16666666666666666
11042440,loose_aggressive,street|position|pot_band|lookup,flop,BB,64+,positive-mass-known-key,,,40,40,35,12,28,0,-36.25,149925.2,14.525,0.12507883019456414,0.4905242346002702,0.3843969352051655
11042440,loose_aggressive,street|position|pot_band|lookup,flop,BB,<4,positive-mass-known-key,,,246,246,246,143,101,2,-7.5772357723577235,1727209.5325203252,263.3211382113821,0.0,0.30114959939256597,0.6988504006074345
11042440,loose_aggressive,street|position|pot_band|lookup,flop,BTN/SB,16-64,positive-mass-known-key,,,79,79,75,32,46,1,-8.49367088607595,320266.9873417721,43.79746835443038,0.1657228589984718,0.23373018071266674,0.6005469602888616
11042440,loose_aggressive,street|position|pot_band|lookup,flop,BTN/SB,16-64,zero-mass,,,1,1,1,1,0,0,100.0,0.0,1.0,0.25,0.25,0.5
11042440,loose_aggressive,street|position|pot_band|lookup,flop,BTN/SB,4-16,positive-mass-known-key,,,404,404,395,178,222,4,-7.408415841584159,1047432.8168316832,116.70049504950495,0.18419369697556098,0.30501397456335755,0.5107923284610811
11042440,loose_aggressive,street|position|pot_band|lookup,flop,BTN/SB,64+,missing-key,,,3,0,3,3,0,0,66.66666666666667,,,0.0,0.3333333333333333,0.6666666666666666
11042440,loose_aggressive,street|position|pot_band|lookup,flop,BTN/SB,64+,positive-mass-known-key,,,32,32,32,15,17,0,-18.34375,106445.71875,19.25,0.07399400812645535,0.3431928336020071,0.5828131582715375
11042440,loose_aggressive,street|position|pot_band|lookup,flop,BTN/SB,64+,zero-mass,,,1,1,1,1,0,0,100.0,0.0,1.0,0.3333333333333333,0.3333333333333333,0.3333333333333333
11042440,loose_aggressive,street|position|pot_band|lookup,flop,BTN/SB,<4,positive-mass-known-key,,,273,273,273,170,99,4,-3.4505494505494507,1076236.9963369963,141.23443223443223,0.0,0.45201754204819977,0.5479824579518012
11042440,loose_aggressive,street|position|pot_band|lookup,preflop,BB,16-64,positive-mass-known-key,,,116,116,116,27,87,2,-34.258620689655174,82835.16379310345,3.6551724137931036,0.13940006927649906,0.23705363954706807,0.6235462911764328
11042440,loose_aggressive,street|position|pot_band|lookup,preflop,BB,4-16,positive-mass-known-key,,,337,337,337,85,250,2,-15.103857566765578,223133.4005934718,14.198813056379821,0.347717104456182,0.24436682356656045,0.40791607197725754
11042440,loose_aggressive,street|position|pot_band|lookup,preflop,BB,64+,missing-key,,,3,0,3,0,3,0,-38.333333333333336,,,0.4444444444444444,0.4444444444444444,0.1111111111111111
11042440,loose_aggressive,street|position|pot_band|lookup,preflop,BB,64+,positive-mass-known-key,,,46,46,46,7,38,1,-46.21739130434783,56809.717391304344,1.0869565217391304,0.3578670622221354,0.5041694108448377,0.13796352693302683
11042440,loose_aggressive,street|position|pot_band|lookup,preflop,BB,<4,positive-mass-known-key,,,622,622,622,374,243,5,-6.776527331189711,229475.27009646303,13.516077170418006,0.0,0.3988820895089119,0.6011179104910874
11042440,loose_aggressive,street|position|pot_band|lookup,preflop,BTN/SB,16-64,positive-mass-known-key,,,82,82,82,30,52,0,-24.804878048780488,73096.4756097561,5.841463414634147,0.03893563652737481,0.24305270106799942,0.7180116624046254
11042440,loose_aggressive,street|position|pot_band|lookup,preflop,BTN/SB,16-64,zero-mass,,,1,1,1,0,1,0,-10.0,0.0,2.0,0.2,0.2,0.6000000000000001
11042440,loose_aggressive,street|position|pot_band|lookup,preflop,BTN/SB,4-16,positive-mass-known-key,,,282,282,282,114,166,2,-12.202127659574469,142491.585106383,24.81560283687943,0.11300450559049614,0.3130162667915377,0.5739792276179666
11042440,loose_aggressive,street|position|pot_band|lookup,preflop,BTN/SB,4-16,zero-mass,,,1,1,1,0,1,0,-15.0,0.0,14.0,0.25,0.25,0.5
11042440,loose_aggressive,street|position|pot_band|lookup,preflop,BTN/SB,64+,missing-key,,,2,0,2,0,2,0,-87.5,,,0.375,0.375,0.25
11042440,loose_aggressive,street|position|pot_band|lookup,preflop,BTN/SB,64+,positive-mass-known-key,,,43,43,41,14,28,1,-13.976744186046512,39792.20930232558,2.7209302325581395,0.24466579182248935,0.41970358989922235,0.33563061827828833
11042440,loose_aggressive,street|position|pot_band|lookup,preflop,BTN/SB,64+,zero-mass,,,3,3,2,3,0,0,100.0,0.0,1.0,0.3611111111111111,0.3611111111111111,0.27777777777777773
11042440,loose_aggressive,street|position|pot_band|lookup,preflop,BTN/SB,<4,positive-mass-known-key,,,2048,2048,2048,1044,995,9,-2.7724609375,223155.95751953125,57.607421875,0.28567829196705036,0.2494876143284803,0.4648340937044674
11042440,loose_aggressive,street|position|pot_band|lookup,river,BB,16-64,missing-key,,,4,0,3,3,1,0,41.5,,,0.125,0.2708333333333333,0.6041666666666666
11042440,loose_aggressive,street|position|pot_band|lookup,river,BB,16-64,positive-mass-known-key,,,100,100,91,28,70,2,-24.07,94824.12,6.76,0.09315309215049726,0.2757701679555822,0.6310767398939204
11042440,loose_aggressive,street|position|pot_band|lookup,river,BB,16-64,zero-mass,,,2,2,2,1,1,0,27.5,0.0,2.0,0.0,0.29166666666666663,0.7083333333333333
11042440,loose_aggressive,street|position|pot_band|lookup,river,BB,4-16,missing-key,,,1,0,1,0,1,0,-27.0,,,0.25,0.25,0.5
11042440,loose_aggressive,street|position|pot_band|lookup,river,BB,4-16,positive-mass-known-key,,,158,158,143,53,103,2,-8.443037974683545,221799.17721518988,18.563291139240505,0.04142079760971759,0.29027223907524236,0.6683069633150402
11042440,loose_aggressive,street|position|pot_band|lookup,river,BB,64+,missing-key,,,8,0,8,4,4,0,7.75,,,0.35416666666666663,0.4375,0.20833333333333331
11042440,loose_aggressive,street|position|pot_band|lookup,river,BB,64+,positive-mass-known-key,,,37,37,36,11,25,1,-29.45945945945946,28132.756756756757,1.7567567567567568,0.20542650813601843,0.3871718164601524,0.40740167540382916
11042440,loose_aggressive,street|position|pot_band|lookup,river,BB,64+,zero-mass,,,3,3,3,0,3,0,-56.333333333333336,0.0,1.3333333333333333,0.27777777777777773,0.38888888888888884,0.3333333333333333
11042440,loose_aggressive,street|position|pot_band|lookup,river,BB,<4,positive-mass-known-key,,,18,18,18,10,8,0,-9.555555555555555,111421.22222222222,29.88888888888889,0.0,0.3795233505337356,0.6204766494662645
11042440,loose_aggressive,street|position|pot_band|lookup,river,BTN/SB,16-64,missing-key,,,8,0,8,3,5,0,3.75,,,0.15625,0.22916666666666666,0.6145833333333333
11042440,loose_aggressive,street|position|pot_band|lookup,river,BTN/SB,16-64,positive-mass-known-key,,,104,104,103,33,70,1,-20.442307692307693,47644.817307692305,1.4230769230769231,0.1370061166177826,0.23207843589180993,0.6309154474904072
11042440,loose_aggressive,street|position|pot_band|lookup,river,BTN/SB,16-64,zero-mass,,,1,1,1,1,0,0,18.0,0.0,1.0,0.25,0.25,0.5
11042440,loose_aggressive,street|position|pot_band|lookup,river,BTN/SB,4-16,missing-key,,,2,0,2,1,1,0,-43.5,,,0.125,0.29166666666666663,0.5833333333333333
11042440,loose_aggressive,street|position|pot_band|lookup,river,BTN/SB,4-16,positive-mass-known-key,,,129,129,128,60,66,3,-1.5271317829457365,157307.78294573643,5.651162790697675,0.13036538334485387,0.2964178824282377,0.5732167342269083
11042440,loose_aggressive,street|position|pot_band|lookup,river,BTN/SB,4-16,zero-mass,,,1,1,1,0,1,0,-8.0,0.0,2.0,0.0,0.3333333333333333,0.6666666666666666
11042440,loose_aggressive,street|position|pot_band|lookup,river,BTN/SB,64+,missing-key,,,19,0,18,7,12,0,-12.578947368421053,,,0.35526315789473684,0.425438596491228,0.21929824561403505
11042440,loose_aggressive,street|position|pot_band|lookup,river,BTN/SB,64+,positive-mass-known-key,,,56,56,52,11,45,0,-40.607142857142854,24815.535714285714,0.875,0.26713982985382284,0.3341586414442383,0.3987015287019388
11042440,loose_aggressive,street|position|pot_band|lookup,river,BTN/SB,64+,zero-mass,,,2,2,2,0,2,0,-90.5,0.0,2.5,0.41666666666666663,0.41666666666666663,0.16666666666666666
11042440,loose_aggressive,street|position|pot_band|lookup,river,BTN/SB,<4,positive-mass-known-key,,,27,27,27,16,9,2,-0.1111111111111111,202538.2962962963,9.851851851851851,0.0,0.4583881277670432,0.541611872232957
11042440,loose_aggressive,street|position|pot_band|lookup,turn,BB,16-64,missing-key,,,5,0,5,1,4,0,-58.0,,,0.17,0.22000000000000003,0.6100000000000001
11042440,loose_aggressive,street|position|pot_band|lookup,turn,BB,16-64,positive-mass-known-key,,,102,102,91,25,75,2,-27.598039215686274,118464.10784313726,9.401960784313726,0.12590070514807275,0.2503965479655137,0.6237027468864136
11042440,loose_aggressive,street|position|pot_band|lookup,turn,BB,16-64,zero-mass,,,2,2,2,0,2,0,-12.5,0.0,2.0,0.0,0.3333333333333333,0.6666666666666666
11042440,loose_aggressive,street|position|pot_band|lookup,turn,BB,4-16,missing-key,,,4,0,4,1,3,0,-71.5,,,0.0625,0.3125,0.625
11042440,loose_aggressive,street|position|pot_band|lookup,turn,BB,4-16,positive-mass-known-key,,,281,281,252,90,187,4,-12.640569395017794,366407.76868327404,38.07473309608541,0.05862698982069386,0.359441314623048,0.581931695556258
11042440,loose_aggressive,street|position|pot_band|lookup,turn,BB,64+,missing-key,,,11,0,10,3,8,0,-38.09090909090909,,,0.3181818181818182,0.4090909090909091,0.2727272727272727
11042440,loose_aggressive,street|position|pot_band|lookup,turn,BB,64+,positive-mass-known-key,,,57,57,54,11,45,1,-49.3859649122807,40517.61403508772,1.8771929824561404,0.15613370679366534,0.29614754522656533,0.5477187479797694
11042440,loose_aggressive,street|position|pot_band|lookup,turn,BB,64+,zero-mass,,,3,3,3,1,2,0,-5.333333333333333,0.0,4.0,0.4166666666666667,0.4166666666666667,0.16666666666666666
11042440,loose_aggressive,street|position|pot_band|lookup,turn,BB,<4,positive-mass-known-key,,,60,60,60,29,31,0,-12.183333333333334,255678.75,53.86666666666667,0.0,0.3591155286338766,0.6408844713661234
11042440,loose_aggressive,street|position|pot_band|lookup,turn,BB,<4,zero-mass,,,1,1,1,1,0,0,2.0,0.0,1.0,0.0,0.3333333333333333,0.6666666666666666
11042440,loose_aggressive,street|position|pot_band|lookup,turn,BTN/SB,16-64,missing-key,,,6,0,6,4,2,0,32.333333333333336,,,0.125,0.27777777777777773,0.5972222222222222
11042440,loose_aggressive,street|position|pot_band|lookup,turn,BTN/SB,16-64,positive-mass-known-key,,,102,102,100,26,74,2,-24.38235294117647,65207.549019607846,4.117647058823529,0.13181635858663865,0.27588054679665264,0.5923030946167085
11042440,loose_aggressive,street|position|pot_band|lookup,turn,BTN/SB,16-64,zero-mass,,,2,2,2,1,1,0,27.5,0.0,1.5,0.125,0.25,0.625
11042440,loose_aggressive,street|position|pot_band|lookup,turn,BTN/SB,4-16,positive-mass-known-key,,,244,244,242,93,150,1,-11.64344262295082,217597.99590163934,15.729508196721312,0.14990197506391084,0.34919960246964543,0.5008984224664442
11042440,loose_aggressive,street|position|pot_band|lookup,turn,BTN/SB,4-16,zero-mass,,,3,3,3,0,3,0,-36.666666666666664,0.0,1.6666666666666667,0.08333333333333333,0.3055555555555555,0.611111111111111
11042440,loose_aggressive,street|position|pot_band|lookup,turn,BTN/SB,64+,missing-key,,,8,0,8,4,4,0,8.0,,,0.375,0.4166666666666667,0.20833333333333331
11042440,loose_aggressive,street|position|pot_band|lookup,turn,BTN/SB,64+,positive-mass-known-key,,,36,36,34,7,29,0,-39.05555555555556,24413.527777777777,1.5,0.3245636231086604,0.3631787546357876,0.3122576222555521
11042440,loose_aggressive,street|position|pot_band|lookup,turn,BTN/SB,64+,zero-mass,,,2,2,2,1,1,0,-2.5,0.0,1.0,0.25,0.41666666666666663,0.3333333333333333
11042440,loose_aggressive,street|position|pot_band|lookup,turn,BTN/SB,<4,missing-key,,,1,0,1,1,0,0,1.0,,,0.0,0.3333333333333333,0.6666666666666666
11042440,loose_aggressive,street|position|pot_band|lookup,turn,BTN/SB,<4,positive-mass-known-key,,,84,84,84,49,31,4,-0.6428571428571429,234394.69047619047,23.86904761904762,0.0,0.4580853738025975,0.5419146261974023
11042440,loose_aggressive,street|visit_band,flop,,,,0,,35,35,31,11,23,1,-14.771428571428572,20376.628571428573,0.0,0.2204761904761905,0.30380952380952386,0.4757142857142857
11042440,loose_aggressive,street|visit_band,flop,,,,1,,26,26,24,11,15,0,-4.846153846153846,36157.96153846154,1.0,0.10094441192681212,0.2825389412607296,0.6165166468124584
11042440,loose_aggressive,street|visit_band,flop,,,,10-99,,661,661,639,330,326,5,-12.338880484114977,533424.810892587,45.96520423600605,0.08560608331005566,0.32966860575863444,0.5847253109313101
11042440,loose_aggressive,street|visit_band,flop,,,,100+,,705,705,691,374,325,6,-7.4822695035460995,2459174.3475177307,295.73475177304965,0.07549766124829863,0.3324536698100952,0.5920486689416036
11042440,loose_aggressive,street|visit_band,flop,,,,2-9,,196,196,182,100,93,3,-1.5765306122448979,91485.76020408163,5.530612244897959,0.0710160971342386,0.31760136812533146,0.61138253474043
11042440,loose_aggressive,street|visit_band,flop,,,,missing,,10,0,6,5,5,0,-13.5,,,0.175,0.3416666666666667,0.4833333333333333
11042440,loose_aggressive,street|visit_band,preflop,,,,0,,48,48,43,11,37,0,-35.666666666666664,49283.395833333336,0.0,0.3572916666666666,0.3572916666666666,0.2854166666666667
11042440,loose_aggressive,street|visit_band,preflop,,,,1,,50,50,47,15,35,0,-26.4,42977.18,1.0,0.27395645429363485,0.33322948712189726,0.3928140585844679
11042440,loose_aggressive,street|visit_band,preflop,,,,10-99,,3006,3006,2744,1487,1504,15,-5.046573519627412,228366.248502994,45.459747172322025,0.2347390320732504,0.27791311485734843,0.48734785306940165
11042440,loose_aggressive,street|visit_band,preflop,,,,2-9,,477,477,423,185,285,7,-18.20125786163522,92409.4318658281,5.360587002096436,0.09543543202334992,0.3158493233795159,0.5887152445971345
11042440,loose_aggressive,street|visit_band,preflop,,,,missing,,5,0,5,0,5,0,-58.0,,,0.41666666666666663,0.41666666666666663,0.16666666666666666
11042440,loose_aggressive,street|visit_band,river,,,,0,,154,154,138,58,93,3,-15.922077922077921,37674.396103896106,0.0,0.1599567099567099,0.3201298701298705,0.5199134199134198
11042440,loose_aggressive,street|visit_band,river,,,,1,,84,84,80,38,45,1,-10.05952380952381,51638.916666666664,1.0,0.0900256158412887,0.2652281330028784,0.6447462511558326
11042440,loose_aggressive,street|visit_band,river,,,,10-99,,170,170,160,43,126,1,-10.147058823529411,257014.98235294118,25.2,0.07655927680662804,0.3423849317146188,0.5810557914787532
11042440,loose_aggressive,street|visit_band,river,,,,2-9,,230,230,205,85,139,6,-21.156521739130437,112378.57391304348,4.573913043478261,0.11387948537176407,0.267140437946076,0.6189800766821602
11042440,loose_aggressive,street|visit_band,river,,,,missing,,42,0,32,18,24,0,-2.261904761904762,,,0.28174603174603174,0.3650793650793651,0.3531746031746031
11042440,loose_aggressive,street|visit_band,turn,,,,0,,129,129,113,39,89,1,-16.635658914728683,32238.79069767442,0.0,0.16511627906976742,0.3085271317829457,0.5263565891472868
11042440,loose_aggressive,street|visit_band,turn,,,,1,,91,91,87,24,66,1,-24.78021978021978,51182.73626373626,1.0,0.142117250184337,0.30167367961360864,0.5562090702020542
11042440,loose_aggressive,street|visit_band,turn,,,,10-99,,436,436,399,157,275,4,-15.759174311926605,319152.1628440367,32.71788990825688,0.0922326038024105,0.3885556681802683,0.5192117280173204
11042440,loose_aggressive,street|visit_band,turn,,,,100+,,49,49,49,10,38,1,-8.89795918367347,878289.1224489796,115.3265306122449,0.0,0.3775167546861819,0.6224832453138178
11042440,loose_aggressive,street|visit_band,turn,,,,2-9,,274,274,249,104,163,7,-18.583941605839417,80307.77372262774,4.868613138686132,0.10118698266669639,0.289080391564256,0.6097326257690477
11042440,loose_aggressive,street|visit_band,turn,,,,missing,,35,0,25,14,21,0,-21.02857142857143,,,0.23857142857142857,0.3480952380952382,0.41333333333333333
11042440,pot_pressure,lookup,,,,missing-key,,,918,0,558,375,537,6,-16.65686274509804,,,0.23520334059549713,0.28422294843863477,0.4805737109658693
11042440,pot_pressure,lookup,,,,positive-mass-known-key,,,3442,3442,2453,2118,1315,9,-2.9864904125508427,413175.5116211505,66.77745496804184,0.2017905471323444,0.29516368613498056,0.5030457667326765
11042440,pot_pressure,lookup,,,,zero-mass,,,8,8,8,3,5,0,-37.5,0.0,2.25,0.3125,0.4375,0.25
11042440,pot_pressure,street,flop,,,,,,874,582,780,600,270,4,-5.7894736842105265,1365952.4209621993,172.02233676975945,0.076273707574019,0.34879890461534885,0.5749273878106322
11042440,pot_pressure,street,preflop,,,,,,2932,2578,2453,1622,1307,3,-4.802012278308322,212466.25640031032,47.30023273855702,0.26809339795697107,0.25945061327862395,0.4724559887644052
11042440,pot_pressure,street,river,,,,,,176,82,146,72,102,2,-14.931818181818182,220959.56097560975,14.146341463414634,0.12291666666666665,0.3799175448237456,0.4971657885095881
11042440,pot_pressure,street,turn,,,,,,386,208,328,202,178,6,-10.629533678756477,294755.33173076925,31.966346153846153,0.10008635578583763,0.3832775795014265,0.5166360647127353
11042440,pot_pressure,street|mass_band,flop,,,,,0,2,2,2,2,0,0,15.0,0.0,2.5,0.0,0.3333333333333333,0.6666666666666666
11042440,pot_pressure,street|mass_band,flop,,,,,100-10k,4,4,4,3,1,0,3.5,4821.5,4.75,0.03895882953385505,0.7283241580625579,0.232717012403587
11042440,pot_pressure,street|mass_band,flop,,,,,10k+,576,576,571,456,117,3,-1.7569444444444444,1380147.609375,173.77256944444446,0.006523238023536734,0.38212432754901243,0.6113524344274499
11042440,pot_pressure,street|mass_band,flop,,,,,missing,292,0,254,139,152,1,-14.013698630136986,,,0.21489726027397274,0.27796803652968055,0.5071347031963469
11042440,pot_pressure,street|mass_band,preflop,,,,,0,4,4,4,1,3,0,-45.5,0.0,2.25,0.5,0.5,0.0
11042440,pot_pressure,street|mass_band,preflop,,,,,100-10k,10,10,10,2,8,0,-40.2,4447.9,7.2,0.3796168527290359,0.3301859008453635,0.2901972464256006
11042440,pot_pressure,street|mass_band,preflop,,,,,10k+,2564,2564,2453,1478,1083,3,-3.1772620904836195,213609.02106084244,47.52691107644306,0.26712311789490883,0.2574326595649259,0.47544422254016394
11042440,pot_pressure,street|mass_band,preflop,,,,,missing,354,0,288,141,213,0,-15.110169491525424,,,0.26935028248587595,0.26935028248587595,0.46129943502824805
11042440,pot_pressure,street|mass_band,river,,,,,100-10k,7,7,7,5,2,0,22.142857142857142,6107.142857142857,1.1428571428571428,0.17857142857142858,0.22619047619047614,0.5952380952380951
11042440,pot_pressure,street|mass_band,river,,,,,10k+,75,75,74,40,34,1,-3.973333333333333,241012.45333333334,15.36,0.0,0.4775398385197225,0.5224601614802774
11042440,pot_pressure,street|mass_band,river,,,,,missing,94,0,74,27,66,1,-26.43617021276596,,,0.21684397163120564,0.31347517730496427,0.4696808510638298
11042440,pot_pressure,street|mass_band,turn,,,,,0,2,2,2,0,2,0,-74.0,0.0,2.0,0.25,0.41666666666666663,0.3333333333333333
11042440,pot_pressure,street|mass_band,turn,,,,,100-10k,7,7,7,5,2,0,1.1428571428571428,5474.285714285715,2.2857142857142856,0.07142857142857142,0.29283844722405217,0.6357329813473763
11042440,pot_pressure,street|mass_band,turn,,,,,10k+,199,199,198,129,68,2,-3.0050251256281406,307893.4120603015,33.311557788944725,0.0010050251256281408,0.45290758738852055,0.5460873874858512
11042440,pot_pressure,street|mass_band,turn,,,,,missing,178,0,145,68,106,4,-18.90449438202247,,,0.21029962546816477,0.3086142322097381,0.4810861423220975
11042440,pot_pressure,street|position|pot_band|lookup,flop,BB,16-64,missing-key,,,27,0,27,12,15,0,-19.962962962962962,,,0.14814814814814817,0.2314814814814815,0.6203703703703703
11042440,pot_pressure,street|position|pot_band|lookup,flop,BB,16-64,positive-mass-known-key,,,2,2,2,0,2,0,-53.0,762778.9999999999,211.0,0.3944007500395766,0.22762141719643922,0.37797783276398417
11042440,pot_pressure,street|position|pot_band|lookup,flop,BB,4-16,missing-key,,,19,0,19,12,6,1,-16.789473684210527,,,0.25,0.25,0.5
11042440,pot_pressure,street|position|pot_band|lookup,flop,BB,4-16,positive-mass-known-key,,,123,123,123,86,36,1,-5.170731707317073,2149032.926829268,227.54471544715446,0.009316867180012579,0.34567586974653497,0.6450072630734528
11042440,pot_pressure,street|position|pot_band|lookup,flop,BB,4-16,zero-mass,,,1,1,1,1,0,0,20.0,0.0,1.0,0.0,0.3333333333333333,0.6666666666666666
11042440,pot_pressure,street|position|pot_band|lookup,flop,BB,64+,missing-key,,,16,0,16,3,13,0,-40.875,,,0.22916666666666666,0.3958333333333333,0.375
11042440,pot_pressure,street|position|pot_band|lookup,flop,BB,64+,positive-mass-known-key,,,6,6,6,0,6,0,-80.16666666666667,175503.16666666666,37.666666666666664,0.3037681563894097,0.45629221701147943,0.2399396265991108
11042440,pot_pressure,street|position|pot_band|lookup,flop,BB,<4,positive-mass-known-key,,,92,92,92,79,12,1,-5.065217391304348,1848208.4456521736,282.3478260869565,0.0,0.2778692194052396,0.7221307805947608
11042440,pot_pressure,street|position|pot_band|lookup,flop,BTN/SB,16-64,missing-key,,,47,0,47,18,29,0,-19.872340425531913,,,0.19148936170212766,0.23758865248226946,0.570921985815603
11042440,pot_pressure,street|position|pot_band|lookup,flop,BTN/SB,16-64,positive-mass-known-key,,,23,23,23,14,9,0,1.434782608695652,359132.39130434784,105.56521739130434,0.0,0.386339617197523,0.6136603828024769
11042440,pot_pressure,street|position|pot_band|lookup,flop,BTN/SB,16-64,zero-mass,,,1,1,1,1,0,0,10.0,0.0,4.0,0.0,0.3333333333333333,0.6666666666666666
11042440,pot_pressure,street|position|pot_band|lookup,flop,BTN/SB,4-16,missing-key,,,155,0,155,84,71,0,-6.890322580645162,,,0.20161290322580644,0.2661290322580645,0.532258064516129
11042440,pot_pressure,street|position|pot_band|lookup,flop,BTN/SB,4-16,positive-mass-known-key,,,58,58,58,44,14,0,2.3620689655172415,962427.8275862068,82.32758620689656,0.0,0.3465217644363606,0.6534782355636394
11042440,pot_pressure,street|position|pot_band|lookup,flop,BTN/SB,64+,missing-key,,,27,0,27,9,18,0,-21.444444444444443,,,0.37345679012345673,0.4104938271604939,0.21604938271604937
11042440,pot_pressure,street|position|pot_band|lookup,flop,BTN/SB,64+,positive-mass-known-key,,,8,8,8,8,0,0,95.5,44385.875,11.75,0.019479414766927525,0.32914893020733293,0.6513716550257395
11042440,pot_pressure,street|position|pot_band|lookup,flop,BTN/SB,<4,missing-key,,,1,0,1,1,0,0,1.0,,,0.0,0.3333333333333333,0.6666666666666666
11042440,pot_pressure,street|position|pot_band|lookup,flop,BTN/SB,<4,positive-mass-known-key,,,268,268,268,228,39,1,-0.9067164179104478,1095535.667910448,142.54850746268656,0.0,0.4482259254679209,0.55177407453208
11042440,pot_pressure,street|position|pot_band|lookup,preflop,BB,16-64,missing-key,,,92,0,92,16,76,0,-30.48913043478261,,,0.2249999999999998,0.2249999999999998,0.5500000000000005
11042440,pot_pressure,street|position|pot_band|lookup,preflop,BB,4-16,positive-mass-known-key,,,211,211,211,44,167,0,-15.549763033175356,220889.57819905214,13.810426540284361,0.34010642862374296,0.21853729476296693,0.44135627661328974
11042440,pot_pressure,street|position|pot_band|lookup,preflop,BB,64+,missing-key,,,18,0,18,2,16,0,-61.111111111111114,,,0.4907407407407407,0.4907407407407407,0.018518518518518517
11042440,pot_pressure,street|position|pot_band|lookup,preflop,BB,64+,positive-mass-known-key,,,9,9,9,1,8,0,-74.0,43865.77777777778,2.2222222222222223,0.2675493422550412,0.5707512120457297,0.16169944569922917
11042440,pot_pressure,street|position|pot_band|lookup,preflop,BB,64+,zero-mass,,,4,4,4,1,3,0,-45.5,0.0,2.25,0.5,0.5,0.0
11042440,pot_pressure,street|position|pot_band|lookup,preflop,BB,<4,positive-mass-known-key,,,199,199,199,163,34,2,-4.793969849246231,222854.86934673367,13.21105527638191,0.0,0.41405353326291466,0.5859464667370852
11042440,pot_pressure,street|position|pot_band|lookup,preflop,BTN/SB,16-64,missing-key,,,34,0,34,17,17,0,-6.5588235294117645,,,0.2102941176470589,0.2102941176470589,0.5794117647058824
11042440,pot_pressure,street|position|pot_band|lookup,preflop,BTN/SB,4-16,missing-key,,,153,0,153,87,66,0,-1.522875816993464,,,0.25,0.25,0.5
11042440,pot_pressure,street|position|pot_band|lookup,preflop,BTN/SB,4-16,positive-mass-known-key,,,99,99,99,35,64,0,-11.494949494949495,94363.72727272728,12.363636363636363,0.13618966915633252,0.27630978712139564,0.5875005437222718
11042440,pot_pressure,street|position|pot_band|lookup,preflop,BTN/SB,64+,missing-key,,,57,0,53,19,38,0,-17.333333333333332,,,0.35818713450292394,0.35818713450292394,0.28362573099415217
11042440,pot_pressure,street|position|pot_band|lookup,preflop,BTN/SB,64+,positive-mass-known-key,,,8,8,8,1,7,0,-75.0,98363.5,6.125,0.0,1.0,0.0
11042440,pot_pressure,street|position|pot_band|lookup,preflop,BTN/SB,<4,positive-mass-known-key,,,2048,2048,2048,1236,811,1,-0.932373046875,217899.6484375,56.19873046875,0.2934798169157494,0.24138659471932966,0.46513358836491914
11042440,pot_pressure,street|position|pot_band|lookup,river,BB,16-64,missing-key,,,7,0,7,2,5,0,-11.571428571428571,,,0.05714285714285715,0.2714285714285714,0.6714285714285714
11042440,pot_pressure,street|position|pot_band|lookup,river,BB,16-64,positive-mass-known-key,,,2,2,2,1,1,0,0.0,8636.0,0.5,0.125,0.125,0.75
11042440,pot_pressure,street|position|pot_band|lookup,river,BB,4-16,missing-key,,,6,0,6,2,4,0,-34.5,,,0.20833333333333334,0.2638888888888889,0.5277777777777778
11042440,pot_pressure,street|position|pot_band|lookup,river,BB,4-16,positive-mass-known-key,,,25,25,25,11,14,0,-3.76,179794.76,17.44,0.0,0.29496030672111356,0.7050396932788867
11042440,pot_pressure,street|position|pot_band|lookup,river,BB,64+,missing-key,,,14,0,12,1,12,1,-56.57142857142857,,,0.26785714285714285,0.38095238095238093,0.3511904761904762
11042440,pot_pressure,street|position|pot_band|lookup,river,BB,64+,positive-mass-known-key,,,2,2,2,0,2,0,-67.5,12229.499999999998,0.5,0.5,0.16666666666666669,0.33333333333333337
11042440,pot_pressure,street|position|pot_band|lookup,river,BB,<4,positive-mass-known-key,,,7,7,7,6,1,0,0.7142857142857143,122046.28571428571,36.0,0.0,0.30097128464760947,0.6990287153523906
11042440,pot_pressure,street|position|pot_band|lookup,river,BTN/SB,16-64,missing-key,,,14,0,14,4,10,0,-22.642857142857142,,,0.17142857142857143,0.26666666666666666,0.5619047619047619
11042440,pot_pressure,street|position|pot_band|lookup,river,BTN/SB,16-64,positive-mass-known-key,,,4,4,4,1,3,0,-6.0,30522.25,3.0,0.0,0.3678014299017231,0.6321985700982768
11042440,pot_pressure,street|position|pot_band|lookup,river,BTN/SB,4-16,missing-key,,,34,0,34,15,19,0,-8.058823529411764,,,0.16911764705882354,0.27696078431372545,0.5539215686274509
11042440,pot_pressure,street|position|pot_band|lookup,river,BTN/SB,4-16,positive-mass-known-key,,,8,8,8,3,5,0,-0.875,218507.0,4.875,0.0,0.6699013676871314,0.33009863231286857
11042440,pot_pressure,street|position|pot_band|lookup,river,BTN/SB,64+,missing-key,,,19,0,19,3,16,0,-42.8421052631579,,,0.35964912280701755,0.3947368421052631,0.2456140350877193
11042440,pot_pressure,street|position|pot_band|lookup,river,BTN/SB,64+,positive-mass-known-key,,,1,1,1,1,0,0,100.0,21716.0,0.0,0.0,0.3333333333333333,0.6666666666666666
11042440,pot_pressure,street|position|pot_band|lookup,river,BTN/SB,<4,positive-mass-known-key,,,33,33,33,22,10,1,0.36363636363636365,328360.57575757575,12.696969696969697,0.0,0.6112403404236605,0.3887596595763396
11042440,pot_pressure,street|position|pot_band|lookup,turn,BB,16-64,missing-key,,,22,0,21,6,13,3,-29.227272727272727,,,0.13863636363636364,0.25606060606060604,0.6053030303030303
11042440,pot_pressure,street|position|pot_band|lookup,turn,BB,16-64,positive-mass-known-key,,,3,3,3,0,3,0,-67.33333333333333,73902.66666666667,24.0,0.06666666666666667,0.3868407126142903,0.546492620719043
11042440,pot_pressure,street|position|pot_band|lookup,turn,BB,16-64,zero-mass,,,1,1,1,0,1,0,-100.0,0.0,1.0,0.0,0.3333333333333333,0.6666666666666666
11042440,pot_pressure,street|position|pot_band|lookup,turn,BB,4-16,missing-key,,,12,0,12,4,7,1,-16.833333333333332,,,0.1875,0.2708333333333333,0.5416666666666666
11042440,pot_pressure,street|position|pot_band|lookup,turn,BB,4-16,positive-mass-known-key,,,58,58,58,34,24,0,-4.241379310344827,440542.775862069,49.0,0.0,0.37320192781693096,0.6267980721830688
11042440,pot_pressure,street|position|pot_band|lookup,turn,BB,64+,missing-key,,,17,0,15,3,14,0,-50.411764705882355,,,0.27941176470588236,0.3970588235294117,0.32352941176470595
11042440,pot_pressure,street|position|pot_band|lookup,turn,BB,64+,positive-mass-known-key,,,3,3,3,0,3,0,-95.0,18384.0,3.6666666666666665,0.0,0.04311656747266218,0.9568834325273379
11042440,pot_pressure,street|position|pot_band|lookup,turn,BB,64+,zero-mass,,,1,1,1,0,1,0,-48.0,0.0,3.0,0.5,0.5,0.0
11042440,pot_pressure,street|position|pot_band|lookup,turn,BB,<4,positive-mass-known-key,,,18,18,18,16,1,1,1.1111111111111112,231808.38888888888,55.77777777777778,0.0,0.3925804094634764,0.6074195905365235
11042440,pot_pressure,street|position|pot_band|lookup,turn,BTN/SB,16-64,missing-key,,,50,0,50,17,33,0,-9.3,,,0.19099999999999998,0.256,0.5530000000000002
11042440,pot_pressure,street|position|pot_band|lookup,turn,BTN/SB,16-64,positive-mass-known-key,,,8,8,8,3,5,0,-2.75,77745.75,12.375,0.0,0.3216513208654394,0.6783486791345608
11042440,pot_pressure,street|position|pot_band|lookup,turn,BTN/SB,4-16,missing-key,,,53,0,53,34,19,0,-2.7547169811320753,,,0.14150943396226415,0.2861635220125787,0.5723270440251574
11042440,pot_pressure,street|position|pot_band|lookup,turn,BTN/SB,4-16,positive-mass-known-key,,,22,22,22,11,11,0,-3.272727272727273,255809.5909090909,11.5,0.0,0.5452216380514736,0.45477836194852644
11042440,pot_pressure,street|position|pot_band|lookup,turn,BTN/SB,64+,missing-key,,,23,0,23,3,20,0,-45.78260869565217,,,0.4492753623188405,0.4782608695652174,0.07246376811594202
11042440,pot_pressure,street|position|pot_band|lookup,turn,BTN/SB,64+,positive-mass-known-key,,,3,3,3,3,0,0,98.66666666666667,17306.333333333332,2.3333333333333335,0.16666666666666666,0.27777777777777773,0.5555555555555555
11042440,pot_pressure,street|position|pot_band|lookup,turn,BTN/SB,<4,missing-key,,,1,0,1,1,0,0,1.0,,,0.0,0.3333333333333333,0.6666666666666666
11042440,pot_pressure,street|position|pot_band|lookup,turn,BTN/SB,<4,positive-mass-known-key,,,91,91,91,67,23,1,-0.8681318681318682,274796.93406593404,25.9010989010989,0.0,0.5140112973572448,0.4859887026427551
11042440,pot_pressure,street|visit_band,flop,,,,0,,2,2,2,1,1,0,-1.5,15880.0,0.0,0.0,0.3333333333333333,0.6666666666666666
11042440,pot_pressure,street|visit_band,flop,,,,1,,5,5,5,4,1,0,-2.0,15748.8,1.0,0.0,0.30335200428486,0.6966479957151399
11042440,pot_pressure,street|visit_band,flop,,,,10-99,,228,228,227,181,46,1,-1.881578947368421,504335.7061403509,50.45175438596491,0.017163247454792016,0.4324176296633979,0.5504191228818102
11042440,pot_pressure,street|visit_band,flop,,,,100+,,287,287,287,220,65,2,-3.5365853658536586,2350165.3344947733,307.49477351916374,0.0,0.35917647072470266,0.6408235292752976
11042440,pot_pressure,street|visit_band,flop,,,,2-9,,60,60,60,55,5,0,8.15,89796.88333333333,5.966666666666667,0.0,0.3304213769635376,0.6695786230364625
11042440,pot_pressure,street|visit_band,flop,,,,missing,,292,0,254,139,152,1,-14.013698630136986,,,0.21489726027397274,0.27796803652968055,0.5071347031963469
11042440,pot_pressure,street|visit_band,preflop,,,,0,,1,1,1,0,1,0,-12.0,71502.0,0.0,0.25,0.25,0.5
11042440,pot_pressure,street|visit_band,preflop,,,,1,,8,8,8,5,3,0,4.375,66496.5,1.0,0.25593194197656777,0.36910247349448505,0.37496558452894724
11042440,pot_pressure,street|visit_band,preflop,,,,10-99,,2408,2408,2341,1404,1001,3,-2.1762873754152823,221308.25705980067,50.27408637873754,0.2772133482695014,0.2521881207130875,0.4705985310174091
11042440,pot_pressure,street|visit_band,preflop,,,,2-9,,161,161,160,72,89,0,-21.819875776397517,88349.39130434782,5.416149068322981,0.1296437555345644,0.3409154265084088,0.529440817957027
11042440,pot_pressure,street|visit_band,preflop,,,,missing,,354,0,288,141,213,0,-15.110169491525424,,,0.26935028248587595,0.26935028248587595,0.46129943502824805
11042440,pot_pressure,street|visit_band,river,,,,0,,6,6,6,4,2,0,34.0,18985.0,0.0,0.041666666666666664,0.3194444444444444,0.6388888888888888
11042440,pot_pressure,street|visit_band,river,,,,1,,5,5,5,2,3,0,-30.8,15021.0,1.0,0.2,0.14290107144573103,0.657098928554269
11042440,pot_pressure,street|visit_band,river,,,,10-99,,52,52,52,26,25,1,-2.3076923076923075,301351.82692307694,20.384615384615383,0.0,0.5387543952435274,0.46124560475647247
11042440,pot_pressure,street|visit_band,river,,,,2-9,,19,19,19,13,6,0,-3.8421052631578947,118914.42105263157,5.0,0.0,0.35539056030282956,0.6446094396971705
11042440,pot_pressure,street|visit_band,river,,,,missing,,94,0,74,27,66,1,-26.43617021276596,,,0.21684397163120564,0.31347517730496427,0.4696808510638298
11042440,pot_pressure,street|visit_band,turn,,,,0,,4,4,4,2,2,0,45.5,15115.0,0.0,0.175,0.3416666666666666,0.4833333333333333
11042440,pot_pressure,street|visit_band,turn,,,,1,,8,8,8,7,1,0,1.875,40645.5,1.0,0.0,0.2450279796913002,0.7549720203086999
11042440,pot_pressure,street|visit_band,turn,,,,10-99,,121,121,121,72,47,2,-5.619834710743802,341214.03305785125,35.099173553719005,0.0,0.533755697671409,0.46624430232859104
11042440,pot_pressure,street|visit_band,turn,,,,100+,,18,18,18,11,7,0,-6.555555555555555,858288.3333333334,114.83333333333333,0.0,0.37186156005277304,0.6281384399472268
11042440,pot_pressure,street|visit_band,turn,,,,2-9,,57,57,57,42,15,0,-2.4035087719298245,73463.1052631579,5.7368421052631575,0.008771929824561403,0.32292937457596266,0.6682986955994759
11042440,pot_pressure,street|visit_band,turn,,,,missing,,178,0,145,68,106,4,-18.90449438202247,,,0.21029962546816477,0.3086142322097381,0.4810861423220975
