benchmarkId,handId,handOrdinal,decisionOrdinal,street,browserDecisionOrdinal,attemptCount,attemptRecords,humanVisibleCards,visibleBoard,restrictedMenu,legalButtonLabels,attemptedButtonLabel,acceptedKind,acceptedRaiseTo,attemptedAtMs,attemptMatchesAccepted,reportedMenuContainsAttempt,observationRecorded,observedAtMs,lastRenderedAtMs,observedDecisionMs,uiConfirmationMs,visibleError,toolRetry,parentIntervention
PlMiosUXOX3jddmqtCqgK3g7,cAD2jBvzm65BpcBvwN9g_I5D,1,1,preflop,2,1,"[{""type"": ""luna_attempt"", ""handOrdinal"": 1, ""decisionOrdinal"": 2, ""street"": ""pre-flop"", ""legalButtonLabels"": [""Fold"", ""Call 0.50 BB"", ""Min · 2 BB"", ""Pot · 3 BB""], ""attemptedButtonLabel"": ""Call 0.50 BB"", ""attemptedAtMs"": 1790770715926, ""lastRenderedAtMs"": 1790770707671}]","[""Tc"", ""3c""]",[],"[{""name"": ""fold"", ""kind"": ""fold"", ""raiseTo"": null}, {""name"": ""call"", ""kind"": ""call"", ""raiseTo"": null}, {""name"": ""min"", ""kind"": ""raise"", ""raiseTo"": 200}, {""name"": ""pot"", ""kind"": ""raise"", ""raiseTo"": 300}]","[""Fold"", ""Call 0.50 BB"", ""Min · 2 BB"", ""Pot · 3 BB""]",Call 0.50 BB,call,,1790770715926,True,True,True,1790770716241,1790770707671,8255,315,,False,False
PlMiosUXOX3jddmqtCqgK3g7,cAD2jBvzm65BpcBvwN9g_I5D,1,2,flop,3,1,"[{""type"": ""luna_attempt"", ""handOrdinal"": 1, ""decisionOrdinal"": 3, ""street"": ""flop"", ""legalButtonLabels"": [""check"", ""Min · 1 BB"", ""Pot · 2 BB""], ""attemptedButtonLabel"": ""check"", ""attemptedAtMs"": 1790770721402, ""lastRenderedAtMs"": 1790770716375}]","[""Tc"", ""3c""]","[""5c"", ""Ac"", ""2s""]","[{""name"": ""check"", ""kind"": ""check"", ""raiseTo"": null}, {""name"": ""min"", ""kind"": ""raise"", ""raiseTo"": 100}, {""name"": ""pot"", ""kind"": ""raise"", ""raiseTo"": 200}]","[""check"", ""Min · 1 BB"", ""Pot · 2 BB""]",check,check,,1790770721402,True,True,True,1790770721620,1790770716375,5027,218,,False,False
PlMiosUXOX3jddmqtCqgK3g7,cAD2jBvzm65BpcBvwN9g_I5D,1,3,turn,4,1,"[{""type"": ""luna_attempt"", ""handOrdinal"": 1, ""decisionOrdinal"": 4, ""street"": ""turn"", ""legalButtonLabels"": [""check"", ""Min · 1 BB"", ""Pot · 2 BB""], ""attemptedButtonLabel"": ""check"", ""attemptedAtMs"": 1790770731760, ""lastRenderedAtMs"": 1790770721734}]","[""Tc"", ""3c""]","[""5c"", ""Ac"", ""2s"", ""6h""]","[{""name"": ""check"", ""kind"": ""check"", ""raiseTo"": null}, {""name"": ""min"", ""kind"": ""raise"", ""raiseTo"": 100}, {""name"": ""pot"", ""kind"": ""raise"", ""raiseTo"": 200}]","[""check"", ""Min · 1 BB"", ""Pot · 2 BB""]",check,check,,1790770731760,True,True,True,1790770731996,1790770721734,10026,236,,False,False
PlMiosUXOX3jddmqtCqgK3g7,cAD2jBvzm65BpcBvwN9g_I5D,1,4,river,5,1,"[{""type"": ""luna_attempt"", ""handOrdinal"": 1, ""decisionOrdinal"": 5, ""street"": ""river"", ""legalButtonLabels"": [""Fold"", ""Call 1 BB"", ""Min · 2 BB"", ""Pot · 5 BB""], ""attemptedButtonLabel"": ""Call 1 BB"", ""attemptedAtMs"": 1790770739813, ""lastRenderedAtMs"": 1790770732062}]","[""Tc"", ""3c""]","[""5c"", ""Ac"", ""2s"", ""6h"", ""8c""]","[{""name"": ""fold"", ""kind"": ""fold"", ""raiseTo"": null}, {""name"": ""call"", ""kind"": ""call"", ""raiseTo"": null}, {""name"": ""min"", ""kind"": ""raise"", ""raiseTo"": 200}, {""name"": ""pot"", ""kind"": ""raise"", ""raiseTo"": 500}]","[""Fold"", ""Call 1 BB"", ""Min · 2 BB"", ""Pot · 5 BB""]",Call 1 BB,call,,1790770739813,True,True,True,1790770740170,1790770732062,7751,357,,False,False
PlMiosUXOX3jddmqtCqgK3g7,dJVYn58Cn-KxB5zkhXTJ3rjH,2,1,preflop,2,1,"[{""type"": ""luna_attempt"", ""handOrdinal"": 2, ""decisionOrdinal"": 2, ""street"": ""pre-flop"", ""legalButtonLabels"": [""Fold"", ""Call 1 BB"", ""Min · 3 BB"", ""Pot · 6 BB""], ""attemptedButtonLabel"": ""Fold"", ""attemptedAtMs"": 1790770753200, ""lastRenderedAtMs"": 1790770747637}]","[""2s"", ""3s""]",[],"[{""name"": ""fold"", ""kind"": ""fold"", ""raiseTo"": null}, {""name"": ""call"", ""kind"": ""call"", ""raiseTo"": null}, {""name"": ""min"", ""kind"": ""raise"", ""raiseTo"": 300}, {""name"": ""pot"", ""kind"": ""raise"", ""raiseTo"": 600}]","[""Fold"", ""Call 1 BB"", ""Min · 3 BB"", ""Pot · 6 BB""]",Fold,fold,,1790770753200,True,True,True,1790770753465,1790770747637,5563,265,,False,False
PlMiosUXOX3jddmqtCqgK3g7,i_7Z7eeSNCl-NrRfF1Fv_0WU,3,1,preflop,2,1,"[{""type"": ""luna_attempt"", ""handOrdinal"": 3, ""decisionOrdinal"": 2, ""street"": ""pre-flop"", ""legalButtonLabels"": [""Fold"", ""Call 0.50 BB"", ""Min · 2 BB"", ""Pot · 3 BB""], ""attemptedButtonLabel"": ""Call 0.50 BB"", ""attemptedAtMs"": 1790770763622, ""lastRenderedAtMs"": 1790770758172}]","[""5d"", ""8d""]",[],"[{""name"": ""fold"", ""kind"": ""fold"", ""raiseTo"": null}, {""name"": ""call"", ""kind"": ""call"", ""raiseTo"": null}, {""name"": ""min"", ""kind"": ""raise"", ""raiseTo"": 200}, {""name"": ""pot"", ""kind"": ""raise"", ""raiseTo"": 300}]","[""Fold"", ""Call 0.50 BB"", ""Min · 2 BB"", ""Pot · 3 BB""]",Call 0.50 BB,call,,1790770763622,True,True,True,1790770763877,1790770758172,5450,255,,False,False
PlMiosUXOX3jddmqtCqgK3g7,i_7Z7eeSNCl-NrRfF1Fv_0WU,3,2,preflop,3,1,"[{""type"": ""luna_attempt"", ""handOrdinal"": 3, ""decisionOrdinal"": 3, ""street"": ""pre-flop"", ""legalButtonLabels"": [""Fold"", ""Call 1 BB"", ""Min · 3 BB"", ""Pot · 6 BB""], ""attemptedButtonLabel"": ""Fold"", ""attemptedAtMs"": 1790770769665, ""lastRenderedAtMs"": 1790770763935}]","[""5d"", ""8d""]",[],"[{""name"": ""fold"", ""kind"": ""fold"", ""raiseTo"": null}, {""name"": ""call"", ""kind"": ""call"", ""raiseTo"": null}, {""name"": ""min"", ""kind"": ""raise"", ""raiseTo"": 300}, {""name"": ""pot"", ""kind"": ""raise"", ""raiseTo"": 600}]","[""Fold"", ""Call 1 BB"", ""Min · 3 BB"", ""Pot · 6 BB""]",Fold,fold,,1790770769665,True,True,True,1790770769997,1790770763935,5730,332,,False,False
PlMiosUXOX3jddmqtCqgK3g7,i63DQpwcX-Z3ijBpwXRLTyrl,4,1,preflop,2,1,"[{""type"": ""luna_attempt"", ""handOrdinal"": 4, ""decisionOrdinal"": 2, ""street"": ""pre-flop"", ""legalButtonLabels"": [""Fold"", ""Call 1 BB"", ""Min · 3 BB"", ""Pot · 6 BB""], ""attemptedButtonLabel"": ""Call 1 BB"", ""attemptedAtMs"": 1790770781214, ""lastRenderedAtMs"": 1790770776389}]","[""2s"", ""Kd""]",[],"[{""name"": ""fold"", ""kind"": ""fold"", ""raiseTo"": null}, {""name"": ""call"", ""kind"": ""call"", ""raiseTo"": null}, {""name"": ""min"", ""kind"": ""raise"", ""raiseTo"": 300}, {""name"": ""pot"", ""kind"": ""raise"", ""raiseTo"": 600}]","[""Fold"", ""Call 1 BB"", ""Min · 3 BB"", ""Pot · 6 BB""]",Call 1 BB,call,,1790770781214,True,True,True,1790770781600,1790770776389,4825,386,,False,False
PlMiosUXOX3jddmqtCqgK3g7,i63DQpwcX-Z3ijBpwXRLTyrl,4,2,flop,3,1,"[{""type"": ""luna_attempt"", ""handOrdinal"": 4, ""decisionOrdinal"": 3, ""street"": ""flop"", ""legalButtonLabels"": [""check"", ""Min · 1 BB"", ""Pot · 4 BB""], ""attemptedButtonLabel"": ""check"", ""attemptedAtMs"": 1790770792783, ""lastRenderedAtMs"": 1790770781647}]","[""2s"", ""Kd""]","[""Ah"", ""Qh"", ""4s""]","[{""name"": ""check"", ""kind"": ""check"", ""raiseTo"": null}, {""name"": ""min"", ""kind"": ""raise"", ""raiseTo"": 100}, {""name"": ""pot"", ""kind"": ""raise"", ""raiseTo"": 400}]","[""check"", ""Min · 1 BB"", ""Pot · 4 BB""]",check,check,,1790770792783,True,True,True,1790770793056,1790770781647,11136,273,,False,False
PlMiosUXOX3jddmqtCqgK3g7,i63DQpwcX-Z3ijBpwXRLTyrl,4,3,turn,4,1,"[{""type"": ""luna_attempt"", ""handOrdinal"": 4, ""decisionOrdinal"": 4, ""street"": ""turn"", ""legalButtonLabels"": [""check"", ""Min · 1 BB"", ""Pot · 4 BB""], ""attemptedButtonLabel"": ""check"", ""attemptedAtMs"": 1790770798621, ""lastRenderedAtMs"": 1790770793133}]","[""2s"", ""Kd""]","[""Ah"", ""Qh"", ""4s"", ""Js""]","[{""name"": ""check"", ""kind"": ""check"", ""raiseTo"": null}, {""name"": ""min"", ""kind"": ""raise"", ""raiseTo"": 100}, {""name"": ""pot"", ""kind"": ""raise"", ""raiseTo"": 400}]","[""check"", ""Min · 1 BB"", ""Pot · 4 BB""]",check,check,,1790770798621,True,True,True,1790770798920,1790770793133,5488,299,,False,False
PlMiosUXOX3jddmqtCqgK3g7,i63DQpwcX-Z3ijBpwXRLTyrl,4,4,turn,5,1,"[{""type"": ""luna_attempt"", ""handOrdinal"": 4, ""decisionOrdinal"": 5, ""street"": ""turn"", ""legalButtonLabels"": [""Fold"", ""Call 1 BB"", ""Min · 2 BB"", ""Pot · 7 BB""], ""attemptedButtonLabel"": ""Fold"", ""attemptedAtMs"": 1790770805474, ""lastRenderedAtMs"": 1790770799001}]","[""2s"", ""Kd""]","[""Ah"", ""Qh"", ""4s"", ""Js""]","[{""name"": ""fold"", ""kind"": ""fold"", ""raiseTo"": null}, {""name"": ""call"", ""kind"": ""call"", ""raiseTo"": null}, {""name"": ""min"", ""kind"": ""raise"", ""raiseTo"": 200}, {""name"": ""pot"", ""kind"": ""raise"", ""raiseTo"": 700}]","[""Fold"", ""Call 1 BB"", ""Min · 2 BB"", ""Pot · 7 BB""]",Fold,fold,,1790770805474,True,True,True,1790770805759,1790770799001,6473,285,,False,False
PlMiosUXOX3jddmqtCqgK3g7,QERzycWu4b9NR8rqxA2uSf7V,5,1,preflop,2,1,"[{""type"": ""luna_attempt"", ""handOrdinal"": 5, ""decisionOrdinal"": 2, ""street"": ""pre-flop"", ""legalButtonLabels"": [""Fold"", ""Call 0.50 BB"", ""Min · 2 BB"", ""Pot · 3 BB""], ""attemptedButtonLabel"": ""Min · 2 BB"", ""attemptedAtMs"": 1790770817237, ""lastRenderedAtMs"": 1790770811746}]","[""Ah"", ""3c""]",[],"[{""name"": ""fold"", ""kind"": ""fold"", ""raiseTo"": null}, {""name"": ""call"", ""kind"": ""call"", ""raiseTo"": null}, {""name"": ""min"", ""kind"": ""raise"", ""raiseTo"": 200}, {""name"": ""pot"", ""kind"": ""raise"", ""raiseTo"": 300}]","[""Fold"", ""Call 0.50 BB"", ""Min · 2 BB"", ""Pot · 3 BB""]",Min · 2 BB,raise,200,1790770817237,True,True,True,1790770817557,1790770811746,5491,320,,False,False
PlMiosUXOX3jddmqtCqgK3g7,QERzycWu4b9NR8rqxA2uSf7V,5,2,flop,3,1,"[{""type"": ""luna_attempt"", ""handOrdinal"": 5, ""decisionOrdinal"": 3, ""street"": ""flop"", ""legalButtonLabels"": [""check"", ""Min · 1 BB"", ""Pot · 4 BB""], ""attemptedButtonLabel"": ""Min · 1 BB"", ""attemptedAtMs"": 1790770822807, ""lastRenderedAtMs"": 1790770817632}]","[""Ah"", ""3c""]","[""Ac"", ""9d"", ""Ts""]","[{""name"": ""check"", ""kind"": ""check"", ""raiseTo"": null}, {""name"": ""min"", ""kind"": ""raise"", ""raiseTo"": 100}, {""name"": ""pot"", ""kind"": ""raise"", ""raiseTo"": 400}]","[""check"", ""Min · 1 BB"", ""Pot · 4 BB""]",Min · 1 BB,raise,100,1790770822807,True,True,True,1790770823075,1790770817632,5175,268,,False,False
PlMiosUXOX3jddmqtCqgK3g7,QERzycWu4b9NR8rqxA2uSf7V,5,3,turn,4,1,"[{""type"": ""luna_attempt"", ""handOrdinal"": 5, ""decisionOrdinal"": 4, ""street"": ""turn"", ""legalButtonLabels"": [""check"", ""Min · 1 BB"", ""Pot · 6 BB""], ""attemptedButtonLabel"": ""check"", ""attemptedAtMs"": 1790770829103, ""lastRenderedAtMs"": 1790770823204}]","[""Ah"", ""3c""]","[""Ac"", ""9d"", ""Ts"", ""4c""]","[{""name"": ""check"", ""kind"": ""check"", ""raiseTo"": null}, {""name"": ""min"", ""kind"": ""raise"", ""raiseTo"": 100}, {""name"": ""pot"", ""kind"": ""raise"", ""raiseTo"": 600}]","[""check"", ""Min · 1 BB"", ""Pot · 6 BB""]",check,check,,1790770829103,True,True,True,1790770829421,1790770823204,5899,318,,False,False
PlMiosUXOX3jddmqtCqgK3g7,QERzycWu4b9NR8rqxA2uSf7V,5,4,river,5,1,"[{""type"": ""luna_attempt"", ""handOrdinal"": 5, ""decisionOrdinal"": 5, ""street"": ""river"", ""legalButtonLabels"": [""Fold"", ""Call 1 BB"", ""Min · 2 BB"", ""Pot · 9 BB"", ""Jam · 17 BB""], ""attemptedButtonLabel"": ""Call 1 BB"", ""attemptedAtMs"": 1790770835091, ""lastRenderedAtMs"": 1790770829480}]","[""Ah"", ""3c""]","[""Ac"", ""9d"", ""Ts"", ""4c"", ""Ad""]","[{""name"": ""fold"", ""kind"": ""fold"", ""raiseTo"": null}, {""name"": ""call"", ""kind"": ""call"", ""raiseTo"": null}, {""name"": ""min"", ""kind"": ""raise"", ""raiseTo"": 200}, {""name"": ""pot"", ""kind"": ""raise"", ""raiseTo"": 900}, {""name"": ""jam"", ""kind"": ""raise"", ""raiseTo"": 1700}]","[""Fold"", ""Call 1 BB"", ""Min · 2 BB"", ""Pot · 9 BB"", ""Jam · 17 BB""]",Call 1 BB,call,,1790770835091,True,True,True,1790770835411,1790770829480,5611,320,,False,False
PlMiosUXOX3jddmqtCqgK3g7,cqfj8Q9dD6vU_OTUzJlSBX06,6,1,preflop,2,1,"[{""type"": ""luna_attempt"", ""handOrdinal"": 6, ""decisionOrdinal"": 2, ""street"": ""pre-flop"", ""legalButtonLabels"": [""Fold"", ""Call 2 BB"", ""Min · 5 BB"", ""Pot · 9 BB""], ""attemptedButtonLabel"": ""Call 2 BB"", ""attemptedAtMs"": 1790770847089, ""lastRenderedAtMs"": 1790770842145}]","[""6c"", ""Ad""]",[],"[{""name"": ""fold"", ""kind"": ""fold"", ""raiseTo"": null}, {""name"": ""call"", ""kind"": ""call"", ""raiseTo"": null}, {""name"": ""min"", ""kind"": ""raise"", ""raiseTo"": 500}, {""name"": ""pot"", ""kind"": ""raise"", ""raiseTo"": 900}]","[""Fold"", ""Call 2 BB"", ""Min · 5 BB"", ""Pot · 9 BB""]",Call 2 BB,call,,1790770847089,True,True,True,1790770847429,1790770842145,4944,340,,False,False
PlMiosUXOX3jddmqtCqgK3g7,cqfj8Q9dD6vU_OTUzJlSBX06,6,2,flop,3,1,"[{""type"": ""luna_attempt"", ""handOrdinal"": 6, ""decisionOrdinal"": 3, ""street"": ""flop"", ""legalButtonLabels"": [""check"", ""Min · 1 BB"", ""Pot · 6 BB""], ""attemptedButtonLabel"": ""check"", ""attemptedAtMs"": 1790770852144, ""lastRenderedAtMs"": 1790770847505}]","[""6c"", ""Ad""]","[""Qh"", ""Js"", ""4h""]","[{""name"": ""check"", ""kind"": ""check"", ""raiseTo"": null}, {""name"": ""min"", ""kind"": ""raise"", ""raiseTo"": 100}, {""name"": ""pot"", ""kind"": ""raise"", ""raiseTo"": 600}]","[""check"", ""Min · 1 BB"", ""Pot · 6 BB""]",check,check,,1790770852144,True,True,True,1790770852507,1790770847505,4639,363,,False,False
PlMiosUXOX3jddmqtCqgK3g7,cqfj8Q9dD6vU_OTUzJlSBX06,6,3,flop,4,1,"[{""type"": ""luna_attempt"", ""handOrdinal"": 6, ""decisionOrdinal"": 4, ""street"": ""flop"", ""legalButtonLabels"": [""Fold"", ""Call 1 BB"", ""Min · 2 BB"", ""Pot · 9 BB"", ""Jam · 17 BB""], ""attemptedButtonLabel"": ""Call 1 BB"", ""attemptedAtMs"": 1790770861018, ""lastRenderedAtMs"": 1790770853012}]","[""6c"", ""Ad""]","[""Qh"", ""Js"", ""4h""]","[{""name"": ""fold"", ""kind"": ""fold"", ""raiseTo"": null}, {""name"": ""call"", ""kind"": ""call"", ""raiseTo"": null}, {""name"": ""min"", ""kind"": ""raise"", ""raiseTo"": 200}, {""name"": ""pot"", ""kind"": ""raise"", ""raiseTo"": 900}, {""name"": ""jam"", ""kind"": ""raise"", ""raiseTo"": 1700}]","[""Fold"", ""Call 1 BB"", ""Min · 2 BB"", ""Pot · 9 BB"", ""Jam · 17 BB""]",Call 1 BB,call,,1790770861018,True,True,True,1790770861327,1790770853012,8006,309,,False,False
PlMiosUXOX3jddmqtCqgK3g7,cqfj8Q9dD6vU_OTUzJlSBX06,6,4,turn,5,1,"[{""type"": ""luna_attempt"", ""handOrdinal"": 6, ""decisionOrdinal"": 5, ""street"": ""turn"", ""legalButtonLabels"": [""check"", ""Min · 1 BB"", ""Pot · 8 BB"", ""Jam · 16 BB""], ""attemptedButtonLabel"": ""check"", ""attemptedAtMs"": 1790770870543, ""lastRenderedAtMs"": 1790770861384}]","[""6c"", ""Ad""]","[""Qh"", ""Js"", ""4h"", ""9c""]","[{""name"": ""check"", ""kind"": ""check"", ""raiseTo"": null}, {""name"": ""min"", ""kind"": ""raise"", ""raiseTo"": 100}, {""name"": ""pot"", ""kind"": ""raise"", ""raiseTo"": 800}, {""name"": ""jam"", ""kind"": ""raise"", ""raiseTo"": 1600}]","[""check"", ""Min · 1 BB"", ""Pot · 8 BB"", ""Jam · 16 BB""]",check,check,,1790770870543,True,True,True,1790770870845,1790770861384,9159,302,,False,False
PlMiosUXOX3jddmqtCqgK3g7,cqfj8Q9dD6vU_OTUzJlSBX06,6,5,river,6,1,"[{""type"": ""luna_attempt"", ""handOrdinal"": 6, ""decisionOrdinal"": 6, ""street"": ""river"", ""legalButtonLabels"": [""check"", ""Min · 1 BB"", ""Pot · 8 BB"", ""Jam · 16 BB""], ""attemptedButtonLabel"": ""check"", ""attemptedAtMs"": 1790770879367, ""lastRenderedAtMs"": 1790770870891}]","[""6c"", ""Ad""]","[""Qh"", ""Js"", ""4h"", ""9c"", ""As""]","[{""name"": ""check"", ""kind"": ""check"", ""raiseTo"": null}, {""name"": ""min"", ""kind"": ""raise"", ""raiseTo"": 100}, {""name"": ""pot"", ""kind"": ""raise"", ""raiseTo"": 800}, {""name"": ""jam"", ""kind"": ""raise"", ""raiseTo"": 1600}]","[""check"", ""Min · 1 BB"", ""Pot · 8 BB"", ""Jam · 16 BB""]",check,check,,1790770879367,True,True,True,1790770879728,1790770870891,8476,361,,False,False
PlMiosUXOX3jddmqtCqgK3g7,cqfj8Q9dD6vU_OTUzJlSBX06,6,6,river,7,1,"[{""type"": ""luna_attempt"", ""handOrdinal"": 6, ""decisionOrdinal"": 7, ""street"": ""river"", ""legalButtonLabels"": [""Fold"", ""Call 8 BB"", ""Min · 16 BB""], ""attemptedButtonLabel"": ""Fold"", ""attemptedAtMs"": 1790770889916, ""lastRenderedAtMs"": 1790770879799}]","[""6c"", ""Ad""]","[""Qh"", ""Js"", ""4h"", ""9c"", ""As""]","[{""name"": ""fold"", ""kind"": ""fold"", ""raiseTo"": null}, {""name"": ""call"", ""kind"": ""call"", ""raiseTo"": null}, {""name"": ""min"", ""kind"": ""raise"", ""raiseTo"": 1600}]","[""Fold"", ""Call 8 BB"", ""Min · 16 BB""]",Fold,fold,,1790770889916,True,True,True,1790770890148,1790770879799,10117,232,,False,False
PlMiosUXOX3jddmqtCqgK3g7,yp7ngJ0i3BE3FBzMgLTIJbsN,7,1,preflop,2,1,"[{""type"": ""luna_attempt"", ""handOrdinal"": 7, ""decisionOrdinal"": 2, ""street"": ""pre-flop"", ""legalButtonLabels"": [""Fold"", ""Call 0.50 BB"", ""Min · 2 BB"", ""Pot · 3 BB""], ""attemptedButtonLabel"": ""Fold"", ""attemptedAtMs"": 1790770906177, ""lastRenderedAtMs"": 1790770898818}]","[""8d"", ""2c""]",[],"[{""name"": ""fold"", ""kind"": ""fold"", ""raiseTo"": null}, {""name"": ""call"", ""kind"": ""call"", ""raiseTo"": null}, {""name"": ""min"", ""kind"": ""raise"", ""raiseTo"": 200}, {""name"": ""pot"", ""kind"": ""raise"", ""raiseTo"": 300}]","[""Fold"", ""Call 0.50 BB"", ""Min · 2 BB"", ""Pot · 3 BB""]",Fold,fold,,1790770906177,True,True,True,1790770906522,1790770898818,7359,345,,False,False
PlMiosUXOX3jddmqtCqgK3g7,XUzSn5Bb9rLNnt83Q1ULq9uF,8,1,preflop,2,1,"[{""type"": ""luna_attempt"", ""handOrdinal"": 8, ""decisionOrdinal"": 2, ""street"": ""pre-flop"", ""legalButtonLabels"": [""Fold"", ""Call 2 BB"", ""Min · 5 BB"", ""Pot · 9 BB""], ""attemptedButtonLabel"": ""Call 2 BB"", ""attemptedAtMs"": 1790770918940, ""lastRenderedAtMs"": 1790770914105}]","[""Kc"", ""4c""]",[],"[{""name"": ""fold"", ""kind"": ""fold"", ""raiseTo"": null}, {""name"": ""call"", ""kind"": ""call"", ""raiseTo"": null}, {""name"": ""min"", ""kind"": ""raise"", ""raiseTo"": 500}, {""name"": ""pot"", ""kind"": ""raise"", ""raiseTo"": 900}]","[""Fold"", ""Call 2 BB"", ""Min · 5 BB"", ""Pot · 9 BB""]",Call 2 BB,call,,1790770918940,True,True,True,1790770919237,1790770914105,4835,297,,False,False
PlMiosUXOX3jddmqtCqgK3g7,XUzSn5Bb9rLNnt83Q1ULq9uF,8,2,flop,3,1,"[{""type"": ""luna_attempt"", ""handOrdinal"": 8, ""decisionOrdinal"": 3, ""street"": ""flop"", ""legalButtonLabels"": [""check"", ""Min · 1 BB"", ""Pot · 6 BB""], ""attemptedButtonLabel"": ""check"", ""attemptedAtMs"": 1790770928121, ""lastRenderedAtMs"": 1790770919365}]","[""Kc"", ""4c""]","[""8s"", ""3h"", ""7s""]","[{""name"": ""check"", ""kind"": ""check"", ""raiseTo"": null}, {""name"": ""min"", ""kind"": ""raise"", ""raiseTo"": 100}, {""name"": ""pot"", ""kind"": ""raise"", ""raiseTo"": 600}]","[""check"", ""Min · 1 BB"", ""Pot · 6 BB""]",check,check,,1790770928121,True,True,True,1790770928527,1790770919365,8756,406,,False,False
PlMiosUXOX3jddmqtCqgK3g7,XUzSn5Bb9rLNnt83Q1ULq9uF,8,3,turn,4,1,"[{""type"": ""luna_attempt"", ""handOrdinal"": 8, ""decisionOrdinal"": 4, ""street"": ""turn"", ""legalButtonLabels"": [""check"", ""Min · 1 BB"", ""Pot · 6 BB""], ""attemptedButtonLabel"": ""check"", ""attemptedAtMs"": 1790770934680, ""lastRenderedAtMs"": 1790770928614}]","[""Kc"", ""4c""]","[""8s"", ""3h"", ""7s"", ""2d""]","[{""name"": ""check"", ""kind"": ""check"", ""raiseTo"": null}, {""name"": ""min"", ""kind"": ""raise"", ""raiseTo"": 100}, {""name"": ""pot"", ""kind"": ""raise"", ""raiseTo"": 600}]","[""check"", ""Min · 1 BB"", ""Pot · 6 BB""]",check,check,,1790770934680,True,True,True,1790770934932,1790770928614,6066,252,,False,False
PlMiosUXOX3jddmqtCqgK3g7,XUzSn5Bb9rLNnt83Q1ULq9uF,8,4,turn,5,1,"[{""type"": ""luna_attempt"", ""handOrdinal"": 8, ""decisionOrdinal"": 5, ""street"": ""turn"", ""legalButtonLabels"": [""Fold"", ""Call 1 BB"", ""Min · 2 BB"", ""Pot · 9 BB"", ""Jam · 17 BB""], ""attemptedButtonLabel"": ""Fold"", ""attemptedAtMs"": 1790770940242, ""lastRenderedAtMs"": 1790770934985}]","[""Kc"", ""4c""]","[""8s"", ""3h"", ""7s"", ""2d""]","[{""name"": ""fold"", ""kind"": ""fold"", ""raiseTo"": null}, {""name"": ""call"", ""kind"": ""call"", ""raiseTo"": null}, {""name"": ""min"", ""kind"": ""raise"", ""raiseTo"": 200}, {""name"": ""pot"", ""kind"": ""raise"", ""raiseTo"": 900}, {""name"": ""jam"", ""kind"": ""raise"", ""raiseTo"": 1700}]","[""Fold"", ""Call 1 BB"", ""Min · 2 BB"", ""Pot · 9 BB"", ""Jam · 17 BB""]",Fold,fold,,1790770940242,True,True,True,1790770940445,1790770934985,5257,203,,False,False
PlMiosUXOX3jddmqtCqgK3g7,4prmggn6O6rjYgZPvsJDJ8Ig,9,1,preflop,2,1,"[{""type"": ""luna_attempt"", ""handOrdinal"": 9, ""decisionOrdinal"": 2, ""street"": ""pre-flop"", ""legalButtonLabels"": [""Fold"", ""Call 0.50 BB"", ""Min · 2 BB"", ""Pot · 3 BB""], ""attemptedButtonLabel"": ""Fold"", ""attemptedAtMs"": 1790770951315, ""lastRenderedAtMs"": 1790770946384}]","[""8s"", ""2h""]",[],"[{""name"": ""fold"", ""kind"": ""fold"", ""raiseTo"": null}, {""name"": ""call"", ""kind"": ""call"", ""raiseTo"": null}, {""name"": ""min"", ""kind"": ""raise"", ""raiseTo"": 200}, {""name"": ""pot"", ""kind"": ""raise"", ""raiseTo"": 300}]","[""Fold"", ""Call 0.50 BB"", ""Min · 2 BB"", ""Pot · 3 BB""]",Fold,fold,,1790770951315,True,True,True,1790770951687,1790770946384,4931,372,,False,False
PlMiosUXOX3jddmqtCqgK3g7,0CThghQ4pb-KhpIjX8K-X00Y,10,1,preflop,2,1,"[{""type"": ""luna_attempt"", ""handOrdinal"": 10, ""decisionOrdinal"": 2, ""street"": ""pre-flop"", ""legalButtonLabels"": [""Fold"", ""Call 1 BB"", ""Min · 3 BB"", ""Pot · 6 BB""], ""attemptedButtonLabel"": ""Call 1 BB"", ""attemptedAtMs"": 1790771047860, ""lastRenderedAtMs"": 1790771043266}]","[""5d"", ""Ks""]",[],"[{""name"": ""fold"", ""kind"": ""fold"", ""raiseTo"": null}, {""name"": ""call"", ""kind"": ""call"", ""raiseTo"": null}, {""name"": ""min"", ""kind"": ""raise"", ""raiseTo"": 300}, {""name"": ""pot"", ""kind"": ""raise"", ""raiseTo"": 600}]","[""Fold"", ""Call 1 BB"", ""Min · 3 BB"", ""Pot · 6 BB""]",Call 1 BB,call,,1790771047860,True,True,True,1790771048141,1790771043266,4594,281,,False,False
PlMiosUXOX3jddmqtCqgK3g7,0CThghQ4pb-KhpIjX8K-X00Y,10,2,flop,3,1,"[{""type"": ""luna_attempt"", ""handOrdinal"": 10, ""decisionOrdinal"": 3, ""street"": ""flop"", ""legalButtonLabels"": [""check"", ""Min · 1 BB"", ""Pot · 4 BB""], ""attemptedButtonLabel"": ""check"", ""attemptedAtMs"": 1790771053211, ""lastRenderedAtMs"": 1790771048215}]","[""5d"", ""Ks""]","[""Jd"", ""6d"", ""Ah""]","[{""name"": ""check"", ""kind"": ""check"", ""raiseTo"": null}, {""name"": ""min"", ""kind"": ""raise"", ""raiseTo"": 100}, {""name"": ""pot"", ""kind"": ""raise"", ""raiseTo"": 400}]","[""check"", ""Min · 1 BB"", ""Pot · 4 BB""]",check,check,,1790771053211,True,True,True,1790771053507,1790771048215,4996,296,,False,False
PlMiosUXOX3jddmqtCqgK3g7,0CThghQ4pb-KhpIjX8K-X00Y,10,3,turn,4,1,"[{""type"": ""luna_attempt"", ""handOrdinal"": 10, ""decisionOrdinal"": 4, ""street"": ""turn"", ""legalButtonLabels"": [""check"", ""Min · 1 BB"", ""Pot · 4 BB""], ""attemptedButtonLabel"": ""check"", ""attemptedAtMs"": 1790771059169, ""lastRenderedAtMs"": 1790771053602}]","[""5d"", ""Ks""]","[""Jd"", ""6d"", ""Ah"", ""2s""]","[{""name"": ""check"", ""kind"": ""check"", ""raiseTo"": null}, {""name"": ""min"", ""kind"": ""raise"", ""raiseTo"": 100}, {""name"": ""pot"", ""kind"": ""raise"", ""raiseTo"": 400}]","[""check"", ""Min · 1 BB"", ""Pot · 4 BB""]",check,check,,1790771059169,True,True,True,1790771059489,1790771053602,5567,320,,False,False
PlMiosUXOX3jddmqtCqgK3g7,0CThghQ4pb-KhpIjX8K-X00Y,10,4,turn,5,1,"[{""type"": ""luna_attempt"", ""handOrdinal"": 10, ""decisionOrdinal"": 5, ""street"": ""turn"", ""legalButtonLabels"": [""Fold"", ""Call 4 BB"", ""Min · 8 BB"", ""Pot · 16 BB"", ""Jam · 18 BB""], ""attemptedButtonLabel"": ""Fold"", ""attemptedAtMs"": 1790771064454, ""lastRenderedAtMs"": 1790771059579}]","[""5d"", ""Ks""]","[""Jd"", ""6d"", ""Ah"", ""2s""]","[{""name"": ""fold"", ""kind"": ""fold"", ""raiseTo"": null}, {""name"": ""call"", ""kind"": ""call"", ""raiseTo"": null}, {""name"": ""min"", ""kind"": ""raise"", ""raiseTo"": 800}, {""name"": ""pot"", ""kind"": ""raise"", ""raiseTo"": 1600}, {""name"": ""jam"", ""kind"": ""raise"", ""raiseTo"": 1800}]","[""Fold"", ""Call 4 BB"", ""Min · 8 BB"", ""Pot · 16 BB"", ""Jam · 18 BB""]",Fold,fold,,1790771064454,True,True,True,1790771064861,1790771059579,4875,407,,False,False
PlMiosUXOX3jddmqtCqgK3g7,xtl_aDCaOXOweu2TjbygoMFW,11,1,preflop,2,1,"[{""type"": ""luna_attempt"", ""handOrdinal"": 11, ""decisionOrdinal"": 2, ""street"": ""pre-flop"", ""legalButtonLabels"": [""Fold"", ""Call 0.50 BB"", ""Min · 2 BB"", ""Pot · 3 BB""], ""attemptedButtonLabel"": ""Fold"", ""attemptedAtMs"": 1790771074675, ""lastRenderedAtMs"": 1790771069897}]","[""2s"", ""9d""]",[],"[{""name"": ""fold"", ""kind"": ""fold"", ""raiseTo"": null}, {""name"": ""call"", ""kind"": ""call"", ""raiseTo"": null}, {""name"": ""min"", ""kind"": ""raise"", ""raiseTo"": 200}, {""name"": ""pot"", ""kind"": ""raise"", ""raiseTo"": 300}]","[""Fold"", ""Call 0.50 BB"", ""Min · 2 BB"", ""Pot · 3 BB""]",Fold,fold,,1790771074675,True,True,True,1790771074932,1790771069897,4778,257,,False,False
PlMiosUXOX3jddmqtCqgK3g7,_E05lrqHGk3caSgfd8-ONDhS,12,1,preflop,2,1,"[{""type"": ""luna_attempt"", ""handOrdinal"": 12, ""decisionOrdinal"": 2, ""street"": ""pre-flop"", ""legalButtonLabels"": [""check"", ""Min · 2 BB"", ""Pot · 3 BB""], ""attemptedButtonLabel"": ""Pot · 3 BB"", ""attemptedAtMs"": 1790771095489, ""lastRenderedAtMs"": 1790771089416}]","[""Kd"", ""Kh""]",[],"[{""name"": ""check"", ""kind"": ""check"", ""raiseTo"": null}, {""name"": ""min"", ""kind"": ""raise"", ""raiseTo"": 200}, {""name"": ""pot"", ""kind"": ""raise"", ""raiseTo"": 300}]","[""check"", ""Min · 2 BB"", ""Pot · 3 BB""]",Pot · 3 BB,raise,300,1790771095489,True,True,True,1790771095806,1790771089416,6073,317,,False,False
PlMiosUXOX3jddmqtCqgK3g7,_E05lrqHGk3caSgfd8-ONDhS,12,2,flop,3,1,"[{""type"": ""luna_attempt"", ""handOrdinal"": 12, ""decisionOrdinal"": 3, ""street"": ""flop"", ""legalButtonLabels"": [""check"", ""Min · 1 BB"", ""Pot · 6 BB""], ""attemptedButtonLabel"": ""check"", ""attemptedAtMs"": 1790771100458, ""lastRenderedAtMs"": 1790771095892}]","[""Kd"", ""Kh""]","[""8h"", ""4h"", ""Ad""]","[{""name"": ""check"", ""kind"": ""check"", ""raiseTo"": null}, {""name"": ""min"", ""kind"": ""raise"", ""raiseTo"": 100}, {""name"": ""pot"", ""kind"": ""raise"", ""raiseTo"": 600}]","[""check"", ""Min · 1 BB"", ""Pot · 6 BB""]",check,check,,1790771100458,True,True,True,1790771100757,1790771095892,4566,299,,False,False
PlMiosUXOX3jddmqtCqgK3g7,_E05lrqHGk3caSgfd8-ONDhS,12,3,turn,4,1,"[{""type"": ""luna_attempt"", ""handOrdinal"": 12, ""decisionOrdinal"": 4, ""street"": ""turn"", ""legalButtonLabels"": [""check"", ""Min · 1 BB"", ""Pot · 6 BB""], ""attemptedButtonLabel"": ""check"", ""attemptedAtMs"": 1790771105859, ""lastRenderedAtMs"": 1790771100842}]","[""Kd"", ""Kh""]","[""8h"", ""4h"", ""Ad"", ""Ts""]","[{""name"": ""check"", ""kind"": ""check"", ""raiseTo"": null}, {""name"": ""min"", ""kind"": ""raise"", ""raiseTo"": 100}, {""name"": ""pot"", ""kind"": ""raise"", ""raiseTo"": 600}]","[""check"", ""Min · 1 BB"", ""Pot · 6 BB""]",check,check,,1790771105859,True,True,True,1790771106113,1790771100842,5017,254,,False,False
PlMiosUXOX3jddmqtCqgK3g7,_E05lrqHGk3caSgfd8-ONDhS,12,4,turn,5,1,"[{""type"": ""luna_attempt"", ""handOrdinal"": 12, ""decisionOrdinal"": 5, ""street"": ""turn"", ""legalButtonLabels"": [""Fold"", ""Call 1 BB"", ""Min · 2 BB"", ""Pot · 9 BB"", ""Jam · 17 BB""], ""attemptedButtonLabel"": ""Call 1 BB"", ""attemptedAtMs"": 1790771111808, ""lastRenderedAtMs"": 1790771106200}]","[""Kd"", ""Kh""]","[""8h"", ""4h"", ""Ad"", ""Ts""]","[{""name"": ""fold"", ""kind"": ""fold"", ""raiseTo"": null}, {""name"": ""call"", ""kind"": ""call"", ""raiseTo"": null}, {""name"": ""min"", ""kind"": ""raise"", ""raiseTo"": 200}, {""name"": ""pot"", ""kind"": ""raise"", ""raiseTo"": 900}, {""name"": ""jam"", ""kind"": ""raise"", ""raiseTo"": 1700}]","[""Fold"", ""Call 1 BB"", ""Min · 2 BB"", ""Pot · 9 BB"", ""Jam · 17 BB""]",Call 1 BB,call,,1790771111808,True,True,True,1790771112098,1790771106200,5608,290,,False,False
PlMiosUXOX3jddmqtCqgK3g7,_E05lrqHGk3caSgfd8-ONDhS,12,5,river,6,1,"[{""type"": ""luna_attempt"", ""handOrdinal"": 12, ""decisionOrdinal"": 6, ""street"": ""river"", ""legalButtonLabels"": [""check"", ""Min · 1 BB"", ""Pot · 8 BB"", ""Jam · 16 BB""], ""attemptedButtonLabel"": ""check"", ""attemptedAtMs"": 1790771117137, ""lastRenderedAtMs"": 1790771112168}]","[""Kd"", ""Kh""]","[""8h"", ""4h"", ""Ad"", ""Ts"", ""Jd""]","[{""name"": ""check"", ""kind"": ""check"", ""raiseTo"": null}, {""name"": ""min"", ""kind"": ""raise"", ""raiseTo"": 100}, {""name"": ""pot"", ""kind"": ""raise"", ""raiseTo"": 800}, {""name"": ""jam"", ""kind"": ""raise"", ""raiseTo"": 1600}]","[""check"", ""Min · 1 BB"", ""Pot · 8 BB"", ""Jam · 16 BB""]",check,check,,1790771117137,True,True,True,1790771117947,1790771112168,4969,810,,False,False
PlMiosUXOX3jddmqtCqgK3g7,_cDuO1RARJTJjIOObw-Nxmvm,13,1,preflop,2,1,"[{""type"": ""luna_attempt"", ""handOrdinal"": 13, ""decisionOrdinal"": 2, ""street"": ""pre-flop"", ""legalButtonLabels"": [""Fold"", ""Call 0.50 BB"", ""Min · 2 BB"", ""Pot · 3 BB""], ""attemptedButtonLabel"": ""Min · 2 BB"", ""attemptedAtMs"": 1790771129823, ""lastRenderedAtMs"": 1790771124209}]","[""9h"", ""9c""]",[],"[{""name"": ""fold"", ""kind"": ""fold"", ""raiseTo"": null}, {""name"": ""call"", ""kind"": ""call"", ""raiseTo"": null}, {""name"": ""min"", ""kind"": ""raise"", ""raiseTo"": 200}, {""name"": ""pot"", ""kind"": ""raise"", ""raiseTo"": 300}]","[""Fold"", ""Call 0.50 BB"", ""Min · 2 BB"", ""Pot · 3 BB""]",Min · 2 BB,raise,200,1790771129823,True,True,True,1790771130505,1790771124209,5614,682,,False,False
PlMiosUXOX3jddmqtCqgK3g7,_cDuO1RARJTJjIOObw-Nxmvm,13,2,flop,3,1,"[{""type"": ""luna_attempt"", ""handOrdinal"": 13, ""decisionOrdinal"": 3, ""street"": ""flop"", ""legalButtonLabels"": [""Fold"", ""Call 1 BB"", ""Min · 2 BB"", ""Pot · 7 BB""], ""attemptedButtonLabel"": ""Call 1 BB"", ""attemptedAtMs"": 1790771137548, ""lastRenderedAtMs"": 1790771130581}]","[""9h"", ""9c""]","[""6h"", ""3d"", ""Qh""]","[{""name"": ""fold"", ""kind"": ""fold"", ""raiseTo"": null}, {""name"": ""call"", ""kind"": ""call"", ""raiseTo"": null}, {""name"": ""min"", ""kind"": ""raise"", ""raiseTo"": 200}, {""name"": ""pot"", ""kind"": ""raise"", ""raiseTo"": 700}]","[""Fold"", ""Call 1 BB"", ""Min · 2 BB"", ""Pot · 7 BB""]",Call 1 BB,call,,1790771137548,True,True,True,1790771138098,1790771130581,6967,550,,False,False
PlMiosUXOX3jddmqtCqgK3g7,_cDuO1RARJTJjIOObw-Nxmvm,13,3,turn,4,1,"[{""type"": ""luna_attempt"", ""handOrdinal"": 13, ""decisionOrdinal"": 4, ""street"": ""turn"", ""legalButtonLabels"": [""check"", ""Min · 1 BB"", ""Pot · 6 BB""], ""attemptedButtonLabel"": ""check"", ""attemptedAtMs"": 1790771143653, ""lastRenderedAtMs"": 1790771138167}]","[""9h"", ""9c""]","[""6h"", ""3d"", ""Qh"", ""As""]","[{""name"": ""check"", ""kind"": ""check"", ""raiseTo"": null}, {""name"": ""min"", ""kind"": ""raise"", ""raiseTo"": 100}, {""name"": ""pot"", ""kind"": ""raise"", ""raiseTo"": 600}]","[""check"", ""Min · 1 BB"", ""Pot · 6 BB""]",check,check,,1790771143653,True,True,True,1790771144239,1790771138167,5486,586,,False,False
PlMiosUXOX3jddmqtCqgK3g7,_cDuO1RARJTJjIOObw-Nxmvm,13,4,river,5,1,"[{""type"": ""luna_attempt"", ""handOrdinal"": 13, ""decisionOrdinal"": 5, ""street"": ""river"", ""legalButtonLabels"": [""Fold"", ""Call 1 BB"", ""Min · 2 BB"", ""Pot · 9 BB"", ""Jam · 17 BB""], ""attemptedButtonLabel"": ""Fold"", ""attemptedAtMs"": 1790771151087, ""lastRenderedAtMs"": 1790771144300}]","[""9h"", ""9c""]","[""6h"", ""3d"", ""Qh"", ""As"", ""8s""]","[{""name"": ""fold"", ""kind"": ""fold"", ""raiseTo"": null}, {""name"": ""call"", ""kind"": ""call"", ""raiseTo"": null}, {""name"": ""min"", ""kind"": ""raise"", ""raiseTo"": 200}, {""name"": ""pot"", ""kind"": ""raise"", ""raiseTo"": 900}, {""name"": ""jam"", ""kind"": ""raise"", ""raiseTo"": 1700}]","[""Fold"", ""Call 1 BB"", ""Min · 2 BB"", ""Pot · 9 BB"", ""Jam · 17 BB""]",Fold,fold,,1790771151087,True,True,True,1790771151644,1790771144300,6787,557,,False,False
PlMiosUXOX3jddmqtCqgK3g7,aireoLf6c07mN7f5aIGiVQ-W,15,1,preflop,2,1,"[{""type"": ""luna_attempt"", ""handOrdinal"": 15, ""decisionOrdinal"": 2, ""street"": ""pre-flop"", ""legalButtonLabels"": [""Fold"", ""Call 0.50 BB"", ""Min · 2 BB"", ""Pot · 3 BB""], ""attemptedButtonLabel"": ""Min · 2 BB"", ""attemptedAtMs"": 1790771172228, ""lastRenderedAtMs"": 1790771165599}]","[""6s"", ""6c""]",[],"[{""name"": ""fold"", ""kind"": ""fold"", ""raiseTo"": null}, {""name"": ""call"", ""kind"": ""call"", ""raiseTo"": null}, {""name"": ""min"", ""kind"": ""raise"", ""raiseTo"": 200}, {""name"": ""pot"", ""kind"": ""raise"", ""raiseTo"": 300}]","[""Fold"", ""Call 0.50 BB"", ""Min · 2 BB"", ""Pot · 3 BB""]",Min · 2 BB,raise,200,1790771172228,True,True,True,1790771172813,1790771165599,6629,585,,False,False
PlMiosUXOX3jddmqtCqgK3g7,aireoLf6c07mN7f5aIGiVQ-W,15,2,flop,3,1,"[{""type"": ""luna_attempt"", ""handOrdinal"": 15, ""decisionOrdinal"": 3, ""street"": ""flop"", ""legalButtonLabels"": [""Fold"", ""Call 1 BB"", ""Min · 2 BB"", ""Pot · 7 BB""], ""attemptedButtonLabel"": ""Call 1 BB"", ""attemptedAtMs"": 1790771179286, ""lastRenderedAtMs"": 1790771172885}]","[""6s"", ""6c""]","[""Ts"", ""3c"", ""Tc""]","[{""name"": ""fold"", ""kind"": ""fold"", ""raiseTo"": null}, {""name"": ""call"", ""kind"": ""call"", ""raiseTo"": null}, {""name"": ""min"", ""kind"": ""raise"", ""raiseTo"": 200}, {""name"": ""pot"", ""kind"": ""raise"", ""raiseTo"": 700}]","[""Fold"", ""Call 1 BB"", ""Min · 2 BB"", ""Pot · 7 BB""]",Call 1 BB,call,,1790771179286,True,True,True,1790771179691,1790771172885,6401,405,,False,False
PlMiosUXOX3jddmqtCqgK3g7,aireoLf6c07mN7f5aIGiVQ-W,15,3,turn,4,1,"[{""type"": ""luna_attempt"", ""handOrdinal"": 15, ""decisionOrdinal"": 4, ""street"": ""turn"", ""legalButtonLabels"": [""check"", ""Min · 1 BB"", ""Pot · 6 BB""], ""attemptedButtonLabel"": ""check"", ""attemptedAtMs"": 1790771186037, ""lastRenderedAtMs"": 1790771179777}]","[""6s"", ""6c""]","[""Ts"", ""3c"", ""Tc"", ""2s""]","[{""name"": ""check"", ""kind"": ""check"", ""raiseTo"": null}, {""name"": ""min"", ""kind"": ""raise"", ""raiseTo"": 100}, {""name"": ""pot"", ""kind"": ""raise"", ""raiseTo"": 600}]","[""check"", ""Min · 1 BB"", ""Pot · 6 BB""]",check,check,,1790771186037,True,True,True,1790771186299,1790771179777,6260,262,,False,False
PlMiosUXOX3jddmqtCqgK3g7,aireoLf6c07mN7f5aIGiVQ-W,15,4,river,5,1,"[{""type"": ""luna_attempt"", ""handOrdinal"": 15, ""decisionOrdinal"": 5, ""street"": ""river"", ""legalButtonLabels"": [""Fold"", ""Call 1 BB"", ""Min · 2 BB"", ""Pot · 9 BB"", ""Jam · 17 BB""], ""attemptedButtonLabel"": ""Fold"", ""attemptedAtMs"": 1790771193023, ""lastRenderedAtMs"": 1790771186363}]","[""6s"", ""6c""]","[""Ts"", ""3c"", ""Tc"", ""2s"", ""9c""]","[{""name"": ""fold"", ""kind"": ""fold"", ""raiseTo"": null}, {""name"": ""call"", ""kind"": ""call"", ""raiseTo"": null}, {""name"": ""min"", ""kind"": ""raise"", ""raiseTo"": 200}, {""name"": ""pot"", ""kind"": ""raise"", ""raiseTo"": 900}, {""name"": ""jam"", ""kind"": ""raise"", ""raiseTo"": 1700}]","[""Fold"", ""Call 1 BB"", ""Min · 2 BB"", ""Pot · 9 BB"", ""Jam · 17 BB""]",Fold,fold,,1790771193023,True,True,True,1790771193332,1790771186363,6660,309,,False,False
PlMiosUXOX3jddmqtCqgK3g7,V1qEe9qdlsJbv2EhqfrPdplX,17,1,preflop,2,1,"[{""type"": ""luna_attempt"", ""handOrdinal"": 17, ""decisionOrdinal"": 2, ""street"": ""pre-flop"", ""legalButtonLabels"": [""Fold"", ""Call 0.50 BB"", ""Min · 2 BB"", ""Pot · 3 BB""], ""attemptedButtonLabel"": ""Fold"", ""attemptedAtMs"": 1790771216882, ""lastRenderedAtMs"": 1790771209920}]","[""4d"", ""8h""]",[],"[{""name"": ""fold"", ""kind"": ""fold"", ""raiseTo"": null}, {""name"": ""call"", ""kind"": ""call"", ""raiseTo"": null}, {""name"": ""min"", ""kind"": ""raise"", ""raiseTo"": 200}, {""name"": ""pot"", ""kind"": ""raise"", ""raiseTo"": 300}]","[""Fold"", ""Call 0.50 BB"", ""Min · 2 BB"", ""Pot · 3 BB""]",Fold,fold,,1790771216882,True,True,True,1790771217243,1790771209920,6962,361,,False,False
PlMiosUXOX3jddmqtCqgK3g7,ElgMj5YVIPN8Ox_nA2YUFVpV,19,1,preflop,2,1,"[{""type"": ""luna_attempt"", ""handOrdinal"": 19, ""decisionOrdinal"": 2, ""street"": ""pre-flop"", ""legalButtonLabels"": [""Fold"", ""Call 0.50 BB"", ""Min · 2 BB"", ""Pot · 3 BB""], ""attemptedButtonLabel"": ""Min · 2 BB"", ""attemptedAtMs"": 1790771239459, ""lastRenderedAtMs"": 1790771233337}]","[""9h"", ""9d""]",[],"[{""name"": ""fold"", ""kind"": ""fold"", ""raiseTo"": null}, {""name"": ""call"", ""kind"": ""call"", ""raiseTo"": null}, {""name"": ""min"", ""kind"": ""raise"", ""raiseTo"": 200}, {""name"": ""pot"", ""kind"": ""raise"", ""raiseTo"": 300}]","[""Fold"", ""Call 0.50 BB"", ""Min · 2 BB"", ""Pot · 3 BB""]",Min · 2 BB,raise,200,1790771239459,True,True,True,1790771239715,1790771233337,6122,256,,False,False
PlMiosUXOX3jddmqtCqgK3g7,YjH2bmqWK1Utj3zHjF240nZ5,20,1,preflop,2,1,"[{""type"": ""luna_attempt"", ""handOrdinal"": 20, ""decisionOrdinal"": 2, ""street"": ""pre-flop"", ""legalButtonLabels"": [""Fold"", ""Call 1 BB"", ""Min · 3 BB"", ""Pot · 6 BB""], ""attemptedButtonLabel"": ""Call 1 BB"", ""attemptedAtMs"": 1790771254516, ""lastRenderedAtMs"": 1790771245062}]","[""Th"", ""8h""]",[],"[{""name"": ""fold"", ""kind"": ""fold"", ""raiseTo"": null}, {""name"": ""call"", ""kind"": ""call"", ""raiseTo"": null}, {""name"": ""min"", ""kind"": ""raise"", ""raiseTo"": 300}, {""name"": ""pot"", ""kind"": ""raise"", ""raiseTo"": 600}]","[""Fold"", ""Call 1 BB"", ""Min · 3 BB"", ""Pot · 6 BB""]",Call 1 BB,call,,1790771254516,True,True,True,1790771254840,1790771245062,9454,324,,False,False
PlMiosUXOX3jddmqtCqgK3g7,YjH2bmqWK1Utj3zHjF240nZ5,20,2,flop,3,1,"[{""type"": ""luna_attempt"", ""handOrdinal"": 20, ""decisionOrdinal"": 3, ""street"": ""flop"", ""legalButtonLabels"": [""check"", ""Min · 1 BB"", ""Pot · 4 BB""], ""attemptedButtonLabel"": ""check"", ""attemptedAtMs"": 1790771261301, ""lastRenderedAtMs"": 1790771254898}]","[""Th"", ""8h""]","[""5s"", ""8d"", ""9d""]","[{""name"": ""check"", ""kind"": ""check"", ""raiseTo"": null}, {""name"": ""min"", ""kind"": ""raise"", ""raiseTo"": 100}, {""name"": ""pot"", ""kind"": ""raise"", ""raiseTo"": 400}]","[""check"", ""Min · 1 BB"", ""Pot · 4 BB""]",check,check,,1790771261301,True,True,True,1790771261576,1790771254898,6403,275,,False,False
PlMiosUXOX3jddmqtCqgK3g7,YjH2bmqWK1Utj3zHjF240nZ5,20,3,flop,4,1,"[{""type"": ""luna_attempt"", ""handOrdinal"": 20, ""decisionOrdinal"": 4, ""street"": ""flop"", ""legalButtonLabels"": [""Fold"", ""Call 1 BB"", ""Min · 2 BB"", ""Pot · 7 BB""], ""attemptedButtonLabel"": ""Call 1 BB"", ""attemptedAtMs"": 1790771266927, ""lastRenderedAtMs"": 1790771261663}]","[""Th"", ""8h""]","[""5s"", ""8d"", ""9d""]","[{""name"": ""fold"", ""kind"": ""fold"", ""raiseTo"": null}, {""name"": ""call"", ""kind"": ""call"", ""raiseTo"": null}, {""name"": ""min"", ""kind"": ""raise"", ""raiseTo"": 200}, {""name"": ""pot"", ""kind"": ""raise"", ""raiseTo"": 700}]","[""Fold"", ""Call 1 BB"", ""Min · 2 BB"", ""Pot · 7 BB""]",Call 1 BB,call,,1790771266927,True,True,True,1790771267166,1790771261663,5264,239,,False,False
PlMiosUXOX3jddmqtCqgK3g7,YjH2bmqWK1Utj3zHjF240nZ5,20,4,turn,5,1,"[{""type"": ""luna_attempt"", ""handOrdinal"": 20, ""decisionOrdinal"": 5, ""street"": ""turn"", ""legalButtonLabels"": [""check"", ""Min · 1 BB"", ""Pot · 6 BB""], ""attemptedButtonLabel"": ""check"", ""attemptedAtMs"": 1790771277411, ""lastRenderedAtMs"": 1790771267232}]","[""Th"", ""8h""]","[""5s"", ""8d"", ""9d"", ""Qs""]","[{""name"": ""check"", ""kind"": ""check"", ""raiseTo"": null}, {""name"": ""min"", ""kind"": ""raise"", ""raiseTo"": 100}, {""name"": ""pot"", ""kind"": ""raise"", ""raiseTo"": 600}]","[""check"", ""Min · 1 BB"", ""Pot · 6 BB""]",check,check,,1790771277411,True,True,True,1790771277758,1790771267232,10179,347,,False,False
PlMiosUXOX3jddmqtCqgK3g7,YjH2bmqWK1Utj3zHjF240nZ5,20,5,turn,6,1,"[{""type"": ""luna_attempt"", ""handOrdinal"": 20, ""decisionOrdinal"": 6, ""street"": ""turn"", ""legalButtonLabels"": [""Fold"", ""Call 6 BB"", ""Min · 12 BB"", ""Pot · 17 BB""], ""attemptedButtonLabel"": ""Fold"", ""attemptedAtMs"": 1790771284082, ""lastRenderedAtMs"": 1790771277831}]","[""Th"", ""8h""]","[""5s"", ""8d"", ""9d"", ""Qs""]","[{""name"": ""fold"", ""kind"": ""fold"", ""raiseTo"": null}, {""name"": ""call"", ""kind"": ""call"", ""raiseTo"": null}, {""name"": ""min"", ""kind"": ""raise"", ""raiseTo"": 1200}, {""name"": ""pot"", ""kind"": ""raise"", ""raiseTo"": 1700}]","[""Fold"", ""Call 6 BB"", ""Min · 12 BB"", ""Pot · 17 BB""]",Fold,fold,,1790771284082,True,True,True,1790771284323,1790771277831,6251,241,,False,False
PlMiosUXOX3jddmqtCqgK3g7,p8WGnAnGduFDdeCzseTRypF0,21,1,preflop,2,1,"[{""type"": ""luna_attempt"", ""handOrdinal"": 21, ""decisionOrdinal"": 2, ""street"": ""pre-flop"", ""legalButtonLabels"": [""Fold"", ""Call 0.50 BB"", ""Min · 2 BB"", ""Pot · 3 BB""], ""attemptedButtonLabel"": ""Fold"", ""attemptedAtMs"": 1790771294605, ""lastRenderedAtMs"": 1790771289666}]","[""7d"", ""4c""]",[],"[{""name"": ""fold"", ""kind"": ""fold"", ""raiseTo"": null}, {""name"": ""call"", ""kind"": ""call"", ""raiseTo"": null}, {""name"": ""min"", ""kind"": ""raise"", ""raiseTo"": 200}, {""name"": ""pot"", ""kind"": ""raise"", ""raiseTo"": 300}]","[""Fold"", ""Call 0.50 BB"", ""Min · 2 BB"", ""Pot · 3 BB""]",Fold,fold,,1790771294605,True,True,True,1790771294853,1790771289666,4939,248,,False,False
PlMiosUXOX3jddmqtCqgK3g7,qlUtWTl4FMH82Np9JuPpzcMv,22,1,preflop,2,1,"[{""type"": ""luna_attempt"", ""handOrdinal"": 22, ""decisionOrdinal"": 2, ""street"": ""pre-flop"", ""legalButtonLabels"": [""check"", ""Min · 2 BB"", ""Pot · 3 BB""], ""attemptedButtonLabel"": ""Pot · 3 BB"", ""attemptedAtMs"": 1790771304664, ""lastRenderedAtMs"": 1790771299788}]","[""Kd"", ""3h""]",[],"[{""name"": ""check"", ""kind"": ""check"", ""raiseTo"": null}, {""name"": ""min"", ""kind"": ""raise"", ""raiseTo"": 200}, {""name"": ""pot"", ""kind"": ""raise"", ""raiseTo"": 300}]","[""check"", ""Min · 2 BB"", ""Pot · 3 BB""]",Pot · 3 BB,raise,300,1790771304664,True,True,True,1790771304961,1790771299788,4876,297,,False,False
PlMiosUXOX3jddmqtCqgK3g7,qlUtWTl4FMH82Np9JuPpzcMv,22,2,flop,3,1,"[{""type"": ""luna_attempt"", ""handOrdinal"": 22, ""decisionOrdinal"": 3, ""street"": ""flop"", ""legalButtonLabels"": [""check"", ""Min · 1 BB"", ""Pot · 6 BB""], ""attemptedButtonLabel"": ""check"", ""attemptedAtMs"": 1790771310484, ""lastRenderedAtMs"": 1790771305048}]","[""Kd"", ""3h""]","[""Jc"", ""As"", ""5s""]","[{""name"": ""check"", ""kind"": ""check"", ""raiseTo"": null}, {""name"": ""min"", ""kind"": ""raise"", ""raiseTo"": 100}, {""name"": ""pot"", ""kind"": ""raise"", ""raiseTo"": 600}]","[""check"", ""Min · 1 BB"", ""Pot · 6 BB""]",check,check,,1790771310484,True,True,True,1790771310794,1790771305048,5436,310,,False,False
PlMiosUXOX3jddmqtCqgK3g7,qlUtWTl4FMH82Np9JuPpzcMv,22,3,turn,4,1,"[{""type"": ""luna_attempt"", ""handOrdinal"": 22, ""decisionOrdinal"": 4, ""street"": ""turn"", ""legalButtonLabels"": [""check"", ""Min · 1 BB"", ""Pot · 6 BB""], ""attemptedButtonLabel"": ""check"", ""attemptedAtMs"": 1790771317250, ""lastRenderedAtMs"": 1790771310864}]","[""Kd"", ""3h""]","[""Jc"", ""As"", ""5s"", ""Js""]","[{""name"": ""check"", ""kind"": ""check"", ""raiseTo"": null}, {""name"": ""min"", ""kind"": ""raise"", ""raiseTo"": 100}, {""name"": ""pot"", ""kind"": ""raise"", ""raiseTo"": 600}]","[""check"", ""Min · 1 BB"", ""Pot · 6 BB""]",check,check,,1790771317250,True,True,True,1790771317564,1790771310864,6386,314,,False,False
PlMiosUXOX3jddmqtCqgK3g7,qlUtWTl4FMH82Np9JuPpzcMv,22,4,turn,5,1,"[{""type"": ""luna_attempt"", ""handOrdinal"": 22, ""decisionOrdinal"": 5, ""street"": ""turn"", ""legalButtonLabels"": [""Fold"", ""Call 1 BB"", ""Min · 2 BB"", ""Pot · 9 BB"", ""Jam · 17 BB""], ""attemptedButtonLabel"": ""Fold"", ""attemptedAtMs"": 1790771322862, ""lastRenderedAtMs"": 1790771317649}]","[""Kd"", ""3h""]","[""Jc"", ""As"", ""5s"", ""Js""]","[{""name"": ""fold"", ""kind"": ""fold"", ""raiseTo"": null}, {""name"": ""call"", ""kind"": ""call"", ""raiseTo"": null}, {""name"": ""min"", ""kind"": ""raise"", ""raiseTo"": 200}, {""name"": ""pot"", ""kind"": ""raise"", ""raiseTo"": 900}, {""name"": ""jam"", ""kind"": ""raise"", ""raiseTo"": 1700}]","[""Fold"", ""Call 1 BB"", ""Min · 2 BB"", ""Pot · 9 BB"", ""Jam · 17 BB""]",Fold,fold,,1790771322862,True,True,True,1790771323136,1790771317649,5213,274,,False,False
PlMiosUXOX3jddmqtCqgK3g7,orAnqxZ1mxGPCLzdX7NEDdPM,23,1,preflop,2,1,"[{""type"": ""luna_attempt"", ""handOrdinal"": 23, ""decisionOrdinal"": 2, ""street"": ""pre-flop"", ""legalButtonLabels"": [""Fold"", ""Call 0.50 BB"", ""Min · 2 BB"", ""Pot · 3 BB""], ""attemptedButtonLabel"": ""Fold"", ""attemptedAtMs"": 1790771334171, ""lastRenderedAtMs"": 1790771328674}]","[""3s"", ""8d""]",[],"[{""name"": ""fold"", ""kind"": ""fold"", ""raiseTo"": null}, {""name"": ""call"", ""kind"": ""call"", ""raiseTo"": null}, {""name"": ""min"", ""kind"": ""raise"", ""raiseTo"": 200}, {""name"": ""pot"", ""kind"": ""raise"", ""raiseTo"": 300}]","[""Fold"", ""Call 0.50 BB"", ""Min · 2 BB"", ""Pot · 3 BB""]",Fold,fold,,1790771334171,True,True,True,1790771334461,1790771328674,5497,290,,False,False
PlMiosUXOX3jddmqtCqgK3g7,z2iyLv23rE5a9It4ezorIdAY,25,1,preflop,2,1,"[{""type"": ""luna_attempt"", ""handOrdinal"": 25, ""decisionOrdinal"": 2, ""street"": ""pre-flop"", ""legalButtonLabels"": [""Fold"", ""Call 0.50 BB"", ""Min · 2 BB"", ""Pot · 3 BB""], ""attemptedButtonLabel"": ""Min · 2 BB"", ""attemptedAtMs"": 1790771348967, ""lastRenderedAtMs"": 1790771344272}]","[""5h"", ""5c""]",[],"[{""name"": ""fold"", ""kind"": ""fold"", ""raiseTo"": null}, {""name"": ""call"", ""kind"": ""call"", ""raiseTo"": null}, {""name"": ""min"", ""kind"": ""raise"", ""raiseTo"": 200}, {""name"": ""pot"", ""kind"": ""raise"", ""raiseTo"": 300}]","[""Fold"", ""Call 0.50 BB"", ""Min · 2 BB"", ""Pot · 3 BB""]",Min · 2 BB,raise,200,1790771348967,True,True,True,1790771349255,1790771344272,4695,288,,False,False
PlMiosUXOX3jddmqtCqgK3g7,z2iyLv23rE5a9It4ezorIdAY,25,2,preflop,3,1,"[{""type"": ""luna_attempt"", ""handOrdinal"": 25, ""decisionOrdinal"": 3, ""street"": ""pre-flop"", ""legalButtonLabels"": [""Fold"", ""Call 4 BB"", ""Min · 10 BB"", ""Pot · 18 BB"", ""Jam · 20 BB""], ""attemptedButtonLabel"": ""Fold"", ""attemptedAtMs"": 1790771356023, ""lastRenderedAtMs"": 1790771349345}]","[""5h"", ""5c""]",[],"[{""name"": ""fold"", ""kind"": ""fold"", ""raiseTo"": null}, {""name"": ""call"", ""kind"": ""call"", ""raiseTo"": null}, {""name"": ""min"", ""kind"": ""raise"", ""raiseTo"": 1000}, {""name"": ""pot"", ""kind"": ""raise"", ""raiseTo"": 1800}, {""name"": ""jam"", ""kind"": ""raise"", ""raiseTo"": 2000}]","[""Fold"", ""Call 4 BB"", ""Min · 10 BB"", ""Pot · 18 BB"", ""Jam · 20 BB""]",Fold,fold,,1790771356023,True,True,True,1790771356412,1790771349345,6678,389,,False,False
PlMiosUXOX3jddmqtCqgK3g7,kR5rpt-VGuyEQKm8E7lyBNPY,26,1,preflop,2,1,"[{""type"": ""luna_attempt"", ""handOrdinal"": 26, ""decisionOrdinal"": 2, ""street"": ""pre-flop"", ""legalButtonLabels"": [""Fold"", ""Call 1 BB"", ""Min · 3 BB"", ""Pot · 6 BB""], ""attemptedButtonLabel"": ""Call 1 BB"", ""attemptedAtMs"": 1790771369360, ""lastRenderedAtMs"": 1790771362697}]","[""2d"", ""Ks""]",[],"[{""name"": ""fold"", ""kind"": ""fold"", ""raiseTo"": null}, {""name"": ""call"", ""kind"": ""call"", ""raiseTo"": null}, {""name"": ""min"", ""kind"": ""raise"", ""raiseTo"": 300}, {""name"": ""pot"", ""kind"": ""raise"", ""raiseTo"": 600}]","[""Fold"", ""Call 1 BB"", ""Min · 3 BB"", ""Pot · 6 BB""]",Call 1 BB,call,,1790771369360,True,True,True,1790771369604,1790771362697,6663,244,,False,False
PlMiosUXOX3jddmqtCqgK3g7,kR5rpt-VGuyEQKm8E7lyBNPY,26,2,flop,3,1,"[{""type"": ""luna_attempt"", ""handOrdinal"": 26, ""decisionOrdinal"": 3, ""street"": ""flop"", ""legalButtonLabels"": [""check"", ""Min · 1 BB"", ""Pot · 4 BB""], ""attemptedButtonLabel"": ""check"", ""attemptedAtMs"": 1790771374733, ""lastRenderedAtMs"": 1790771369676}]","[""2d"", ""Ks""]","[""9d"", ""Qs"", ""7d""]","[{""name"": ""check"", ""kind"": ""check"", ""raiseTo"": null}, {""name"": ""min"", ""kind"": ""raise"", ""raiseTo"": 100}, {""name"": ""pot"", ""kind"": ""raise"", ""raiseTo"": 400}]","[""check"", ""Min · 1 BB"", ""Pot · 4 BB""]",check,check,,1790771374733,True,True,True,1790771374976,1790771369676,5057,243,,False,False
PlMiosUXOX3jddmqtCqgK3g7,kR5rpt-VGuyEQKm8E7lyBNPY,26,3,flop,4,1,"[{""type"": ""luna_attempt"", ""handOrdinal"": 26, ""decisionOrdinal"": 4, ""street"": ""flop"", ""legalButtonLabels"": [""Fold"", ""Call 1 BB"", ""Min · 2 BB"", ""Pot · 7 BB""], ""attemptedButtonLabel"": ""Fold"", ""attemptedAtMs"": 1790771381608, ""lastRenderedAtMs"": 1790771375022}]","[""2d"", ""Ks""]","[""9d"", ""Qs"", ""7d""]","[{""name"": ""fold"", ""kind"": ""fold"", ""raiseTo"": null}, {""name"": ""call"", ""kind"": ""call"", ""raiseTo"": null}, {""name"": ""min"", ""kind"": ""raise"", ""raiseTo"": 200}, {""name"": ""pot"", ""kind"": ""raise"", ""raiseTo"": 700}]","[""Fold"", ""Call 1 BB"", ""Min · 2 BB"", ""Pot · 7 BB""]",Fold,fold,,1790771381608,True,True,True,1790771381952,1790771375022,6586,344,,False,False
PlMiosUXOX3jddmqtCqgK3g7,ycXqQJo51r40b8HZYLfPgYpy,27,1,preflop,2,1,"[{""type"": ""luna_attempt"", ""handOrdinal"": 27, ""decisionOrdinal"": 2, ""street"": ""pre-flop"", ""legalButtonLabels"": [""Fold"", ""Call 0.50 BB"", ""Min · 2 BB"", ""Pot · 3 BB""], ""attemptedButtonLabel"": ""Min · 2 BB"", ""attemptedAtMs"": 1790771393087, ""lastRenderedAtMs"": 1790771388321}]","[""Ac"", ""5d""]",[],"[{""name"": ""fold"", ""kind"": ""fold"", ""raiseTo"": null}, {""name"": ""call"", ""kind"": ""call"", ""raiseTo"": null}, {""name"": ""min"", ""kind"": ""raise"", ""raiseTo"": 200}, {""name"": ""pot"", ""kind"": ""raise"", ""raiseTo"": 300}]","[""Fold"", ""Call 0.50 BB"", ""Min · 2 BB"", ""Pot · 3 BB""]",Min · 2 BB,raise,200,1790771393087,True,True,True,1790771393303,1790771388321,4766,216,,False,False
PlMiosUXOX3jddmqtCqgK3g7,ycXqQJo51r40b8HZYLfPgYpy,27,2,flop,3,1,"[{""type"": ""luna_attempt"", ""handOrdinal"": 27, ""decisionOrdinal"": 3, ""street"": ""flop"", ""legalButtonLabels"": [""check"", ""Min · 1 BB"", ""Pot · 4 BB""], ""attemptedButtonLabel"": ""check"", ""attemptedAtMs"": 1790771398297, ""lastRenderedAtMs"": 1790771393386}]","[""Ac"", ""5d""]","[""2c"", ""3c"", ""6d""]","[{""name"": ""check"", ""kind"": ""check"", ""raiseTo"": null}, {""name"": ""min"", ""kind"": ""raise"", ""raiseTo"": 100}, {""name"": ""pot"", ""kind"": ""raise"", ""raiseTo"": 400}]","[""check"", ""Min · 1 BB"", ""Pot · 4 BB""]",check,check,,1790771398297,True,True,True,1790771398682,1790771393386,4911,385,,False,False
PlMiosUXOX3jddmqtCqgK3g7,ycXqQJo51r40b8HZYLfPgYpy,27,3,turn,4,1,"[{""type"": ""luna_attempt"", ""handOrdinal"": 27, ""decisionOrdinal"": 4, ""street"": ""turn"", ""legalButtonLabels"": [""Fold"", ""Call 4 BB"", ""Min · 8 BB"", ""Pot · 16 BB"", ""Jam · 18 BB""], ""attemptedButtonLabel"": ""Fold"", ""attemptedAtMs"": 1790771403773, ""lastRenderedAtMs"": 1790771398735}]","[""Ac"", ""5d""]","[""2c"", ""3c"", ""6d"", ""Qc""]","[{""name"": ""fold"", ""kind"": ""fold"", ""raiseTo"": null}, {""name"": ""call"", ""kind"": ""call"", ""raiseTo"": null}, {""name"": ""min"", ""kind"": ""raise"", ""raiseTo"": 800}, {""name"": ""pot"", ""kind"": ""raise"", ""raiseTo"": 1600}, {""name"": ""jam"", ""kind"": ""raise"", ""raiseTo"": 1800}]","[""Fold"", ""Call 4 BB"", ""Min · 8 BB"", ""Pot · 16 BB"", ""Jam · 18 BB""]",Fold,fold,,1790771403773,True,True,True,1790771404039,1790771398735,5038,266,,False,False
PlMiosUXOX3jddmqtCqgK3g7,TobK7Url97QxX2fdivvEfgja,28,1,preflop,2,1,"[{""type"": ""luna_attempt"", ""handOrdinal"": 28, ""decisionOrdinal"": 2, ""street"": ""pre-flop"", ""legalButtonLabels"": [""check"", ""Min · 2 BB"", ""Pot · 3 BB""], ""attemptedButtonLabel"": ""check"", ""attemptedAtMs"": 1790771415547, ""lastRenderedAtMs"": 1790771410069}]","[""4c"", ""2h""]",[],"[{""name"": ""check"", ""kind"": ""check"", ""raiseTo"": null}, {""name"": ""min"", ""kind"": ""raise"", ""raiseTo"": 200}, {""name"": ""pot"", ""kind"": ""raise"", ""raiseTo"": 300}]","[""check"", ""Min · 2 BB"", ""Pot · 3 BB""]",check,check,,1790771415547,True,True,True,1790771415797,1790771410069,5478,250,,False,False
PlMiosUXOX3jddmqtCqgK3g7,TobK7Url97QxX2fdivvEfgja,28,2,flop,3,1,"[{""type"": ""luna_attempt"", ""handOrdinal"": 28, ""decisionOrdinal"": 3, ""street"": ""flop"", ""legalButtonLabels"": [""check"", ""Min · 1 BB"", ""Pot · 2 BB""], ""attemptedButtonLabel"": ""check"", ""attemptedAtMs"": 1790771422411, ""lastRenderedAtMs"": 1790771415871}]","[""4c"", ""2h""]","[""Tc"", ""Jd"", ""3h""]","[{""name"": ""check"", ""kind"": ""check"", ""raiseTo"": null}, {""name"": ""min"", ""kind"": ""raise"", ""raiseTo"": 100}, {""name"": ""pot"", ""kind"": ""raise"", ""raiseTo"": 200}]","[""check"", ""Min · 1 BB"", ""Pot · 2 BB""]",check,check,,1790771422411,True,True,True,1790771422742,1790771415871,6540,331,,False,False
PlMiosUXOX3jddmqtCqgK3g7,TobK7Url97QxX2fdivvEfgja,28,3,turn,4,1,"[{""type"": ""luna_attempt"", ""handOrdinal"": 28, ""decisionOrdinal"": 4, ""street"": ""turn"", ""legalButtonLabels"": [""check"", ""Min · 1 BB"", ""Pot · 2 BB""], ""attemptedButtonLabel"": ""check"", ""attemptedAtMs"": 1790771427831, ""lastRenderedAtMs"": 1790771422832}]","[""4c"", ""2h""]","[""Tc"", ""Jd"", ""3h"", ""Ks""]","[{""name"": ""check"", ""kind"": ""check"", ""raiseTo"": null}, {""name"": ""min"", ""kind"": ""raise"", ""raiseTo"": 100}, {""name"": ""pot"", ""kind"": ""raise"", ""raiseTo"": 200}]","[""check"", ""Min · 1 BB"", ""Pot · 2 BB""]",check,check,,1790771427831,True,True,True,1790771428130,1790771422832,4999,299,,False,False
PlMiosUXOX3jddmqtCqgK3g7,TobK7Url97QxX2fdivvEfgja,28,4,turn,5,1,"[{""type"": ""luna_attempt"", ""handOrdinal"": 28, ""decisionOrdinal"": 5, ""street"": ""turn"", ""legalButtonLabels"": [""Fold"", ""Call 1 BB"", ""Min · 2 BB"", ""Pot · 5 BB""], ""attemptedButtonLabel"": ""Fold"", ""attemptedAtMs"": 1790771435196, ""lastRenderedAtMs"": 1790771428205}]","[""4c"", ""2h""]","[""Tc"", ""Jd"", ""3h"", ""Ks""]","[{""name"": ""fold"", ""kind"": ""fold"", ""raiseTo"": null}, {""name"": ""call"", ""kind"": ""call"", ""raiseTo"": null}, {""name"": ""min"", ""kind"": ""raise"", ""raiseTo"": 200}, {""name"": ""pot"", ""kind"": ""raise"", ""raiseTo"": 500}]","[""Fold"", ""Call 1 BB"", ""Min · 2 BB"", ""Pot · 5 BB""]",Fold,fold,,1790771435196,True,True,True,1790771435529,1790771428205,6991,333,,False,False
PlMiosUXOX3jddmqtCqgK3g7,pSXAMq8I4CEQwye9EwgE2emr,29,1,preflop,2,1,"[{""type"": ""luna_attempt"", ""handOrdinal"": 29, ""decisionOrdinal"": 2, ""street"": ""pre-flop"", ""legalButtonLabels"": [""Fold"", ""Call 0.50 BB"", ""Min · 2 BB"", ""Pot · 3 BB""], ""attemptedButtonLabel"": ""Call 0.50 BB"", ""attemptedAtMs"": 1790771448626, ""lastRenderedAtMs"": 1790771443009}]","[""3s"", ""Td""]",[],"[{""name"": ""fold"", ""kind"": ""fold"", ""raiseTo"": null}, {""name"": ""call"", ""kind"": ""call"", ""raiseTo"": null}, {""name"": ""min"", ""kind"": ""raise"", ""raiseTo"": 200}, {""name"": ""pot"", ""kind"": ""raise"", ""raiseTo"": 300}]","[""Fold"", ""Call 0.50 BB"", ""Min · 2 BB"", ""Pot · 3 BB""]",Call 0.50 BB,call,,1790771448626,True,True,True,1790771448902,1790771443009,5617,276,,False,False
PlMiosUXOX3jddmqtCqgK3g7,pSXAMq8I4CEQwye9EwgE2emr,29,2,flop,3,1,"[{""type"": ""luna_attempt"", ""handOrdinal"": 29, ""decisionOrdinal"": 3, ""street"": ""flop"", ""legalButtonLabels"": [""check"", ""Min · 1 BB"", ""Pot · 2 BB""], ""attemptedButtonLabel"": ""check"", ""attemptedAtMs"": 1790771455951, ""lastRenderedAtMs"": 1790771448979}]","[""3s"", ""Td""]","[""7s"", ""Jd"", ""9h""]","[{""name"": ""check"", ""kind"": ""check"", ""raiseTo"": null}, {""name"": ""min"", ""kind"": ""raise"", ""raiseTo"": 100}, {""name"": ""pot"", ""kind"": ""raise"", ""raiseTo"": 200}]","[""check"", ""Min · 1 BB"", ""Pot · 2 BB""]",check,check,,1790771455951,True,True,True,1790771456183,1790771448979,6972,232,,False,False
PlMiosUXOX3jddmqtCqgK3g7,pSXAMq8I4CEQwye9EwgE2emr,29,3,turn,4,1,"[{""type"": ""luna_attempt"", ""handOrdinal"": 29, ""decisionOrdinal"": 4, ""street"": ""turn"", ""legalButtonLabels"": [""check"", ""Min · 1 BB"", ""Pot · 2 BB""], ""attemptedButtonLabel"": ""check"", ""attemptedAtMs"": 1790771461419, ""lastRenderedAtMs"": 1790771456263}]","[""3s"", ""Td""]","[""7s"", ""Jd"", ""9h"", ""5c""]","[{""name"": ""check"", ""kind"": ""check"", ""raiseTo"": null}, {""name"": ""min"", ""kind"": ""raise"", ""raiseTo"": 100}, {""name"": ""pot"", ""kind"": ""raise"", ""raiseTo"": 200}]","[""check"", ""Min · 1 BB"", ""Pot · 2 BB""]",check,check,,1790771461419,True,True,True,1790771461632,1790771456263,5156,213,,False,False
PlMiosUXOX3jddmqtCqgK3g7,pSXAMq8I4CEQwye9EwgE2emr,29,4,river,5,1,"[{""type"": ""luna_attempt"", ""handOrdinal"": 29, ""decisionOrdinal"": 5, ""street"": ""river"", ""legalButtonLabels"": [""Fold"", ""Call 1 BB"", ""Min · 2 BB"", ""Pot · 5 BB""], ""attemptedButtonLabel"": ""Fold"", ""attemptedAtMs"": 1790771467499, ""lastRenderedAtMs"": 1790771461730}]","[""3s"", ""Td""]","[""7s"", ""Jd"", ""9h"", ""5c"", ""Ad""]","[{""name"": ""fold"", ""kind"": ""fold"", ""raiseTo"": null}, {""name"": ""call"", ""kind"": ""call"", ""raiseTo"": null}, {""name"": ""min"", ""kind"": ""raise"", ""raiseTo"": 200}, {""name"": ""pot"", ""kind"": ""raise"", ""raiseTo"": 500}]","[""Fold"", ""Call 1 BB"", ""Min · 2 BB"", ""Pot · 5 BB""]",Fold,fold,,1790771467499,True,True,True,1790771467814,1790771461730,5769,315,,False,False
PlMiosUXOX3jddmqtCqgK3g7,r7ptVS2_ukFkR5yQWyRTuKN9,30,1,preflop,2,1,"[{""type"": ""luna_attempt"", ""handOrdinal"": 30, ""decisionOrdinal"": 2, ""street"": ""pre-flop"", ""legalButtonLabels"": [""Fold"", ""Call 2 BB"", ""Min · 5 BB"", ""Pot · 9 BB""], ""attemptedButtonLabel"": ""Fold"", ""attemptedAtMs"": 1790771479127, ""lastRenderedAtMs"": 1790771473947}]","[""8c"", ""2c""]",[],"[{""name"": ""fold"", ""kind"": ""fold"", ""raiseTo"": null}, {""name"": ""call"", ""kind"": ""call"", ""raiseTo"": null}, {""name"": ""min"", ""kind"": ""raise"", ""raiseTo"": 500}, {""name"": ""pot"", ""kind"": ""raise"", ""raiseTo"": 900}]","[""Fold"", ""Call 2 BB"", ""Min · 5 BB"", ""Pot · 9 BB""]",Fold,fold,,1790771479127,True,True,True,1790771479350,1790771473947,5180,223,,False,False
PlMiosUXOX3jddmqtCqgK3g7,t1gz45BI4gyPhxnbhbNFEOxO,31,1,preflop,2,1,"[{""type"": ""luna_attempt"", ""handOrdinal"": 31, ""decisionOrdinal"": 2, ""street"": ""pre-flop"", ""legalButtonLabels"": [""Fold"", ""Call 0.50 BB"", ""Min · 2 BB"", ""Pot · 3 BB""], ""attemptedButtonLabel"": ""Min · 2 BB"", ""attemptedAtMs"": 1790771490665, ""lastRenderedAtMs"": 1790771485707}]","[""5c"", ""Ad""]",[],"[{""name"": ""fold"", ""kind"": ""fold"", ""raiseTo"": null}, {""name"": ""call"", ""kind"": ""call"", ""raiseTo"": null}, {""name"": ""min"", ""kind"": ""raise"", ""raiseTo"": 200}, {""name"": ""pot"", ""kind"": ""raise"", ""raiseTo"": 300}]","[""Fold"", ""Call 0.50 BB"", ""Min · 2 BB"", ""Pot · 3 BB""]",Min · 2 BB,raise,200,1790771490665,True,True,True,1790771491000,1790771485707,4958,335,,False,False
PlMiosUXOX3jddmqtCqgK3g7,t1gz45BI4gyPhxnbhbNFEOxO,31,2,flop,3,1,"[{""type"": ""luna_attempt"", ""handOrdinal"": 31, ""decisionOrdinal"": 3, ""street"": ""flop"", ""legalButtonLabels"": [""check"", ""Min · 1 BB"", ""Pot · 4 BB""], ""attemptedButtonLabel"": ""Min · 1 BB"", ""attemptedAtMs"": 1790771496580, ""lastRenderedAtMs"": 1790771491064}]","[""5c"", ""Ad""]","[""As"", ""2s"", ""5d""]","[{""name"": ""check"", ""kind"": ""check"", ""raiseTo"": null}, {""name"": ""min"", ""kind"": ""raise"", ""raiseTo"": 100}, {""name"": ""pot"", ""kind"": ""raise"", ""raiseTo"": 400}]","[""check"", ""Min · 1 BB"", ""Pot · 4 BB""]",Min · 1 BB,raise,100,1790771496580,True,True,True,1790771496888,1790771491064,5516,308,,False,False
PlMiosUXOX3jddmqtCqgK3g7,t1gz45BI4gyPhxnbhbNFEOxO,31,3,turn,4,1,"[{""type"": ""luna_attempt"", ""handOrdinal"": 31, ""decisionOrdinal"": 4, ""street"": ""turn"", ""legalButtonLabels"": [""check"", ""Min · 1 BB"", ""Pot · 6 BB""], ""attemptedButtonLabel"": ""Min · 1 BB"", ""attemptedAtMs"": 1790771502506, ""lastRenderedAtMs"": 1790771496980}]","[""5c"", ""Ad""]","[""As"", ""2s"", ""5d"", ""9d""]","[{""name"": ""check"", ""kind"": ""check"", ""raiseTo"": null}, {""name"": ""min"", ""kind"": ""raise"", ""raiseTo"": 100}, {""name"": ""pot"", ""kind"": ""raise"", ""raiseTo"": 600}]","[""check"", ""Min · 1 BB"", ""Pot · 6 BB""]",Min · 1 BB,raise,100,1790771502506,True,True,True,1790771502810,1790771496980,5526,304,,False,False
PlMiosUXOX3jddmqtCqgK3g7,t1gz45BI4gyPhxnbhbNFEOxO,31,4,river,5,1,"[{""type"": ""luna_attempt"", ""handOrdinal"": 31, ""decisionOrdinal"": 5, ""street"": ""river"", ""legalButtonLabels"": [""check"", ""Min · 1 BB"", ""Pot · 8 BB"", ""Jam · 16 BB""], ""attemptedButtonLabel"": ""Min · 1 BB"", ""attemptedAtMs"": 1790771509110, ""lastRenderedAtMs"": 1790771502901}]","[""5c"", ""Ad""]","[""As"", ""2s"", ""5d"", ""9d"", ""2d""]","[{""name"": ""check"", ""kind"": ""check"", ""raiseTo"": null}, {""name"": ""min"", ""kind"": ""raise"", ""raiseTo"": 100}, {""name"": ""pot"", ""kind"": ""raise"", ""raiseTo"": 800}, {""name"": ""jam"", ""kind"": ""raise"", ""raiseTo"": 1600}]","[""check"", ""Min · 1 BB"", ""Pot · 8 BB"", ""Jam · 16 BB""]",Min · 1 BB,raise,100,1790771509110,True,True,True,1790771509348,1790771502901,6209,238,,False,False
PlMiosUXOX3jddmqtCqgK3g7,tFy4wCSlk_NB_Ei3ooW7DD57,32,1,preflop,2,1,"[{""type"": ""luna_attempt"", ""handOrdinal"": 32, ""decisionOrdinal"": 2, ""street"": ""pre-flop"", ""legalButtonLabels"": [""Fold"", ""Call 2 BB"", ""Min · 5 BB"", ""Pot · 9 BB""], ""attemptedButtonLabel"": ""Fold"", ""attemptedAtMs"": 1790771519190, ""lastRenderedAtMs"": 1790771514546}]","[""Th"", ""4s""]",[],"[{""name"": ""fold"", ""kind"": ""fold"", ""raiseTo"": null}, {""name"": ""call"", ""kind"": ""call"", ""raiseTo"": null}, {""name"": ""min"", ""kind"": ""raise"", ""raiseTo"": 500}, {""name"": ""pot"", ""kind"": ""raise"", ""raiseTo"": 900}]","[""Fold"", ""Call 2 BB"", ""Min · 5 BB"", ""Pot · 9 BB""]",Fold,fold,,1790771519190,True,True,True,1790771519483,1790771514546,4644,293,,False,False
PlMiosUXOX3jddmqtCqgK3g7,-iCjCEa5LbunPT8jhLb5cBTv,33,1,preflop,2,1,"[{""type"": ""luna_attempt"", ""handOrdinal"": 33, ""decisionOrdinal"": 2, ""street"": ""pre-flop"", ""legalButtonLabels"": [""Fold"", ""Call 0.50 BB"", ""Min · 2 BB"", ""Pot · 3 BB""], ""attemptedButtonLabel"": ""Call 0.50 BB"", ""attemptedAtMs"": 1790771532465, ""lastRenderedAtMs"": 1790771526684}]","[""4h"", ""Jd""]",[],"[{""name"": ""fold"", ""kind"": ""fold"", ""raiseTo"": null}, {""name"": ""call"", ""kind"": ""call"", ""raiseTo"": null}, {""name"": ""min"", ""kind"": ""raise"", ""raiseTo"": 200}, {""name"": ""pot"", ""kind"": ""raise"", ""raiseTo"": 300}]","[""Fold"", ""Call 0.50 BB"", ""Min · 2 BB"", ""Pot · 3 BB""]",Call 0.50 BB,call,,1790771532465,True,True,True,1790771532678,1790771526684,5781,213,,False,False
PlMiosUXOX3jddmqtCqgK3g7,-iCjCEa5LbunPT8jhLb5cBTv,33,2,preflop,3,1,"[{""type"": ""luna_attempt"", ""handOrdinal"": 33, ""decisionOrdinal"": 3, ""street"": ""pre-flop"", ""legalButtonLabels"": [""Fold"", ""Call 2 BB"", ""Min · 5 BB"", ""Pot · 9 BB""], ""attemptedButtonLabel"": ""Fold"", ""attemptedAtMs"": 1790771538301, ""lastRenderedAtMs"": 1790771532771}]","[""4h"", ""Jd""]",[],"[{""name"": ""fold"", ""kind"": ""fold"", ""raiseTo"": null}, {""name"": ""call"", ""kind"": ""call"", ""raiseTo"": null}, {""name"": ""min"", ""kind"": ""raise"", ""raiseTo"": 500}, {""name"": ""pot"", ""kind"": ""raise"", ""raiseTo"": 900}]","[""Fold"", ""Call 2 BB"", ""Min · 5 BB"", ""Pot · 9 BB""]",Fold,fold,,1790771538301,True,True,True,1790771538660,1790771532771,5530,359,,False,False
PlMiosUXOX3jddmqtCqgK3g7,J63QJ3U_CRExmCta3zuLuwHt,35,1,preflop,2,1,"[{""type"": ""luna_attempt"", ""handOrdinal"": 35, ""decisionOrdinal"": 2, ""street"": ""pre-flop"", ""legalButtonLabels"": [""Fold"", ""Call 0.50 BB"", ""Min · 2 BB"", ""Pot · 3 BB""], ""attemptedButtonLabel"": ""Min · 2 BB"", ""attemptedAtMs"": 1790771553698, ""lastRenderedAtMs"": 1790771548848}]","[""Kd"", ""8c""]",[],"[{""name"": ""fold"", ""kind"": ""fold"", ""raiseTo"": null}, {""name"": ""call"", ""kind"": ""call"", ""raiseTo"": null}, {""name"": ""min"", ""kind"": ""raise"", ""raiseTo"": 200}, {""name"": ""pot"", ""kind"": ""raise"", ""raiseTo"": 300}]","[""Fold"", ""Call 0.50 BB"", ""Min · 2 BB"", ""Pot · 3 BB""]",Min · 2 BB,raise,200,1790771553698,True,True,True,1790771554034,1790771548848,4850,336,,False,False
PlMiosUXOX3jddmqtCqgK3g7,J63QJ3U_CRExmCta3zuLuwHt,35,2,flop,3,1,"[{""type"": ""luna_attempt"", ""handOrdinal"": 35, ""decisionOrdinal"": 3, ""street"": ""flop"", ""legalButtonLabels"": [""Fold"", ""Call 1 BB"", ""Min · 2 BB"", ""Pot · 7 BB""], ""attemptedButtonLabel"": ""Fold"", ""attemptedAtMs"": 1790771559794, ""lastRenderedAtMs"": 1790771554170}]","[""Kd"", ""8c""]","[""5h"", ""Js"", ""9d""]","[{""name"": ""fold"", ""kind"": ""fold"", ""raiseTo"": null}, {""name"": ""call"", ""kind"": ""call"", ""raiseTo"": null}, {""name"": ""min"", ""kind"": ""raise"", ""raiseTo"": 200}, {""name"": ""pot"", ""kind"": ""raise"", ""raiseTo"": 700}]","[""Fold"", ""Call 1 BB"", ""Min · 2 BB"", ""Pot · 7 BB""]",Fold,fold,,1790771559794,True,True,True,1790771560119,1790771554170,5624,325,,False,False
PlMiosUXOX3jddmqtCqgK3g7,o8aM-zvBdbqBKLiuOXgb0jJg,36,1,preflop,2,1,"[{""type"": ""luna_attempt"", ""handOrdinal"": 36, ""decisionOrdinal"": 2, ""street"": ""pre-flop"", ""legalButtonLabels"": [""check"", ""Min · 2 BB"", ""Pot · 3 BB""], ""attemptedButtonLabel"": ""check"", ""attemptedAtMs"": 1790771570461, ""lastRenderedAtMs"": 1790771565446}]","[""5s"", ""4c""]",[],"[{""name"": ""check"", ""kind"": ""check"", ""raiseTo"": null}, {""name"": ""min"", ""kind"": ""raise"", ""raiseTo"": 200}, {""name"": ""pot"", ""kind"": ""raise"", ""raiseTo"": 300}]","[""check"", ""Min · 2 BB"", ""Pot · 3 BB""]",check,check,,1790771570461,True,True,True,1790771570714,1790771565446,5015,253,,False,False
PlMiosUXOX3jddmqtCqgK3g7,o8aM-zvBdbqBKLiuOXgb0jJg,36,2,flop,3,1,"[{""type"": ""luna_attempt"", ""handOrdinal"": 36, ""decisionOrdinal"": 3, ""street"": ""flop"", ""legalButtonLabels"": [""check"", ""Min · 1 BB"", ""Pot · 2 BB""], ""attemptedButtonLabel"": ""check"", ""attemptedAtMs"": 1790771577500, ""lastRenderedAtMs"": 1790771570804}]","[""5s"", ""4c""]","[""Th"", ""Kc"", ""9d""]","[{""name"": ""check"", ""kind"": ""check"", ""raiseTo"": null}, {""name"": ""min"", ""kind"": ""raise"", ""raiseTo"": 100}, {""name"": ""pot"", ""kind"": ""raise"", ""raiseTo"": 200}]","[""check"", ""Min · 1 BB"", ""Pot · 2 BB""]",check,check,,1790771577500,True,True,True,1790771577731,1790771570804,6696,231,,False,False
PlMiosUXOX3jddmqtCqgK3g7,o8aM-zvBdbqBKLiuOXgb0jJg,36,3,turn,4,1,"[{""type"": ""luna_attempt"", ""handOrdinal"": 36, ""decisionOrdinal"": 4, ""street"": ""turn"", ""legalButtonLabels"": [""check"", ""Min · 1 BB"", ""Pot · 2 BB""], ""attemptedButtonLabel"": ""check"", ""attemptedAtMs"": 1790771583930, ""lastRenderedAtMs"": 1790771577786}]","[""5s"", ""4c""]","[""Th"", ""Kc"", ""9d"", ""Qd""]","[{""name"": ""check"", ""kind"": ""check"", ""raiseTo"": null}, {""name"": ""min"", ""kind"": ""raise"", ""raiseTo"": 100}, {""name"": ""pot"", ""kind"": ""raise"", ""raiseTo"": 200}]","[""check"", ""Min · 1 BB"", ""Pot · 2 BB""]",check,check,,1790771583930,True,True,True,1790771584274,1790771577786,6144,344,,False,False
PlMiosUXOX3jddmqtCqgK3g7,o8aM-zvBdbqBKLiuOXgb0jJg,36,4,turn,5,1,"[{""type"": ""luna_attempt"", ""handOrdinal"": 36, ""decisionOrdinal"": 5, ""street"": ""turn"", ""legalButtonLabels"": [""Fold"", ""Call 1 BB"", ""Min · 2 BB"", ""Pot · 5 BB""], ""attemptedButtonLabel"": ""Fold"", ""attemptedAtMs"": 1790771592355, ""lastRenderedAtMs"": 1790771584367}]","[""5s"", ""4c""]","[""Th"", ""Kc"", ""9d"", ""Qd""]","[{""name"": ""fold"", ""kind"": ""fold"", ""raiseTo"": null}, {""name"": ""call"", ""kind"": ""call"", ""raiseTo"": null}, {""name"": ""min"", ""kind"": ""raise"", ""raiseTo"": 200}, {""name"": ""pot"", ""kind"": ""raise"", ""raiseTo"": 500}]","[""Fold"", ""Call 1 BB"", ""Min · 2 BB"", ""Pot · 5 BB""]",Fold,fold,,1790771592355,True,True,True,1790771592574,1790771584367,7988,219,,False,False
PlMiosUXOX3jddmqtCqgK3g7,7kpOfFw0Y0txahbjgy9p9_Qo,37,1,preflop,2,1,"[{""type"": ""luna_attempt"", ""handOrdinal"": 37, ""decisionOrdinal"": 2, ""street"": ""pre-flop"", ""legalButtonLabels"": [""Fold"", ""Call 0.50 BB"", ""Min · 2 BB"", ""Pot · 3 BB""], ""attemptedButtonLabel"": ""Fold"", ""attemptedAtMs"": 1790771604809, ""lastRenderedAtMs"": 1790771597829}]","[""5s"", ""9c""]",[],"[{""name"": ""fold"", ""kind"": ""fold"", ""raiseTo"": null}, {""name"": ""call"", ""kind"": ""call"", ""raiseTo"": null}, {""name"": ""min"", ""kind"": ""raise"", ""raiseTo"": 200}, {""name"": ""pot"", ""kind"": ""raise"", ""raiseTo"": 300}]","[""Fold"", ""Call 0.50 BB"", ""Min · 2 BB"", ""Pot · 3 BB""]",Fold,fold,,1790771604809,True,True,True,1790771605126,1790771597829,6980,317,,False,False
PlMiosUXOX3jddmqtCqgK3g7,EzATEN6bBrpGlIAFlYBaTA5d,38,1,preflop,2,1,"[{""type"": ""luna_attempt"", ""handOrdinal"": 38, ""decisionOrdinal"": 2, ""street"": ""pre-flop"", ""legalButtonLabels"": [""Fold"", ""Call 1 BB"", ""Min · 3 BB"", ""Pot · 6 BB""], ""attemptedButtonLabel"": ""Fold"", ""attemptedAtMs"": 1790771616251, ""lastRenderedAtMs"": 1790771610169}]","[""6s"", ""4c""]",[],"[{""name"": ""fold"", ""kind"": ""fold"", ""raiseTo"": null}, {""name"": ""call"", ""kind"": ""call"", ""raiseTo"": null}, {""name"": ""min"", ""kind"": ""raise"", ""raiseTo"": 300}, {""name"": ""pot"", ""kind"": ""raise"", ""raiseTo"": 600}]","[""Fold"", ""Call 1 BB"", ""Min · 3 BB"", ""Pot · 6 BB""]",Fold,fold,,1790771616251,True,True,True,1790771616453,1790771610169,6082,202,,False,False
PlMiosUXOX3jddmqtCqgK3g7,yUkhQxwXJEO5voUHJ9lVmWT0,39,1,preflop,2,1,"[{""type"": ""luna_attempt"", ""handOrdinal"": 39, ""decisionOrdinal"": 2, ""street"": ""pre-flop"", ""legalButtonLabels"": [""Fold"", ""Call 0.50 BB"", ""Min · 2 BB"", ""Pot · 3 BB""], ""attemptedButtonLabel"": ""Min · 2 BB"", ""attemptedAtMs"": 1790771628046, ""lastRenderedAtMs"": 1790771623016}]","[""5h"", ""5c""]",[],"[{""name"": ""fold"", ""kind"": ""fold"", ""raiseTo"": null}, {""name"": ""call"", ""kind"": ""call"", ""raiseTo"": null}, {""name"": ""min"", ""kind"": ""raise"", ""raiseTo"": 200}, {""name"": ""pot"", ""kind"": ""raise"", ""raiseTo"": 300}]","[""Fold"", ""Call 0.50 BB"", ""Min · 2 BB"", ""Pot · 3 BB""]",Min · 2 BB,raise,200,1790771628046,True,True,True,1790771628400,1790771623016,5030,354,,False,False
PlMiosUXOX3jddmqtCqgK3g7,yUkhQxwXJEO5voUHJ9lVmWT0,39,2,preflop,3,1,"[{""type"": ""luna_attempt"", ""handOrdinal"": 39, ""decisionOrdinal"": 3, ""street"": ""pre-flop"", ""legalButtonLabels"": [""Fold"", ""Call 1 BB"", ""Min · 4 BB"", ""Pot · 9 BB""], ""attemptedButtonLabel"": ""Call 1 BB"", ""attemptedAtMs"": 1790771633451, ""lastRenderedAtMs"": 1790771628449}]","[""5h"", ""5c""]",[],"[{""name"": ""fold"", ""kind"": ""fold"", ""raiseTo"": null}, {""name"": ""call"", ""kind"": ""call"", ""raiseTo"": null}, {""name"": ""min"", ""kind"": ""raise"", ""raiseTo"": 400}, {""name"": ""pot"", ""kind"": ""raise"", ""raiseTo"": 900}]","[""Fold"", ""Call 1 BB"", ""Min · 4 BB"", ""Pot · 9 BB""]",Call 1 BB,call,,1790771633451,True,True,True,1790771633764,1790771628449,5002,313,,False,False
PlMiosUXOX3jddmqtCqgK3g7,yUkhQxwXJEO5voUHJ9lVmWT0,39,3,flop,4,1,"[{""type"": ""luna_attempt"", ""handOrdinal"": 39, ""decisionOrdinal"": 4, ""street"": ""flop"", ""legalButtonLabels"": [""Fold"", ""Call 1 BB"", ""Min · 2 BB"", ""Pot · 9 BB"", ""Jam · 17 BB""], ""attemptedButtonLabel"": ""Min · 2 BB"", ""attemptedAtMs"": 1790771641550, ""lastRenderedAtMs"": 1790771633850}]","[""5h"", ""5c""]","[""Kc"", ""5d"", ""7c""]","[{""name"": ""fold"", ""kind"": ""fold"", ""raiseTo"": null}, {""name"": ""call"", ""kind"": ""call"", ""raiseTo"": null}, {""name"": ""min"", ""kind"": ""raise"", ""raiseTo"": 200}, {""name"": ""pot"", ""kind"": ""raise"", ""raiseTo"": 900}, {""name"": ""jam"", ""kind"": ""raise"", ""raiseTo"": 1700}]","[""Fold"", ""Call 1 BB"", ""Min · 2 BB"", ""Pot · 9 BB"", ""Jam · 17 BB""]",Min · 2 BB,raise,200,1790771641550,True,True,True,1790771641797,1790771633850,7700,247,,False,False
PlMiosUXOX3jddmqtCqgK3g7,yUkhQxwXJEO5voUHJ9lVmWT0,39,4,flop,5,1,"[{""type"": ""luna_attempt"", ""handOrdinal"": 39, ""decisionOrdinal"": 5, ""street"": ""flop"", ""legalButtonLabels"": [""Fold"", ""Call 1 BB"", ""Min · 4 BB"", ""Pot · 15 BB""], ""attemptedButtonLabel"": ""Call 1 BB"", ""attemptedAtMs"": 1790771648925, ""lastRenderedAtMs"": 1790771641841}]","[""5h"", ""5c""]","[""Kc"", ""5d"", ""7c""]","[{""name"": ""fold"", ""kind"": ""fold"", ""raiseTo"": null}, {""name"": ""call"", ""kind"": ""call"", ""raiseTo"": null}, {""name"": ""min"", ""kind"": ""raise"", ""raiseTo"": 400}, {""name"": ""pot"", ""kind"": ""raise"", ""raiseTo"": 1500}, {""name"": ""jam"", ""kind"": ""raise"", ""raiseTo"": 1700}]","[""Fold"", ""Call 1 BB"", ""Min · 4 BB"", ""Pot · 15 BB""]",Call 1 BB,call,,1790771648925,True,True,True,1790771649175,1790771641841,7084,250,,False,False
PlMiosUXOX3jddmqtCqgK3g7,yUkhQxwXJEO5voUHJ9lVmWT0,39,5,turn,6,1,"[{""type"": ""luna_attempt"", ""handOrdinal"": 39, ""decisionOrdinal"": 6, ""street"": ""turn"", ""legalButtonLabels"": [""Fold"", ""Call 14 BB""], ""attemptedButtonLabel"": ""Call 14 BB"", ""attemptedAtMs"": 1790771655430, ""lastRenderedAtMs"": 1790771649264}]","[""5h"", ""5c""]","[""Kc"", ""5d"", ""7c"", ""2s""]","[{""name"": ""fold"", ""kind"": ""fold"", ""raiseTo"": null}, {""name"": ""call"", ""kind"": ""call"", ""raiseTo"": null}]","[""Fold"", ""Call 14 BB""]",Call 14 BB,call,,1790771655430,True,True,True,1790771655760,1790771649264,6166,330,,False,False
PlMiosUXOX3jddmqtCqgK3g7,KY2lioUuHvqJr4dbWhrD-92F,41,1,preflop,2,1,"[{""type"": ""luna_attempt"", ""handOrdinal"": 41, ""decisionOrdinal"": 2, ""street"": ""pre-flop"", ""legalButtonLabels"": [""Fold"", ""Call 0.50 BB"", ""Min · 2 BB"", ""Pot · 3 BB""], ""attemptedButtonLabel"": ""Pot · 3 BB"", ""attemptedAtMs"": 1790771674960, ""lastRenderedAtMs"": 1790771669196}]","[""Ac"", ""Kc""]",[],"[{""name"": ""fold"", ""kind"": ""fold"", ""raiseTo"": null}, {""name"": ""call"", ""kind"": ""call"", ""raiseTo"": null}, {""name"": ""min"", ""kind"": ""raise"", ""raiseTo"": 200}, {""name"": ""pot"", ""kind"": ""raise"", ""raiseTo"": 300}]","[""Fold"", ""Call 0.50 BB"", ""Min · 2 BB"", ""Pot · 3 BB""]",Pot · 3 BB,raise,300,1790771674960,True,True,True,1790771675203,1790771669196,5764,243,,False,False
PlMiosUXOX3jddmqtCqgK3g7,KY2lioUuHvqJr4dbWhrD-92F,41,2,preflop,3,1,"[{""type"": ""luna_attempt"", ""handOrdinal"": 41, ""decisionOrdinal"": 3, ""street"": ""pre-flop"", ""legalButtonLabels"": [""Fold"", ""Call 2 BB"", ""Min · 7 BB"", ""Pot · 15 BB"", ""Jam · 20 BB""], ""attemptedButtonLabel"": ""Call 2 BB"", ""attemptedAtMs"": 1790771681038, ""lastRenderedAtMs"": 1790771675293}]","[""Ac"", ""Kc""]",[],"[{""name"": ""fold"", ""kind"": ""fold"", ""raiseTo"": null}, {""name"": ""call"", ""kind"": ""call"", ""raiseTo"": null}, {""name"": ""min"", ""kind"": ""raise"", ""raiseTo"": 700}, {""name"": ""pot"", ""kind"": ""raise"", ""raiseTo"": 1500}, {""name"": ""jam"", ""kind"": ""raise"", ""raiseTo"": 2000}]","[""Fold"", ""Call 2 BB"", ""Min · 7 BB"", ""Pot · 15 BB"", ""Jam · 20 BB""]",Call 2 BB,call,,1790771681038,True,True,True,1790771681388,1790771675293,5745,350,,False,False
PlMiosUXOX3jddmqtCqgK3g7,KY2lioUuHvqJr4dbWhrD-92F,41,3,flop,4,1,"[{""type"": ""luna_attempt"", ""handOrdinal"": 41, ""decisionOrdinal"": 4, ""street"": ""flop"", ""legalButtonLabels"": [""Fold"", ""Call 10 BB"", ""Min · 15 BB""], ""attemptedButtonLabel"": ""Call 10 BB"", ""attemptedAtMs"": 1790771689017, ""lastRenderedAtMs"": 1790771681468}]","[""Ac"", ""Kc""]","[""Ks"", ""Jh"", ""Ah""]","[{""name"": ""fold"", ""kind"": ""fold"", ""raiseTo"": null}, {""name"": ""call"", ""kind"": ""call"", ""raiseTo"": null}, {""name"": ""min"", ""kind"": ""raise"", ""raiseTo"": 1500}]","[""Fold"", ""Call 10 BB"", ""Min · 15 BB""]",Call 10 BB,call,,1790771689017,True,True,True,1790771689301,1790771681468,7549,284,,False,False
PlMiosUXOX3jddmqtCqgK3g7,KY2lioUuHvqJr4dbWhrD-92F,41,4,turn,5,1,"[{""type"": ""luna_attempt"", ""handOrdinal"": 41, ""decisionOrdinal"": 5, ""street"": ""turn"", ""legalButtonLabels"": [""Fold"", ""Call 5 BB""], ""attemptedButtonLabel"": ""Call 5 BB"", ""attemptedAtMs"": 1790771695491, ""lastRenderedAtMs"": 1790771689361}]","[""Ac"", ""Kc""]","[""Ks"", ""Jh"", ""Ah"", ""3h""]","[{""name"": ""fold"", ""kind"": ""fold"", ""raiseTo"": null}, {""name"": ""call"", ""kind"": ""call"", ""raiseTo"": null}]","[""Fold"", ""Call 5 BB""]",Call 5 BB,call,,1790771695491,True,True,True,1790771695844,1790771689361,6130,353,,False,False
PlMiosUXOX3jddmqtCqgK3g7,3qzSIcAMEysN4uNNaBp5ncN-,42,1,preflop,2,1,"[{""type"": ""luna_attempt"", ""handOrdinal"": 42, ""decisionOrdinal"": 2, ""street"": ""pre-flop"", ""legalButtonLabels"": [""check"", ""Min · 2 BB"", ""Pot · 3 BB""], ""attemptedButtonLabel"": ""check"", ""attemptedAtMs"": 1790771707810, ""lastRenderedAtMs"": 1790771701499}]","[""4h"", ""Ts""]",[],"[{""name"": ""check"", ""kind"": ""check"", ""raiseTo"": null}, {""name"": ""min"", ""kind"": ""raise"", ""raiseTo"": 200}, {""name"": ""pot"", ""kind"": ""raise"", ""raiseTo"": 300}]","[""check"", ""Min · 2 BB"", ""Pot · 3 BB""]",check,check,,1790771707810,True,True,True,1790771708170,1790771701499,6311,360,,False,False
PlMiosUXOX3jddmqtCqgK3g7,3qzSIcAMEysN4uNNaBp5ncN-,42,2,flop,3,1,"[{""type"": ""luna_attempt"", ""handOrdinal"": 42, ""decisionOrdinal"": 3, ""street"": ""flop"", ""legalButtonLabels"": [""check"", ""Min · 1 BB"", ""Pot · 2 BB""], ""attemptedButtonLabel"": ""check"", ""attemptedAtMs"": 1790771714995, ""lastRenderedAtMs"": 1790771708279}]","[""4h"", ""Ts""]","[""6d"", ""7h"", ""7d""]","[{""name"": ""check"", ""kind"": ""check"", ""raiseTo"": null}, {""name"": ""min"", ""kind"": ""raise"", ""raiseTo"": 100}, {""name"": ""pot"", ""kind"": ""raise"", ""raiseTo"": 200}]","[""check"", ""Min · 1 BB"", ""Pot · 2 BB""]",check,check,,1790771714995,True,True,True,1790771715378,1790771708279,6716,383,,False,False
PlMiosUXOX3jddmqtCqgK3g7,3qzSIcAMEysN4uNNaBp5ncN-,42,3,flop,4,1,"[{""type"": ""luna_attempt"", ""handOrdinal"": 42, ""decisionOrdinal"": 4, ""street"": ""flop"", ""legalButtonLabels"": [""Fold"", ""Call 2 BB"", ""Min · 4 BB"", ""Pot · 8 BB""], ""attemptedButtonLabel"": ""Fold"", ""attemptedAtMs"": 1790771722840, ""lastRenderedAtMs"": 1790771715465}]","[""4h"", ""Ts""]","[""6d"", ""7h"", ""7d""]","[{""name"": ""fold"", ""kind"": ""fold"", ""raiseTo"": null}, {""name"": ""call"", ""kind"": ""call"", ""raiseTo"": null}, {""name"": ""min"", ""kind"": ""raise"", ""raiseTo"": 400}, {""name"": ""pot"", ""kind"": ""raise"", ""raiseTo"": 800}]","[""Fold"", ""Call 2 BB"", ""Min · 4 BB"", ""Pot · 8 BB""]",Fold,fold,,1790771722840,True,True,True,1790771723079,1790771715465,7375,239,,False,False
PlMiosUXOX3jddmqtCqgK3g7,vkS3F3fAdm5f-PGfeY3Ot1sn,43,1,preflop,2,1,"[{""type"": ""luna_attempt"", ""handOrdinal"": 43, ""decisionOrdinal"": 2, ""street"": ""pre-flop"", ""legalButtonLabels"": [""Fold"", ""Call 0.50 BB"", ""Min · 2 BB"", ""Pot · 3 BB""], ""attemptedButtonLabel"": ""Min · 2 BB"", ""attemptedAtMs"": 1790771736493, ""lastRenderedAtMs"": 1790771730860}]","[""Kd"", ""2s""]",[],"[{""name"": ""fold"", ""kind"": ""fold"", ""raiseTo"": null}, {""name"": ""call"", ""kind"": ""call"", ""raiseTo"": null}, {""name"": ""min"", ""kind"": ""raise"", ""raiseTo"": 200}, {""name"": ""pot"", ""kind"": ""raise"", ""raiseTo"": 300}]","[""Fold"", ""Call 0.50 BB"", ""Min · 2 BB"", ""Pot · 3 BB""]",Min · 2 BB,raise,200,1790771736493,True,True,True,1790771736784,1790771730860,5633,291,,False,False
PlMiosUXOX3jddmqtCqgK3g7,vkS3F3fAdm5f-PGfeY3Ot1sn,43,2,preflop,3,1,"[{""type"": ""luna_attempt"", ""handOrdinal"": 43, ""decisionOrdinal"": 3, ""street"": ""pre-flop"", ""legalButtonLabels"": [""Fold"", ""Call 1 BB"", ""Min · 4 BB"", ""Pot · 9 BB""], ""attemptedButtonLabel"": ""Fold"", ""attemptedAtMs"": 1790771743968, ""lastRenderedAtMs"": 1790771736859}]","[""Kd"", ""2s""]",[],"[{""name"": ""fold"", ""kind"": ""fold"", ""raiseTo"": null}, {""name"": ""call"", ""kind"": ""call"", ""raiseTo"": null}, {""name"": ""min"", ""kind"": ""raise"", ""raiseTo"": 400}, {""name"": ""pot"", ""kind"": ""raise"", ""raiseTo"": 900}]","[""Fold"", ""Call 1 BB"", ""Min · 4 BB"", ""Pot · 9 BB""]",Fold,fold,,1790771743968,True,True,True,1790771744184,1790771736859,7109,216,,False,False
PlMiosUXOX3jddmqtCqgK3g7,iEoTw0C9Nuvp2hEsgMYAbi85,44,1,preflop,2,1,"[{""type"": ""luna_attempt"", ""handOrdinal"": 44, ""decisionOrdinal"": 2, ""street"": ""pre-flop"", ""legalButtonLabels"": [""Fold"", ""Call 2 BB"", ""Min · 5 BB"", ""Pot · 9 BB""], ""attemptedButtonLabel"": ""Call 2 BB"", ""attemptedAtMs"": 1790771755957, ""lastRenderedAtMs"": 1790771750609}]","[""6c"", ""9c""]",[],"[{""name"": ""fold"", ""kind"": ""fold"", ""raiseTo"": null}, {""name"": ""call"", ""kind"": ""call"", ""raiseTo"": null}, {""name"": ""min"", ""kind"": ""raise"", ""raiseTo"": 500}, {""name"": ""pot"", ""kind"": ""raise"", ""raiseTo"": 900}]","[""Fold"", ""Call 2 BB"", ""Min · 5 BB"", ""Pot · 9 BB""]",Call 2 BB,call,,1790771755957,True,True,True,1790771756324,1790771750609,5348,367,,False,False
PlMiosUXOX3jddmqtCqgK3g7,iEoTw0C9Nuvp2hEsgMYAbi85,44,2,flop,3,1,"[{""type"": ""luna_attempt"", ""handOrdinal"": 44, ""decisionOrdinal"": 3, ""street"": ""flop"", ""legalButtonLabels"": [""check"", ""Min · 1 BB"", ""Pot · 6 BB""], ""attemptedButtonLabel"": ""check"", ""attemptedAtMs"": 1790771761821, ""lastRenderedAtMs"": 1790771756394}]","[""6c"", ""9c""]","[""Ah"", ""Jd"", ""Qh""]","[{""name"": ""check"", ""kind"": ""check"", ""raiseTo"": null}, {""name"": ""min"", ""kind"": ""raise"", ""raiseTo"": 100}, {""name"": ""pot"", ""kind"": ""raise"", ""raiseTo"": 600}]","[""check"", ""Min · 1 BB"", ""Pot · 6 BB""]",check,check,,1790771761821,True,True,True,1790771762173,1790771756394,5427,352,,False,False
PlMiosUXOX3jddmqtCqgK3g7,iEoTw0C9Nuvp2hEsgMYAbi85,44,3,turn,4,1,"[{""type"": ""luna_attempt"", ""handOrdinal"": 44, ""decisionOrdinal"": 4, ""street"": ""turn"", ""legalButtonLabels"": [""check"", ""Min · 1 BB"", ""Pot · 6 BB""], ""attemptedButtonLabel"": ""check"", ""attemptedAtMs"": 1790771768805, ""lastRenderedAtMs"": 1790771762253}]","[""6c"", ""9c""]","[""Ah"", ""Jd"", ""Qh"", ""Jh""]","[{""name"": ""check"", ""kind"": ""check"", ""raiseTo"": null}, {""name"": ""min"", ""kind"": ""raise"", ""raiseTo"": 100}, {""name"": ""pot"", ""kind"": ""raise"", ""raiseTo"": 600}]","[""check"", ""Min · 1 BB"", ""Pot · 6 BB""]",check,check,,1790771768805,True,True,True,1790771769156,1790771762253,6552,351,,False,False
PlMiosUXOX3jddmqtCqgK3g7,iEoTw0C9Nuvp2hEsgMYAbi85,44,4,turn,5,1,"[{""type"": ""luna_attempt"", ""handOrdinal"": 44, ""decisionOrdinal"": 5, ""street"": ""turn"", ""legalButtonLabels"": [""Fold"", ""Call 1 BB"", ""Min · 2 BB"", ""Pot · 9 BB"", ""Jam · 17 BB""], ""attemptedButtonLabel"": ""Fold"", ""attemptedAtMs"": 1790771774775, ""lastRenderedAtMs"": 1790771769239}]","[""6c"", ""9c""]","[""Ah"", ""Jd"", ""Qh"", ""Jh""]","[{""name"": ""fold"", ""kind"": ""fold"", ""raiseTo"": null}, {""name"": ""call"", ""kind"": ""call"", ""raiseTo"": null}, {""name"": ""min"", ""kind"": ""raise"", ""raiseTo"": 200}, {""name"": ""pot"", ""kind"": ""raise"", ""raiseTo"": 900}, {""name"": ""jam"", ""kind"": ""raise"", ""raiseTo"": 1700}]","[""Fold"", ""Call 1 BB"", ""Min · 2 BB"", ""Pot · 9 BB"", ""Jam · 17 BB""]",Fold,fold,,1790771774775,True,True,True,1790771775183,1790771769239,5536,408,,False,False
PlMiosUXOX3jddmqtCqgK3g7,Ns87ObgJXEr4MUEZ_yZR2K19,45,1,preflop,2,1,"[{""type"": ""luna_attempt"", ""handOrdinal"": 45, ""decisionOrdinal"": 2, ""street"": ""pre-flop"", ""legalButtonLabels"": [""Fold"", ""Call 0.50 BB"", ""Min · 2 BB"", ""Pot · 3 BB""], ""attemptedButtonLabel"": ""Pot · 3 BB"", ""attemptedAtMs"": 1790771787210, ""lastRenderedAtMs"": 1790771780770}]","[""Js"", ""9s""]",[],"[{""name"": ""fold"", ""kind"": ""fold"", ""raiseTo"": null}, {""name"": ""call"", ""kind"": ""call"", ""raiseTo"": null}, {""name"": ""min"", ""kind"": ""raise"", ""raiseTo"": 200}, {""name"": ""pot"", ""kind"": ""raise"", ""raiseTo"": 300}]","[""Fold"", ""Call 0.50 BB"", ""Min · 2 BB"", ""Pot · 3 BB""]",Pot · 3 BB,raise,300,1790771787210,True,True,True,1790771787498,1790771780770,6440,288,,False,False
PlMiosUXOX3jddmqtCqgK3g7,Ns87ObgJXEr4MUEZ_yZR2K19,45,2,flop,3,1,"[{""type"": ""luna_attempt"", ""handOrdinal"": 45, ""decisionOrdinal"": 3, ""street"": ""flop"", ""legalButtonLabels"": [""check"", ""Min · 1 BB"", ""Pot · 6 BB""], ""attemptedButtonLabel"": ""Min · 1 BB"", ""attemptedAtMs"": 1790771793354, ""lastRenderedAtMs"": 1790771787586}]","[""Js"", ""9s""]","[""2s"", ""Kh"", ""9c""]","[{""name"": ""check"", ""kind"": ""check"", ""raiseTo"": null}, {""name"": ""min"", ""kind"": ""raise"", ""raiseTo"": 100}, {""name"": ""pot"", ""kind"": ""raise"", ""raiseTo"": 600}]","[""check"", ""Min · 1 BB"", ""Pot · 6 BB""]",Min · 1 BB,raise,100,1790771793354,True,True,True,1790771793651,1790771787586,5768,297,,False,False
PlMiosUXOX3jddmqtCqgK3g7,Ns87ObgJXEr4MUEZ_yZR2K19,45,3,turn,4,1,"[{""type"": ""luna_attempt"", ""handOrdinal"": 45, ""decisionOrdinal"": 4, ""street"": ""turn"", ""legalButtonLabels"": [""check"", ""Min · 1 BB"", ""Pot · 8 BB""], ""attemptedButtonLabel"": ""check"", ""attemptedAtMs"": 1790771802764, ""lastRenderedAtMs"": 1790771795414}]","[""Js"", ""9s""]","[""2s"", ""Kh"", ""9c"", ""2d""]","[{""name"": ""check"", ""kind"": ""check"", ""raiseTo"": null}, {""name"": ""min"", ""kind"": ""raise"", ""raiseTo"": 100}, {""name"": ""pot"", ""kind"": ""raise"", ""raiseTo"": 800}, {""name"": ""jam"", ""kind"": ""raise"", ""raiseTo"": 1600}]","[""check"", ""Min · 1 BB"", ""Pot · 8 BB""]",check,check,,1790771802764,True,True,True,1790771802995,1790771795414,7350,231,,False,False
PlMiosUXOX3jddmqtCqgK3g7,Ns87ObgJXEr4MUEZ_yZR2K19,45,4,river,5,1,"[{""type"": ""luna_attempt"", ""handOrdinal"": 45, ""decisionOrdinal"": 5, ""street"": ""river"", ""legalButtonLabels"": [""check"", ""Min · 1 BB"", ""Pot · 8 BB""], ""attemptedButtonLabel"": ""check"", ""attemptedAtMs"": 1790771809581, ""lastRenderedAtMs"": 1790771803045}]","[""Js"", ""9s""]","[""2s"", ""Kh"", ""9c"", ""2d"", ""8h""]","[{""name"": ""check"", ""kind"": ""check"", ""raiseTo"": null}, {""name"": ""min"", ""kind"": ""raise"", ""raiseTo"": 100}, {""name"": ""pot"", ""kind"": ""raise"", ""raiseTo"": 800}, {""name"": ""jam"", ""kind"": ""raise"", ""raiseTo"": 1600}]","[""check"", ""Min · 1 BB"", ""Pot · 8 BB""]",check,check,,1790771809581,True,True,True,1790771809967,1790771803045,6536,386,,False,False
PlMiosUXOX3jddmqtCqgK3g7,U_9BfHf-ZyiyBxVf-dChvGKl,46,1,preflop,2,1,"[{""type"": ""luna_attempt"", ""handOrdinal"": 46, ""decisionOrdinal"": 2, ""street"": ""pre-flop"", ""legalButtonLabels"": [""Fold"", ""Call 1 BB"", ""Min · 3 BB"", ""Pot · 6 BB""], ""attemptedButtonLabel"": ""Call 1 BB"", ""attemptedAtMs"": 1790771823597, ""lastRenderedAtMs"": 1790771817561}]","[""Qs"", ""6s""]",[],"[{""name"": ""fold"", ""kind"": ""fold"", ""raiseTo"": null}, {""name"": ""call"", ""kind"": ""call"", ""raiseTo"": null}, {""name"": ""min"", ""kind"": ""raise"", ""raiseTo"": 300}, {""name"": ""pot"", ""kind"": ""raise"", ""raiseTo"": 600}]","[""Fold"", ""Call 1 BB"", ""Min · 3 BB"", ""Pot · 6 BB""]",Call 1 BB,call,,1790771823597,True,True,True,1790771823948,1790771817561,6036,351,,False,False
PlMiosUXOX3jddmqtCqgK3g7,U_9BfHf-ZyiyBxVf-dChvGKl,46,2,flop,3,1,"[{""type"": ""luna_attempt"", ""handOrdinal"": 46, ""decisionOrdinal"": 3, ""street"": ""flop"", ""legalButtonLabels"": [""check"", ""Min · 1 BB"", ""Pot · 4 BB""], ""attemptedButtonLabel"": ""check"", ""attemptedAtMs"": 1790771831532, ""lastRenderedAtMs"": 1790771824013}]","[""Qs"", ""6s""]","[""Qd"", ""8d"", ""9c""]","[{""name"": ""check"", ""kind"": ""check"", ""raiseTo"": null}, {""name"": ""min"", ""kind"": ""raise"", ""raiseTo"": 100}, {""name"": ""pot"", ""kind"": ""raise"", ""raiseTo"": 400}]","[""check"", ""Min · 1 BB"", ""Pot · 4 BB""]",check,check,,1790771831532,True,True,True,1790771831903,1790771824013,7519,371,,False,False
PlMiosUXOX3jddmqtCqgK3g7,U_9BfHf-ZyiyBxVf-dChvGKl,46,3,turn,4,1,"[{""type"": ""luna_attempt"", ""handOrdinal"": 46, ""decisionOrdinal"": 4, ""street"": ""turn"", ""legalButtonLabels"": [""check"", ""Min · 1 BB"", ""Pot · 4 BB""], ""attemptedButtonLabel"": ""Min · 1 BB"", ""attemptedAtMs"": 1790771838169, ""lastRenderedAtMs"": 1790771832018}]","[""Qs"", ""6s""]","[""Qd"", ""8d"", ""9c"", ""6h""]","[{""name"": ""check"", ""kind"": ""check"", ""raiseTo"": null}, {""name"": ""min"", ""kind"": ""raise"", ""raiseTo"": 100}, {""name"": ""pot"", ""kind"": ""raise"", ""raiseTo"": 400}]","[""check"", ""Min · 1 BB"", ""Pot · 4 BB""]",Min · 1 BB,raise,100,1790771838169,True,True,True,1790771838514,1790771832018,6151,345,,False,False
PlMiosUXOX3jddmqtCqgK3g7,U_9BfHf-ZyiyBxVf-dChvGKl,46,4,river,5,1,"[{""type"": ""luna_attempt"", ""handOrdinal"": 46, ""decisionOrdinal"": 5, ""street"": ""river"", ""legalButtonLabels"": [""check"", ""Min · 1 BB"", ""Pot · 6 BB""], ""attemptedButtonLabel"": ""Min · 1 BB"", ""attemptedAtMs"": 1790771844650, ""lastRenderedAtMs"": 1790771838595}]","[""Qs"", ""6s""]","[""Qd"", ""8d"", ""9c"", ""6h"", ""Qh""]","[{""name"": ""check"", ""kind"": ""check"", ""raiseTo"": null}, {""name"": ""min"", ""kind"": ""raise"", ""raiseTo"": 100}, {""name"": ""pot"", ""kind"": ""raise"", ""raiseTo"": 600}]","[""check"", ""Min · 1 BB"", ""Pot · 6 BB""]",Min · 1 BB,raise,100,1790771844650,True,True,True,1790771845054,1790771838595,6055,404,,False,False
PlMiosUXOX3jddmqtCqgK3g7,U_9BfHf-ZyiyBxVf-dChvGKl,46,5,river,6,1,"[{""type"": ""luna_attempt"", ""handOrdinal"": 46, ""decisionOrdinal"": 6, ""street"": ""river"", ""legalButtonLabels"": [""Fold"", ""Call 16 BB""], ""attemptedButtonLabel"": ""Call 16 BB"", ""attemptedAtMs"": 1790771854493, ""lastRenderedAtMs"": 1790771846799}]","[""Qs"", ""6s""]","[""Qd"", ""8d"", ""9c"", ""6h"", ""Qh""]","[{""name"": ""fold"", ""kind"": ""fold"", ""raiseTo"": null}, {""name"": ""call"", ""kind"": ""call"", ""raiseTo"": null}]","[""Fold"", ""Call 16 BB""]",Call 16 BB,call,,1790771854493,True,True,True,1790771854824,1790771846799,7694,331,,False,False
PlMiosUXOX3jddmqtCqgK3g7,QEv6EwTYXhWGRP6Fw4UEwBWN,47,1,preflop,2,1,"[{""type"": ""luna_attempt"", ""handOrdinal"": 47, ""decisionOrdinal"": 2, ""street"": ""pre-flop"", ""legalButtonLabels"": [""Fold"", ""Call 0.50 BB"", ""Min · 2 BB"", ""Pot · 3 BB""], ""attemptedButtonLabel"": ""Fold"", ""attemptedAtMs"": 1790771867250, ""lastRenderedAtMs"": 1790771860666}]","[""5s"", ""2h""]",[],"[{""name"": ""fold"", ""kind"": ""fold"", ""raiseTo"": null}, {""name"": ""call"", ""kind"": ""call"", ""raiseTo"": null}, {""name"": ""min"", ""kind"": ""raise"", ""raiseTo"": 200}, {""name"": ""pot"", ""kind"": ""raise"", ""raiseTo"": 300}]","[""Fold"", ""Call 0.50 BB"", ""Min · 2 BB"", ""Pot · 3 BB""]",Fold,fold,,1790771867250,True,True,True,1790771867465,1790771860666,6584,215,,False,False
PlMiosUXOX3jddmqtCqgK3g7,2oXYJNrm_m-lESiVY86gk6GX,48,1,preflop,2,1,"[{""type"": ""luna_attempt"", ""handOrdinal"": 48, ""decisionOrdinal"": 2, ""street"": ""pre-flop"", ""legalButtonLabels"": [""Fold"", ""Call 1 BB"", ""Min · 3 BB"", ""Pot · 6 BB""], ""attemptedButtonLabel"": ""Call 1 BB"", ""attemptedAtMs"": 1790771879038, ""lastRenderedAtMs"": 1790771873112}]","[""7c"", ""8c""]",[],"[{""name"": ""fold"", ""kind"": ""fold"", ""raiseTo"": null}, {""name"": ""call"", ""kind"": ""call"", ""raiseTo"": null}, {""name"": ""min"", ""kind"": ""raise"", ""raiseTo"": 300}, {""name"": ""pot"", ""kind"": ""raise"", ""raiseTo"": 600}]","[""Fold"", ""Call 1 BB"", ""Min · 3 BB"", ""Pot · 6 BB""]",Call 1 BB,call,,1790771879038,True,True,True,1790771879412,1790771873112,5926,374,,False,False
PlMiosUXOX3jddmqtCqgK3g7,2oXYJNrm_m-lESiVY86gk6GX,48,2,flop,3,1,"[{""type"": ""luna_attempt"", ""handOrdinal"": 48, ""decisionOrdinal"": 3, ""street"": ""flop"", ""legalButtonLabels"": [""check"", ""Min · 1 BB"", ""Pot · 4 BB""], ""attemptedButtonLabel"": ""check"", ""attemptedAtMs"": 1790771889336, ""lastRenderedAtMs"": 1790771879485}]","[""7c"", ""8c""]","[""7s"", ""Jh"", ""Qs""]","[{""name"": ""check"", ""kind"": ""check"", ""raiseTo"": null}, {""name"": ""min"", ""kind"": ""raise"", ""raiseTo"": 100}, {""name"": ""pot"", ""kind"": ""raise"", ""raiseTo"": 400}]","[""check"", ""Min · 1 BB"", ""Pot · 4 BB""]",check,check,,1790771889336,True,True,True,1790771889721,1790771879485,9851,385,,False,False
PlMiosUXOX3jddmqtCqgK3g7,2oXYJNrm_m-lESiVY86gk6GX,48,3,flop,4,1,"[{""type"": ""luna_attempt"", ""handOrdinal"": 48, ""decisionOrdinal"": 4, ""street"": ""flop"", ""legalButtonLabels"": [""Fold"", ""Call 4 BB"", ""Min · 8 BB"", ""Pot · 16 BB"", ""Jam · 18 BB""], ""attemptedButtonLabel"": ""Fold"", ""attemptedAtMs"": 1790771895496, ""lastRenderedAtMs"": 1790771889801}]","[""7c"", ""8c""]","[""7s"", ""Jh"", ""Qs""]","[{""name"": ""fold"", ""kind"": ""fold"", ""raiseTo"": null}, {""name"": ""call"", ""kind"": ""call"", ""raiseTo"": null}, {""name"": ""min"", ""kind"": ""raise"", ""raiseTo"": 800}, {""name"": ""pot"", ""kind"": ""raise"", ""raiseTo"": 1600}, {""name"": ""jam"", ""kind"": ""raise"", ""raiseTo"": 1800}]","[""Fold"", ""Call 4 BB"", ""Min · 8 BB"", ""Pot · 16 BB"", ""Jam · 18 BB""]",Fold,fold,,1790771895496,True,True,True,1790771895881,1790771889801,5695,385,,False,False
PlMiosUXOX3jddmqtCqgK3g7,j0MAzNaCOH54-qOq-8eM5rpO,49,1,preflop,2,1,"[{""type"": ""luna_attempt"", ""handOrdinal"": 49, ""decisionOrdinal"": 2, ""street"": ""pre-flop"", ""legalButtonLabels"": [""Fold"", ""Call 0.50 BB"", ""Min · 2 BB"", ""Pot · 3 BB""], ""attemptedButtonLabel"": ""Call 0.50 BB"", ""attemptedAtMs"": 1790771926016, ""lastRenderedAtMs"": 1790771920250}]","[""Tc"", ""5h""]",[],"[{""name"": ""fold"", ""kind"": ""fold"", ""raiseTo"": null}, {""name"": ""call"", ""kind"": ""call"", ""raiseTo"": null}, {""name"": ""min"", ""kind"": ""raise"", ""raiseTo"": 200}, {""name"": ""pot"", ""kind"": ""raise"", ""raiseTo"": 300}]","[""Fold"", ""Call 0.50 BB"", ""Min · 2 BB"", ""Pot · 3 BB""]",Call 0.50 BB,call,,1790771926016,True,True,True,1790771926236,1790771920250,5766,220,,False,False
PlMiosUXOX3jddmqtCqgK3g7,j0MAzNaCOH54-qOq-8eM5rpO,49,2,preflop,3,1,"[{""type"": ""luna_attempt"", ""handOrdinal"": 49, ""decisionOrdinal"": 3, ""street"": ""pre-flop"", ""legalButtonLabels"": [""Fold"", ""Call 1 BB"", ""Min · 3 BB"", ""Pot · 6 BB""], ""attemptedButtonLabel"": ""Fold"", ""attemptedAtMs"": 1790771931403, ""lastRenderedAtMs"": 1790771926325}]","[""Tc"", ""5h""]",[],"[{""name"": ""fold"", ""kind"": ""fold"", ""raiseTo"": null}, {""name"": ""call"", ""kind"": ""call"", ""raiseTo"": null}, {""name"": ""min"", ""kind"": ""raise"", ""raiseTo"": 300}, {""name"": ""pot"", ""kind"": ""raise"", ""raiseTo"": 600}]","[""Fold"", ""Call 1 BB"", ""Min · 3 BB"", ""Pot · 6 BB""]",Fold,fold,,1790771931403,True,True,True,1790771931694,1790771926325,5078,291,,False,False
PlMiosUXOX3jddmqtCqgK3g7,Q69XiXqgqmD_bDIY5Xbq7C0g,50,1,preflop,2,1,"[{""type"": ""luna_attempt"", ""handOrdinal"": 50, ""decisionOrdinal"": 2, ""street"": ""pre-flop"", ""legalButtonLabels"": [""Fold"", ""Call 2 BB"", ""Min · 5 BB"", ""Pot · 9 BB""], ""attemptedButtonLabel"": ""Fold"", ""attemptedAtMs"": 1790771946885, ""lastRenderedAtMs"": 1790771942001}]","[""4c"", ""Kd""]",[],"[{""name"": ""fold"", ""kind"": ""fold"", ""raiseTo"": null}, {""name"": ""call"", ""kind"": ""call"", ""raiseTo"": null}, {""name"": ""min"", ""kind"": ""raise"", ""raiseTo"": 500}, {""name"": ""pot"", ""kind"": ""raise"", ""raiseTo"": 900}]","[""Fold"", ""Call 2 BB"", ""Min · 5 BB"", ""Pot · 9 BB""]",Fold,fold,,1790771946885,True,True,True,1790771947203,1790771942001,4884,318,,False,False
PlMiosUXOX3jddmqtCqgK3g7,EiKt_0wjYdXiGSqW4VfZbqBy,51,1,preflop,2,1,"[{""type"": ""luna_attempt"", ""handOrdinal"": 51, ""decisionOrdinal"": 2, ""street"": ""pre-flop"", ""legalButtonLabels"": [""Fold"", ""Call 0.50 BB"", ""Min · 2 BB"", ""Pot · 3 BB""], ""attemptedButtonLabel"": ""Call 0.50 BB"", ""attemptedAtMs"": 1790771956526, ""lastRenderedAtMs"": 1790771951926}]","[""3d"", ""Kc""]",[],"[{""name"": ""fold"", ""kind"": ""fold"", ""raiseTo"": null}, {""name"": ""call"", ""kind"": ""call"", ""raiseTo"": null}, {""name"": ""min"", ""kind"": ""raise"", ""raiseTo"": 200}, {""name"": ""pot"", ""kind"": ""raise"", ""raiseTo"": 300}]","[""Fold"", ""Call 0.50 BB"", ""Min · 2 BB"", ""Pot · 3 BB""]",Call 0.50 BB,call,,1790771956526,True,True,True,1790771956806,1790771951926,4600,280,,False,False
PlMiosUXOX3jddmqtCqgK3g7,EiKt_0wjYdXiGSqW4VfZbqBy,51,2,flop,3,1,"[{""type"": ""luna_attempt"", ""handOrdinal"": 51, ""decisionOrdinal"": 3, ""street"": ""flop"", ""legalButtonLabels"": [""Fold"", ""Call 1 BB"", ""Min · 2 BB"", ""Pot · 5 BB""], ""attemptedButtonLabel"": ""Fold"", ""attemptedAtMs"": 1790771965154, ""lastRenderedAtMs"": 1790771956884}]","[""3d"", ""Kc""]","[""7c"", ""8d"", ""6h""]","[{""name"": ""fold"", ""kind"": ""fold"", ""raiseTo"": null}, {""name"": ""call"", ""kind"": ""call"", ""raiseTo"": null}, {""name"": ""min"", ""kind"": ""raise"", ""raiseTo"": 200}, {""name"": ""pot"", ""kind"": ""raise"", ""raiseTo"": 500}]","[""Fold"", ""Call 1 BB"", ""Min · 2 BB"", ""Pot · 5 BB""]",Fold,fold,,1790771965154,True,True,True,1790771965506,1790771956884,8270,352,,False,False
PlMiosUXOX3jddmqtCqgK3g7,kbruT6k5pHGUgP5GyLYtUma8,52,1,preflop,2,1,"[{""type"": ""luna_attempt"", ""handOrdinal"": 52, ""decisionOrdinal"": 2, ""street"": ""pre-flop"", ""legalButtonLabels"": [""check"", ""Min · 2 BB"", ""Pot · 3 BB""], ""attemptedButtonLabel"": ""check"", ""attemptedAtMs"": 1790771975809, ""lastRenderedAtMs"": 1790771970048}]","[""3c"", ""Kd""]",[],"[{""name"": ""check"", ""kind"": ""check"", ""raiseTo"": null}, {""name"": ""min"", ""kind"": ""raise"", ""raiseTo"": 200}, {""name"": ""pot"", ""kind"": ""raise"", ""raiseTo"": 300}]","[""check"", ""Min · 2 BB"", ""Pot · 3 BB""]",check,check,,1790771975809,True,True,True,1790771976125,1790771970048,5761,316,,False,False
PlMiosUXOX3jddmqtCqgK3g7,kbruT6k5pHGUgP5GyLYtUma8,52,2,flop,3,1,"[{""type"": ""luna_attempt"", ""handOrdinal"": 52, ""decisionOrdinal"": 3, ""street"": ""flop"", ""legalButtonLabels"": [""check"", ""Min · 1 BB"", ""Pot · 2 BB""], ""attemptedButtonLabel"": ""check"", ""attemptedAtMs"": 1790771980754, ""lastRenderedAtMs"": 1790771976209}]","[""3c"", ""Kd""]","[""6h"", ""6c"", ""5c""]","[{""name"": ""check"", ""kind"": ""check"", ""raiseTo"": null}, {""name"": ""min"", ""kind"": ""raise"", ""raiseTo"": 100}, {""name"": ""pot"", ""kind"": ""raise"", ""raiseTo"": 200}]","[""check"", ""Min · 1 BB"", ""Pot · 2 BB""]",check,check,,1790771980754,True,True,True,1790771981025,1790771976209,4545,271,,False,False
PlMiosUXOX3jddmqtCqgK3g7,kbruT6k5pHGUgP5GyLYtUma8,52,3,turn,4,1,"[{""type"": ""luna_attempt"", ""handOrdinal"": 52, ""decisionOrdinal"": 4, ""street"": ""turn"", ""legalButtonLabels"": [""check"", ""Min · 1 BB"", ""Pot · 2 BB""], ""attemptedButtonLabel"": ""check"", ""attemptedAtMs"": 1790771996615, ""lastRenderedAtMs"": 1790771986209}]","[""3c"", ""Kd""]","[""6h"", ""6c"", ""5c"", ""Js""]","[{""name"": ""check"", ""kind"": ""check"", ""raiseTo"": null}, {""name"": ""min"", ""kind"": ""raise"", ""raiseTo"": 100}, {""name"": ""pot"", ""kind"": ""raise"", ""raiseTo"": 200}]","[""check"", ""Min · 1 BB"", ""Pot · 2 BB""]",check,check,,1790771996615,True,True,True,1790771996833,1790771986209,10406,218,,False,False
PlMiosUXOX3jddmqtCqgK3g7,kbruT6k5pHGUgP5GyLYtUma8,52,4,river,5,1,"[{""type"": ""luna_attempt"", ""handOrdinal"": 52, ""decisionOrdinal"": 5, ""street"": ""river"", ""legalButtonLabels"": [""check"", ""Min · 1 BB"", ""Pot · 2 BB""], ""attemptedButtonLabel"": ""check"", ""attemptedAtMs"": 1790772007884, ""lastRenderedAtMs"": 1790772000283}]","[""3c"", ""Kd""]","[""6h"", ""6c"", ""5c"", ""Js"", ""Ad""]","[{""name"": ""check"", ""kind"": ""check"", ""raiseTo"": null}, {""name"": ""min"", ""kind"": ""raise"", ""raiseTo"": 100}, {""name"": ""pot"", ""kind"": ""raise"", ""raiseTo"": 200}]","[""check"", ""Min · 1 BB"", ""Pot · 2 BB""]",check,check,,1790772007884,True,True,True,1790772008200,1790772000283,7601,316,,False,False
PlMiosUXOX3jddmqtCqgK3g7,dvojQ6SIKYFco9K_muHIn4Ey,53,1,preflop,2,1,"[{""type"": ""luna_attempt"", ""handOrdinal"": 53, ""decisionOrdinal"": 2, ""street"": ""pre-flop"", ""legalButtonLabels"": [""Fold"", ""Call 0.50 BB"", ""Min · 2 BB"", ""Pot · 3 BB""], ""attemptedButtonLabel"": ""Call 0.50 BB"", ""attemptedAtMs"": 1790772018370, ""lastRenderedAtMs"": 1790772013517}]","[""6c"", ""Jh""]",[],"[{""name"": ""fold"", ""kind"": ""fold"", ""raiseTo"": null}, {""name"": ""call"", ""kind"": ""call"", ""raiseTo"": null}, {""name"": ""min"", ""kind"": ""raise"", ""raiseTo"": 200}, {""name"": ""pot"", ""kind"": ""raise"", ""raiseTo"": 300}]","[""Fold"", ""Call 0.50 BB"", ""Min · 2 BB"", ""Pot · 3 BB""]",Call 0.50 BB,call,,1790772018370,True,True,True,1790772018696,1790772013517,4853,326,,False,False
PlMiosUXOX3jddmqtCqgK3g7,dvojQ6SIKYFco9K_muHIn4Ey,53,2,flop,3,1,"[{""type"": ""luna_attempt"", ""handOrdinal"": 53, ""decisionOrdinal"": 3, ""street"": ""flop"", ""legalButtonLabels"": [""Fold"", ""Call 1 BB"", ""Min · 2 BB"", ""Pot · 5 BB""], ""attemptedButtonLabel"": ""Fold"", ""attemptedAtMs"": 1790772024503, ""lastRenderedAtMs"": 1790772018780}]","[""6c"", ""Jh""]","[""7h"", ""7d"", ""Kd""]","[{""name"": ""fold"", ""kind"": ""fold"", ""raiseTo"": null}, {""name"": ""call"", ""kind"": ""call"", ""raiseTo"": null}, {""name"": ""min"", ""kind"": ""raise"", ""raiseTo"": 200}, {""name"": ""pot"", ""kind"": ""raise"", ""raiseTo"": 500}]","[""Fold"", ""Call 1 BB"", ""Min · 2 BB"", ""Pot · 5 BB""]",Fold,fold,,1790772024503,True,True,True,1790772024886,1790772018780,5723,383,,False,False
PlMiosUXOX3jddmqtCqgK3g7,hwVUrnXiLNU4uycWRXv1eJiT,54,1,preflop,2,1,"[{""type"": ""luna_attempt"", ""handOrdinal"": 54, ""decisionOrdinal"": 2, ""street"": ""pre-flop"", ""legalButtonLabels"": [""Fold"", ""Call 1 BB"", ""Min · 3 BB"", ""Pot · 6 BB""], ""attemptedButtonLabel"": ""Call 1 BB"", ""attemptedAtMs"": 1790772036650, ""lastRenderedAtMs"": 1790772031743}]","[""Kh"", ""9s""]",[],"[{""name"": ""fold"", ""kind"": ""fold"", ""raiseTo"": null}, {""name"": ""call"", ""kind"": ""call"", ""raiseTo"": null}, {""name"": ""min"", ""kind"": ""raise"", ""raiseTo"": 300}, {""name"": ""pot"", ""kind"": ""raise"", ""raiseTo"": 600}]","[""Fold"", ""Call 1 BB"", ""Min · 3 BB"", ""Pot · 6 BB""]",Call 1 BB,call,,1790772036650,True,True,True,1790772036909,1790772031743,4907,259,,False,False
PlMiosUXOX3jddmqtCqgK3g7,hwVUrnXiLNU4uycWRXv1eJiT,54,2,flop,3,1,"[{""type"": ""luna_attempt"", ""handOrdinal"": 54, ""decisionOrdinal"": 3, ""street"": ""flop"", ""legalButtonLabels"": [""check"", ""Min · 1 BB"", ""Pot · 4 BB""], ""attemptedButtonLabel"": ""check"", ""attemptedAtMs"": 1790772042413, ""lastRenderedAtMs"": 1790772036996}]","[""Kh"", ""9s""]","[""3s"", ""7c"", ""Js""]","[{""name"": ""check"", ""kind"": ""check"", ""raiseTo"": null}, {""name"": ""min"", ""kind"": ""raise"", ""raiseTo"": 100}, {""name"": ""pot"", ""kind"": ""raise"", ""raiseTo"": 400}]","[""check"", ""Min · 1 BB"", ""Pot · 4 BB""]",check,check,,1790772042413,True,True,True,1790772042666,1790772036996,5417,253,,False,False
PlMiosUXOX3jddmqtCqgK3g7,hwVUrnXiLNU4uycWRXv1eJiT,54,3,flop,4,1,"[{""type"": ""luna_attempt"", ""handOrdinal"": 54, ""decisionOrdinal"": 4, ""street"": ""flop"", ""legalButtonLabels"": [""Fold"", ""Call 4 BB"", ""Min · 8 BB"", ""Pot · 16 BB"", ""Jam · 18 BB""], ""attemptedButtonLabel"": ""Fold"", ""attemptedAtMs"": 1790772048779, ""lastRenderedAtMs"": 1790772042753}]","[""Kh"", ""9s""]","[""3s"", ""7c"", ""Js""]","[{""name"": ""fold"", ""kind"": ""fold"", ""raiseTo"": null}, {""name"": ""call"", ""kind"": ""call"", ""raiseTo"": null}, {""name"": ""min"", ""kind"": ""raise"", ""raiseTo"": 800}, {""name"": ""pot"", ""kind"": ""raise"", ""raiseTo"": 1600}, {""name"": ""jam"", ""kind"": ""raise"", ""raiseTo"": 1800}]","[""Fold"", ""Call 4 BB"", ""Min · 8 BB"", ""Pot · 16 BB"", ""Jam · 18 BB""]",Fold,fold,,1790772048779,True,True,True,1790772049009,1790772042753,6026,230,,False,False
PlMiosUXOX3jddmqtCqgK3g7,c-o7-LLYUiBirJrDDdbBfiz6,55,1,preflop,2,1,"[{""type"": ""luna_attempt"", ""handOrdinal"": 55, ""decisionOrdinal"": 2, ""street"": ""pre-flop"", ""legalButtonLabels"": [""Fold"", ""Call 0.50 BB"", ""Min · 2 BB"", ""Pot · 3 BB""], ""attemptedButtonLabel"": ""Call 0.50 BB"", ""attemptedAtMs"": 1790772060250, ""lastRenderedAtMs"": 1790772055379}]","[""7d"", ""6d""]",[],"[{""name"": ""fold"", ""kind"": ""fold"", ""raiseTo"": null}, {""name"": ""call"", ""kind"": ""call"", ""raiseTo"": null}, {""name"": ""min"", ""kind"": ""raise"", ""raiseTo"": 200}, {""name"": ""pot"", ""kind"": ""raise"", ""raiseTo"": 300}]","[""Fold"", ""Call 0.50 BB"", ""Min · 2 BB"", ""Pot · 3 BB""]",Call 0.50 BB,call,,1790772060250,True,True,True,1790772060494,1790772055379,4871,244,,False,False
PlMiosUXOX3jddmqtCqgK3g7,c-o7-LLYUiBirJrDDdbBfiz6,55,2,flop,3,1,"[{""type"": ""luna_attempt"", ""handOrdinal"": 55, ""decisionOrdinal"": 3, ""street"": ""flop"", ""legalButtonLabels"": [""check"", ""Min · 1 BB"", ""Pot · 2 BB""], ""attemptedButtonLabel"": ""check"", ""attemptedAtMs"": 1790772065698, ""lastRenderedAtMs"": 1790772060573}]","[""7d"", ""6d""]","[""Kc"", ""8c"", ""Qd""]","[{""name"": ""check"", ""kind"": ""check"", ""raiseTo"": null}, {""name"": ""min"", ""kind"": ""raise"", ""raiseTo"": 100}, {""name"": ""pot"", ""kind"": ""raise"", ""raiseTo"": 200}]","[""check"", ""Min · 1 BB"", ""Pot · 2 BB""]",check,check,,1790772065698,True,True,True,1790772065952,1790772060573,5125,254,,False,False
PlMiosUXOX3jddmqtCqgK3g7,c-o7-LLYUiBirJrDDdbBfiz6,55,3,turn,4,1,"[{""type"": ""luna_attempt"", ""handOrdinal"": 55, ""decisionOrdinal"": 4, ""street"": ""turn"", ""legalButtonLabels"": [""check"", ""Min · 1 BB"", ""Pot · 2 BB""], ""attemptedButtonLabel"": ""Min · 1 BB"", ""attemptedAtMs"": 1790772073293, ""lastRenderedAtMs"": 1790772066041}]","[""7d"", ""6d""]","[""Kc"", ""8c"", ""Qd"", ""5c""]","[{""name"": ""check"", ""kind"": ""check"", ""raiseTo"": null}, {""name"": ""min"", ""kind"": ""raise"", ""raiseTo"": 100}, {""name"": ""pot"", ""kind"": ""raise"", ""raiseTo"": 200}]","[""check"", ""Min · 1 BB"", ""Pot · 2 BB""]",Min · 1 BB,raise,100,1790772073293,True,True,True,1790772073669,1790772066041,7252,376,,False,False
PlMiosUXOX3jddmqtCqgK3g7,c-o7-LLYUiBirJrDDdbBfiz6,55,4,turn,5,1,"[{""type"": ""luna_attempt"", ""handOrdinal"": 55, ""decisionOrdinal"": 5, ""street"": ""turn"", ""legalButtonLabels"": [""Fold"", ""Call 4 BB"", ""Min · 9 BB"", ""Pot · 17 BB"", ""Jam · 19 BB""], ""attemptedButtonLabel"": ""Fold"", ""attemptedAtMs"": 1790772078927, ""lastRenderedAtMs"": 1790772073750}]","[""7d"", ""6d""]","[""Kc"", ""8c"", ""Qd"", ""5c""]","[{""name"": ""fold"", ""kind"": ""fold"", ""raiseTo"": null}, {""name"": ""call"", ""kind"": ""call"", ""raiseTo"": null}, {""name"": ""min"", ""kind"": ""raise"", ""raiseTo"": 900}, {""name"": ""pot"", ""kind"": ""raise"", ""raiseTo"": 1700}, {""name"": ""jam"", ""kind"": ""raise"", ""raiseTo"": 1900}]","[""Fold"", ""Call 4 BB"", ""Min · 9 BB"", ""Pot · 17 BB"", ""Jam · 19 BB""]",Fold,fold,,1790772078927,True,True,True,1790772079261,1790772073750,5177,334,,False,False
PlMiosUXOX3jddmqtCqgK3g7,rUIENR6KufTeZSVMk4rSA2Kx,56,1,preflop,2,1,"[{""type"": ""luna_attempt"", ""handOrdinal"": 56, ""decisionOrdinal"": 2, ""street"": ""pre-flop"", ""legalButtonLabels"": [""Fold"", ""Call 1 BB"", ""Min · 3 BB"", ""Pot · 6 BB""], ""attemptedButtonLabel"": ""Fold"", ""attemptedAtMs"": 1790772088748, ""lastRenderedAtMs"": 1790772084198}]","[""6c"", ""3s""]",[],"[{""name"": ""fold"", ""kind"": ""fold"", ""raiseTo"": null}, {""name"": ""call"", ""kind"": ""call"", ""raiseTo"": null}, {""name"": ""min"", ""kind"": ""raise"", ""raiseTo"": 300}, {""name"": ""pot"", ""kind"": ""raise"", ""raiseTo"": 600}]","[""Fold"", ""Call 1 BB"", ""Min · 3 BB"", ""Pot · 6 BB""]",Fold,fold,,1790772088748,True,True,True,1790772089072,1790772084198,4550,324,,False,False
PlMiosUXOX3jddmqtCqgK3g7,O883X9Jn-sxrfXBaZK5phcvi,57,1,preflop,2,1,"[{""type"": ""luna_attempt"", ""handOrdinal"": 57, ""decisionOrdinal"": 2, ""street"": ""pre-flop"", ""legalButtonLabels"": [""Fold"", ""Call 0.50 BB"", ""Min · 2 BB"", ""Pot · 3 BB""], ""attemptedButtonLabel"": ""Min · 2 BB"", ""attemptedAtMs"": 1790772099581, ""lastRenderedAtMs"": 1790772093808}]","[""As"", ""6h""]",[],"[{""name"": ""fold"", ""kind"": ""fold"", ""raiseTo"": null}, {""name"": ""call"", ""kind"": ""call"", ""raiseTo"": null}, {""name"": ""min"", ""kind"": ""raise"", ""raiseTo"": 200}, {""name"": ""pot"", ""kind"": ""raise"", ""raiseTo"": 300}]","[""Fold"", ""Call 0.50 BB"", ""Min · 2 BB"", ""Pot · 3 BB""]",Min · 2 BB,raise,200,1790772099581,True,True,True,1790772099899,1790772093808,5773,318,,False,False
PlMiosUXOX3jddmqtCqgK3g7,O883X9Jn-sxrfXBaZK5phcvi,57,2,preflop,3,1,"[{""type"": ""luna_attempt"", ""handOrdinal"": 57, ""decisionOrdinal"": 3, ""street"": ""pre-flop"", ""legalButtonLabels"": [""Fold"", ""Call 1 BB"", ""Min · 4 BB"", ""Pot · 9 BB""], ""attemptedButtonLabel"": ""Call 1 BB"", ""attemptedAtMs"": 1790772105844, ""lastRenderedAtMs"": 1790772099979}]","[""As"", ""6h""]",[],"[{""name"": ""fold"", ""kind"": ""fold"", ""raiseTo"": null}, {""name"": ""call"", ""kind"": ""call"", ""raiseTo"": null}, {""name"": ""min"", ""kind"": ""raise"", ""raiseTo"": 400}, {""name"": ""pot"", ""kind"": ""raise"", ""raiseTo"": 900}]","[""Fold"", ""Call 1 BB"", ""Min · 4 BB"", ""Pot · 9 BB""]",Call 1 BB,call,,1790772105844,True,True,True,1790772106143,1790772099979,5865,299,,False,False
PlMiosUXOX3jddmqtCqgK3g7,O883X9Jn-sxrfXBaZK5phcvi,57,3,flop,4,1,"[{""type"": ""luna_attempt"", ""handOrdinal"": 57, ""decisionOrdinal"": 4, ""street"": ""flop"", ""legalButtonLabels"": [""Fold"", ""Call 1 BB"", ""Min · 2 BB"", ""Pot · 9 BB"", ""Jam · 17 BB""], ""attemptedButtonLabel"": ""Call 1 BB"", ""attemptedAtMs"": 1790772111552, ""lastRenderedAtMs"": 1790772106257}]","[""As"", ""6h""]","[""8d"", ""2h"", ""7c""]","[{""name"": ""fold"", ""kind"": ""fold"", ""raiseTo"": null}, {""name"": ""call"", ""kind"": ""call"", ""raiseTo"": null}, {""name"": ""min"", ""kind"": ""raise"", ""raiseTo"": 200}, {""name"": ""pot"", ""kind"": ""raise"", ""raiseTo"": 900}, {""name"": ""jam"", ""kind"": ""raise"", ""raiseTo"": 1700}]","[""Fold"", ""Call 1 BB"", ""Min · 2 BB"", ""Pot · 9 BB"", ""Jam · 17 BB""]",Call 1 BB,call,,1790772111552,True,True,True,1790772111746,1790772106257,5295,194,,False,False
PlMiosUXOX3jddmqtCqgK3g7,O883X9Jn-sxrfXBaZK5phcvi,57,4,turn,5,1,"[{""type"": ""luna_attempt"", ""handOrdinal"": 57, ""decisionOrdinal"": 5, ""street"": ""turn"", ""legalButtonLabels"": [""Fold"", ""Call 8 BB"", ""Min · 16 BB"", ""Jam · 16 BB""], ""attemptedButtonLabel"": ""Fold"", ""attemptedAtMs"": 1790772117887, ""lastRenderedAtMs"": 1790772111826}]","[""As"", ""6h""]","[""8d"", ""2h"", ""7c"", ""Ks""]","[{""name"": ""fold"", ""kind"": ""fold"", ""raiseTo"": null}, {""name"": ""call"", ""kind"": ""call"", ""raiseTo"": null}, {""name"": ""min"", ""kind"": ""raise"", ""raiseTo"": 1600}]","[""Fold"", ""Call 8 BB"", ""Min · 16 BB"", ""Jam · 16 BB""]",Fold,fold,,1790772117887,True,True,True,1790772118202,1790772111826,6061,315,,False,False
PlMiosUXOX3jddmqtCqgK3g7,OQ-umkmRTIefFGLmTuS8rj-q,59,1,preflop,2,1,"[{""type"": ""luna_attempt"", ""handOrdinal"": 59, ""decisionOrdinal"": 2, ""street"": ""pre-flop"", ""legalButtonLabels"": [""Fold"", ""Call 0.50 BB"", ""Min · 2 BB"", ""Pot · 3 BB""], ""attemptedButtonLabel"": ""Min · 2 BB"", ""attemptedAtMs"": 1790772135664, ""lastRenderedAtMs"": 1790772131045}]","[""As"", ""Qs""]",[],"[{""name"": ""fold"", ""kind"": ""fold"", ""raiseTo"": null}, {""name"": ""call"", ""kind"": ""call"", ""raiseTo"": null}, {""name"": ""min"", ""kind"": ""raise"", ""raiseTo"": 200}, {""name"": ""pot"", ""kind"": ""raise"", ""raiseTo"": 300}]","[""Fold"", ""Call 0.50 BB"", ""Min · 2 BB"", ""Pot · 3 BB""]",Min · 2 BB,raise,200,1790772135664,True,True,True,1790772136019,1790772131045,4619,355,,False,False
PlMiosUXOX3jddmqtCqgK3g7,OQ-umkmRTIefFGLmTuS8rj-q,59,2,flop,3,1,"[{""type"": ""luna_attempt"", ""handOrdinal"": 59, ""decisionOrdinal"": 3, ""street"": ""flop"", ""legalButtonLabels"": [""check"", ""Min · 1 BB"", ""Pot · 4 BB""], ""attemptedButtonLabel"": ""Min · 1 BB"", ""attemptedAtMs"": 1790772140752, ""lastRenderedAtMs"": 1790772136094}]","[""As"", ""Qs""]","[""Qh"", ""9h"", ""9s""]","[{""name"": ""check"", ""kind"": ""check"", ""raiseTo"": null}, {""name"": ""min"", ""kind"": ""raise"", ""raiseTo"": 100}, {""name"": ""pot"", ""kind"": ""raise"", ""raiseTo"": 400}]","[""check"", ""Min · 1 BB"", ""Pot · 4 BB""]",Min · 1 BB,raise,100,1790772140752,True,True,True,1790772141069,1790772136094,4658,317,,False,False
PlMiosUXOX3jddmqtCqgK3g7,rY_ocqFobsW3_xFLi6LoT3qt,60,1,preflop,2,1,"[{""type"": ""luna_attempt"", ""handOrdinal"": 60, ""decisionOrdinal"": 2, ""street"": ""pre-flop"", ""legalButtonLabels"": [""check"", ""Min · 2 BB"", ""Pot · 3 BB""], ""attemptedButtonLabel"": ""check"", ""attemptedAtMs"": 1790772150535, ""lastRenderedAtMs"": 1790772146008}]","[""5h"", ""Ac""]",[],"[{""name"": ""check"", ""kind"": ""check"", ""raiseTo"": null}, {""name"": ""min"", ""kind"": ""raise"", ""raiseTo"": 200}, {""name"": ""pot"", ""kind"": ""raise"", ""raiseTo"": 300}]","[""check"", ""Min · 2 BB"", ""Pot · 3 BB""]",check,check,,1790772150535,True,True,True,1790772150890,1790772146008,4527,355,,False,False
PlMiosUXOX3jddmqtCqgK3g7,rY_ocqFobsW3_xFLi6LoT3qt,60,2,flop,3,1,"[{""type"": ""luna_attempt"", ""handOrdinal"": 60, ""decisionOrdinal"": 3, ""street"": ""flop"", ""legalButtonLabels"": [""check"", ""Min · 1 BB"", ""Pot · 2 BB""], ""attemptedButtonLabel"": ""Min · 1 BB"", ""attemptedAtMs"": 1790772156353, ""lastRenderedAtMs"": 1790772150965}]","[""5h"", ""Ac""]","[""Th"", ""5d"", ""Ad""]","[{""name"": ""check"", ""kind"": ""check"", ""raiseTo"": null}, {""name"": ""min"", ""kind"": ""raise"", ""raiseTo"": 100}, {""name"": ""pot"", ""kind"": ""raise"", ""raiseTo"": 200}]","[""check"", ""Min · 1 BB"", ""Pot · 2 BB""]",Min · 1 BB,raise,100,1790772156353,True,True,True,1790772156551,1790772150965,5388,198,,False,False
PlMiosUXOX3jddmqtCqgK3g7,rY_ocqFobsW3_xFLi6LoT3qt,60,3,flop,4,1,"[{""type"": ""luna_attempt"", ""handOrdinal"": 60, ""decisionOrdinal"": 4, ""street"": ""flop"", ""legalButtonLabels"": [""Fold"", ""Call 1 BB"", ""Min · 3 BB"", ""Pot · 8 BB""], ""attemptedButtonLabel"": ""Call 1 BB"", ""attemptedAtMs"": 1790772162065, ""lastRenderedAtMs"": 1790772156643}]","[""5h"", ""Ac""]","[""Th"", ""5d"", ""Ad""]","[{""name"": ""fold"", ""kind"": ""fold"", ""raiseTo"": null}, {""name"": ""call"", ""kind"": ""call"", ""raiseTo"": null}, {""name"": ""min"", ""kind"": ""raise"", ""raiseTo"": 300}, {""name"": ""pot"", ""kind"": ""raise"", ""raiseTo"": 800}]","[""Fold"", ""Call 1 BB"", ""Min · 3 BB"", ""Pot · 8 BB""]",Call 1 BB,call,,1790772162065,True,True,True,1790772162326,1790772156643,5422,261,,False,False
PlMiosUXOX3jddmqtCqgK3g7,rY_ocqFobsW3_xFLi6LoT3qt,60,4,turn,5,1,"[{""type"": ""luna_attempt"", ""handOrdinal"": 60, ""decisionOrdinal"": 5, ""street"": ""turn"", ""legalButtonLabels"": [""check"", ""Min · 1 BB"", ""Pot · 6 BB""], ""attemptedButtonLabel"": ""check"", ""attemptedAtMs"": 1790772168813, ""lastRenderedAtMs"": 1790772162409}]","[""5h"", ""Ac""]","[""Th"", ""5d"", ""Ad"", ""4s""]","[{""name"": ""check"", ""kind"": ""check"", ""raiseTo"": null}, {""name"": ""min"", ""kind"": ""raise"", ""raiseTo"": 100}, {""name"": ""pot"", ""kind"": ""raise"", ""raiseTo"": 600}]","[""check"", ""Min · 1 BB"", ""Pot · 6 BB""]",check,check,,1790772168813,True,True,True,1790772169114,1790772162409,6404,301,,False,False
PlMiosUXOX3jddmqtCqgK3g7,rY_ocqFobsW3_xFLi6LoT3qt,60,5,turn,6,1,"[{""type"": ""luna_attempt"", ""handOrdinal"": 60, ""decisionOrdinal"": 6, ""street"": ""turn"", ""legalButtonLabels"": [""Fold"", ""Call 1 BB"", ""Min · 2 BB"", ""Pot · 9 BB"", ""Jam · 17 BB""], ""attemptedButtonLabel"": ""Call 1 BB"", ""attemptedAtMs"": 1790772176192, ""lastRenderedAtMs"": 1790772169830}]","[""5h"", ""Ac""]","[""Th"", ""5d"", ""Ad"", ""4s""]","[{""name"": ""fold"", ""kind"": ""fold"", ""raiseTo"": null}, {""name"": ""call"", ""kind"": ""call"", ""raiseTo"": null}, {""name"": ""min"", ""kind"": ""raise"", ""raiseTo"": 200}, {""name"": ""pot"", ""kind"": ""raise"", ""raiseTo"": 900}, {""name"": ""jam"", ""kind"": ""raise"", ""raiseTo"": 1700}]","[""Fold"", ""Call 1 BB"", ""Min · 2 BB"", ""Pot · 9 BB"", ""Jam · 17 BB""]",Call 1 BB,call,,1790772176192,True,True,True,1790772176419,1790772169830,6362,227,,False,False
PlMiosUXOX3jddmqtCqgK3g7,rY_ocqFobsW3_xFLi6LoT3qt,60,6,river,7,1,"[{""type"": ""luna_attempt"", ""handOrdinal"": 60, ""decisionOrdinal"": 7, ""street"": ""river"", ""legalButtonLabels"": [""check"", ""Min · 1 BB"", ""Pot · 8 BB"", ""Jam · 16 BB""], ""attemptedButtonLabel"": ""check"", ""attemptedAtMs"": 1790772181327, ""lastRenderedAtMs"": 1790772176468}]","[""5h"", ""Ac""]","[""Th"", ""5d"", ""Ad"", ""4s"", ""6c""]","[{""name"": ""check"", ""kind"": ""check"", ""raiseTo"": null}, {""name"": ""min"", ""kind"": ""raise"", ""raiseTo"": 100}, {""name"": ""pot"", ""kind"": ""raise"", ""raiseTo"": 800}, {""name"": ""jam"", ""kind"": ""raise"", ""raiseTo"": 1600}]","[""check"", ""Min · 1 BB"", ""Pot · 8 BB"", ""Jam · 16 BB""]",check,check,,1790772181327,True,True,True,1790772181646,1790772176468,4859,319,,False,False
PlMiosUXOX3jddmqtCqgK3g7,rY_ocqFobsW3_xFLi6LoT3qt,60,7,river,8,1,"[{""type"": ""luna_attempt"", ""handOrdinal"": 60, ""decisionOrdinal"": 8, ""street"": ""river"", ""legalButtonLabels"": [""Fold"", ""Call 16 BB""], ""attemptedButtonLabel"": ""Fold"", ""attemptedAtMs"": 1790772187930, ""lastRenderedAtMs"": 1790772181727}]","[""5h"", ""Ac""]","[""Th"", ""5d"", ""Ad"", ""4s"", ""6c""]","[{""name"": ""fold"", ""kind"": ""fold"", ""raiseTo"": null}, {""name"": ""call"", ""kind"": ""call"", ""raiseTo"": null}]","[""Fold"", ""Call 16 BB""]",Fold,fold,,1790772187930,True,True,True,1790772188208,1790772181727,6203,278,,False,False
PlMiosUXOX3jddmqtCqgK3g7,SpGg3l07hNhmBPg-cp2ZZrf9,61,1,preflop,2,1,"[{""type"": ""luna_attempt"", ""handOrdinal"": 61, ""decisionOrdinal"": 2, ""street"": ""pre-flop"", ""legalButtonLabels"": [""Fold"", ""Call 0.50 BB"", ""Min · 2 BB"", ""Pot · 3 BB""], ""attemptedButtonLabel"": ""Call 0.50 BB"", ""attemptedAtMs"": 1790772199962, ""lastRenderedAtMs"": 1790772193202}]","[""9h"", ""2d""]",[],"[{""name"": ""fold"", ""kind"": ""fold"", ""raiseTo"": null}, {""name"": ""call"", ""kind"": ""call"", ""raiseTo"": null}, {""name"": ""min"", ""kind"": ""raise"", ""raiseTo"": 200}, {""name"": ""pot"", ""kind"": ""raise"", ""raiseTo"": 300}]","[""Fold"", ""Call 0.50 BB"", ""Min · 2 BB"", ""Pot · 3 BB""]",Call 0.50 BB,call,,1790772199962,True,True,True,1790772200189,1790772193202,6760,227,,False,False
PlMiosUXOX3jddmqtCqgK3g7,SpGg3l07hNhmBPg-cp2ZZrf9,61,2,flop,3,1,"[{""type"": ""luna_attempt"", ""handOrdinal"": 61, ""decisionOrdinal"": 3, ""street"": ""flop"", ""legalButtonLabels"": [""check"", ""Min · 1 BB"", ""Pot · 2 BB""], ""attemptedButtonLabel"": ""check"", ""attemptedAtMs"": 1790772205242, ""lastRenderedAtMs"": 1790772200294}]","[""9h"", ""2d""]","[""8d"", ""5h"", ""6s""]","[{""name"": ""check"", ""kind"": ""check"", ""raiseTo"": null}, {""name"": ""min"", ""kind"": ""raise"", ""raiseTo"": 100}, {""name"": ""pot"", ""kind"": ""raise"", ""raiseTo"": 200}]","[""check"", ""Min · 1 BB"", ""Pot · 2 BB""]",check,check,,1790772205242,True,True,True,1790772205553,1790772200294,4948,311,,False,False
PlMiosUXOX3jddmqtCqgK3g7,SpGg3l07hNhmBPg-cp2ZZrf9,61,3,turn,4,1,"[{""type"": ""luna_attempt"", ""handOrdinal"": 61, ""decisionOrdinal"": 4, ""street"": ""turn"", ""legalButtonLabels"": [""check"", ""Min · 1 BB"", ""Pot · 2 BB""], ""attemptedButtonLabel"": ""check"", ""attemptedAtMs"": 1790772210327, ""lastRenderedAtMs"": 1790772205676}]","[""9h"", ""2d""]","[""8d"", ""5h"", ""6s"", ""Qs""]","[{""name"": ""check"", ""kind"": ""check"", ""raiseTo"": null}, {""name"": ""min"", ""kind"": ""raise"", ""raiseTo"": 100}, {""name"": ""pot"", ""kind"": ""raise"", ""raiseTo"": 200}]","[""check"", ""Min · 1 BB"", ""Pot · 2 BB""]",check,check,,1790772210327,True,True,True,1790772210568,1790772205676,4651,241,,False,False
PlMiosUXOX3jddmqtCqgK3g7,SpGg3l07hNhmBPg-cp2ZZrf9,61,4,river,5,1,"[{""type"": ""luna_attempt"", ""handOrdinal"": 61, ""decisionOrdinal"": 5, ""street"": ""river"", ""legalButtonLabels"": [""check"", ""Min · 1 BB"", ""Pot · 2 BB""], ""attemptedButtonLabel"": ""check"", ""attemptedAtMs"": 1790772216107, ""lastRenderedAtMs"": 1790772210631}]","[""9h"", ""2d""]","[""8d"", ""5h"", ""6s"", ""Qs"", ""3c""]","[{""name"": ""check"", ""kind"": ""check"", ""raiseTo"": null}, {""name"": ""min"", ""kind"": ""raise"", ""raiseTo"": 100}, {""name"": ""pot"", ""kind"": ""raise"", ""raiseTo"": 200}]","[""check"", ""Min · 1 BB"", ""Pot · 2 BB""]",check,check,,1790772216107,True,True,True,1790772216372,1790772210631,5476,265,,False,False
PlMiosUXOX3jddmqtCqgK3g7,mj2rDirw_zD61nqRPcVp_O0P,62,1,preflop,2,1,"[{""type"": ""luna_attempt"", ""handOrdinal"": 62, ""decisionOrdinal"": 2, ""street"": ""pre-flop"", ""legalButtonLabels"": [""check"", ""Min · 2 BB"", ""Pot · 3 BB""], ""attemptedButtonLabel"": ""check"", ""attemptedAtMs"": 1790772228285, ""lastRenderedAtMs"": 1790772223926}]","[""As"", ""5c""]",[],"[{""name"": ""check"", ""kind"": ""check"", ""raiseTo"": null}, {""name"": ""min"", ""kind"": ""raise"", ""raiseTo"": 200}, {""name"": ""pot"", ""kind"": ""raise"", ""raiseTo"": 300}]","[""check"", ""Min · 2 BB"", ""Pot · 3 BB""]",check,check,,1790772228285,True,True,True,1790772228568,1790772223926,4359,283,,False,False
PlMiosUXOX3jddmqtCqgK3g7,mj2rDirw_zD61nqRPcVp_O0P,62,2,flop,3,1,"[{""type"": ""luna_attempt"", ""handOrdinal"": 62, ""decisionOrdinal"": 3, ""street"": ""flop"", ""legalButtonLabels"": [""check"", ""Min · 1 BB"", ""Pot · 2 BB""], ""attemptedButtonLabel"": ""Min · 1 BB"", ""attemptedAtMs"": 1790772233572, ""lastRenderedAtMs"": 1790772228662}]","[""As"", ""5c""]","[""Ac"", ""Qd"", ""7s""]","[{""name"": ""check"", ""kind"": ""check"", ""raiseTo"": null}, {""name"": ""min"", ""kind"": ""raise"", ""raiseTo"": 100}, {""name"": ""pot"", ""kind"": ""raise"", ""raiseTo"": 200}]","[""check"", ""Min · 1 BB"", ""Pot · 2 BB""]",Min · 1 BB,raise,100,1790772233572,True,True,True,1790772233882,1790772228662,4910,310,,False,False
PlMiosUXOX3jddmqtCqgK3g7,mDTD4uo-4VHbZLjDobFM1YUZ,63,1,preflop,2,1,"[{""type"": ""luna_attempt"", ""handOrdinal"": 63, ""decisionOrdinal"": 2, ""street"": ""pre-flop"", ""legalButtonLabels"": [""Fold"", ""Call 0.50 BB"", ""Min · 2 BB"", ""Pot · 3 BB""], ""attemptedButtonLabel"": ""Call 0.50 BB"", ""attemptedAtMs"": 1790772245160, ""lastRenderedAtMs"": 1790772238833}]","[""6c"", ""5s""]",[],"[{""name"": ""fold"", ""kind"": ""fold"", ""raiseTo"": null}, {""name"": ""call"", ""kind"": ""call"", ""raiseTo"": null}, {""name"": ""min"", ""kind"": ""raise"", ""raiseTo"": 200}, {""name"": ""pot"", ""kind"": ""raise"", ""raiseTo"": 300}]","[""Fold"", ""Call 0.50 BB"", ""Min · 2 BB"", ""Pot · 3 BB""]",Call 0.50 BB,call,,1790772245160,True,True,True,1790772245483,1790772238833,6327,323,,False,False
PlMiosUXOX3jddmqtCqgK3g7,mDTD4uo-4VHbZLjDobFM1YUZ,63,2,preflop,3,1,"[{""type"": ""luna_attempt"", ""handOrdinal"": 63, ""decisionOrdinal"": 3, ""street"": ""pre-flop"", ""legalButtonLabels"": [""Fold"", ""Call 1 BB"", ""Min · 3 BB"", ""Pot · 6 BB""], ""attemptedButtonLabel"": ""Fold"", ""attemptedAtMs"": 1790772250716, ""lastRenderedAtMs"": 1790772245580}]","[""6c"", ""5s""]",[],"[{""name"": ""fold"", ""kind"": ""fold"", ""raiseTo"": null}, {""name"": ""call"", ""kind"": ""call"", ""raiseTo"": null}, {""name"": ""min"", ""kind"": ""raise"", ""raiseTo"": 300}, {""name"": ""pot"", ""kind"": ""raise"", ""raiseTo"": 600}]","[""Fold"", ""Call 1 BB"", ""Min · 3 BB"", ""Pot · 6 BB""]",Fold,fold,,1790772250716,True,True,True,1790772250982,1790772245580,5136,266,,False,False
PlMiosUXOX3jddmqtCqgK3g7,Xrj5hu4GshQ1YOhyDACyxwHI,64,1,preflop,2,1,"[{""type"": ""luna_attempt"", ""handOrdinal"": 64, ""decisionOrdinal"": 2, ""street"": ""pre-flop"", ""legalButtonLabels"": [""check"", ""Min · 2 BB"", ""Pot · 3 BB""], ""attemptedButtonLabel"": ""check"", ""attemptedAtMs"": 1790772263461, ""lastRenderedAtMs"": 1790772256017}]","[""4h"", ""2h""]",[],"[{""name"": ""check"", ""kind"": ""check"", ""raiseTo"": null}, {""name"": ""min"", ""kind"": ""raise"", ""raiseTo"": 200}, {""name"": ""pot"", ""kind"": ""raise"", ""raiseTo"": 300}]","[""check"", ""Min · 2 BB"", ""Pot · 3 BB""]",check,check,,1790772263461,True,True,True,1790772263838,1790772256017,7444,377,,False,False
PlMiosUXOX3jddmqtCqgK3g7,Xrj5hu4GshQ1YOhyDACyxwHI,64,2,flop,3,1,"[{""type"": ""luna_attempt"", ""handOrdinal"": 64, ""decisionOrdinal"": 3, ""street"": ""flop"", ""legalButtonLabels"": [""check"", ""Min · 1 BB"", ""Pot · 2 BB""], ""attemptedButtonLabel"": ""check"", ""attemptedAtMs"": 1790772269491, ""lastRenderedAtMs"": 1790772263913}]","[""4h"", ""2h""]","[""Qh"", ""Jd"", ""5d""]","[{""name"": ""check"", ""kind"": ""check"", ""raiseTo"": null}, {""name"": ""min"", ""kind"": ""raise"", ""raiseTo"": 100}, {""name"": ""pot"", ""kind"": ""raise"", ""raiseTo"": 200}]","[""check"", ""Min · 1 BB"", ""Pot · 2 BB""]",check,check,,1790772269491,True,True,True,1790772269692,1790772263913,5578,201,,False,False
PlMiosUXOX3jddmqtCqgK3g7,Xrj5hu4GshQ1YOhyDACyxwHI,64,3,flop,4,1,"[{""type"": ""luna_attempt"", ""handOrdinal"": 64, ""decisionOrdinal"": 4, ""street"": ""flop"", ""legalButtonLabels"": [""Fold"", ""Call 2 BB"", ""Min · 4 BB"", ""Pot · 8 BB""], ""attemptedButtonLabel"": ""Fold"", ""attemptedAtMs"": 1790772275184, ""lastRenderedAtMs"": 1790772269780}]","[""4h"", ""2h""]","[""Qh"", ""Jd"", ""5d""]","[{""name"": ""fold"", ""kind"": ""fold"", ""raiseTo"": null}, {""name"": ""call"", ""kind"": ""call"", ""raiseTo"": null}, {""name"": ""min"", ""kind"": ""raise"", ""raiseTo"": 400}, {""name"": ""pot"", ""kind"": ""raise"", ""raiseTo"": 800}]","[""Fold"", ""Call 2 BB"", ""Min · 4 BB"", ""Pot · 8 BB""]",Fold,fold,,1790772275184,True,True,True,1790772275570,1790772269780,5404,386,,False,False
PlMiosUXOX3jddmqtCqgK3g7,bnEHc8R2b4ZYLfViQ5CtfPaL,65,1,preflop,2,1,"[{""type"": ""luna_attempt"", ""handOrdinal"": 65, ""decisionOrdinal"": 2, ""street"": ""pre-flop"", ""legalButtonLabels"": [""Fold"", ""Call 0.50 BB"", ""Min · 2 BB"", ""Pot · 3 BB""], ""attemptedButtonLabel"": ""Call 0.50 BB"", ""attemptedAtMs"": 1790772285898, ""lastRenderedAtMs"": 1790772280857}]","[""4s"", ""2s""]",[],"[{""name"": ""fold"", ""kind"": ""fold"", ""raiseTo"": null}, {""name"": ""call"", ""kind"": ""call"", ""raiseTo"": null}, {""name"": ""min"", ""kind"": ""raise"", ""raiseTo"": 200}, {""name"": ""pot"", ""kind"": ""raise"", ""raiseTo"": 300}]","[""Fold"", ""Call 0.50 BB"", ""Min · 2 BB"", ""Pot · 3 BB""]",Call 0.50 BB,call,,1790772285898,True,True,True,1790772286209,1790772280857,5041,311,,False,False
PlMiosUXOX3jddmqtCqgK3g7,bnEHc8R2b4ZYLfViQ5CtfPaL,65,2,flop,3,1,"[{""type"": ""luna_attempt"", ""handOrdinal"": 65, ""decisionOrdinal"": 3, ""street"": ""flop"", ""legalButtonLabels"": [""check"", ""Min · 1 BB"", ""Pot · 2 BB""], ""attemptedButtonLabel"": ""Min · 1 BB"", ""attemptedAtMs"": 1790772292870, ""lastRenderedAtMs"": 1790772286311}]","[""4s"", ""2s""]","[""5c"", ""2h"", ""Js""]","[{""name"": ""check"", ""kind"": ""check"", ""raiseTo"": null}, {""name"": ""min"", ""kind"": ""raise"", ""raiseTo"": 100}, {""name"": ""pot"", ""kind"": ""raise"", ""raiseTo"": 200}]","[""check"", ""Min · 1 BB"", ""Pot · 2 BB""]",Min · 1 BB,raise,100,1790772292870,True,True,True,1790772293229,1790772286311,6559,359,,False,False
PlMiosUXOX3jddmqtCqgK3g7,SAoOsYBvZ-eWb_WTxvPMX9wl,67,1,preflop,2,1,"[{""type"": ""luna_attempt"", ""handOrdinal"": 67, ""decisionOrdinal"": 2, ""street"": ""pre-flop"", ""legalButtonLabels"": [""Fold"", ""Call 0.50 BB"", ""Min · 2 BB"", ""Pot · 3 BB""], ""attemptedButtonLabel"": ""Call 0.50 BB"", ""attemptedAtMs"": 1790772307685, ""lastRenderedAtMs"": 1790772303027}]","[""7c"", ""4c""]",[],"[{""name"": ""fold"", ""kind"": ""fold"", ""raiseTo"": null}, {""name"": ""call"", ""kind"": ""call"", ""raiseTo"": null}, {""name"": ""min"", ""kind"": ""raise"", ""raiseTo"": 200}, {""name"": ""pot"", ""kind"": ""raise"", ""raiseTo"": 300}]","[""Fold"", ""Call 0.50 BB"", ""Min · 2 BB"", ""Pot · 3 BB""]",Call 0.50 BB,call,,1790772307685,True,True,True,1790772308046,1790772303027,4658,361,,False,False
PlMiosUXOX3jddmqtCqgK3g7,SAoOsYBvZ-eWb_WTxvPMX9wl,67,2,flop,3,1,"[{""type"": ""luna_attempt"", ""handOrdinal"": 67, ""decisionOrdinal"": 3, ""street"": ""flop"", ""legalButtonLabels"": [""check"", ""Min · 1 BB"", ""Pot · 2 BB""], ""attemptedButtonLabel"": ""check"", ""attemptedAtMs"": 1790772313586, ""lastRenderedAtMs"": 1790772308130}]","[""7c"", ""4c""]","[""Qc"", ""4d"", ""Qd""]","[{""name"": ""check"", ""kind"": ""check"", ""raiseTo"": null}, {""name"": ""min"", ""kind"": ""raise"", ""raiseTo"": 100}, {""name"": ""pot"", ""kind"": ""raise"", ""raiseTo"": 200}]","[""check"", ""Min · 1 BB"", ""Pot · 2 BB""]",check,check,,1790772313586,True,True,True,1790772313912,1790772308130,5456,326,,False,False
PlMiosUXOX3jddmqtCqgK3g7,SAoOsYBvZ-eWb_WTxvPMX9wl,67,3,turn,4,1,"[{""type"": ""luna_attempt"", ""handOrdinal"": 67, ""decisionOrdinal"": 4, ""street"": ""turn"", ""legalButtonLabels"": [""Fold"", ""Call 2 BB"", ""Min · 4 BB"", ""Pot · 8 BB""], ""attemptedButtonLabel"": ""Call 2 BB"", ""attemptedAtMs"": 1790772320723, ""lastRenderedAtMs"": 1790772313994}]","[""7c"", ""4c""]","[""Qc"", ""4d"", ""Qd"", ""8c""]","[{""name"": ""fold"", ""kind"": ""fold"", ""raiseTo"": null}, {""name"": ""call"", ""kind"": ""call"", ""raiseTo"": null}, {""name"": ""min"", ""kind"": ""raise"", ""raiseTo"": 400}, {""name"": ""pot"", ""kind"": ""raise"", ""raiseTo"": 800}]","[""Fold"", ""Call 2 BB"", ""Min · 4 BB"", ""Pot · 8 BB""]",Call 2 BB,call,,1790772320723,True,True,True,1790772320987,1790772313994,6729,264,,False,False
PlMiosUXOX3jddmqtCqgK3g7,SAoOsYBvZ-eWb_WTxvPMX9wl,67,4,river,5,1,"[{""type"": ""luna_attempt"", ""handOrdinal"": 67, ""decisionOrdinal"": 5, ""street"": ""river"", ""legalButtonLabels"": [""check"", ""Min · 1 BB"", ""Pot · 6 BB""], ""attemptedButtonLabel"": ""check"", ""attemptedAtMs"": 1790772328396, ""lastRenderedAtMs"": 1790772321073}]","[""7c"", ""4c""]","[""Qc"", ""4d"", ""Qd"", ""8c"", ""5d""]","[{""name"": ""check"", ""kind"": ""check"", ""raiseTo"": null}, {""name"": ""min"", ""kind"": ""raise"", ""raiseTo"": 100}, {""name"": ""pot"", ""kind"": ""raise"", ""raiseTo"": 600}]","[""check"", ""Min · 1 BB"", ""Pot · 6 BB""]",check,check,,1790772328396,True,True,True,1790772328693,1790772321073,7323,297,,False,False
PlMiosUXOX3jddmqtCqgK3g7,II_WTT6SNXfG4MsROSQMauae,69,1,preflop,2,1,"[{""type"": ""luna_attempt"", ""handOrdinal"": 69, ""decisionOrdinal"": 2, ""street"": ""pre-flop"", ""legalButtonLabels"": [""Fold"", ""Call 0.50 BB"", ""Min · 2 BB"", ""Pot · 3 BB""], ""attemptedButtonLabel"": ""Call 0.50 BB"", ""attemptedAtMs"": 1790772344543, ""lastRenderedAtMs"": 1790772339777}]","[""5c"", ""8h""]",[],"[{""name"": ""fold"", ""kind"": ""fold"", ""raiseTo"": null}, {""name"": ""call"", ""kind"": ""call"", ""raiseTo"": null}, {""name"": ""min"", ""kind"": ""raise"", ""raiseTo"": 200}, {""name"": ""pot"", ""kind"": ""raise"", ""raiseTo"": 300}]","[""Fold"", ""Call 0.50 BB"", ""Min · 2 BB"", ""Pot · 3 BB""]",Call 0.50 BB,call,,1790772344543,True,True,True,1790772344778,1790772339777,4766,235,,False,False
PlMiosUXOX3jddmqtCqgK3g7,II_WTT6SNXfG4MsROSQMauae,69,2,flop,3,1,"[{""type"": ""luna_attempt"", ""handOrdinal"": 69, ""decisionOrdinal"": 3, ""street"": ""flop"", ""legalButtonLabels"": [""Fold"", ""Call 1 BB"", ""Min · 2 BB"", ""Pot · 5 BB""], ""attemptedButtonLabel"": ""Fold"", ""attemptedAtMs"": 1790772350763, ""lastRenderedAtMs"": 1790772344849}]","[""5c"", ""8h""]","[""7c"", ""2s"", ""Jh""]","[{""name"": ""fold"", ""kind"": ""fold"", ""raiseTo"": null}, {""name"": ""call"", ""kind"": ""call"", ""raiseTo"": null}, {""name"": ""min"", ""kind"": ""raise"", ""raiseTo"": 200}, {""name"": ""pot"", ""kind"": ""raise"", ""raiseTo"": 500}]","[""Fold"", ""Call 1 BB"", ""Min · 2 BB"", ""Pot · 5 BB""]",Fold,fold,,1790772350763,True,True,True,1790772351050,1790772344849,5914,287,,False,False
PlMiosUXOX3jddmqtCqgK3g7,3MMdqfMG_egSMJ6Lj41P0FfL,70,1,preflop,2,1,"[{""type"": ""luna_attempt"", ""handOrdinal"": 70, ""decisionOrdinal"": 2, ""street"": ""pre-flop"", ""legalButtonLabels"": [""Fold"", ""Call 1 BB"", ""Min · 3 BB"", ""Pot · 6 BB""], ""attemptedButtonLabel"": ""Fold"", ""attemptedAtMs"": 1790772363960, ""lastRenderedAtMs"": 1790772358305}]","[""Td"", ""4s""]",[],"[{""name"": ""fold"", ""kind"": ""fold"", ""raiseTo"": null}, {""name"": ""call"", ""kind"": ""call"", ""raiseTo"": null}, {""name"": ""min"", ""kind"": ""raise"", ""raiseTo"": 300}, {""name"": ""pot"", ""kind"": ""raise"", ""raiseTo"": 600}]","[""Fold"", ""Call 1 BB"", ""Min · 3 BB"", ""Pot · 6 BB""]",Fold,fold,,1790772363960,True,True,True,1790772364211,1790772358305,5655,251,,False,False
PlMiosUXOX3jddmqtCqgK3g7,V9jtbvYbRgNJV7eZsPuvhiV8,71,1,preflop,2,1,"[{""type"": ""luna_attempt"", ""handOrdinal"": 71, ""decisionOrdinal"": 2, ""street"": ""pre-flop"", ""legalButtonLabels"": [""Fold"", ""Call 0.50 BB"", ""Min · 2 BB"", ""Pot · 3 BB""], ""attemptedButtonLabel"": ""Min · 2 BB"", ""attemptedAtMs"": 1790772373792, ""lastRenderedAtMs"": 1790772369167}]","[""4c"", ""Ac""]",[],"[{""name"": ""fold"", ""kind"": ""fold"", ""raiseTo"": null}, {""name"": ""call"", ""kind"": ""call"", ""raiseTo"": null}, {""name"": ""min"", ""kind"": ""raise"", ""raiseTo"": 200}, {""name"": ""pot"", ""kind"": ""raise"", ""raiseTo"": 300}]","[""Fold"", ""Call 0.50 BB"", ""Min · 2 BB"", ""Pot · 3 BB""]",Min · 2 BB,raise,200,1790772373792,True,True,True,1790772374126,1790772369167,4625,334,,False,False
PlMiosUXOX3jddmqtCqgK3g7,V9jtbvYbRgNJV7eZsPuvhiV8,71,2,flop,3,1,"[{""type"": ""luna_attempt"", ""handOrdinal"": 71, ""decisionOrdinal"": 3, ""street"": ""flop"", ""legalButtonLabels"": [""Fold"", ""Call 1 BB"", ""Min · 2 BB"", ""Pot · 7 BB""], ""attemptedButtonLabel"": ""Call 1 BB"", ""attemptedAtMs"": 1790772379460, ""lastRenderedAtMs"": 1790772374209}]","[""4c"", ""Ac""]","[""7h"", ""Ah"", ""9h""]","[{""name"": ""fold"", ""kind"": ""fold"", ""raiseTo"": null}, {""name"": ""call"", ""kind"": ""call"", ""raiseTo"": null}, {""name"": ""min"", ""kind"": ""raise"", ""raiseTo"": 200}, {""name"": ""pot"", ""kind"": ""raise"", ""raiseTo"": 700}]","[""Fold"", ""Call 1 BB"", ""Min · 2 BB"", ""Pot · 7 BB""]",Call 1 BB,call,,1790772379460,True,True,True,1790772379735,1790772374209,5251,275,,False,False
PlMiosUXOX3jddmqtCqgK3g7,V9jtbvYbRgNJV7eZsPuvhiV8,71,3,turn,4,1,"[{""type"": ""luna_attempt"", ""handOrdinal"": 71, ""decisionOrdinal"": 4, ""street"": ""turn"", ""legalButtonLabels"": [""Fold"", ""Call 1 BB"", ""Min · 2 BB"", ""Pot · 9 BB"", ""Jam · 17 BB""], ""attemptedButtonLabel"": ""Call 1 BB"", ""attemptedAtMs"": 1790772388229, ""lastRenderedAtMs"": 1790772379771}]","[""4c"", ""Ac""]","[""7h"", ""Ah"", ""9h"", ""3h""]","[{""name"": ""fold"", ""kind"": ""fold"", ""raiseTo"": null}, {""name"": ""call"", ""kind"": ""call"", ""raiseTo"": null}, {""name"": ""min"", ""kind"": ""raise"", ""raiseTo"": 200}, {""name"": ""pot"", ""kind"": ""raise"", ""raiseTo"": 900}, {""name"": ""jam"", ""kind"": ""raise"", ""raiseTo"": 1700}]","[""Fold"", ""Call 1 BB"", ""Min · 2 BB"", ""Pot · 9 BB"", ""Jam · 17 BB""]",Call 1 BB,call,,1790772388229,True,True,True,1790772388493,1790772379771,8458,264,,False,False
PlMiosUXOX3jddmqtCqgK3g7,V9jtbvYbRgNJV7eZsPuvhiV8,71,4,river,5,1,"[{""type"": ""luna_attempt"", ""handOrdinal"": 71, ""decisionOrdinal"": 5, ""street"": ""river"", ""legalButtonLabels"": [""check"", ""Min · 1 BB"", ""Pot · 8 BB"", ""Jam · 16 BB""], ""attemptedButtonLabel"": ""check"", ""attemptedAtMs"": 1790772394220, ""lastRenderedAtMs"": 1790772388582}]","[""4c"", ""Ac""]","[""7h"", ""Ah"", ""9h"", ""3h"", ""5c""]","[{""name"": ""check"", ""kind"": ""check"", ""raiseTo"": null}, {""name"": ""min"", ""kind"": ""raise"", ""raiseTo"": 100}, {""name"": ""pot"", ""kind"": ""raise"", ""raiseTo"": 800}, {""name"": ""jam"", ""kind"": ""raise"", ""raiseTo"": 1600}]","[""check"", ""Min · 1 BB"", ""Pot · 8 BB"", ""Jam · 16 BB""]",check,check,,1790772394220,True,True,True,1790772394461,1790772388582,5638,241,,False,False
PlMiosUXOX3jddmqtCqgK3g7,W_KDJ5BKNeYh8QPIUTw8c4rW,72,1,preflop,2,1,"[{""type"": ""luna_attempt"", ""handOrdinal"": 72, ""decisionOrdinal"": 2, ""street"": ""pre-flop"", ""legalButtonLabels"": [""check"", ""Min · 2 BB"", ""Pot · 3 BB""], ""attemptedButtonLabel"": ""check"", ""attemptedAtMs"": 1790772405220, ""lastRenderedAtMs"": 1790772400008}]","[""7c"", ""7h""]",[],"[{""name"": ""check"", ""kind"": ""check"", ""raiseTo"": null}, {""name"": ""min"", ""kind"": ""raise"", ""raiseTo"": 200}, {""name"": ""pot"", ""kind"": ""raise"", ""raiseTo"": 300}]","[""check"", ""Min · 2 BB"", ""Pot · 3 BB""]",check,check,,1790772405220,True,True,True,1790772405581,1790772400008,5212,361,,False,False
PlMiosUXOX3jddmqtCqgK3g7,W_KDJ5BKNeYh8QPIUTw8c4rW,72,2,flop,3,1,"[{""type"": ""luna_attempt"", ""handOrdinal"": 72, ""decisionOrdinal"": 3, ""street"": ""flop"", ""legalButtonLabels"": [""check"", ""Min · 1 BB"", ""Pot · 2 BB""], ""attemptedButtonLabel"": ""check"", ""attemptedAtMs"": 1790772412026, ""lastRenderedAtMs"": 1790772405664}]","[""7c"", ""7h""]","[""Th"", ""Kc"", ""6h""]","[{""name"": ""check"", ""kind"": ""check"", ""raiseTo"": null}, {""name"": ""min"", ""kind"": ""raise"", ""raiseTo"": 100}, {""name"": ""pot"", ""kind"": ""raise"", ""raiseTo"": 200}]","[""check"", ""Min · 1 BB"", ""Pot · 2 BB""]",check,check,,1790772412026,True,True,True,1790772412362,1790772405664,6362,336,,False,False
PlMiosUXOX3jddmqtCqgK3g7,W_KDJ5BKNeYh8QPIUTw8c4rW,72,3,turn,4,1,"[{""type"": ""luna_attempt"", ""handOrdinal"": 72, ""decisionOrdinal"": 4, ""street"": ""turn"", ""legalButtonLabels"": [""check"", ""Min · 1 BB"", ""Pot · 2 BB""], ""attemptedButtonLabel"": ""check"", ""attemptedAtMs"": 1790772417356, ""lastRenderedAtMs"": 1790772412444}]","[""7c"", ""7h""]","[""Th"", ""Kc"", ""6h"", ""2d""]","[{""name"": ""check"", ""kind"": ""check"", ""raiseTo"": null}, {""name"": ""min"", ""kind"": ""raise"", ""raiseTo"": 100}, {""name"": ""pot"", ""kind"": ""raise"", ""raiseTo"": 200}]","[""check"", ""Min · 1 BB"", ""Pot · 2 BB""]",check,check,,1790772417356,True,True,True,1790772417738,1790772412444,4912,382,,False,False
PlMiosUXOX3jddmqtCqgK3g7,W_KDJ5BKNeYh8QPIUTw8c4rW,72,4,turn,5,1,"[{""type"": ""luna_attempt"", ""handOrdinal"": 72, ""decisionOrdinal"": 5, ""street"": ""turn"", ""legalButtonLabels"": [""Fold"", ""Call 1 BB"", ""Min · 2 BB"", ""Pot · 5 BB""], ""attemptedButtonLabel"": ""Call 1 BB"", ""attemptedAtMs"": 1790772423114, ""lastRenderedAtMs"": 1790772417808}]","[""7c"", ""7h""]","[""Th"", ""Kc"", ""6h"", ""2d""]","[{""name"": ""fold"", ""kind"": ""fold"", ""raiseTo"": null}, {""name"": ""call"", ""kind"": ""call"", ""raiseTo"": null}, {""name"": ""min"", ""kind"": ""raise"", ""raiseTo"": 200}, {""name"": ""pot"", ""kind"": ""raise"", ""raiseTo"": 500}]","[""Fold"", ""Call 1 BB"", ""Min · 2 BB"", ""Pot · 5 BB""]",Call 1 BB,call,,1790772423114,True,True,True,1790772423496,1790772417808,5306,382,,False,False
PlMiosUXOX3jddmqtCqgK3g7,W_KDJ5BKNeYh8QPIUTw8c4rW,72,5,river,6,1,"[{""type"": ""luna_attempt"", ""handOrdinal"": 72, ""decisionOrdinal"": 6, ""street"": ""river"", ""legalButtonLabels"": [""check"", ""Min · 1 BB"", ""Pot · 4 BB""], ""attemptedButtonLabel"": ""check"", ""attemptedAtMs"": 1790772430650, ""lastRenderedAtMs"": 1790772423567}]","[""7c"", ""7h""]","[""Th"", ""Kc"", ""6h"", ""2d"", ""Jh""]","[{""name"": ""check"", ""kind"": ""check"", ""raiseTo"": null}, {""name"": ""min"", ""kind"": ""raise"", ""raiseTo"": 100}, {""name"": ""pot"", ""kind"": ""raise"", ""raiseTo"": 400}]","[""check"", ""Min · 1 BB"", ""Pot · 4 BB""]",check,check,,1790772430650,True,True,True,1790772430861,1790772423567,7083,211,,False,False
PlMiosUXOX3jddmqtCqgK3g7,W_KDJ5BKNeYh8QPIUTw8c4rW,72,6,river,7,1,"[{""type"": ""luna_attempt"", ""handOrdinal"": 72, ""decisionOrdinal"": 7, ""street"": ""river"", ""legalButtonLabels"": [""Fold"", ""Call 4 BB"", ""Min · 8 BB"", ""Pot · 16 BB"", ""Jam · 18 BB""], ""attemptedButtonLabel"": ""Fold"", ""attemptedAtMs"": 1790772438878, ""lastRenderedAtMs"": 1790772430969}]","[""7c"", ""7h""]","[""Th"", ""Kc"", ""6h"", ""2d"", ""Jh""]","[{""name"": ""fold"", ""kind"": ""fold"", ""raiseTo"": null}, {""name"": ""call"", ""kind"": ""call"", ""raiseTo"": null}, {""name"": ""min"", ""kind"": ""raise"", ""raiseTo"": 800}, {""name"": ""pot"", ""kind"": ""raise"", ""raiseTo"": 1600}, {""name"": ""jam"", ""kind"": ""raise"", ""raiseTo"": 1800}]","[""Fold"", ""Call 4 BB"", ""Min · 8 BB"", ""Pot · 16 BB"", ""Jam · 18 BB""]",Fold,fold,,1790772438878,True,True,True,1790772439268,1790772430969,7909,390,,False,False
PlMiosUXOX3jddmqtCqgK3g7,wfDQpP-y4mJpTlv02-1si61F,73,1,preflop,2,1,"[{""type"": ""luna_attempt"", ""handOrdinal"": 73, ""decisionOrdinal"": 2, ""street"": ""pre-flop"", ""legalButtonLabels"": [""Fold"", ""Call 0.50 BB"", ""Min · 2 BB"", ""Pot · 3 BB""], ""attemptedButtonLabel"": ""Min · 2 BB"", ""attemptedAtMs"": 1790772449153, ""lastRenderedAtMs"": 1790772444298}]","[""Qd"", ""2h""]",[],"[{""name"": ""fold"", ""kind"": ""fold"", ""raiseTo"": null}, {""name"": ""call"", ""kind"": ""call"", ""raiseTo"": null}, {""name"": ""min"", ""kind"": ""raise"", ""raiseTo"": 200}, {""name"": ""pot"", ""kind"": ""raise"", ""raiseTo"": 300}]","[""Fold"", ""Call 0.50 BB"", ""Min · 2 BB"", ""Pot · 3 BB""]",Min · 2 BB,raise,200,1790772449153,True,True,True,1790772449361,1790772444298,4855,208,,False,False
PlMiosUXOX3jddmqtCqgK3g7,wfDQpP-y4mJpTlv02-1si61F,73,2,preflop,3,1,"[{""type"": ""luna_attempt"", ""handOrdinal"": 73, ""decisionOrdinal"": 3, ""street"": ""pre-flop"", ""legalButtonLabels"": [""Fold"", ""Call 4 BB"", ""Min · 10 BB"", ""Pot · 18 BB"", ""Jam · 20 BB""], ""attemptedButtonLabel"": ""Fold"", ""attemptedAtMs"": 1790772454544, ""lastRenderedAtMs"": 1790772449451}]","[""Qd"", ""2h""]",[],"[{""name"": ""fold"", ""kind"": ""fold"", ""raiseTo"": null}, {""name"": ""call"", ""kind"": ""call"", ""raiseTo"": null}, {""name"": ""min"", ""kind"": ""raise"", ""raiseTo"": 1000}, {""name"": ""pot"", ""kind"": ""raise"", ""raiseTo"": 1800}, {""name"": ""jam"", ""kind"": ""raise"", ""raiseTo"": 2000}]","[""Fold"", ""Call 4 BB"", ""Min · 10 BB"", ""Pot · 18 BB"", ""Jam · 20 BB""]",Fold,fold,,1790772454544,True,True,True,1790772454817,1790772449451,5093,273,,False,False
PlMiosUXOX3jddmqtCqgK3g7,vK1u4Kjs7gWjioqe4JGuz3o6,74,1,preflop,2,1,"[{""type"": ""luna_attempt"", ""handOrdinal"": 74, ""decisionOrdinal"": 2, ""street"": ""pre-flop"", ""legalButtonLabels"": [""Fold"", ""Call 1 BB"", ""Min · 3 BB"", ""Pot · 6 BB""], ""attemptedButtonLabel"": ""Call 1 BB"", ""attemptedAtMs"": 1790772467777, ""lastRenderedAtMs"": 1790772462099}]","[""4d"", ""5d""]",[],"[{""name"": ""fold"", ""kind"": ""fold"", ""raiseTo"": null}, {""name"": ""call"", ""kind"": ""call"", ""raiseTo"": null}, {""name"": ""min"", ""kind"": ""raise"", ""raiseTo"": 300}, {""name"": ""pot"", ""kind"": ""raise"", ""raiseTo"": 600}]","[""Fold"", ""Call 1 BB"", ""Min · 3 BB"", ""Pot · 6 BB""]",Call 1 BB,call,,1790772467777,True,True,True,1790772468098,1790772462099,5678,321,,False,False
PlMiosUXOX3jddmqtCqgK3g7,vK1u4Kjs7gWjioqe4JGuz3o6,74,2,flop,3,1,"[{""type"": ""luna_attempt"", ""handOrdinal"": 74, ""decisionOrdinal"": 3, ""street"": ""flop"", ""legalButtonLabels"": [""check"", ""Min · 1 BB"", ""Pot · 4 BB""], ""attemptedButtonLabel"": ""check"", ""attemptedAtMs"": 1790772476666, ""lastRenderedAtMs"": 1790772468157}]","[""4d"", ""5d""]","[""9c"", ""Jd"", ""2h""]","[{""name"": ""check"", ""kind"": ""check"", ""raiseTo"": null}, {""name"": ""min"", ""kind"": ""raise"", ""raiseTo"": 100}, {""name"": ""pot"", ""kind"": ""raise"", ""raiseTo"": 400}]","[""check"", ""Min · 1 BB"", ""Pot · 4 BB""]",check,check,,1790772476666,True,True,True,1790772476977,1790772468157,8509,311,,False,False
PlMiosUXOX3jddmqtCqgK3g7,vK1u4Kjs7gWjioqe4JGuz3o6,74,3,turn,4,1,"[{""type"": ""luna_attempt"", ""handOrdinal"": 74, ""decisionOrdinal"": 4, ""street"": ""turn"", ""legalButtonLabels"": [""check"", ""Min · 1 BB"", ""Pot · 4 BB""], ""attemptedButtonLabel"": ""check"", ""attemptedAtMs"": 1790772484225, ""lastRenderedAtMs"": 1790772477040}]","[""4d"", ""5d""]","[""9c"", ""Jd"", ""2h"", ""9h""]","[{""name"": ""check"", ""kind"": ""check"", ""raiseTo"": null}, {""name"": ""min"", ""kind"": ""raise"", ""raiseTo"": 100}, {""name"": ""pot"", ""kind"": ""raise"", ""raiseTo"": 400}]","[""check"", ""Min · 1 BB"", ""Pot · 4 BB""]",check,check,,1790772484225,True,True,True,1790772484560,1790772477040,7185,335,,False,False
PlMiosUXOX3jddmqtCqgK3g7,vK1u4Kjs7gWjioqe4JGuz3o6,74,4,turn,5,1,"[{""type"": ""luna_attempt"", ""handOrdinal"": 74, ""decisionOrdinal"": 5, ""street"": ""turn"", ""legalButtonLabels"": [""Fold"", ""Call 1 BB"", ""Min · 2 BB"", ""Pot · 7 BB""], ""attemptedButtonLabel"": ""Fold"", ""attemptedAtMs"": 1790772489932, ""lastRenderedAtMs"": 1790772484641}]","[""4d"", ""5d""]","[""9c"", ""Jd"", ""2h"", ""9h""]","[{""name"": ""fold"", ""kind"": ""fold"", ""raiseTo"": null}, {""name"": ""call"", ""kind"": ""call"", ""raiseTo"": null}, {""name"": ""min"", ""kind"": ""raise"", ""raiseTo"": 200}, {""name"": ""pot"", ""kind"": ""raise"", ""raiseTo"": 700}]","[""Fold"", ""Call 1 BB"", ""Min · 2 BB"", ""Pot · 7 BB""]",Fold,fold,,1790772489932,True,True,True,1790772490445,1790772484641,5291,513,,False,False
PlMiosUXOX3jddmqtCqgK3g7,RXOZd5cuyUkG7oHT72i83Rbd,75,1,preflop,2,1,"[{""type"": ""luna_attempt"", ""handOrdinal"": 75, ""decisionOrdinal"": 2, ""street"": ""pre-flop"", ""legalButtonLabels"": [""Fold"", ""Call 0.50 BB"", ""Min · 2 BB"", ""Pot · 3 BB""], ""attemptedButtonLabel"": ""Min · 2 BB"", ""attemptedAtMs"": 1790772503932, ""lastRenderedAtMs"": 1790772495365}]","[""7h"", ""Js""]",[],"[{""name"": ""fold"", ""kind"": ""fold"", ""raiseTo"": null}, {""name"": ""call"", ""kind"": ""call"", ""raiseTo"": null}, {""name"": ""min"", ""kind"": ""raise"", ""raiseTo"": 200}, {""name"": ""pot"", ""kind"": ""raise"", ""raiseTo"": 300}]","[""Fold"", ""Call 0.50 BB"", ""Min · 2 BB"", ""Pot · 3 BB""]",Min · 2 BB,raise,200,1790772503932,True,True,True,1790772504262,1790772495365,8567,330,,False,False
PlMiosUXOX3jddmqtCqgK3g7,vYpLVEcda_h4pO-b2bv8_FJV,76,1,preflop,2,1,"[{""type"": ""luna_attempt"", ""handOrdinal"": 76, ""decisionOrdinal"": 2, ""street"": ""pre-flop"", ""legalButtonLabels"": [""Fold"", ""Call 1 BB"", ""Min · 3 BB"", ""Pot · 6 BB""], ""attemptedButtonLabel"": ""Call 1 BB"", ""attemptedAtMs"": 1790772516548, ""lastRenderedAtMs"": 1790772511251}]","[""As"", ""3c""]",[],"[{""name"": ""fold"", ""kind"": ""fold"", ""raiseTo"": null}, {""name"": ""call"", ""kind"": ""call"", ""raiseTo"": null}, {""name"": ""min"", ""kind"": ""raise"", ""raiseTo"": 300}, {""name"": ""pot"", ""kind"": ""raise"", ""raiseTo"": 600}]","[""Fold"", ""Call 1 BB"", ""Min · 3 BB"", ""Pot · 6 BB""]",Call 1 BB,call,,1790772516548,True,True,True,1790772516754,1790772511251,5297,206,,False,False
PlMiosUXOX3jddmqtCqgK3g7,vYpLVEcda_h4pO-b2bv8_FJV,76,2,flop,3,1,"[{""type"": ""luna_attempt"", ""handOrdinal"": 76, ""decisionOrdinal"": 3, ""street"": ""flop"", ""legalButtonLabels"": [""check"", ""Min · 1 BB"", ""Pot · 4 BB""], ""attemptedButtonLabel"": ""check"", ""attemptedAtMs"": 1790772525521, ""lastRenderedAtMs"": 1790772516839}]","[""As"", ""3c""]","[""2s"", ""9d"", ""Kd""]","[{""name"": ""check"", ""kind"": ""check"", ""raiseTo"": null}, {""name"": ""min"", ""kind"": ""raise"", ""raiseTo"": 100}, {""name"": ""pot"", ""kind"": ""raise"", ""raiseTo"": 400}]","[""check"", ""Min · 1 BB"", ""Pot · 4 BB""]",check,check,,1790772525521,True,True,True,1790772525758,1790772516839,8682,237,,False,False
PlMiosUXOX3jddmqtCqgK3g7,vYpLVEcda_h4pO-b2bv8_FJV,76,3,turn,4,1,"[{""type"": ""luna_attempt"", ""handOrdinal"": 76, ""decisionOrdinal"": 4, ""street"": ""turn"", ""legalButtonLabels"": [""check"", ""Min · 1 BB"", ""Pot · 4 BB""], ""attemptedButtonLabel"": ""check"", ""attemptedAtMs"": 1790772532090, ""lastRenderedAtMs"": 1790772525849}]","[""As"", ""3c""]","[""2s"", ""9d"", ""Kd"", ""6c""]","[{""name"": ""check"", ""kind"": ""check"", ""raiseTo"": null}, {""name"": ""min"", ""kind"": ""raise"", ""raiseTo"": 100}, {""name"": ""pot"", ""kind"": ""raise"", ""raiseTo"": 400}]","[""check"", ""Min · 1 BB"", ""Pot · 4 BB""]",check,check,,1790772532090,True,True,True,1790772532443,1790772525849,6241,353,,False,False
PlMiosUXOX3jddmqtCqgK3g7,vYpLVEcda_h4pO-b2bv8_FJV,76,4,turn,5,1,"[{""type"": ""luna_attempt"", ""handOrdinal"": 76, ""decisionOrdinal"": 5, ""street"": ""turn"", ""legalButtonLabels"": [""Fold"", ""Call 4 BB"", ""Min · 8 BB"", ""Pot · 16 BB"", ""Jam · 18 BB""], ""attemptedButtonLabel"": ""Fold"", ""attemptedAtMs"": 1790772540548, ""lastRenderedAtMs"": 1790772532524}]","[""As"", ""3c""]","[""2s"", ""9d"", ""Kd"", ""6c""]","[{""name"": ""fold"", ""kind"": ""fold"", ""raiseTo"": null}, {""name"": ""call"", ""kind"": ""call"", ""raiseTo"": null}, {""name"": ""min"", ""kind"": ""raise"", ""raiseTo"": 800}, {""name"": ""pot"", ""kind"": ""raise"", ""raiseTo"": 1600}, {""name"": ""jam"", ""kind"": ""raise"", ""raiseTo"": 1800}]","[""Fold"", ""Call 4 BB"", ""Min · 8 BB"", ""Pot · 16 BB"", ""Jam · 18 BB""]",Fold,fold,,1790772540548,True,True,True,1790772540836,1790772532524,8024,288,,False,False
PlMiosUXOX3jddmqtCqgK3g7,PZGL5CeV73JkNH4OveQf5nRE,77,1,preflop,2,1,"[{""type"": ""luna_attempt"", ""handOrdinal"": 77, ""decisionOrdinal"": 2, ""street"": ""pre-flop"", ""legalButtonLabels"": [""Fold"", ""Call 0.50 BB"", ""Min · 2 BB"", ""Pot · 3 BB""], ""attemptedButtonLabel"": ""Call 0.50 BB"", ""attemptedAtMs"": 1790772553912, ""lastRenderedAtMs"": 1790772548504}]","[""Th"", ""5c""]",[],"[{""name"": ""fold"", ""kind"": ""fold"", ""raiseTo"": null}, {""name"": ""call"", ""kind"": ""call"", ""raiseTo"": null}, {""name"": ""min"", ""kind"": ""raise"", ""raiseTo"": 200}, {""name"": ""pot"", ""kind"": ""raise"", ""raiseTo"": 300}]","[""Fold"", ""Call 0.50 BB"", ""Min · 2 BB"", ""Pot · 3 BB""]",Call 0.50 BB,call,,1790772553912,True,True,True,1790772554187,1790772548504,5408,275,,False,False
PlMiosUXOX3jddmqtCqgK3g7,PZGL5CeV73JkNH4OveQf5nRE,77,2,flop,3,1,"[{""type"": ""luna_attempt"", ""handOrdinal"": 77, ""decisionOrdinal"": 3, ""street"": ""flop"", ""legalButtonLabels"": [""Fold"", ""Call 2 BB"", ""Min · 4 BB"", ""Pot · 8 BB""], ""attemptedButtonLabel"": ""Fold"", ""attemptedAtMs"": 1790772560830, ""lastRenderedAtMs"": 1790772554269}]","[""Th"", ""5c""]","[""7s"", ""7d"", ""Qc""]","[{""name"": ""fold"", ""kind"": ""fold"", ""raiseTo"": null}, {""name"": ""call"", ""kind"": ""call"", ""raiseTo"": null}, {""name"": ""min"", ""kind"": ""raise"", ""raiseTo"": 400}, {""name"": ""pot"", ""kind"": ""raise"", ""raiseTo"": 800}]","[""Fold"", ""Call 2 BB"", ""Min · 4 BB"", ""Pot · 8 BB""]",Fold,fold,,1790772560830,True,True,True,1790772561164,1790772554269,6561,334,,False,False
PlMiosUXOX3jddmqtCqgK3g7,JG6-exswjSuUlc_9pIzt52E3,79,1,preflop,2,1,"[{""type"": ""luna_attempt"", ""handOrdinal"": 79, ""decisionOrdinal"": 2, ""street"": ""pre-flop"", ""legalButtonLabels"": [""Fold"", ""Call 0.50 BB"", ""Min · 2 BB"", ""Pot · 3 BB""], ""attemptedButtonLabel"": ""Min · 2 BB"", ""attemptedAtMs"": 1790772579784, ""lastRenderedAtMs"": 1790772573223}]","[""As"", ""5s""]",[],"[{""name"": ""fold"", ""kind"": ""fold"", ""raiseTo"": null}, {""name"": ""call"", ""kind"": ""call"", ""raiseTo"": null}, {""name"": ""min"", ""kind"": ""raise"", ""raiseTo"": 200}, {""name"": ""pot"", ""kind"": ""raise"", ""raiseTo"": 300}]","[""Fold"", ""Call 0.50 BB"", ""Min · 2 BB"", ""Pot · 3 BB""]",Min · 2 BB,raise,200,1790772579784,True,True,True,1790772580081,1790772573223,6561,297,,False,False
PlMiosUXOX3jddmqtCqgK3g7,JG6-exswjSuUlc_9pIzt52E3,79,2,flop,3,1,"[{""type"": ""luna_attempt"", ""handOrdinal"": 79, ""decisionOrdinal"": 3, ""street"": ""flop"", ""legalButtonLabels"": [""Fold"", ""Call 1 BB"", ""Min · 2 BB"", ""Pot · 7 BB""], ""attemptedButtonLabel"": ""Call 1 BB"", ""attemptedAtMs"": 1790772589562, ""lastRenderedAtMs"": 1790772580152}]","[""As"", ""5s""]","[""3d"", ""7d"", ""9c""]","[{""name"": ""fold"", ""kind"": ""fold"", ""raiseTo"": null}, {""name"": ""call"", ""kind"": ""call"", ""raiseTo"": null}, {""name"": ""min"", ""kind"": ""raise"", ""raiseTo"": 200}, {""name"": ""pot"", ""kind"": ""raise"", ""raiseTo"": 700}]","[""Fold"", ""Call 1 BB"", ""Min · 2 BB"", ""Pot · 7 BB""]",Call 1 BB,call,,1790772589562,True,True,True,1790772589778,1790772580152,9410,216,,False,False
PlMiosUXOX3jddmqtCqgK3g7,JG6-exswjSuUlc_9pIzt52E3,79,3,turn,4,1,"[{""type"": ""luna_attempt"", ""handOrdinal"": 79, ""decisionOrdinal"": 4, ""street"": ""turn"", ""legalButtonLabels"": [""Fold"", ""Call 6 BB"", ""Min · 12 BB"", ""Pot · 17 BB""], ""attemptedButtonLabel"": ""Fold"", ""attemptedAtMs"": 1790772599021, ""lastRenderedAtMs"": 1790772589869}]","[""As"", ""5s""]","[""3d"", ""7d"", ""9c"", ""4h""]","[{""name"": ""fold"", ""kind"": ""fold"", ""raiseTo"": null}, {""name"": ""call"", ""kind"": ""call"", ""raiseTo"": null}, {""name"": ""min"", ""kind"": ""raise"", ""raiseTo"": 1200}, {""name"": ""pot"", ""kind"": ""raise"", ""raiseTo"": 1700}]","[""Fold"", ""Call 6 BB"", ""Min · 12 BB"", ""Pot · 17 BB""]",Fold,fold,,1790772599021,True,True,True,1790772599409,1790772589869,9152,388,,False,False
PlMiosUXOX3jddmqtCqgK3g7,o2LoEXovIYNlz2uPhdFq7JM5,80,1,preflop,2,1,"[{""type"": ""luna_attempt"", ""handOrdinal"": 80, ""decisionOrdinal"": 2, ""street"": ""pre-flop"", ""legalButtonLabels"": [""Fold"", ""Call 2 BB"", ""Min · 5 BB"", ""Pot · 9 BB""], ""attemptedButtonLabel"": ""Fold"", ""attemptedAtMs"": 1790772610666, ""lastRenderedAtMs"": 1790772605453}]","[""2d"", ""3h""]",[],"[{""name"": ""fold"", ""kind"": ""fold"", ""raiseTo"": null}, {""name"": ""call"", ""kind"": ""call"", ""raiseTo"": null}, {""name"": ""min"", ""kind"": ""raise"", ""raiseTo"": 500}, {""name"": ""pot"", ""kind"": ""raise"", ""raiseTo"": 900}]","[""Fold"", ""Call 2 BB"", ""Min · 5 BB"", ""Pot · 9 BB""]",Fold,fold,,1790772610666,True,True,True,1790772610983,1790772605453,5213,317,,False,False
PlMiosUXOX3jddmqtCqgK3g7,epPR8KGfIbvWZqfHRZoPNYKG,81,1,preflop,2,1,"[{""type"": ""luna_attempt"", ""handOrdinal"": 81, ""decisionOrdinal"": 2, ""street"": ""pre-flop"", ""legalButtonLabels"": [""Fold"", ""Call 0.50 BB"", ""Min · 2 BB"", ""Pot · 3 BB""], ""attemptedButtonLabel"": ""Min · 2 BB"", ""attemptedAtMs"": 1790772629221, ""lastRenderedAtMs"": 1790772622241}]","[""Kc"", ""4d""]",[],"[{""name"": ""fold"", ""kind"": ""fold"", ""raiseTo"": null}, {""name"": ""call"", ""kind"": ""call"", ""raiseTo"": null}, {""name"": ""min"", ""kind"": ""raise"", ""raiseTo"": 200}, {""name"": ""pot"", ""kind"": ""raise"", ""raiseTo"": 300}]","[""Fold"", ""Call 0.50 BB"", ""Min · 2 BB"", ""Pot · 3 BB""]",Min · 2 BB,raise,200,1790772629221,True,True,True,1790772629435,1790772622241,6980,214,,False,False
PlMiosUXOX3jddmqtCqgK3g7,epPR8KGfIbvWZqfHRZoPNYKG,81,2,flop,3,1,"[{""type"": ""luna_attempt"", ""handOrdinal"": 81, ""decisionOrdinal"": 3, ""street"": ""flop"", ""legalButtonLabels"": [""check"", ""Min · 1 BB"", ""Pot · 4 BB""], ""attemptedButtonLabel"": ""Min · 1 BB"", ""attemptedAtMs"": 1790772635109, ""lastRenderedAtMs"": 1790772629531}]","[""Kc"", ""4d""]","[""7d"", ""Qc"", ""9s""]","[{""name"": ""check"", ""kind"": ""check"", ""raiseTo"": null}, {""name"": ""min"", ""kind"": ""raise"", ""raiseTo"": 100}, {""name"": ""pot"", ""kind"": ""raise"", ""raiseTo"": 400}]","[""check"", ""Min · 1 BB"", ""Pot · 4 BB""]",Min · 1 BB,raise,100,1790772635109,True,True,True,1790772635384,1790772629531,5578,275,,False,False
PlMiosUXOX3jddmqtCqgK3g7,epPR8KGfIbvWZqfHRZoPNYKG,81,3,flop,4,1,"[{""type"": ""luna_attempt"", ""handOrdinal"": 81, ""decisionOrdinal"": 4, ""street"": ""flop"", ""legalButtonLabels"": [""Fold"", ""Call 1 BB"", ""Min · 3 BB"", ""Pot · 10 BB"", ""Jam · 18 BB""], ""attemptedButtonLabel"": ""Fold"", ""attemptedAtMs"": 1790772641709, ""lastRenderedAtMs"": 1790772635430}]","[""Kc"", ""4d""]","[""7d"", ""Qc"", ""9s""]","[{""name"": ""fold"", ""kind"": ""fold"", ""raiseTo"": null}, {""name"": ""call"", ""kind"": ""call"", ""raiseTo"": null}, {""name"": ""min"", ""kind"": ""raise"", ""raiseTo"": 300}, {""name"": ""pot"", ""kind"": ""raise"", ""raiseTo"": 1000}, {""name"": ""jam"", ""kind"": ""raise"", ""raiseTo"": 1800}]","[""Fold"", ""Call 1 BB"", ""Min · 3 BB"", ""Pot · 10 BB"", ""Jam · 18 BB""]",Fold,fold,,1790772641709,True,True,True,1790772642018,1790772635430,6279,309,,False,False
PlMiosUXOX3jddmqtCqgK3g7,-1Ld-39MJtmXi2eWGX1d_xsR,83,1,preflop,2,1,"[{""type"": ""luna_attempt"", ""handOrdinal"": 83, ""decisionOrdinal"": 2, ""street"": ""pre-flop"", ""legalButtonLabels"": [""Fold"", ""Call 0.50 BB"", ""Min · 2 BB"", ""Pot · 3 BB""], ""attemptedButtonLabel"": ""Fold"", ""attemptedAtMs"": 1790772660098, ""lastRenderedAtMs"": 1790772655147}]","[""2c"", ""7h""]",[],"[{""name"": ""fold"", ""kind"": ""fold"", ""raiseTo"": null}, {""name"": ""call"", ""kind"": ""call"", ""raiseTo"": null}, {""name"": ""min"", ""kind"": ""raise"", ""raiseTo"": 200}, {""name"": ""pot"", ""kind"": ""raise"", ""raiseTo"": 300}]","[""Fold"", ""Call 0.50 BB"", ""Min · 2 BB"", ""Pot · 3 BB""]",Fold,fold,,1790772660098,True,True,True,1790772660392,1790772655147,4951,294,,False,False
PlMiosUXOX3jddmqtCqgK3g7,LmjCEAbOsvU8FT-r8t6v60Xx,84,1,preflop,2,1,"[{""type"": ""luna_attempt"", ""handOrdinal"": 84, ""decisionOrdinal"": 2, ""street"": ""pre-flop"", ""legalButtonLabels"": [""Fold"", ""Call 1 BB"", ""Min · 3 BB"", ""Pot · 6 BB""], ""attemptedButtonLabel"": ""Call 1 BB"", ""attemptedAtMs"": 1790772671101, ""lastRenderedAtMs"": 1790772665852}]","[""Qs"", ""Td""]",[],"[{""name"": ""fold"", ""kind"": ""fold"", ""raiseTo"": null}, {""name"": ""call"", ""kind"": ""call"", ""raiseTo"": null}, {""name"": ""min"", ""kind"": ""raise"", ""raiseTo"": 300}, {""name"": ""pot"", ""kind"": ""raise"", ""raiseTo"": 600}]","[""Fold"", ""Call 1 BB"", ""Min · 3 BB"", ""Pot · 6 BB""]",Call 1 BB,call,,1790772671101,True,True,True,1790772671448,1790772665852,5249,347,,False,False
PlMiosUXOX3jddmqtCqgK3g7,LmjCEAbOsvU8FT-r8t6v60Xx,84,2,flop,3,1,"[{""type"": ""luna_attempt"", ""handOrdinal"": 84, ""decisionOrdinal"": 3, ""street"": ""flop"", ""legalButtonLabels"": [""check"", ""Min · 1 BB"", ""Pot · 4 BB""], ""attemptedButtonLabel"": ""check"", ""attemptedAtMs"": 1790772685896, ""lastRenderedAtMs"": 1790772671533}]","[""Qs"", ""Td""]","[""2h"", ""9s"", ""Jh""]","[{""name"": ""check"", ""kind"": ""check"", ""raiseTo"": null}, {""name"": ""min"", ""kind"": ""raise"", ""raiseTo"": 100}, {""name"": ""pot"", ""kind"": ""raise"", ""raiseTo"": 400}]","[""check"", ""Min · 1 BB"", ""Pot · 4 BB""]",check,check,,1790772685896,True,True,True,1790772686171,1790772671533,14363,275,,False,False
PlMiosUXOX3jddmqtCqgK3g7,LmjCEAbOsvU8FT-r8t6v60Xx,84,3,turn,4,1,"[{""type"": ""luna_attempt"", ""handOrdinal"": 84, ""decisionOrdinal"": 4, ""street"": ""turn"", ""legalButtonLabels"": [""check"", ""Min · 1 BB"", ""Pot · 4 BB""], ""attemptedButtonLabel"": ""Min · 1 BB"", ""attemptedAtMs"": 1790772691820, ""lastRenderedAtMs"": 1790772686259}]","[""Qs"", ""Td""]","[""2h"", ""9s"", ""Jh"", ""Qd""]","[{""name"": ""check"", ""kind"": ""check"", ""raiseTo"": null}, {""name"": ""min"", ""kind"": ""raise"", ""raiseTo"": 100}, {""name"": ""pot"", ""kind"": ""raise"", ""raiseTo"": 400}]","[""check"", ""Min · 1 BB"", ""Pot · 4 BB""]",Min · 1 BB,raise,100,1790772691820,True,True,True,1790772692076,1790772686259,5561,256,,False,False
PlMiosUXOX3jddmqtCqgK3g7,LmjCEAbOsvU8FT-r8t6v60Xx,84,4,turn,5,1,"[{""type"": ""luna_attempt"", ""handOrdinal"": 84, ""decisionOrdinal"": 5, ""street"": ""turn"", ""legalButtonLabels"": [""Fold"", ""Call 6 BB"", ""Min · 13 BB"", ""Pot · 18 BB""], ""attemptedButtonLabel"": ""Fold"", ""attemptedAtMs"": 1790772698018, ""lastRenderedAtMs"": 1790772692126}]","[""Qs"", ""Td""]","[""2h"", ""9s"", ""Jh"", ""Qd""]","[{""name"": ""fold"", ""kind"": ""fold"", ""raiseTo"": null}, {""name"": ""call"", ""kind"": ""call"", ""raiseTo"": null}, {""name"": ""min"", ""kind"": ""raise"", ""raiseTo"": 1300}, {""name"": ""pot"", ""kind"": ""raise"", ""raiseTo"": 1800}]","[""Fold"", ""Call 6 BB"", ""Min · 13 BB"", ""Pot · 18 BB""]",Fold,fold,,1790772698018,True,True,True,1790772698249,1790772692126,5892,231,,False,False
PlMiosUXOX3jddmqtCqgK3g7,_jggUBGZ3Drwlh6p6PaozCON,85,1,preflop,2,1,"[{""type"": ""luna_attempt"", ""handOrdinal"": 85, ""decisionOrdinal"": 2, ""street"": ""pre-flop"", ""legalButtonLabels"": [""Fold"", ""Call 0.50 BB"", ""Min · 2 BB"", ""Pot · 3 BB""], ""attemptedButtonLabel"": ""Min · 2 BB"", ""attemptedAtMs"": 1790772708796, ""lastRenderedAtMs"": 1790772703860}]","[""Kd"", ""2c""]",[],"[{""name"": ""fold"", ""kind"": ""fold"", ""raiseTo"": null}, {""name"": ""call"", ""kind"": ""call"", ""raiseTo"": null}, {""name"": ""min"", ""kind"": ""raise"", ""raiseTo"": 200}, {""name"": ""pot"", ""kind"": ""raise"", ""raiseTo"": 300}]","[""Fold"", ""Call 0.50 BB"", ""Min · 2 BB"", ""Pot · 3 BB""]",Min · 2 BB,raise,200,1790772708796,True,True,True,1790772709087,1790772703860,4936,291,,False,False
PlMiosUXOX3jddmqtCqgK3g7,_jggUBGZ3Drwlh6p6PaozCON,85,2,flop,3,1,"[{""type"": ""luna_attempt"", ""handOrdinal"": 85, ""decisionOrdinal"": 3, ""street"": ""flop"", ""legalButtonLabels"": [""check"", ""Min · 1 BB"", ""Pot · 4 BB""], ""attemptedButtonLabel"": ""Min · 1 BB"", ""attemptedAtMs"": 1790772715409, ""lastRenderedAtMs"": 1790772709232}]","[""Kd"", ""2c""]","[""Jc"", ""8d"", ""6d""]","[{""name"": ""check"", ""kind"": ""check"", ""raiseTo"": null}, {""name"": ""min"", ""kind"": ""raise"", ""raiseTo"": 100}, {""name"": ""pot"", ""kind"": ""raise"", ""raiseTo"": 400}]","[""check"", ""Min · 1 BB"", ""Pot · 4 BB""]",Min · 1 BB,raise,100,1790772715409,True,True,True,1790772715814,1790772709232,6177,405,,False,False
PlMiosUXOX3jddmqtCqgK3g7,_jggUBGZ3Drwlh6p6PaozCON,85,3,turn,4,1,"[{""type"": ""luna_attempt"", ""handOrdinal"": 85, ""decisionOrdinal"": 4, ""street"": ""turn"", ""legalButtonLabels"": [""check"", ""Min · 1 BB"", ""Pot · 6 BB""], ""attemptedButtonLabel"": ""check"", ""attemptedAtMs"": 1790772721684, ""lastRenderedAtMs"": 1790772715889}]","[""Kd"", ""2c""]","[""Jc"", ""8d"", ""6d"", ""3h""]","[{""name"": ""check"", ""kind"": ""check"", ""raiseTo"": null}, {""name"": ""min"", ""kind"": ""raise"", ""raiseTo"": 100}, {""name"": ""pot"", ""kind"": ""raise"", ""raiseTo"": 600}]","[""check"", ""Min · 1 BB"", ""Pot · 6 BB""]",check,check,,1790772721684,True,True,True,1790772721989,1790772715889,5795,305,,False,False
PlMiosUXOX3jddmqtCqgK3g7,_jggUBGZ3Drwlh6p6PaozCON,85,4,river,5,1,"[{""type"": ""luna_attempt"", ""handOrdinal"": 85, ""decisionOrdinal"": 5, ""street"": ""river"", ""legalButtonLabels"": [""Fold"", ""Call 1 BB"", ""Min · 2 BB"", ""Pot · 9 BB"", ""Jam · 17 BB""], ""attemptedButtonLabel"": ""Fold"", ""attemptedAtMs"": 1790772727203, ""lastRenderedAtMs"": 1790772722060}]","[""Kd"", ""2c""]","[""Jc"", ""8d"", ""6d"", ""3h"", ""Td""]","[{""name"": ""fold"", ""kind"": ""fold"", ""raiseTo"": null}, {""name"": ""call"", ""kind"": ""call"", ""raiseTo"": null}, {""name"": ""min"", ""kind"": ""raise"", ""raiseTo"": 200}, {""name"": ""pot"", ""kind"": ""raise"", ""raiseTo"": 900}, {""name"": ""jam"", ""kind"": ""raise"", ""raiseTo"": 1700}]","[""Fold"", ""Call 1 BB"", ""Min · 2 BB"", ""Pot · 9 BB"", ""Jam · 17 BB""]",Fold,fold,,1790772727203,True,True,True,1790772727551,1790772722060,5143,348,,False,False
PlMiosUXOX3jddmqtCqgK3g7,A5WMO8edseYgbPGLcxEwB-3l,86,1,preflop,2,1,"[{""type"": ""luna_attempt"", ""handOrdinal"": 86, ""decisionOrdinal"": 2, ""street"": ""pre-flop"", ""legalButtonLabels"": [""Fold"", ""Call 1 BB"", ""Min · 3 BB"", ""Pot · 6 BB""], ""attemptedButtonLabel"": ""Call 1 BB"", ""attemptedAtMs"": 1790772738585, ""lastRenderedAtMs"": 1790772733086}]","[""8d"", ""Ad""]",[],"[{""name"": ""fold"", ""kind"": ""fold"", ""raiseTo"": null}, {""name"": ""call"", ""kind"": ""call"", ""raiseTo"": null}, {""name"": ""min"", ""kind"": ""raise"", ""raiseTo"": 300}, {""name"": ""pot"", ""kind"": ""raise"", ""raiseTo"": 600}]","[""Fold"", ""Call 1 BB"", ""Min · 3 BB"", ""Pot · 6 BB""]",Call 1 BB,call,,1790772738585,True,True,True,1790772738967,1790772733086,5499,382,,False,False
PlMiosUXOX3jddmqtCqgK3g7,A5WMO8edseYgbPGLcxEwB-3l,86,2,flop,3,1,"[{""type"": ""luna_attempt"", ""handOrdinal"": 86, ""decisionOrdinal"": 3, ""street"": ""flop"", ""legalButtonLabels"": [""check"", ""Min · 1 BB"", ""Pot · 4 BB""], ""attemptedButtonLabel"": ""check"", ""attemptedAtMs"": 1790772745137, ""lastRenderedAtMs"": 1790772739054}]","[""8d"", ""Ad""]","[""5d"", ""Th"", ""9s""]","[{""name"": ""check"", ""kind"": ""check"", ""raiseTo"": null}, {""name"": ""min"", ""kind"": ""raise"", ""raiseTo"": 100}, {""name"": ""pot"", ""kind"": ""raise"", ""raiseTo"": 400}]","[""check"", ""Min · 1 BB"", ""Pot · 4 BB""]",check,check,,1790772745137,True,True,True,1790772745453,1790772739054,6083,316,,False,False
PlMiosUXOX3jddmqtCqgK3g7,A5WMO8edseYgbPGLcxEwB-3l,86,3,turn,4,1,"[{""type"": ""luna_attempt"", ""handOrdinal"": 86, ""decisionOrdinal"": 4, ""street"": ""turn"", ""legalButtonLabels"": [""check"", ""Min · 1 BB"", ""Pot · 4 BB""], ""attemptedButtonLabel"": ""Min · 1 BB"", ""attemptedAtMs"": 1790772753332, ""lastRenderedAtMs"": 1790772745530}]","[""8d"", ""Ad""]","[""5d"", ""Th"", ""9s"", ""Jd""]","[{""name"": ""check"", ""kind"": ""check"", ""raiseTo"": null}, {""name"": ""min"", ""kind"": ""raise"", ""raiseTo"": 100}, {""name"": ""pot"", ""kind"": ""raise"", ""raiseTo"": 400}]","[""check"", ""Min · 1 BB"", ""Pot · 4 BB""]",Min · 1 BB,raise,100,1790772753332,True,True,True,1790772753605,1790772745530,7802,273,,False,False
PlMiosUXOX3jddmqtCqgK3g7,A5WMO8edseYgbPGLcxEwB-3l,86,4,river,5,1,"[{""type"": ""luna_attempt"", ""handOrdinal"": 86, ""decisionOrdinal"": 5, ""street"": ""river"", ""legalButtonLabels"": [""check"", ""Min · 1 BB"", ""Pot · 6 BB""], ""attemptedButtonLabel"": ""check"", ""attemptedAtMs"": 1790772759605, ""lastRenderedAtMs"": 1790772753650}]","[""8d"", ""Ad""]","[""5d"", ""Th"", ""9s"", ""Jd"", ""3s""]","[{""name"": ""check"", ""kind"": ""check"", ""raiseTo"": null}, {""name"": ""min"", ""kind"": ""raise"", ""raiseTo"": 100}, {""name"": ""pot"", ""kind"": ""raise"", ""raiseTo"": 600}]","[""check"", ""Min · 1 BB"", ""Pot · 6 BB""]",check,check,,1790772759605,True,True,True,1790772759823,1790772753650,5955,218,,False,False
PlMiosUXOX3jddmqtCqgK3g7,NRGgCoCok_JZnseuuX5cPOuG,87,1,preflop,2,1,"[{""type"": ""luna_attempt"", ""handOrdinal"": 87, ""decisionOrdinal"": 2, ""street"": ""pre-flop"", ""legalButtonLabels"": [""Fold"", ""Call 0.50 BB"", ""Min · 2 BB"", ""Pot · 3 BB""], ""attemptedButtonLabel"": ""Call 0.50 BB"", ""attemptedAtMs"": 1790772771013, ""lastRenderedAtMs"": 1790772765666}]","[""5d"", ""7h""]",[],"[{""name"": ""fold"", ""kind"": ""fold"", ""raiseTo"": null}, {""name"": ""call"", ""kind"": ""call"", ""raiseTo"": null}, {""name"": ""min"", ""kind"": ""raise"", ""raiseTo"": 200}, {""name"": ""pot"", ""kind"": ""raise"", ""raiseTo"": 300}]","[""Fold"", ""Call 0.50 BB"", ""Min · 2 BB"", ""Pot · 3 BB""]",Call 0.50 BB,call,,1790772771013,True,True,True,1790772771277,1790772765666,5347,264,,False,False
PlMiosUXOX3jddmqtCqgK3g7,NRGgCoCok_JZnseuuX5cPOuG,87,2,flop,3,1,"[{""type"": ""luna_attempt"", ""handOrdinal"": 87, ""decisionOrdinal"": 3, ""street"": ""flop"", ""legalButtonLabels"": [""check"", ""Min · 1 BB"", ""Pot · 2 BB""], ""attemptedButtonLabel"": ""Min · 1 BB"", ""attemptedAtMs"": 1790772777374, ""lastRenderedAtMs"": 1790772771362}]","[""5d"", ""7h""]","[""8s"", ""7d"", ""5h""]","[{""name"": ""check"", ""kind"": ""check"", ""raiseTo"": null}, {""name"": ""min"", ""kind"": ""raise"", ""raiseTo"": 100}, {""name"": ""pot"", ""kind"": ""raise"", ""raiseTo"": 200}]","[""check"", ""Min · 1 BB"", ""Pot · 2 BB""]",Min · 1 BB,raise,100,1790772777374,True,True,True,1790772777760,1790772771362,6012,386,,False,False
PlMiosUXOX3jddmqtCqgK3g7,NRGgCoCok_JZnseuuX5cPOuG,87,3,turn,4,1,"[{""type"": ""luna_attempt"", ""handOrdinal"": 87, ""decisionOrdinal"": 4, ""street"": ""turn"", ""legalButtonLabels"": [""Fold"", ""Call 1 BB"", ""Min · 2 BB"", ""Pot · 7 BB""], ""attemptedButtonLabel"": ""Call 1 BB"", ""attemptedAtMs"": 1790772783136, ""lastRenderedAtMs"": 1790772777837}]","[""5d"", ""7h""]","[""8s"", ""7d"", ""5h"", ""9d""]","[{""name"": ""fold"", ""kind"": ""fold"", ""raiseTo"": null}, {""name"": ""call"", ""kind"": ""call"", ""raiseTo"": null}, {""name"": ""min"", ""kind"": ""raise"", ""raiseTo"": 200}, {""name"": ""pot"", ""kind"": ""raise"", ""raiseTo"": 700}]","[""Fold"", ""Call 1 BB"", ""Min · 2 BB"", ""Pot · 7 BB""]",Call 1 BB,call,,1790772783136,True,True,True,1790772783402,1790772777837,5299,266,,False,False
PlMiosUXOX3jddmqtCqgK3g7,NRGgCoCok_JZnseuuX5cPOuG,87,4,river,5,1,"[{""type"": ""luna_attempt"", ""handOrdinal"": 87, ""decisionOrdinal"": 5, ""street"": ""river"", ""legalButtonLabels"": [""check"", ""Min · 1 BB"", ""Pot · 6 BB""], ""attemptedButtonLabel"": ""Min · 1 BB"", ""attemptedAtMs"": 1790772792217, ""lastRenderedAtMs"": 1790772783496}]","[""5d"", ""7h""]","[""8s"", ""7d"", ""5h"", ""9d"", ""9h""]","[{""name"": ""check"", ""kind"": ""check"", ""raiseTo"": null}, {""name"": ""min"", ""kind"": ""raise"", ""raiseTo"": 100}, {""name"": ""pot"", ""kind"": ""raise"", ""raiseTo"": 600}]","[""check"", ""Min · 1 BB"", ""Pot · 6 BB""]",Min · 1 BB,raise,100,1790772792217,True,True,True,1790772792539,1790772783496,8721,322,,False,False
PlMiosUXOX3jddmqtCqgK3g7,dJVnYGlvbJDSyov_Z0c1Y7zY,89,1,preflop,2,1,"[{""type"": ""luna_attempt"", ""handOrdinal"": 89, ""decisionOrdinal"": 2, ""street"": ""pre-flop"", ""legalButtonLabels"": [""Fold"", ""Call 0.50 BB"", ""Min · 2 BB"", ""Pot · 3 BB""], ""attemptedButtonLabel"": ""Min · 2 BB"", ""attemptedAtMs"": 1790772808654, ""lastRenderedAtMs"": 1790772803558}]","[""8s"", ""7s""]",[],"[{""name"": ""fold"", ""kind"": ""fold"", ""raiseTo"": null}, {""name"": ""call"", ""kind"": ""call"", ""raiseTo"": null}, {""name"": ""min"", ""kind"": ""raise"", ""raiseTo"": 200}, {""name"": ""pot"", ""kind"": ""raise"", ""raiseTo"": 300}]","[""Fold"", ""Call 0.50 BB"", ""Min · 2 BB"", ""Pot · 3 BB""]",Min · 2 BB,raise,200,1790772808654,True,True,True,1790772808945,1790772803558,5096,291,,False,False
PlMiosUXOX3jddmqtCqgK3g7,dJVnYGlvbJDSyov_Z0c1Y7zY,89,2,preflop,3,1,"[{""type"": ""luna_attempt"", ""handOrdinal"": 89, ""decisionOrdinal"": 3, ""street"": ""pre-flop"", ""legalButtonLabels"": [""Fold"", ""Call 1 BB"", ""Min · 4 BB"", ""Pot · 9 BB""], ""attemptedButtonLabel"": ""Call 1 BB"", ""attemptedAtMs"": 1790772815293, ""lastRenderedAtMs"": 1790772809460}]","[""8s"", ""7s""]",[],"[{""name"": ""fold"", ""kind"": ""fold"", ""raiseTo"": null}, {""name"": ""call"", ""kind"": ""call"", ""raiseTo"": null}, {""name"": ""min"", ""kind"": ""raise"", ""raiseTo"": 400}, {""name"": ""pot"", ""kind"": ""raise"", ""raiseTo"": 900}]","[""Fold"", ""Call 1 BB"", ""Min · 4 BB"", ""Pot · 9 BB""]",Call 1 BB,call,,1790772815293,True,True,True,1790772815620,1790772809460,5833,327,,False,False
PlMiosUXOX3jddmqtCqgK3g7,dJVnYGlvbJDSyov_Z0c1Y7zY,89,3,flop,4,1,"[{""type"": ""luna_attempt"", ""handOrdinal"": 89, ""decisionOrdinal"": 4, ""street"": ""flop"", ""legalButtonLabels"": [""Fold"", ""Call 1 BB"", ""Min · 2 BB"", ""Pot · 9 BB"", ""Jam · 17 BB""], ""attemptedButtonLabel"": ""Min · 2 BB"", ""attemptedAtMs"": 1790772821570, ""lastRenderedAtMs"": 1790772815705}]","[""8s"", ""7s""]","[""8h"", ""9s"", ""7h""]","[{""name"": ""fold"", ""kind"": ""fold"", ""raiseTo"": null}, {""name"": ""call"", ""kind"": ""call"", ""raiseTo"": null}, {""name"": ""min"", ""kind"": ""raise"", ""raiseTo"": 200}, {""name"": ""pot"", ""kind"": ""raise"", ""raiseTo"": 900}, {""name"": ""jam"", ""kind"": ""raise"", ""raiseTo"": 1700}]","[""Fold"", ""Call 1 BB"", ""Min · 2 BB"", ""Pot · 9 BB"", ""Jam · 17 BB""]",Min · 2 BB,raise,200,1790772821570,True,True,True,1790772821821,1790772815705,5865,251,,False,False
PlMiosUXOX3jddmqtCqgK3g7,dJVnYGlvbJDSyov_Z0c1Y7zY,89,4,flop,5,1,"[{""type"": ""luna_attempt"", ""handOrdinal"": 89, ""decisionOrdinal"": 5, ""street"": ""flop"", ""legalButtonLabels"": [""Fold"", ""Call 10 BB"", ""Min · 17 BB""], ""attemptedButtonLabel"": ""Call 10 BB"", ""attemptedAtMs"": 1790772833632, ""lastRenderedAtMs"": 1790772821898}]","[""8s"", ""7s""]","[""8h"", ""9s"", ""7h""]","[{""name"": ""fold"", ""kind"": ""fold"", ""raiseTo"": null}, {""name"": ""call"", ""kind"": ""call"", ""raiseTo"": null}, {""name"": ""min"", ""kind"": ""raise"", ""raiseTo"": 1700}]","[""Fold"", ""Call 10 BB"", ""Min · 17 BB""]",Call 10 BB,call,,1790772833632,True,True,True,1790772833865,1790772821898,11734,233,,False,False
PlMiosUXOX3jddmqtCqgK3g7,dJVnYGlvbJDSyov_Z0c1Y7zY,89,5,turn,6,1,"[{""type"": ""luna_attempt"", ""handOrdinal"": 89, ""decisionOrdinal"": 6, ""street"": ""turn"", ""legalButtonLabels"": [""check"", ""Min · 1 BB"", ""Pot · 5 BB""], ""attemptedButtonLabel"": ""check"", ""attemptedAtMs"": 1790772841507, ""lastRenderedAtMs"": 1790772833942}]","[""8s"", ""7s""]","[""8h"", ""9s"", ""7h"", ""Jd""]","[{""name"": ""check"", ""kind"": ""check"", ""raiseTo"": null}, {""name"": ""min"", ""kind"": ""raise"", ""raiseTo"": 100}, {""name"": ""pot"", ""kind"": ""raise"", ""raiseTo"": 500}]","[""check"", ""Min · 1 BB"", ""Pot · 5 BB""]",check,check,,1790772841507,True,True,True,1790772841745,1790772833942,7565,238,,False,False
PlMiosUXOX3jddmqtCqgK3g7,dJVnYGlvbJDSyov_Z0c1Y7zY,89,6,river,7,1,"[{""type"": ""luna_attempt"", ""handOrdinal"": 89, ""decisionOrdinal"": 7, ""street"": ""river"", ""legalButtonLabels"": [""check"", ""Min · 1 BB"", ""Pot · 5 BB""], ""attemptedButtonLabel"": ""Pot · 5 BB"", ""attemptedAtMs"": 1790772849408, ""lastRenderedAtMs"": 1790772841831}]","[""8s"", ""7s""]","[""8h"", ""9s"", ""7h"", ""Jd"", ""Qc""]","[{""name"": ""check"", ""kind"": ""check"", ""raiseTo"": null}, {""name"": ""min"", ""kind"": ""raise"", ""raiseTo"": 100}, {""name"": ""pot"", ""kind"": ""raise"", ""raiseTo"": 500}]","[""check"", ""Min · 1 BB"", ""Pot · 5 BB""]",Pot · 5 BB,raise,500,1790772849408,True,True,True,1790772849737,1790772841831,7577,329,,False,False
PlMiosUXOX3jddmqtCqgK3g7,2OY6mxCFBygE0n0uO33jAe_F,90,1,preflop,2,1,"[{""type"": ""luna_attempt"", ""handOrdinal"": 90, ""decisionOrdinal"": 2, ""street"": ""pre-flop"", ""legalButtonLabels"": [""Fold"", ""Call 2 BB"", ""Min · 5 BB"", ""Pot · 9 BB""], ""attemptedButtonLabel"": ""Fold"", ""attemptedAtMs"": 1790772860964, ""lastRenderedAtMs"": 1790772855391}]","[""8s"", ""9h""]",[],"[{""name"": ""fold"", ""kind"": ""fold"", ""raiseTo"": null}, {""name"": ""call"", ""kind"": ""call"", ""raiseTo"": null}, {""name"": ""min"", ""kind"": ""raise"", ""raiseTo"": 500}, {""name"": ""pot"", ""kind"": ""raise"", ""raiseTo"": 900}]","[""Fold"", ""Call 2 BB"", ""Min · 5 BB"", ""Pot · 9 BB""]",Fold,fold,,1790772860964,True,True,True,1790772861259,1790772855391,5573,295,,False,False
PlMiosUXOX3jddmqtCqgK3g7,_2x_Dn3mIlri9DXYc9qRLOe2,91,1,preflop,2,1,"[{""type"": ""luna_attempt"", ""handOrdinal"": 91, ""decisionOrdinal"": 2, ""street"": ""pre-flop"", ""legalButtonLabels"": [""Fold"", ""Call 0.50 BB"", ""Min · 2 BB"", ""Pot · 3 BB""], ""attemptedButtonLabel"": ""Call 0.50 BB"", ""attemptedAtMs"": 1790772872709, ""lastRenderedAtMs"": 1790772867748}]","[""9d"", ""5s""]",[],"[{""name"": ""fold"", ""kind"": ""fold"", ""raiseTo"": null}, {""name"": ""call"", ""kind"": ""call"", ""raiseTo"": null}, {""name"": ""min"", ""kind"": ""raise"", ""raiseTo"": 200}, {""name"": ""pot"", ""kind"": ""raise"", ""raiseTo"": 300}]","[""Fold"", ""Call 0.50 BB"", ""Min · 2 BB"", ""Pot · 3 BB""]",Call 0.50 BB,call,,1790772872709,True,True,True,1790772872918,1790772867748,4961,209,,False,False
PlMiosUXOX3jddmqtCqgK3g7,_2x_Dn3mIlri9DXYc9qRLOe2,91,2,preflop,3,1,"[{""type"": ""luna_attempt"", ""handOrdinal"": 91, ""decisionOrdinal"": 3, ""street"": ""pre-flop"", ""legalButtonLabels"": [""Fold"", ""Call 2 BB"", ""Min · 5 BB"", ""Pot · 9 BB""], ""attemptedButtonLabel"": ""Fold"", ""attemptedAtMs"": 1790772878231, ""lastRenderedAtMs"": 1790772873005}]","[""9d"", ""5s""]",[],"[{""name"": ""fold"", ""kind"": ""fold"", ""raiseTo"": null}, {""name"": ""call"", ""kind"": ""call"", ""raiseTo"": null}, {""name"": ""min"", ""kind"": ""raise"", ""raiseTo"": 500}, {""name"": ""pot"", ""kind"": ""raise"", ""raiseTo"": 900}]","[""Fold"", ""Call 2 BB"", ""Min · 5 BB"", ""Pot · 9 BB""]",Fold,fold,,1790772878231,True,True,True,1790772878626,1790772873005,5226,395,,False,False
PlMiosUXOX3jddmqtCqgK3g7,JeC4Ynyf9LaNX-OtveJqKUrr,92,1,preflop,2,1,"[{""type"": ""luna_attempt"", ""handOrdinal"": 92, ""decisionOrdinal"": 2, ""street"": ""pre-flop"", ""legalButtonLabels"": [""check"", ""Min · 2 BB"", ""Pot · 3 BB""], ""attemptedButtonLabel"": ""check"", ""attemptedAtMs"": 1790772890695, ""lastRenderedAtMs"": 1790772885414}]","[""3d"", ""5h""]",[],"[{""name"": ""check"", ""kind"": ""check"", ""raiseTo"": null}, {""name"": ""min"", ""kind"": ""raise"", ""raiseTo"": 200}, {""name"": ""pot"", ""kind"": ""raise"", ""raiseTo"": 300}]","[""check"", ""Min · 2 BB"", ""Pot · 3 BB""]",check,check,,1790772890695,True,True,True,1790772891111,1790772885414,5281,416,,False,False
PlMiosUXOX3jddmqtCqgK3g7,JeC4Ynyf9LaNX-OtveJqKUrr,92,2,flop,3,1,"[{""type"": ""luna_attempt"", ""handOrdinal"": 92, ""decisionOrdinal"": 3, ""street"": ""flop"", ""legalButtonLabels"": [""check"", ""Min · 1 BB"", ""Pot · 2 BB""], ""attemptedButtonLabel"": ""check"", ""attemptedAtMs"": 1790772898216, ""lastRenderedAtMs"": 1790772891183}]","[""3d"", ""5h""]","[""8h"", ""As"", ""6c""]","[{""name"": ""check"", ""kind"": ""check"", ""raiseTo"": null}, {""name"": ""min"", ""kind"": ""raise"", ""raiseTo"": 100}, {""name"": ""pot"", ""kind"": ""raise"", ""raiseTo"": 200}]","[""check"", ""Min · 1 BB"", ""Pot · 2 BB""]",check,check,,1790772898216,True,True,True,1790772898615,1790772891183,7033,399,,False,False
PlMiosUXOX3jddmqtCqgK3g7,JeC4Ynyf9LaNX-OtveJqKUrr,92,3,flop,4,1,"[{""type"": ""luna_attempt"", ""handOrdinal"": 92, ""decisionOrdinal"": 4, ""street"": ""flop"", ""legalButtonLabels"": [""Fold"", ""Call 1 BB"", ""Min · 2 BB"", ""Pot · 5 BB""], ""attemptedButtonLabel"": ""Fold"", ""attemptedAtMs"": 1790772903698, ""lastRenderedAtMs"": 1790772898689}]","[""3d"", ""5h""]","[""8h"", ""As"", ""6c""]","[{""name"": ""fold"", ""kind"": ""fold"", ""raiseTo"": null}, {""name"": ""call"", ""kind"": ""call"", ""raiseTo"": null}, {""name"": ""min"", ""kind"": ""raise"", ""raiseTo"": 200}, {""name"": ""pot"", ""kind"": ""raise"", ""raiseTo"": 500}]","[""Fold"", ""Call 1 BB"", ""Min · 2 BB"", ""Pot · 5 BB""]",Fold,fold,,1790772903698,True,True,True,1790772903964,1790772898689,5009,266,,False,False
PlMiosUXOX3jddmqtCqgK3g7,ovWaDz-VOKbLDQ0EzDMhHV-X,93,1,preflop,2,1,"[{""type"": ""luna_attempt"", ""handOrdinal"": 93, ""decisionOrdinal"": 2, ""street"": ""pre-flop"", ""legalButtonLabels"": [""Fold"", ""Call 0.50 BB"", ""Min · 2 BB"", ""Pot · 3 BB""], ""attemptedButtonLabel"": ""Call 0.50 BB"", ""attemptedAtMs"": 1790772915281, ""lastRenderedAtMs"": 1790772909209}]","[""4d"", ""7h""]",[],"[{""name"": ""fold"", ""kind"": ""fold"", ""raiseTo"": null}, {""name"": ""call"", ""kind"": ""call"", ""raiseTo"": null}, {""name"": ""min"", ""kind"": ""raise"", ""raiseTo"": 200}, {""name"": ""pot"", ""kind"": ""raise"", ""raiseTo"": 300}]","[""Fold"", ""Call 0.50 BB"", ""Min · 2 BB"", ""Pot · 3 BB""]",Call 0.50 BB,call,,1790772915281,True,True,True,1790772915598,1790772909209,6072,317,,False,False
PlMiosUXOX3jddmqtCqgK3g7,ovWaDz-VOKbLDQ0EzDMhHV-X,93,2,preflop,3,1,"[{""type"": ""luna_attempt"", ""handOrdinal"": 93, ""decisionOrdinal"": 3, ""street"": ""pre-flop"", ""legalButtonLabels"": [""Fold"", ""Call 2 BB"", ""Min · 5 BB"", ""Pot · 9 BB""], ""attemptedButtonLabel"": ""Fold"", ""attemptedAtMs"": 1790772920490, ""lastRenderedAtMs"": 1790772915678}]","[""4d"", ""7h""]",[],"[{""name"": ""fold"", ""kind"": ""fold"", ""raiseTo"": null}, {""name"": ""call"", ""kind"": ""call"", ""raiseTo"": null}, {""name"": ""min"", ""kind"": ""raise"", ""raiseTo"": 500}, {""name"": ""pot"", ""kind"": ""raise"", ""raiseTo"": 900}]","[""Fold"", ""Call 2 BB"", ""Min · 5 BB"", ""Pot · 9 BB""]",Fold,fold,,1790772920490,True,True,True,1790772920704,1790772915678,4812,214,,False,False
PlMiosUXOX3jddmqtCqgK3g7,uNzyGa6cTpw1UkKQymozLj0R,94,1,preflop,2,1,"[{""type"": ""luna_attempt"", ""handOrdinal"": 94, ""decisionOrdinal"": 2, ""street"": ""pre-flop"", ""legalButtonLabels"": [""check"", ""Min · 2 BB"", ""Pot · 3 BB""], ""attemptedButtonLabel"": ""check"", ""attemptedAtMs"": 1790772931808, ""lastRenderedAtMs"": 1790772925998}]","[""4c"", ""9h""]",[],"[{""name"": ""check"", ""kind"": ""check"", ""raiseTo"": null}, {""name"": ""min"", ""kind"": ""raise"", ""raiseTo"": 200}, {""name"": ""pot"", ""kind"": ""raise"", ""raiseTo"": 300}]","[""check"", ""Min · 2 BB"", ""Pot · 3 BB""]",check,check,,1790772931808,True,True,True,1790772932092,1790772925998,5810,284,,False,False
PlMiosUXOX3jddmqtCqgK3g7,uNzyGa6cTpw1UkKQymozLj0R,94,2,flop,3,1,"[{""type"": ""luna_attempt"", ""handOrdinal"": 94, ""decisionOrdinal"": 3, ""street"": ""flop"", ""legalButtonLabels"": [""check"", ""Min · 1 BB"", ""Pot · 2 BB""], ""attemptedButtonLabel"": ""check"", ""attemptedAtMs"": 1790772937190, ""lastRenderedAtMs"": 1790772932139}]","[""4c"", ""9h""]","[""8h"", ""5s"", ""Jc""]","[{""name"": ""check"", ""kind"": ""check"", ""raiseTo"": null}, {""name"": ""min"", ""kind"": ""raise"", ""raiseTo"": 100}, {""name"": ""pot"", ""kind"": ""raise"", ""raiseTo"": 200}]","[""check"", ""Min · 1 BB"", ""Pot · 2 BB""]",check,check,,1790772937190,True,True,True,1790772937557,1790772932139,5051,367,,False,False
PlMiosUXOX3jddmqtCqgK3g7,uNzyGa6cTpw1UkKQymozLj0R,94,3,flop,4,1,"[{""type"": ""luna_attempt"", ""handOrdinal"": 94, ""decisionOrdinal"": 4, ""street"": ""flop"", ""legalButtonLabels"": [""Fold"", ""Call 2 BB"", ""Min · 4 BB"", ""Pot · 8 BB""], ""attemptedButtonLabel"": ""Fold"", ""attemptedAtMs"": 1790772943784, ""lastRenderedAtMs"": 1790772937635}]","[""4c"", ""9h""]","[""8h"", ""5s"", ""Jc""]","[{""name"": ""fold"", ""kind"": ""fold"", ""raiseTo"": null}, {""name"": ""call"", ""kind"": ""call"", ""raiseTo"": null}, {""name"": ""min"", ""kind"": ""raise"", ""raiseTo"": 400}, {""name"": ""pot"", ""kind"": ""raise"", ""raiseTo"": 800}]","[""Fold"", ""Call 2 BB"", ""Min · 4 BB"", ""Pot · 8 BB""]",Fold,fold,,1790772943784,True,True,True,1790772944045,1790772937635,6149,261,,False,False
PlMiosUXOX3jddmqtCqgK3g7,bPUX2EqMAe89aW9LAZeSj1Jj,95,1,preflop,2,1,"[{""type"": ""luna_attempt"", ""handOrdinal"": 95, ""decisionOrdinal"": 2, ""street"": ""pre-flop"", ""legalButtonLabels"": [""Fold"", ""Call 0.50 BB"", ""Min · 2 BB"", ""Pot · 3 BB""], ""attemptedButtonLabel"": ""Min · 2 BB"", ""attemptedAtMs"": 1790772954920, ""lastRenderedAtMs"": 1790772949381}]","[""Kd"", ""7s""]",[],"[{""name"": ""fold"", ""kind"": ""fold"", ""raiseTo"": null}, {""name"": ""call"", ""kind"": ""call"", ""raiseTo"": null}, {""name"": ""min"", ""kind"": ""raise"", ""raiseTo"": 200}, {""name"": ""pot"", ""kind"": ""raise"", ""raiseTo"": 300}]","[""Fold"", ""Call 0.50 BB"", ""Min · 2 BB"", ""Pot · 3 BB""]",Min · 2 BB,raise,200,1790772954920,True,True,True,1790772955151,1790772949381,5539,231,,False,False
PlMiosUXOX3jddmqtCqgK3g7,bPUX2EqMAe89aW9LAZeSj1Jj,95,2,preflop,3,1,"[{""type"": ""luna_attempt"", ""handOrdinal"": 95, ""decisionOrdinal"": 3, ""street"": ""pre-flop"", ""legalButtonLabels"": [""Fold"", ""Call 4 BB"", ""Min · 10 BB"", ""Pot · 18 BB"", ""Jam · 20 BB""], ""attemptedButtonLabel"": ""Fold"", ""attemptedAtMs"": 1790772962962, ""lastRenderedAtMs"": 1790772955254}]","[""Kd"", ""7s""]",[],"[{""name"": ""fold"", ""kind"": ""fold"", ""raiseTo"": null}, {""name"": ""call"", ""kind"": ""call"", ""raiseTo"": null}, {""name"": ""min"", ""kind"": ""raise"", ""raiseTo"": 1000}, {""name"": ""pot"", ""kind"": ""raise"", ""raiseTo"": 1800}, {""name"": ""jam"", ""kind"": ""raise"", ""raiseTo"": 2000}]","[""Fold"", ""Call 4 BB"", ""Min · 10 BB"", ""Pot · 18 BB"", ""Jam · 20 BB""]",Fold,fold,,1790772962962,True,True,True,1790772963378,1790772955254,7708,416,,False,False
PlMiosUXOX3jddmqtCqgK3g7,_dReyX-lLmZX7HHaEUpzfGHL,96,1,preflop,2,1,"[{""type"": ""luna_attempt"", ""handOrdinal"": 96, ""decisionOrdinal"": 2, ""street"": ""pre-flop"", ""legalButtonLabels"": [""check"", ""Min · 2 BB"", ""Pot · 3 BB""], ""attemptedButtonLabel"": ""check"", ""attemptedAtMs"": 1790772975342, ""lastRenderedAtMs"": 1790772968718}]","[""Jh"", ""5c""]",[],"[{""name"": ""check"", ""kind"": ""check"", ""raiseTo"": null}, {""name"": ""min"", ""kind"": ""raise"", ""raiseTo"": 200}, {""name"": ""pot"", ""kind"": ""raise"", ""raiseTo"": 300}]","[""check"", ""Min · 2 BB"", ""Pot · 3 BB""]",check,check,,1790772975342,True,True,True,1790772975616,1790772968718,6624,274,,False,False
PlMiosUXOX3jddmqtCqgK3g7,_dReyX-lLmZX7HHaEUpzfGHL,96,2,flop,3,1,"[{""type"": ""luna_attempt"", ""handOrdinal"": 96, ""decisionOrdinal"": 3, ""street"": ""flop"", ""legalButtonLabels"": [""check"", ""Min · 1 BB"", ""Pot · 2 BB""], ""attemptedButtonLabel"": ""Min · 1 BB"", ""attemptedAtMs"": 1790772981398, ""lastRenderedAtMs"": 1790772975695}]","[""Jh"", ""5c""]","[""3s"", ""3h"", ""4d""]","[{""name"": ""check"", ""kind"": ""check"", ""raiseTo"": null}, {""name"": ""min"", ""kind"": ""raise"", ""raiseTo"": 100}, {""name"": ""pot"", ""kind"": ""raise"", ""raiseTo"": 200}]","[""check"", ""Min · 1 BB"", ""Pot · 2 BB""]",Min · 1 BB,raise,100,1790772981398,True,True,True,1790772981655,1790772975695,5703,257,,False,False
PlMiosUXOX3jddmqtCqgK3g7,_dReyX-lLmZX7HHaEUpzfGHL,96,3,turn,4,1,"[{""type"": ""luna_attempt"", ""handOrdinal"": 96, ""decisionOrdinal"": 4, ""street"": ""turn"", ""legalButtonLabels"": [""check"", ""Min · 1 BB"", ""Pot · 4 BB""], ""attemptedButtonLabel"": ""check"", ""attemptedAtMs"": 1790772987507, ""lastRenderedAtMs"": 1790772981748}]","[""Jh"", ""5c""]","[""3s"", ""3h"", ""4d"", ""7d""]","[{""name"": ""check"", ""kind"": ""check"", ""raiseTo"": null}, {""name"": ""min"", ""kind"": ""raise"", ""raiseTo"": 100}, {""name"": ""pot"", ""kind"": ""raise"", ""raiseTo"": 400}]","[""check"", ""Min · 1 BB"", ""Pot · 4 BB""]",check,check,,1790772987507,True,True,True,1790772987762,1790772981748,5759,255,,False,False
PlMiosUXOX3jddmqtCqgK3g7,_dReyX-lLmZX7HHaEUpzfGHL,96,4,turn,5,1,"[{""type"": ""luna_attempt"", ""handOrdinal"": 96, ""decisionOrdinal"": 5, ""street"": ""turn"", ""legalButtonLabels"": [""Fold"", ""Call 1 BB"", ""Min · 2 BB"", ""Pot · 7 BB""], ""attemptedButtonLabel"": ""Call 1 BB"", ""attemptedAtMs"": 1790772993435, ""lastRenderedAtMs"": 1790772987804}]","[""Jh"", ""5c""]","[""3s"", ""3h"", ""4d"", ""7d""]","[{""name"": ""fold"", ""kind"": ""fold"", ""raiseTo"": null}, {""name"": ""call"", ""kind"": ""call"", ""raiseTo"": null}, {""name"": ""min"", ""kind"": ""raise"", ""raiseTo"": 200}, {""name"": ""pot"", ""kind"": ""raise"", ""raiseTo"": 700}]","[""Fold"", ""Call 1 BB"", ""Min · 2 BB"", ""Pot · 7 BB""]",Call 1 BB,call,,1790772993435,True,True,True,1790772993682,1790772987804,5631,247,,False,False
PlMiosUXOX3jddmqtCqgK3g7,_dReyX-lLmZX7HHaEUpzfGHL,96,5,river,6,1,"[{""type"": ""luna_attempt"", ""handOrdinal"": 96, ""decisionOrdinal"": 6, ""street"": ""river"", ""legalButtonLabels"": [""check"", ""Min · 1 BB"", ""Pot · 6 BB""], ""attemptedButtonLabel"": ""check"", ""attemptedAtMs"": 1790772999373, ""lastRenderedAtMs"": 1790772993774}]","[""Jh"", ""5c""]","[""3s"", ""3h"", ""4d"", ""7d"", ""7c""]","[{""name"": ""check"", ""kind"": ""check"", ""raiseTo"": null}, {""name"": ""min"", ""kind"": ""raise"", ""raiseTo"": 100}, {""name"": ""pot"", ""kind"": ""raise"", ""raiseTo"": 600}]","[""check"", ""Min · 1 BB"", ""Pot · 6 BB""]",check,check,,1790772999373,True,True,True,1790772999667,1790772993774,5599,294,,False,False
PlMiosUXOX3jddmqtCqgK3g7,_dReyX-lLmZX7HHaEUpzfGHL,96,6,river,7,1,"[{""type"": ""luna_attempt"", ""handOrdinal"": 96, ""decisionOrdinal"": 7, ""street"": ""river"", ""legalButtonLabels"": [""Fold"", ""Call 6 BB"", ""Min · 12 BB"", ""Pot · 17 BB""], ""attemptedButtonLabel"": ""Fold"", ""attemptedAtMs"": 1790773006631, ""lastRenderedAtMs"": 1790772999746}]","[""Jh"", ""5c""]","[""3s"", ""3h"", ""4d"", ""7d"", ""7c""]","[{""name"": ""fold"", ""kind"": ""fold"", ""raiseTo"": null}, {""name"": ""call"", ""kind"": ""call"", ""raiseTo"": null}, {""name"": ""min"", ""kind"": ""raise"", ""raiseTo"": 1200}, {""name"": ""pot"", ""kind"": ""raise"", ""raiseTo"": 1700}]","[""Fold"", ""Call 6 BB"", ""Min · 12 BB"", ""Pot · 17 BB""]",Fold,fold,,1790773006631,True,True,True,1790773006960,1790772999746,6885,329,,False,False
PlMiosUXOX3jddmqtCqgK3g7,NtRqKkc7mxFOXuYnf2sMhn-L,97,1,preflop,2,1,"[{""type"": ""luna_attempt"", ""handOrdinal"": 97, ""decisionOrdinal"": 2, ""street"": ""pre-flop"", ""legalButtonLabels"": [""Fold"", ""Call 0.50 BB"", ""Min · 2 BB"", ""Pot · 3 BB""], ""attemptedButtonLabel"": ""Call 0.50 BB"", ""attemptedAtMs"": 1790773017830, ""lastRenderedAtMs"": 1790773012500}]","[""9c"", ""3d""]",[],"[{""name"": ""fold"", ""kind"": ""fold"", ""raiseTo"": null}, {""name"": ""call"", ""kind"": ""call"", ""raiseTo"": null}, {""name"": ""min"", ""kind"": ""raise"", ""raiseTo"": 200}, {""name"": ""pot"", ""kind"": ""raise"", ""raiseTo"": 300}]","[""Fold"", ""Call 0.50 BB"", ""Min · 2 BB"", ""Pot · 3 BB""]",Call 0.50 BB,call,,1790773017830,True,True,True,1790773018074,1790773012500,5330,244,,False,False
PlMiosUXOX3jddmqtCqgK3g7,NtRqKkc7mxFOXuYnf2sMhn-L,97,2,flop,3,1,"[{""type"": ""luna_attempt"", ""handOrdinal"": 97, ""decisionOrdinal"": 3, ""street"": ""flop"", ""legalButtonLabels"": [""check"", ""Min · 1 BB"", ""Pot · 2 BB""], ""attemptedButtonLabel"": ""check"", ""attemptedAtMs"": 1790773026015, ""lastRenderedAtMs"": 1790773018247}]","[""9c"", ""3d""]","[""Jc"", ""Kh"", ""5h""]","[{""name"": ""check"", ""kind"": ""check"", ""raiseTo"": null}, {""name"": ""min"", ""kind"": ""raise"", ""raiseTo"": 100}, {""name"": ""pot"", ""kind"": ""raise"", ""raiseTo"": 200}]","[""check"", ""Min · 1 BB"", ""Pot · 2 BB""]",check,check,,1790773026015,True,True,True,1790773026237,1790773018247,7768,222,,False,False
PlMiosUXOX3jddmqtCqgK3g7,NtRqKkc7mxFOXuYnf2sMhn-L,97,3,turn,4,1,"[{""type"": ""luna_attempt"", ""handOrdinal"": 97, ""decisionOrdinal"": 4, ""street"": ""turn"", ""legalButtonLabels"": [""check"", ""Min · 1 BB"", ""Pot · 2 BB""], ""attemptedButtonLabel"": ""check"", ""attemptedAtMs"": 1790773031653, ""lastRenderedAtMs"": 1790773026297}]","[""9c"", ""3d""]","[""Jc"", ""Kh"", ""5h"", ""6c""]","[{""name"": ""check"", ""kind"": ""check"", ""raiseTo"": null}, {""name"": ""min"", ""kind"": ""raise"", ""raiseTo"": 100}, {""name"": ""pot"", ""kind"": ""raise"", ""raiseTo"": 200}]","[""check"", ""Min · 1 BB"", ""Pot · 2 BB""]",check,check,,1790773031653,True,True,True,1790773031973,1790773026297,5356,320,,False,False
PlMiosUXOX3jddmqtCqgK3g7,NtRqKkc7mxFOXuYnf2sMhn-L,97,4,river,5,1,"[{""type"": ""luna_attempt"", ""handOrdinal"": 97, ""decisionOrdinal"": 5, ""street"": ""river"", ""legalButtonLabels"": [""check"", ""Min · 1 BB"", ""Pot · 2 BB""], ""attemptedButtonLabel"": ""check"", ""attemptedAtMs"": 1790773038582, ""lastRenderedAtMs"": 1790773032062}]","[""9c"", ""3d""]","[""Jc"", ""Kh"", ""5h"", ""6c"", ""Js""]","[{""name"": ""check"", ""kind"": ""check"", ""raiseTo"": null}, {""name"": ""min"", ""kind"": ""raise"", ""raiseTo"": 100}, {""name"": ""pot"", ""kind"": ""raise"", ""raiseTo"": 200}]","[""check"", ""Min · 1 BB"", ""Pot · 2 BB""]",check,check,,1790773038582,True,True,True,1790773038865,1790773032062,6520,283,,False,False
PlMiosUXOX3jddmqtCqgK3g7,nGEhjBR_5bNUeH5uBrWotitd,98,1,preflop,2,1,"[{""type"": ""luna_attempt"", ""handOrdinal"": 98, ""decisionOrdinal"": 2, ""street"": ""pre-flop"", ""legalButtonLabels"": [""Fold"", ""Call 2 BB"", ""Min · 5 BB"", ""Pot · 9 BB""], ""attemptedButtonLabel"": ""Fold"", ""attemptedAtMs"": 1790773050236, ""lastRenderedAtMs"": 1790773044514}]","[""Kh"", ""2d""]",[],"[{""name"": ""fold"", ""kind"": ""fold"", ""raiseTo"": null}, {""name"": ""call"", ""kind"": ""call"", ""raiseTo"": null}, {""name"": ""min"", ""kind"": ""raise"", ""raiseTo"": 500}, {""name"": ""pot"", ""kind"": ""raise"", ""raiseTo"": 900}]","[""Fold"", ""Call 2 BB"", ""Min · 5 BB"", ""Pot · 9 BB""]",Fold,fold,,1790773050236,True,True,True,1790773050513,1790773044514,5722,277,,False,False
PlMiosUXOX3jddmqtCqgK3g7,tXcSDMiLhGWbF8D5xLzL-DD0,99,1,preflop,2,1,"[{""type"": ""luna_attempt"", ""handOrdinal"": 99, ""decisionOrdinal"": 2, ""street"": ""pre-flop"", ""legalButtonLabels"": [""Fold"", ""Call 0.50 BB"", ""Min · 2 BB"", ""Pot · 3 BB""], ""attemptedButtonLabel"": ""Fold"", ""attemptedAtMs"": 1790773062951, ""lastRenderedAtMs"": 1790773057414}]","[""3d"", ""2h""]",[],"[{""name"": ""fold"", ""kind"": ""fold"", ""raiseTo"": null}, {""name"": ""call"", ""kind"": ""call"", ""raiseTo"": null}, {""name"": ""min"", ""kind"": ""raise"", ""raiseTo"": 200}, {""name"": ""pot"", ""kind"": ""raise"", ""raiseTo"": 300}]","[""Fold"", ""Call 0.50 BB"", ""Min · 2 BB"", ""Pot · 3 BB""]",Fold,fold,,1790773062951,True,True,True,1790773063192,1790773057414,5537,241,,False,False
PlMiosUXOX3jddmqtCqgK3g7,vInvXthAdMtxlki8BQSFSmXP,101,1,preflop,2,1,"[{""type"": ""luna_attempt"", ""handOrdinal"": 101, ""decisionOrdinal"": 2, ""street"": ""pre-flop"", ""legalButtonLabels"": [""Fold"", ""Call 0.50 BB"", ""Min · 2 BB"", ""Pot · 3 BB""], ""attemptedButtonLabel"": ""Call 0.50 BB"", ""attemptedAtMs"": 1790773084417, ""lastRenderedAtMs"": 1790773077666}]","[""7s"", ""8c""]",[],"[{""name"": ""fold"", ""kind"": ""fold"", ""raiseTo"": null}, {""name"": ""call"", ""kind"": ""call"", ""raiseTo"": null}, {""name"": ""min"", ""kind"": ""raise"", ""raiseTo"": 200}, {""name"": ""pot"", ""kind"": ""raise"", ""raiseTo"": 300}]","[""Fold"", ""Call 0.50 BB"", ""Min · 2 BB"", ""Pot · 3 BB""]",Call 0.50 BB,call,,1790773084417,True,True,True,1790773084665,1790773077666,6751,248,,False,False
PlMiosUXOX3jddmqtCqgK3g7,vInvXthAdMtxlki8BQSFSmXP,101,2,preflop,3,1,"[{""type"": ""luna_attempt"", ""handOrdinal"": 101, ""decisionOrdinal"": 3, ""street"": ""pre-flop"", ""legalButtonLabels"": [""Fold"", ""Call 2 BB"", ""Min · 5 BB"", ""Pot · 9 BB""], ""attemptedButtonLabel"": ""Fold"", ""attemptedAtMs"": 1790773091081, ""lastRenderedAtMs"": 1790773084749}]","[""7s"", ""8c""]",[],"[{""name"": ""fold"", ""kind"": ""fold"", ""raiseTo"": null}, {""name"": ""call"", ""kind"": ""call"", ""raiseTo"": null}, {""name"": ""min"", ""kind"": ""raise"", ""raiseTo"": 500}, {""name"": ""pot"", ""kind"": ""raise"", ""raiseTo"": 900}]","[""Fold"", ""Call 2 BB"", ""Min · 5 BB"", ""Pot · 9 BB""]",Fold,fold,,1790773091081,True,True,True,1790773091306,1790773084749,6332,225,,False,False
PlMiosUXOX3jddmqtCqgK3g7,NDKv9j3fzcfwL1U2i65i1NG8,102,1,preflop,2,1,"[{""type"": ""luna_attempt"", ""handOrdinal"": 102, ""decisionOrdinal"": 2, ""street"": ""pre-flop"", ""legalButtonLabels"": [""Fold"", ""Call 1 BB"", ""Min · 3 BB"", ""Pot · 6 BB""], ""attemptedButtonLabel"": ""Call 1 BB"", ""attemptedAtMs"": 1790773103469, ""lastRenderedAtMs"": 1790773096935}]","[""9c"", ""Th""]",[],"[{""name"": ""fold"", ""kind"": ""fold"", ""raiseTo"": null}, {""name"": ""call"", ""kind"": ""call"", ""raiseTo"": null}, {""name"": ""min"", ""kind"": ""raise"", ""raiseTo"": 300}, {""name"": ""pot"", ""kind"": ""raise"", ""raiseTo"": 600}]","[""Fold"", ""Call 1 BB"", ""Min · 3 BB"", ""Pot · 6 BB""]",Call 1 BB,call,,1790773103469,True,True,True,1790773103749,1790773096935,6534,280,,False,False
PlMiosUXOX3jddmqtCqgK3g7,NDKv9j3fzcfwL1U2i65i1NG8,102,2,flop,3,1,"[{""type"": ""luna_attempt"", ""handOrdinal"": 102, ""decisionOrdinal"": 3, ""street"": ""flop"", ""legalButtonLabels"": [""check"", ""Min · 1 BB"", ""Pot · 4 BB""], ""attemptedButtonLabel"": ""check"", ""attemptedAtMs"": 1790773109741, ""lastRenderedAtMs"": 1790773103828}]","[""9c"", ""Th""]","[""4c"", ""2h"", ""8h""]","[{""name"": ""check"", ""kind"": ""check"", ""raiseTo"": null}, {""name"": ""min"", ""kind"": ""raise"", ""raiseTo"": 100}, {""name"": ""pot"", ""kind"": ""raise"", ""raiseTo"": 400}]","[""check"", ""Min · 1 BB"", ""Pot · 4 BB""]",check,check,,1790773109741,True,True,True,1790773109952,1790773103828,5913,211,,False,False
PlMiosUXOX3jddmqtCqgK3g7,NDKv9j3fzcfwL1U2i65i1NG8,102,3,turn,4,1,"[{""type"": ""luna_attempt"", ""handOrdinal"": 102, ""decisionOrdinal"": 4, ""street"": ""turn"", ""legalButtonLabels"": [""check"", ""Min · 1 BB"", ""Pot · 4 BB""], ""attemptedButtonLabel"": ""check"", ""attemptedAtMs"": 1790773115357, ""lastRenderedAtMs"": 1790773110004}]","[""9c"", ""Th""]","[""4c"", ""2h"", ""8h"", ""Qs""]","[{""name"": ""check"", ""kind"": ""check"", ""raiseTo"": null}, {""name"": ""min"", ""kind"": ""raise"", ""raiseTo"": 100}, {""name"": ""pot"", ""kind"": ""raise"", ""raiseTo"": 400}]","[""check"", ""Min · 1 BB"", ""Pot · 4 BB""]",check,check,,1790773115357,True,True,True,1790773115592,1790773110004,5353,235,,False,False
PlMiosUXOX3jddmqtCqgK3g7,NDKv9j3fzcfwL1U2i65i1NG8,102,4,turn,5,1,"[{""type"": ""luna_attempt"", ""handOrdinal"": 102, ""decisionOrdinal"": 5, ""street"": ""turn"", ""legalButtonLabels"": [""Fold"", ""Call 4 BB"", ""Min · 8 BB"", ""Pot · 16 BB"", ""Jam · 18 BB""], ""attemptedButtonLabel"": ""Fold"", ""attemptedAtMs"": 1790773122844, ""lastRenderedAtMs"": 1790773115672}]","[""9c"", ""Th""]","[""4c"", ""2h"", ""8h"", ""Qs""]","[{""name"": ""fold"", ""kind"": ""fold"", ""raiseTo"": null}, {""name"": ""call"", ""kind"": ""call"", ""raiseTo"": null}, {""name"": ""min"", ""kind"": ""raise"", ""raiseTo"": 800}, {""name"": ""pot"", ""kind"": ""raise"", ""raiseTo"": 1600}, {""name"": ""jam"", ""kind"": ""raise"", ""raiseTo"": 1800}]","[""Fold"", ""Call 4 BB"", ""Min · 8 BB"", ""Pot · 16 BB"", ""Jam · 18 BB""]",Fold,fold,,1790773122844,True,True,True,1790773123179,1790773115672,7172,335,,False,False
PlMiosUXOX3jddmqtCqgK3g7,rW2PzAuBJTRj_I4REbF_XHJZ,103,1,preflop,2,1,"[{""type"": ""luna_attempt"", ""handOrdinal"": 103, ""decisionOrdinal"": 2, ""street"": ""pre-flop"", ""legalButtonLabels"": [""Fold"", ""Call 0.50 BB"", ""Min · 2 BB"", ""Pot · 3 BB""], ""attemptedButtonLabel"": ""Call 0.50 BB"", ""attemptedAtMs"": 1790773136808, ""lastRenderedAtMs"": 1790773129835}]","[""Td"", ""3s""]",[],"[{""name"": ""fold"", ""kind"": ""fold"", ""raiseTo"": null}, {""name"": ""call"", ""kind"": ""call"", ""raiseTo"": null}, {""name"": ""min"", ""kind"": ""raise"", ""raiseTo"": 200}, {""name"": ""pot"", ""kind"": ""raise"", ""raiseTo"": 300}]","[""Fold"", ""Call 0.50 BB"", ""Min · 2 BB"", ""Pot · 3 BB""]",Call 0.50 BB,call,,1790773136808,True,True,True,1790773137147,1790773129835,6973,339,,False,False
PlMiosUXOX3jddmqtCqgK3g7,rW2PzAuBJTRj_I4REbF_XHJZ,103,2,preflop,3,1,"[{""type"": ""luna_attempt"", ""handOrdinal"": 103, ""decisionOrdinal"": 3, ""street"": ""pre-flop"", ""legalButtonLabels"": [""Fold"", ""Call 2 BB"", ""Min · 5 BB"", ""Pot · 9 BB""], ""attemptedButtonLabel"": ""Fold"", ""attemptedAtMs"": 1790773142416, ""lastRenderedAtMs"": 1790773137231}]","[""Td"", ""3s""]",[],"[{""name"": ""fold"", ""kind"": ""fold"", ""raiseTo"": null}, {""name"": ""call"", ""kind"": ""call"", ""raiseTo"": null}, {""name"": ""min"", ""kind"": ""raise"", ""raiseTo"": 500}, {""name"": ""pot"", ""kind"": ""raise"", ""raiseTo"": 900}]","[""Fold"", ""Call 2 BB"", ""Min · 5 BB"", ""Pot · 9 BB""]",Fold,fold,,1790773142416,True,True,True,1790773142810,1790773137231,5185,394,,False,False
PlMiosUXOX3jddmqtCqgK3g7,S1QBnXDQSWb-o0Yh2X1pvTjp,105,1,preflop,2,1,"[{""type"": ""luna_attempt"", ""handOrdinal"": 105, ""decisionOrdinal"": 2, ""street"": ""pre-flop"", ""legalButtonLabels"": [""Fold"", ""Call 0.50 BB"", ""Min · 2 BB"", ""Pot · 3 BB""], ""attemptedButtonLabel"": ""Min · 2 BB"", ""attemptedAtMs"": 1790773161243, ""lastRenderedAtMs"": 1790773155629}]","[""8h"", ""Jd""]",[],"[{""name"": ""fold"", ""kind"": ""fold"", ""raiseTo"": null}, {""name"": ""call"", ""kind"": ""call"", ""raiseTo"": null}, {""name"": ""min"", ""kind"": ""raise"", ""raiseTo"": 200}, {""name"": ""pot"", ""kind"": ""raise"", ""raiseTo"": 300}]","[""Fold"", ""Call 0.50 BB"", ""Min · 2 BB"", ""Pot · 3 BB""]",Min · 2 BB,raise,200,1790773161243,True,True,True,1790773161511,1790773155629,5614,268,,False,False
PlMiosUXOX3jddmqtCqgK3g7,S1QBnXDQSWb-o0Yh2X1pvTjp,105,2,flop,3,1,"[{""type"": ""luna_attempt"", ""handOrdinal"": 105, ""decisionOrdinal"": 3, ""street"": ""flop"", ""legalButtonLabels"": [""Fold"", ""Call 1 BB"", ""Min · 2 BB"", ""Pot · 7 BB""], ""attemptedButtonLabel"": ""Fold"", ""attemptedAtMs"": 1790773169650, ""lastRenderedAtMs"": 1790773162865}]","[""8h"", ""Jd""]","[""Ah"", ""2c"", ""As""]","[{""name"": ""fold"", ""kind"": ""fold"", ""raiseTo"": null}, {""name"": ""call"", ""kind"": ""call"", ""raiseTo"": null}, {""name"": ""min"", ""kind"": ""raise"", ""raiseTo"": 200}, {""name"": ""pot"", ""kind"": ""raise"", ""raiseTo"": 700}]","[""Fold"", ""Call 1 BB"", ""Min · 2 BB"", ""Pot · 7 BB""]",Fold,fold,,1790773169650,True,True,True,1790773169903,1790773162865,6785,253,,False,False
PlMiosUXOX3jddmqtCqgK3g7,4RZsUr_-s-exKuR-QGVItkUb,107,1,preflop,2,1,"[{""type"": ""luna_attempt"", ""handOrdinal"": 107, ""decisionOrdinal"": 2, ""street"": ""pre-flop"", ""legalButtonLabels"": [""Fold"", ""Call 0.50 BB"", ""Min · 2 BB"", ""Pot · 3 BB""], ""attemptedButtonLabel"": ""Min · 2 BB"", ""attemptedAtMs"": 1790773189537, ""lastRenderedAtMs"": 1790773183961}]","[""6s"", ""Ac""]",[],"[{""name"": ""fold"", ""kind"": ""fold"", ""raiseTo"": null}, {""name"": ""call"", ""kind"": ""call"", ""raiseTo"": null}, {""name"": ""min"", ""kind"": ""raise"", ""raiseTo"": 200}, {""name"": ""pot"", ""kind"": ""raise"", ""raiseTo"": 300}]","[""Fold"", ""Call 0.50 BB"", ""Min · 2 BB"", ""Pot · 3 BB""]",Min · 2 BB,raise,200,1790773189537,True,True,True,1790773189747,1790773183961,5576,210,,False,False
PlMiosUXOX3jddmqtCqgK3g7,4RZsUr_-s-exKuR-QGVItkUb,107,2,preflop,3,1,"[{""type"": ""luna_attempt"", ""handOrdinal"": 107, ""decisionOrdinal"": 3, ""street"": ""pre-flop"", ""legalButtonLabels"": [""Fold"", ""Call 4 BB"", ""Min · 10 BB"", ""Pot · 18 BB"", ""Jam · 20 BB""], ""attemptedButtonLabel"": ""Fold"", ""attemptedAtMs"": 1790773198249, ""lastRenderedAtMs"": 1790773189828}]","[""6s"", ""Ac""]",[],"[{""name"": ""fold"", ""kind"": ""fold"", ""raiseTo"": null}, {""name"": ""call"", ""kind"": ""call"", ""raiseTo"": null}, {""name"": ""min"", ""kind"": ""raise"", ""raiseTo"": 1000}, {""name"": ""pot"", ""kind"": ""raise"", ""raiseTo"": 1800}, {""name"": ""jam"", ""kind"": ""raise"", ""raiseTo"": 2000}]","[""Fold"", ""Call 4 BB"", ""Min · 10 BB"", ""Pot · 18 BB"", ""Jam · 20 BB""]",Fold,fold,,1790773198249,True,True,True,1790773198553,1790773189828,8421,304,,False,False
PlMiosUXOX3jddmqtCqgK3g7,Mr0BhuT7GSo50JggL62db5tN,109,1,preflop,2,1,"[{""type"": ""luna_attempt"", ""handOrdinal"": 109, ""decisionOrdinal"": 2, ""street"": ""pre-flop"", ""legalButtonLabels"": [""Fold"", ""Call 0.50 BB"", ""Min · 2 BB"", ""Pot · 3 BB""], ""attemptedButtonLabel"": ""Call 0.50 BB"", ""attemptedAtMs"": 1790773217214, ""lastRenderedAtMs"": 1790773211516}]","[""Tc"", ""6h""]",[],"[{""name"": ""fold"", ""kind"": ""fold"", ""raiseTo"": null}, {""name"": ""call"", ""kind"": ""call"", ""raiseTo"": null}, {""name"": ""min"", ""kind"": ""raise"", ""raiseTo"": 200}, {""name"": ""pot"", ""kind"": ""raise"", ""raiseTo"": 300}]","[""Fold"", ""Call 0.50 BB"", ""Min · 2 BB"", ""Pot · 3 BB""]",Call 0.50 BB,call,,1790773217214,True,True,True,1790773217611,1790773211516,5698,397,,False,False
PlMiosUXOX3jddmqtCqgK3g7,Mr0BhuT7GSo50JggL62db5tN,109,2,flop,3,1,"[{""type"": ""luna_attempt"", ""handOrdinal"": 109, ""decisionOrdinal"": 3, ""street"": ""flop"", ""legalButtonLabels"": [""Fold"", ""Call 1 BB"", ""Min · 2 BB"", ""Pot · 5 BB""], ""attemptedButtonLabel"": ""Fold"", ""attemptedAtMs"": 1790773225441, ""lastRenderedAtMs"": 1790773217688}]","[""Tc"", ""6h""]","[""9h"", ""5h"", ""Jd""]","[{""name"": ""fold"", ""kind"": ""fold"", ""raiseTo"": null}, {""name"": ""call"", ""kind"": ""call"", ""raiseTo"": null}, {""name"": ""min"", ""kind"": ""raise"", ""raiseTo"": 200}, {""name"": ""pot"", ""kind"": ""raise"", ""raiseTo"": 500}]","[""Fold"", ""Call 1 BB"", ""Min · 2 BB"", ""Pot · 5 BB""]",Fold,fold,,1790773225441,True,True,True,1790773225658,1790773217688,7753,217,,False,False
PlMiosUXOX3jddmqtCqgK3g7,TxR96jjy9u_hKXC9AqA9bTCY,111,1,preflop,2,1,"[{""type"": ""luna_attempt"", ""handOrdinal"": 111, ""decisionOrdinal"": 2, ""street"": ""pre-flop"", ""legalButtonLabels"": [""Fold"", ""Call 0.50 BB"", ""Min · 2 BB"", ""Pot · 3 BB""], ""attemptedButtonLabel"": ""Min · 2 BB"", ""attemptedAtMs"": 1790773244644, ""lastRenderedAtMs"": 1790773238836}]","[""3d"", ""Kh""]",[],"[{""name"": ""fold"", ""kind"": ""fold"", ""raiseTo"": null}, {""name"": ""call"", ""kind"": ""call"", ""raiseTo"": null}, {""name"": ""min"", ""kind"": ""raise"", ""raiseTo"": 200}, {""name"": ""pot"", ""kind"": ""raise"", ""raiseTo"": 300}]","[""Fold"", ""Call 0.50 BB"", ""Min · 2 BB"", ""Pot · 3 BB""]",Min · 2 BB,raise,200,1790773244644,True,True,True,1790773244930,1790773238836,5808,286,,False,False
PlMiosUXOX3jddmqtCqgK3g7,TxR96jjy9u_hKXC9AqA9bTCY,111,2,preflop,3,1,"[{""type"": ""luna_attempt"", ""handOrdinal"": 111, ""decisionOrdinal"": 3, ""street"": ""pre-flop"", ""legalButtonLabels"": [""Fold"", ""Call 4 BB"", ""Min · 10 BB"", ""Pot · 18 BB"", ""Jam · 20 BB""], ""attemptedButtonLabel"": ""Fold"", ""attemptedAtMs"": 1790773252002, ""lastRenderedAtMs"": 1790773245005}]","[""3d"", ""Kh""]",[],"[{""name"": ""fold"", ""kind"": ""fold"", ""raiseTo"": null}, {""name"": ""call"", ""kind"": ""call"", ""raiseTo"": null}, {""name"": ""min"", ""kind"": ""raise"", ""raiseTo"": 1000}, {""name"": ""pot"", ""kind"": ""raise"", ""raiseTo"": 1800}, {""name"": ""jam"", ""kind"": ""raise"", ""raiseTo"": 2000}]","[""Fold"", ""Call 4 BB"", ""Min · 10 BB"", ""Pot · 18 BB"", ""Jam · 20 BB""]",Fold,fold,,1790773252002,True,True,True,1790773252219,1790773245005,6997,217,,False,False
PlMiosUXOX3jddmqtCqgK3g7,CVBdnhwDZ5gBSsfg0T3FJGsH,113,1,preflop,2,1,"[{""type"": ""luna_attempt"", ""handOrdinal"": 113, ""decisionOrdinal"": 2, ""street"": ""pre-flop"", ""legalButtonLabels"": [""Fold"", ""Call 0.50 BB"", ""Min · 2 BB"", ""Pot · 3 BB""], ""attemptedButtonLabel"": ""Min · 2 BB"", ""attemptedAtMs"": 1790773271153, ""lastRenderedAtMs"": 1790773264030}]","[""6d"", ""Qs""]",[],"[{""name"": ""fold"", ""kind"": ""fold"", ""raiseTo"": null}, {""name"": ""call"", ""kind"": ""call"", ""raiseTo"": null}, {""name"": ""min"", ""kind"": ""raise"", ""raiseTo"": 200}, {""name"": ""pot"", ""kind"": ""raise"", ""raiseTo"": 300}]","[""Fold"", ""Call 0.50 BB"", ""Min · 2 BB"", ""Pot · 3 BB""]",Min · 2 BB,raise,200,1790773271153,True,True,True,1790773271536,1790773264030,7123,383,,False,False
PlMiosUXOX3jddmqtCqgK3g7,CVBdnhwDZ5gBSsfg0T3FJGsH,113,2,flop,3,1,"[{""type"": ""luna_attempt"", ""handOrdinal"": 113, ""decisionOrdinal"": 3, ""street"": ""flop"", ""legalButtonLabels"": [""check"", ""Min · 1 BB"", ""Pot · 4 BB""], ""attemptedButtonLabel"": ""Min · 1 BB"", ""attemptedAtMs"": 1790773277321, ""lastRenderedAtMs"": 1790773271618}]","[""6d"", ""Qs""]","[""4h"", ""8c"", ""3d""]","[{""name"": ""check"", ""kind"": ""check"", ""raiseTo"": null}, {""name"": ""min"", ""kind"": ""raise"", ""raiseTo"": 100}, {""name"": ""pot"", ""kind"": ""raise"", ""raiseTo"": 400}]","[""check"", ""Min · 1 BB"", ""Pot · 4 BB""]",Min · 1 BB,raise,100,1790773277321,True,True,True,1790773277701,1790773271618,5703,380,,False,False
PlMiosUXOX3jddmqtCqgK3g7,fQVCIYlsAmBRKfmFduk7Qoc9,114,1,preflop,2,1,"[{""type"": ""luna_attempt"", ""handOrdinal"": 114, ""decisionOrdinal"": 2, ""street"": ""pre-flop"", ""visibleLegalButtonLabels"": [""Fold"", ""Call 2 BB"", ""Min · 5 BB"", ""Pot · 9 BB""], ""attemptedButtonLabel"": ""Call 2 BB"", ""attemptedAtMs"": 1790773330821, ""lastRenderedAtMs"": 1790773322271}]","[""9h"", ""Jd""]",[],"[{""name"": ""fold"", ""kind"": ""fold"", ""raiseTo"": null}, {""name"": ""call"", ""kind"": ""call"", ""raiseTo"": null}, {""name"": ""min"", ""kind"": ""raise"", ""raiseTo"": 500}, {""name"": ""pot"", ""kind"": ""raise"", ""raiseTo"": 900}]","[""Fold"", ""Call 2 BB"", ""Min · 5 BB"", ""Pot · 9 BB""]",Call 2 BB,call,,1790773330821,True,True,True,1790773331081,1790773322271,8550,260,,False,False
PlMiosUXOX3jddmqtCqgK3g7,fQVCIYlsAmBRKfmFduk7Qoc9,114,2,flop,3,1,"[{""type"": ""luna_attempt"", ""handOrdinal"": 114, ""decisionOrdinal"": 3, ""street"": ""flop"", ""visibleLegalButtonLabels"": [""check"", ""Min · 1 BB"", ""Pot · 6 BB""], ""attemptedButtonLabel"": ""check"", ""attemptedAtMs"": 1790773336048, ""lastRenderedAtMs"": 1790773331158}]","[""9h"", ""Jd""]","[""2h"", ""Ks"", ""3d""]","[{""name"": ""check"", ""kind"": ""check"", ""raiseTo"": null}, {""name"": ""min"", ""kind"": ""raise"", ""raiseTo"": 100}, {""name"": ""pot"", ""kind"": ""raise"", ""raiseTo"": 600}]","[""check"", ""Min · 1 BB"", ""Pot · 6 BB""]",check,check,,1790773336048,True,True,True,1790773336438,1790773331158,4890,390,,False,False
PlMiosUXOX3jddmqtCqgK3g7,fQVCIYlsAmBRKfmFduk7Qoc9,114,3,flop,4,1,"[{""type"": ""luna_attempt"", ""handOrdinal"": 114, ""decisionOrdinal"": 4, ""street"": ""flop"", ""visibleLegalButtonLabels"": [""Fold"", ""Call 1 BB"", ""Min · 2 BB"", ""Pot · 9 BB"", ""Jam · 17 BB""], ""attemptedButtonLabel"": ""Call 1 BB"", ""attemptedAtMs"": 1790773342666, ""lastRenderedAtMs"": 1790773336514}]","[""9h"", ""Jd""]","[""2h"", ""Ks"", ""3d""]","[{""name"": ""fold"", ""kind"": ""fold"", ""raiseTo"": null}, {""name"": ""call"", ""kind"": ""call"", ""raiseTo"": null}, {""name"": ""min"", ""kind"": ""raise"", ""raiseTo"": 200}, {""name"": ""pot"", ""kind"": ""raise"", ""raiseTo"": 900}, {""name"": ""jam"", ""kind"": ""raise"", ""raiseTo"": 1700}]","[""Fold"", ""Call 1 BB"", ""Min · 2 BB"", ""Pot · 9 BB"", ""Jam · 17 BB""]",Call 1 BB,call,,1790773342666,True,True,True,1790773342926,1790773336514,6152,260,,False,False
PlMiosUXOX3jddmqtCqgK3g7,fQVCIYlsAmBRKfmFduk7Qoc9,114,4,turn,5,1,"[{""type"": ""luna_attempt"", ""handOrdinal"": 114, ""decisionOrdinal"": 5, ""street"": ""turn"", ""visibleLegalButtonLabels"": [""check"", ""Min · 1 BB"", ""Pot · 8 BB"", ""Jam · 16 BB""], ""attemptedButtonLabel"": ""check"", ""attemptedAtMs"": 1790773348247, ""lastRenderedAtMs"": 1790773342993}]","[""9h"", ""Jd""]","[""2h"", ""Ks"", ""3d"", ""5d""]","[{""name"": ""check"", ""kind"": ""check"", ""raiseTo"": null}, {""name"": ""min"", ""kind"": ""raise"", ""raiseTo"": 100}, {""name"": ""pot"", ""kind"": ""raise"", ""raiseTo"": 800}, {""name"": ""jam"", ""kind"": ""raise"", ""raiseTo"": 1600}]","[""check"", ""Min · 1 BB"", ""Pot · 8 BB"", ""Jam · 16 BB""]",check,check,,1790773348247,True,True,True,1790773348480,1790773342993,5254,233,,False,False
PlMiosUXOX3jddmqtCqgK3g7,fQVCIYlsAmBRKfmFduk7Qoc9,114,5,turn,6,1,"[{""type"": ""luna_attempt"", ""handOrdinal"": 114, ""decisionOrdinal"": 6, ""street"": ""turn"", ""visibleLegalButtonLabels"": [""Fold"", ""Call 1 BB"", ""Min · 2 BB"", ""Pot · 11 BB"", ""Jam · 16 BB""], ""attemptedButtonLabel"": ""Call 1 BB"", ""attemptedAtMs"": 1790773354676, ""lastRenderedAtMs"": 1790773348559}]","[""9h"", ""Jd""]","[""2h"", ""Ks"", ""3d"", ""5d""]","[{""name"": ""fold"", ""kind"": ""fold"", ""raiseTo"": null}, {""name"": ""call"", ""kind"": ""call"", ""raiseTo"": null}, {""name"": ""min"", ""kind"": ""raise"", ""raiseTo"": 200}, {""name"": ""pot"", ""kind"": ""raise"", ""raiseTo"": 1100}, {""name"": ""jam"", ""kind"": ""raise"", ""raiseTo"": 1600}]","[""Fold"", ""Call 1 BB"", ""Min · 2 BB"", ""Pot · 11 BB"", ""Jam · 16 BB""]",Call 1 BB,call,,1790773354676,True,True,True,1790773355064,1790773348559,6117,388,,False,False
PlMiosUXOX3jddmqtCqgK3g7,fQVCIYlsAmBRKfmFduk7Qoc9,114,6,river,7,1,"[{""type"": ""luna_attempt"", ""handOrdinal"": 114, ""decisionOrdinal"": 7, ""street"": ""river"", ""visibleLegalButtonLabels"": [""check"", ""Min · 1 BB"", ""Pot · 10 BB"", ""Jam · 15 BB""], ""attemptedButtonLabel"": ""check"", ""attemptedAtMs"": 1790773360521, ""lastRenderedAtMs"": 1790773355136}]","[""9h"", ""Jd""]","[""2h"", ""Ks"", ""3d"", ""5d"", ""3c""]","[{""name"": ""check"", ""kind"": ""check"", ""raiseTo"": null}, {""name"": ""min"", ""kind"": ""raise"", ""raiseTo"": 100}, {""name"": ""pot"", ""kind"": ""raise"", ""raiseTo"": 1000}, {""name"": ""jam"", ""kind"": ""raise"", ""raiseTo"": 1500}]","[""check"", ""Min · 1 BB"", ""Pot · 10 BB"", ""Jam · 15 BB""]",check,check,,1790773360521,True,True,True,1790773360818,1790773355136,5385,297,,False,False
PlMiosUXOX3jddmqtCqgK3g7,fQVCIYlsAmBRKfmFduk7Qoc9,114,7,river,8,1,"[{""type"": ""luna_attempt"", ""handOrdinal"": 114, ""decisionOrdinal"": 8, ""street"": ""river"", ""visibleLegalButtonLabels"": [""Fold"", ""Call 15 BB""], ""attemptedButtonLabel"": ""Fold"", ""attemptedAtMs"": 1790773367236, ""lastRenderedAtMs"": 1790773360902}]","[""9h"", ""Jd""]","[""2h"", ""Ks"", ""3d"", ""5d"", ""3c""]","[{""name"": ""fold"", ""kind"": ""fold"", ""raiseTo"": null}, {""name"": ""call"", ""kind"": ""call"", ""raiseTo"": null}]","[""Fold"", ""Call 15 BB""]",Fold,fold,,1790773367236,True,True,True,1790773367493,1790773360902,6334,257,,False,False
PlMiosUXOX3jddmqtCqgK3g7,4d2ApCznYvbwGqy2h3d2v6QK,115,1,preflop,1,1,"[{""type"": ""luna_attempt"", ""handOrdinal"": 115, ""decisionOrdinal"": 1, ""street"": ""pre-flop"", ""visibleLegalButtonLabels"": [""Fold"", ""Call 0.50 BB"", ""Min · 2 BB"", ""Pot · 3 BB""], ""attemptedButtonLabel"": ""Fold"", ""attemptedAtMs"": 1790773381434, ""lastRenderedAtMs"": 1790773375645}]","[""6d"", ""2s""]",[],"[{""name"": ""fold"", ""kind"": ""fold"", ""raiseTo"": null}, {""name"": ""call"", ""kind"": ""call"", ""raiseTo"": null}, {""name"": ""min"", ""kind"": ""raise"", ""raiseTo"": 200}, {""name"": ""pot"", ""kind"": ""raise"", ""raiseTo"": 300}]","[""Fold"", ""Call 0.50 BB"", ""Min · 2 BB"", ""Pot · 3 BB""]",Fold,fold,,1790773381434,True,True,True,1790773381655,1790773375645,5789,221,,False,False
PlMiosUXOX3jddmqtCqgK3g7,tLhSmV32jkROvrRf35B-IjMK,116,1,preflop,1,1,"[{""type"": ""luna_attempt"", ""handOrdinal"": 116, ""decisionOrdinal"": 1, ""street"": ""pre-flop"", ""visibleLegalButtonLabels"": [""check"", ""Min · 2 BB"", ""Pot · 3 BB""], ""attemptedButtonLabel"": ""check"", ""attemptedAtMs"": 1790773392050, ""lastRenderedAtMs"": 1790773387011}]","[""Jh"", ""6d""]",[],"[{""name"": ""check"", ""kind"": ""check"", ""raiseTo"": null}, {""name"": ""min"", ""kind"": ""raise"", ""raiseTo"": 200}, {""name"": ""pot"", ""kind"": ""raise"", ""raiseTo"": 300}]","[""check"", ""Min · 2 BB"", ""Pot · 3 BB""]",check,check,,1790773392050,True,True,True,1790773392381,1790773387011,5039,331,,False,False
PlMiosUXOX3jddmqtCqgK3g7,tLhSmV32jkROvrRf35B-IjMK,116,2,flop,2,1,"[{""type"": ""luna_attempt"", ""handOrdinal"": 116, ""decisionOrdinal"": 2, ""street"": ""flop"", ""visibleLegalButtonLabels"": [""check"", ""Min · 1 BB"", ""Pot · 2 BB""], ""attemptedButtonLabel"": ""check"", ""attemptedAtMs"": 1790773398626, ""lastRenderedAtMs"": 1790773392469}]","[""Jh"", ""6d""]","[""5d"", ""8h"", ""3h""]","[{""name"": ""check"", ""kind"": ""check"", ""raiseTo"": null}, {""name"": ""min"", ""kind"": ""raise"", ""raiseTo"": 100}, {""name"": ""pot"", ""kind"": ""raise"", ""raiseTo"": 200}]","[""check"", ""Min · 1 BB"", ""Pot · 2 BB""]",check,check,,1790773398626,True,True,True,1790773398846,1790773392469,6157,220,,False,False
PlMiosUXOX3jddmqtCqgK3g7,tLhSmV32jkROvrRf35B-IjMK,116,3,flop,3,1,"[{""type"": ""luna_attempt"", ""handOrdinal"": 116, ""decisionOrdinal"": 3, ""street"": ""flop"", ""visibleLegalButtonLabels"": [""Fold"", ""Call 1 BB"", ""Min · 2 BB"", ""Pot · 5 BB""], ""attemptedButtonLabel"": ""Fold"", ""attemptedAtMs"": 1790773403852, ""lastRenderedAtMs"": 1790773398951}]","[""Jh"", ""6d""]","[""5d"", ""8h"", ""3h""]","[{""name"": ""fold"", ""kind"": ""fold"", ""raiseTo"": null}, {""name"": ""call"", ""kind"": ""call"", ""raiseTo"": null}, {""name"": ""min"", ""kind"": ""raise"", ""raiseTo"": 200}, {""name"": ""pot"", ""kind"": ""raise"", ""raiseTo"": 500}]","[""Fold"", ""Call 1 BB"", ""Min · 2 BB"", ""Pot · 5 BB""]",Fold,fold,,1790773403852,True,True,True,1790773404253,1790773398951,4901,401,,False,False
PlMiosUXOX3jddmqtCqgK3g7,5oCMStaDtdIGDAxegyNM7AWQ,117,1,preflop,1,1,"[{""type"": ""luna_attempt"", ""handOrdinal"": 117, ""decisionOrdinal"": 1, ""street"": ""pre-flop"", ""visibleLegalButtonLabels"": [""Fold"", ""Call 0.50 BB"", ""Min · 2 BB"", ""Pot · 3 BB""], ""attemptedButtonLabel"": ""Min · 2 BB"", ""attemptedAtMs"": 1790773414969, ""lastRenderedAtMs"": 1790773409681}]","[""4d"", ""8d""]",[],"[{""name"": ""fold"", ""kind"": ""fold"", ""raiseTo"": null}, {""name"": ""call"", ""kind"": ""call"", ""raiseTo"": null}, {""name"": ""min"", ""kind"": ""raise"", ""raiseTo"": 200}, {""name"": ""pot"", ""kind"": ""raise"", ""raiseTo"": 300}]","[""Fold"", ""Call 0.50 BB"", ""Min · 2 BB"", ""Pot · 3 BB""]",Min · 2 BB,raise,200,1790773414969,True,True,True,1790773415264,1790773409681,5288,295,,False,False
PlMiosUXOX3jddmqtCqgK3g7,5oCMStaDtdIGDAxegyNM7AWQ,117,2,preflop,2,1,"[{""type"": ""luna_attempt"", ""handOrdinal"": 117, ""decisionOrdinal"": 2, ""street"": ""pre-flop"", ""visibleLegalButtonLabels"": [""Fold"", ""Call 4 BB"", ""Min · 10 BB"", ""Pot · 18 BB"", ""Jam · 20 BB""], ""attemptedButtonLabel"": ""Fold"", ""attemptedAtMs"": 1790773420490, ""lastRenderedAtMs"": 1790773415362}]","[""4d"", ""8d""]",[],"[{""name"": ""fold"", ""kind"": ""fold"", ""raiseTo"": null}, {""name"": ""call"", ""kind"": ""call"", ""raiseTo"": null}, {""name"": ""min"", ""kind"": ""raise"", ""raiseTo"": 1000}, {""name"": ""pot"", ""kind"": ""raise"", ""raiseTo"": 1800}, {""name"": ""jam"", ""kind"": ""raise"", ""raiseTo"": 2000}]","[""Fold"", ""Call 4 BB"", ""Min · 10 BB"", ""Pot · 18 BB"", ""Jam · 20 BB""]",Fold,fold,,1790773420490,True,True,True,1790773420726,1790773415362,5128,236,,False,False
PlMiosUXOX3jddmqtCqgK3g7,WGtYX4QPP7t9K-DfpuYfMoI4,119,1,preflop,1,1,"[{""type"": ""luna_attempt"", ""handOrdinal"": 119, ""decisionOrdinal"": 1, ""street"": ""pre-flop"", ""visibleLegalButtonLabels"": [""Fold"", ""Call 0.50 BB"", ""Min · 2 BB"", ""Pot · 3 BB""], ""attemptedButtonLabel"": ""Min · 2 BB"", ""attemptedAtMs"": 1790773438521, ""lastRenderedAtMs"": 1790773433559}]","[""7d"", ""8d""]",[],"[{""name"": ""fold"", ""kind"": ""fold"", ""raiseTo"": null}, {""name"": ""call"", ""kind"": ""call"", ""raiseTo"": null}, {""name"": ""min"", ""kind"": ""raise"", ""raiseTo"": 200}, {""name"": ""pot"", ""kind"": ""raise"", ""raiseTo"": 300}]","[""Fold"", ""Call 0.50 BB"", ""Min · 2 BB"", ""Pot · 3 BB""]",Min · 2 BB,raise,200,1790773438521,True,True,True,1790773438837,1790773433559,4962,316,,False,False
PlMiosUXOX3jddmqtCqgK3g7,WGtYX4QPP7t9K-DfpuYfMoI4,119,2,preflop,2,1,"[{""type"": ""luna_attempt"", ""handOrdinal"": 119, ""decisionOrdinal"": 2, ""street"": ""pre-flop"", ""visibleLegalButtonLabels"": [""Fold"", ""Call 1 BB"", ""Min · 4 BB"", ""Pot · 9 BB""], ""attemptedButtonLabel"": ""Call 1 BB"", ""attemptedAtMs"": 1790773443594, ""lastRenderedAtMs"": 1790773438880}]","[""7d"", ""8d""]",[],"[{""name"": ""fold"", ""kind"": ""fold"", ""raiseTo"": null}, {""name"": ""call"", ""kind"": ""call"", ""raiseTo"": null}, {""name"": ""min"", ""kind"": ""raise"", ""raiseTo"": 400}, {""name"": ""pot"", ""kind"": ""raise"", ""raiseTo"": 900}]","[""Fold"", ""Call 1 BB"", ""Min · 4 BB"", ""Pot · 9 BB""]",Call 1 BB,call,,1790773443594,True,True,True,1790773443909,1790773438880,4714,315,,False,False
PlMiosUXOX3jddmqtCqgK3g7,WGtYX4QPP7t9K-DfpuYfMoI4,119,3,flop,3,1,"[{""type"": ""luna_attempt"", ""handOrdinal"": 119, ""decisionOrdinal"": 3, ""street"": ""flop"", ""visibleLegalButtonLabels"": [""Fold"", ""Call 1 BB"", ""Min · 2 BB"", ""Pot · 9 BB"", ""Jam · 17 BB""], ""attemptedButtonLabel"": ""Call 1 BB"", ""attemptedAtMs"": 1790773459930, ""lastRenderedAtMs"": 1790773455014}]","[""7d"", ""8d""]","[""6c"", ""6d"", ""5c""]","[{""name"": ""fold"", ""kind"": ""fold"", ""raiseTo"": null}, {""name"": ""call"", ""kind"": ""call"", ""raiseTo"": null}, {""name"": ""min"", ""kind"": ""raise"", ""raiseTo"": 200}, {""name"": ""pot"", ""kind"": ""raise"", ""raiseTo"": 900}, {""name"": ""jam"", ""kind"": ""raise"", ""raiseTo"": 1700}]","[""Fold"", ""Call 1 BB"", ""Min · 2 BB"", ""Pot · 9 BB"", ""Jam · 17 BB""]",Call 1 BB,call,,1790773459930,True,True,True,1790773460288,1790773455014,4916,358,,False,False
PlMiosUXOX3jddmqtCqgK3g7,WGtYX4QPP7t9K-DfpuYfMoI4,119,4,turn,4,1,"[{""type"": ""luna_attempt"", ""handOrdinal"": 119, ""decisionOrdinal"": 4, ""street"": ""turn"", ""visibleLegalButtonLabels"": [""check"", ""Min · 1 BB"", ""Pot · 8 BB"", ""Jam · 16 BB""], ""attemptedButtonLabel"": ""check"", ""attemptedAtMs"": 1790773467633, ""lastRenderedAtMs"": 1790773460361}]","[""7d"", ""8d""]","[""6c"", ""6d"", ""5c"", ""3h""]","[{""name"": ""check"", ""kind"": ""check"", ""raiseTo"": null}, {""name"": ""min"", ""kind"": ""raise"", ""raiseTo"": 100}, {""name"": ""pot"", ""kind"": ""raise"", ""raiseTo"": 800}, {""name"": ""jam"", ""kind"": ""raise"", ""raiseTo"": 1600}]","[""check"", ""Min · 1 BB"", ""Pot · 8 BB"", ""Jam · 16 BB""]",check,check,,1790773467633,True,True,True,1790773467941,1790773460361,7272,308,,False,False
PlMiosUXOX3jddmqtCqgK3g7,WGtYX4QPP7t9K-DfpuYfMoI4,119,5,river,5,1,"[{""type"": ""luna_attempt"", ""handOrdinal"": 119, ""decisionOrdinal"": 5, ""street"": ""river"", ""visibleLegalButtonLabels"": [""Fold"", ""Call 1 BB"", ""Min · 2 BB"", ""Pot · 11 BB"", ""Jam · 16 BB""], ""attemptedButtonLabel"": ""Fold"", ""attemptedAtMs"": 1790773473585, ""lastRenderedAtMs"": 1790773468002}]","[""7d"", ""8d""]","[""6c"", ""6d"", ""5c"", ""3h"", ""3s""]","[{""name"": ""fold"", ""kind"": ""fold"", ""raiseTo"": null}, {""name"": ""call"", ""kind"": ""call"", ""raiseTo"": null}, {""name"": ""min"", ""kind"": ""raise"", ""raiseTo"": 200}, {""name"": ""pot"", ""kind"": ""raise"", ""raiseTo"": 1100}, {""name"": ""jam"", ""kind"": ""raise"", ""raiseTo"": 1600}]","[""Fold"", ""Call 1 BB"", ""Min · 2 BB"", ""Pot · 11 BB"", ""Jam · 16 BB""]",Fold,fold,,1790773473585,True,True,True,1790773473849,1790773468002,5583,264,,False,False
PlMiosUXOX3jddmqtCqgK3g7,WwszEXJjoU2Mi-_03oxrM_H9,120,1,preflop,1,1,"[{""type"": ""luna_attempt"", ""handOrdinal"": 120, ""decisionOrdinal"": 1, ""street"": ""pre-flop"", ""visibleLegalButtonLabels"": [""Fold"", ""Call 1 BB"", ""Min · 3 BB"", ""Pot · 6 BB""], ""attemptedButtonLabel"": ""Fold"", ""attemptedAtMs"": 1790773485045, ""lastRenderedAtMs"": 1790773479984}]","[""2c"", ""5s""]",[],"[{""name"": ""fold"", ""kind"": ""fold"", ""raiseTo"": null}, {""name"": ""call"", ""kind"": ""call"", ""raiseTo"": null}, {""name"": ""min"", ""kind"": ""raise"", ""raiseTo"": 300}, {""name"": ""pot"", ""kind"": ""raise"", ""raiseTo"": 600}]","[""Fold"", ""Call 1 BB"", ""Min · 3 BB"", ""Pot · 6 BB""]",Fold,fold,,1790773485045,True,True,True,1790773485343,1790773479984,5061,298,,False,False
PlMiosUXOX3jddmqtCqgK3g7,uw9htUfUJBwc7ddlUGKlsd1a,121,1,preflop,1,1,"[{""type"": ""luna_attempt"", ""handOrdinal"": 121, ""decisionOrdinal"": 1, ""street"": ""pre-flop"", ""visibleLegalButtonLabels"": [""Fold"", ""Call 0.50 BB"", ""Min · 2 BB"", ""Pot · 3 BB""], ""attemptedButtonLabel"": ""Min · 2 BB"", ""attemptedAtMs"": 1790773495503, ""lastRenderedAtMs"": 1790773490605}]","[""Td"", ""8h""]",[],"[{""name"": ""fold"", ""kind"": ""fold"", ""raiseTo"": null}, {""name"": ""call"", ""kind"": ""call"", ""raiseTo"": null}, {""name"": ""min"", ""kind"": ""raise"", ""raiseTo"": 200}, {""name"": ""pot"", ""kind"": ""raise"", ""raiseTo"": 300}]","[""Fold"", ""Call 0.50 BB"", ""Min · 2 BB"", ""Pot · 3 BB""]",Min · 2 BB,raise,200,1790773495503,True,True,True,1790773495889,1790773490605,4898,386,,False,False
PlMiosUXOX3jddmqtCqgK3g7,uw9htUfUJBwc7ddlUGKlsd1a,121,2,flop,2,1,"[{""type"": ""luna_attempt"", ""handOrdinal"": 121, ""decisionOrdinal"": 2, ""street"": ""flop"", ""visibleLegalButtonLabels"": [""Fold"", ""Call 1 BB"", ""Min · 2 BB"", ""Pot · 7 BB""], ""attemptedButtonLabel"": ""Fold"", ""attemptedAtMs"": 1790773502062, ""lastRenderedAtMs"": 1790773495937}]","[""Td"", ""8h""]","[""Qh"", ""2s"", ""Kd""]","[{""name"": ""fold"", ""kind"": ""fold"", ""raiseTo"": null}, {""name"": ""call"", ""kind"": ""call"", ""raiseTo"": null}, {""name"": ""min"", ""kind"": ""raise"", ""raiseTo"": 200}, {""name"": ""pot"", ""kind"": ""raise"", ""raiseTo"": 700}]","[""Fold"", ""Call 1 BB"", ""Min · 2 BB"", ""Pot · 7 BB""]",Fold,fold,,1790773502062,True,True,True,1790773502355,1790773495937,6125,293,,False,False
PlMiosUXOX3jddmqtCqgK3g7,5yl_DLhjSJXetuLYfE8WsDWa,122,1,preflop,1,1,"[{""type"": ""luna_attempt"", ""handOrdinal"": 122, ""decisionOrdinal"": 1, ""street"": ""pre-flop"", ""visibleLegalButtonLabels"": [""Fold"", ""Call 1 BB"", ""Min · 3 BB"", ""Pot · 6 BB""], ""attemptedButtonLabel"": ""Call 1 BB"", ""attemptedAtMs"": 1790773513349, ""lastRenderedAtMs"": 1790773508110}]","[""Jd"", ""8s""]",[],"[{""name"": ""fold"", ""kind"": ""fold"", ""raiseTo"": null}, {""name"": ""call"", ""kind"": ""call"", ""raiseTo"": null}, {""name"": ""min"", ""kind"": ""raise"", ""raiseTo"": 300}, {""name"": ""pot"", ""kind"": ""raise"", ""raiseTo"": 600}]","[""Fold"", ""Call 1 BB"", ""Min · 3 BB"", ""Pot · 6 BB""]",Call 1 BB,call,,1790773513349,True,True,True,1790773513696,1790773508110,5239,347,,False,False
PlMiosUXOX3jddmqtCqgK3g7,5yl_DLhjSJXetuLYfE8WsDWa,122,2,flop,2,1,"[{""type"": ""luna_attempt"", ""handOrdinal"": 122, ""decisionOrdinal"": 2, ""street"": ""flop"", ""visibleLegalButtonLabels"": [""check"", ""Min · 1 BB"", ""Pot · 4 BB""], ""attemptedButtonLabel"": ""check"", ""attemptedAtMs"": 1790773519234, ""lastRenderedAtMs"": 1790773513776}]","[""Jd"", ""8s""]","[""9c"", ""6c"", ""Ts""]","[{""name"": ""check"", ""kind"": ""check"", ""raiseTo"": null}, {""name"": ""min"", ""kind"": ""raise"", ""raiseTo"": 100}, {""name"": ""pot"", ""kind"": ""raise"", ""raiseTo"": 400}]","[""check"", ""Min · 1 BB"", ""Pot · 4 BB""]",check,check,,1790773519234,True,True,True,1790773519571,1790773513776,5458,337,,False,False
PlMiosUXOX3jddmqtCqgK3g7,5yl_DLhjSJXetuLYfE8WsDWa,122,3,flop,3,1,"[{""type"": ""luna_attempt"", ""handOrdinal"": 122, ""decisionOrdinal"": 3, ""street"": ""flop"", ""visibleLegalButtonLabels"": [""Fold"", ""Call 1 BB"", ""Min · 2 BB"", ""Pot · 7 BB""], ""attemptedButtonLabel"": ""Call 1 BB"", ""attemptedAtMs"": 1790773528020, ""lastRenderedAtMs"": 1790773519638}]","[""Jd"", ""8s""]","[""9c"", ""6c"", ""Ts""]","[{""name"": ""fold"", ""kind"": ""fold"", ""raiseTo"": null}, {""name"": ""call"", ""kind"": ""call"", ""raiseTo"": null}, {""name"": ""min"", ""kind"": ""raise"", ""raiseTo"": 200}, {""name"": ""pot"", ""kind"": ""raise"", ""raiseTo"": 700}]","[""Fold"", ""Call 1 BB"", ""Min · 2 BB"", ""Pot · 7 BB""]",Call 1 BB,call,,1790773528020,True,True,True,1790773528304,1790773519638,8382,284,,False,False
PlMiosUXOX3jddmqtCqgK3g7,5yl_DLhjSJXetuLYfE8WsDWa,122,4,turn,4,1,"[{""type"": ""luna_attempt"", ""handOrdinal"": 122, ""decisionOrdinal"": 4, ""street"": ""turn"", ""visibleLegalButtonLabels"": [""check"", ""Min · 1 BB"", ""Pot · 6 BB""], ""attemptedButtonLabel"": ""Min · 1 BB"", ""attemptedAtMs"": 1790773537825, ""lastRenderedAtMs"": 1790773528443}]","[""Jd"", ""8s""]","[""9c"", ""6c"", ""Ts"", ""8c""]","[{""name"": ""check"", ""kind"": ""check"", ""raiseTo"": null}, {""name"": ""min"", ""kind"": ""raise"", ""raiseTo"": 100}, {""name"": ""pot"", ""kind"": ""raise"", ""raiseTo"": 600}]","[""check"", ""Min · 1 BB"", ""Pot · 6 BB""]",Min · 1 BB,raise,100,1790773537825,True,True,True,1790773538104,1790773528443,9382,279,,False,False
PlMiosUXOX3jddmqtCqgK3g7,5yl_DLhjSJXetuLYfE8WsDWa,122,5,turn,5,1,"[{""type"": ""luna_attempt"", ""handOrdinal"": 122, ""decisionOrdinal"": 5, ""street"": ""turn"", ""visibleLegalButtonLabels"": [""Fold"", ""Call 16 BB""], ""attemptedButtonLabel"": ""Fold"", ""attemptedAtMs"": 1790773544560, ""lastRenderedAtMs"": 1790773538173}]","[""Jd"", ""8s""]","[""9c"", ""6c"", ""Ts"", ""8c""]","[{""name"": ""fold"", ""kind"": ""fold"", ""raiseTo"": null}, {""name"": ""call"", ""kind"": ""call"", ""raiseTo"": null}]","[""Fold"", ""Call 16 BB""]",Fold,fold,,1790773544560,True,True,True,1790773544777,1790773538173,6387,217,,False,False
PlMiosUXOX3jddmqtCqgK3g7,7honbNWh-rVV42y_4Kh5rETV,123,1,preflop,1,1,"[{""type"": ""luna_attempt"", ""handOrdinal"": 123, ""decisionOrdinal"": 1, ""street"": ""pre-flop"", ""visibleLegalButtonLabels"": [""Fold"", ""Call 0.50 BB"", ""Min · 2 BB"", ""Pot · 3 BB""], ""attemptedButtonLabel"": ""Call 0.50 BB"", ""attemptedAtMs"": 1790773556843, ""lastRenderedAtMs"": 1790773551123}]","[""3h"", ""4c""]",[],"[{""name"": ""fold"", ""kind"": ""fold"", ""raiseTo"": null}, {""name"": ""call"", ""kind"": ""call"", ""raiseTo"": null}, {""name"": ""min"", ""kind"": ""raise"", ""raiseTo"": 200}, {""name"": ""pot"", ""kind"": ""raise"", ""raiseTo"": 300}]","[""Fold"", ""Call 0.50 BB"", ""Min · 2 BB"", ""Pot · 3 BB""]",Call 0.50 BB,call,,1790773556843,True,True,True,1790773557210,1790773551123,5720,367,,False,False
PlMiosUXOX3jddmqtCqgK3g7,7honbNWh-rVV42y_4Kh5rETV,123,2,flop,2,1,"[{""type"": ""luna_attempt"", ""handOrdinal"": 123, ""decisionOrdinal"": 2, ""street"": ""flop"", ""visibleLegalButtonLabels"": [""check"", ""Min · 1 BB"", ""Pot · 2 BB""], ""attemptedButtonLabel"": ""check"", ""attemptedAtMs"": 1790773563266, ""lastRenderedAtMs"": 1790773557304}]","[""3h"", ""4c""]","[""7d"", ""5s"", ""Kd""]","[{""name"": ""check"", ""kind"": ""check"", ""raiseTo"": null}, {""name"": ""min"", ""kind"": ""raise"", ""raiseTo"": 100}, {""name"": ""pot"", ""kind"": ""raise"", ""raiseTo"": 200}]","[""check"", ""Min · 1 BB"", ""Pot · 2 BB""]",check,check,,1790773563266,True,True,True,1790773563582,1790773557304,5962,316,,False,False
PlMiosUXOX3jddmqtCqgK3g7,7honbNWh-rVV42y_4Kh5rETV,123,3,turn,3,1,"[{""type"": ""luna_attempt"", ""handOrdinal"": 123, ""decisionOrdinal"": 3, ""street"": ""turn"", ""visibleLegalButtonLabels"": [""check"", ""Min · 1 BB"", ""Pot · 2 BB""], ""attemptedButtonLabel"": ""check"", ""attemptedAtMs"": 1790773571494, ""lastRenderedAtMs"": 1790773566832}]","[""3h"", ""4c""]","[""7d"", ""5s"", ""Kd"", ""3d""]","[{""name"": ""check"", ""kind"": ""check"", ""raiseTo"": null}, {""name"": ""min"", ""kind"": ""raise"", ""raiseTo"": 100}, {""name"": ""pot"", ""kind"": ""raise"", ""raiseTo"": 200}]","[""check"", ""Min · 1 BB"", ""Pot · 2 BB""]",check,check,,1790773571494,True,True,True,1790773571787,1790773566832,4662,293,,False,False
PlMiosUXOX3jddmqtCqgK3g7,7honbNWh-rVV42y_4Kh5rETV,123,4,river,4,1,"[{""type"": ""luna_attempt"", ""handOrdinal"": 123, ""decisionOrdinal"": 4, ""street"": ""river"", ""visibleLegalButtonLabels"": [""check"", ""Min · 1 BB"", ""Pot · 2 BB""], ""attemptedButtonLabel"": ""check"", ""attemptedAtMs"": 1790773585487, ""lastRenderedAtMs"": 1790773575936}]","[""3h"", ""4c""]","[""7d"", ""5s"", ""Kd"", ""3d"", ""Ks""]","[{""name"": ""check"", ""kind"": ""check"", ""raiseTo"": null}, {""name"": ""min"", ""kind"": ""raise"", ""raiseTo"": 100}, {""name"": ""pot"", ""kind"": ""raise"", ""raiseTo"": 200}]","[""check"", ""Min · 1 BB"", ""Pot · 2 BB""]",check,check,,1790773585487,True,True,True,1790773585756,1790773575936,9551,269,,False,False
PlMiosUXOX3jddmqtCqgK3g7,BVB4_SCxkU7ZdT6Tu89oNkfX,124,1,preflop,1,1,"[{""type"": ""luna_attempt"", ""handOrdinal"": 124, ""decisionOrdinal"": 1, ""street"": ""pre-flop"", ""visibleLegalButtonLabels"": [""check"", ""Min · 2 BB"", ""Pot · 3 BB""], ""attemptedButtonLabel"": ""Min · 2 BB"", ""attemptedAtMs"": 1790773596091, ""lastRenderedAtMs"": 1790773591405}]","[""9d"", ""5h""]",[],"[{""name"": ""check"", ""kind"": ""check"", ""raiseTo"": null}, {""name"": ""min"", ""kind"": ""raise"", ""raiseTo"": 200}, {""name"": ""pot"", ""kind"": ""raise"", ""raiseTo"": 300}]","[""check"", ""Min · 2 BB"", ""Pot · 3 BB""]",Min · 2 BB,raise,200,1790773596091,True,True,True,1790773596470,1790773591405,4686,379,,False,False
PlMiosUXOX3jddmqtCqgK3g7,BVB4_SCxkU7ZdT6Tu89oNkfX,124,2,flop,2,1,"[{""type"": ""luna_attempt"", ""handOrdinal"": 124, ""decisionOrdinal"": 2, ""street"": ""flop"", ""visibleLegalButtonLabels"": [""check"", ""Min · 1 BB"", ""Pot · 4 BB""], ""attemptedButtonLabel"": ""check"", ""attemptedAtMs"": 1790773603762, ""lastRenderedAtMs"": 1790773596554}]","[""9d"", ""5h""]","[""4c"", ""Kh"", ""2h""]","[{""name"": ""check"", ""kind"": ""check"", ""raiseTo"": null}, {""name"": ""min"", ""kind"": ""raise"", ""raiseTo"": 100}, {""name"": ""pot"", ""kind"": ""raise"", ""raiseTo"": 400}]","[""check"", ""Min · 1 BB"", ""Pot · 4 BB""]",check,check,,1790773603762,True,True,True,1790773604063,1790773596554,7208,301,,False,False
PlMiosUXOX3jddmqtCqgK3g7,BVB4_SCxkU7ZdT6Tu89oNkfX,124,3,flop,3,1,"[{""type"": ""luna_attempt"", ""handOrdinal"": 124, ""decisionOrdinal"": 3, ""street"": ""flop"", ""visibleLegalButtonLabels"": [""Fold"", ""Call 1 BB"", ""Min · 2 BB"", ""Pot · 7 BB""], ""attemptedButtonLabel"": ""Fold"", ""attemptedAtMs"": 1790773610452, ""lastRenderedAtMs"": 1790773604143}]","[""9d"", ""5h""]","[""4c"", ""Kh"", ""2h""]","[{""name"": ""fold"", ""kind"": ""fold"", ""raiseTo"": null}, {""name"": ""call"", ""kind"": ""call"", ""raiseTo"": null}, {""name"": ""min"", ""kind"": ""raise"", ""raiseTo"": 200}, {""name"": ""pot"", ""kind"": ""raise"", ""raiseTo"": 700}]","[""Fold"", ""Call 1 BB"", ""Min · 2 BB"", ""Pot · 7 BB""]",Fold,fold,,1790773610452,True,True,True,1790773610747,1790773604143,6309,295,,False,False
PlMiosUXOX3jddmqtCqgK3g7,X6vYTGzoYV-4rCesY3eCF15B,125,1,preflop,1,1,"[{""type"": ""luna_attempt"", ""handOrdinal"": 125, ""decisionOrdinal"": 1, ""street"": ""pre-flop"", ""visibleLegalButtonLabels"": [""Fold"", ""Call 0.50 BB"", ""Min · 2 BB"", ""Pot · 3 BB""], ""attemptedButtonLabel"": ""Min · 2 BB"", ""attemptedAtMs"": 1790773621467, ""lastRenderedAtMs"": 1790773615977}]","[""Qs"", ""5d""]",[],"[{""name"": ""fold"", ""kind"": ""fold"", ""raiseTo"": null}, {""name"": ""call"", ""kind"": ""call"", ""raiseTo"": null}, {""name"": ""min"", ""kind"": ""raise"", ""raiseTo"": 200}, {""name"": ""pot"", ""kind"": ""raise"", ""raiseTo"": 300}]","[""Fold"", ""Call 0.50 BB"", ""Min · 2 BB"", ""Pot · 3 BB""]",Min · 2 BB,raise,200,1790773621467,True,True,True,1790773621861,1790773615977,5490,394,,False,False
PlMiosUXOX3jddmqtCqgK3g7,TyBFgegwQX28lTbl1HOhF511,126,1,preflop,1,1,"[{""type"": ""luna_attempt"", ""handOrdinal"": 126, ""decisionOrdinal"": 1, ""street"": ""pre-flop"", ""visibleLegalButtonLabels"": [""check"", ""Min · 2 BB"", ""Pot · 3 BB""], ""attemptedButtonLabel"": ""check"", ""attemptedAtMs"": 1790773631994, ""lastRenderedAtMs"": 1790773627346}]","[""5d"", ""8s""]",[],"[{""name"": ""check"", ""kind"": ""check"", ""raiseTo"": null}, {""name"": ""min"", ""kind"": ""raise"", ""raiseTo"": 200}, {""name"": ""pot"", ""kind"": ""raise"", ""raiseTo"": 300}]","[""check"", ""Min · 2 BB"", ""Pot · 3 BB""]",check,check,,1790773631994,True,True,True,1790773632323,1790773627346,4648,329,,False,False
PlMiosUXOX3jddmqtCqgK3g7,TyBFgegwQX28lTbl1HOhF511,126,2,flop,2,1,"[{""type"": ""luna_attempt"", ""handOrdinal"": 126, ""decisionOrdinal"": 2, ""street"": ""flop"", ""visibleLegalButtonLabels"": [""check"", ""Min · 1 BB"", ""Pot · 2 BB""], ""attemptedButtonLabel"": ""check"", ""attemptedAtMs"": 1790773639110, ""lastRenderedAtMs"": 1790773632402}]","[""5d"", ""8s""]","[""7c"", ""2c"", ""8h""]","[{""name"": ""check"", ""kind"": ""check"", ""raiseTo"": null}, {""name"": ""min"", ""kind"": ""raise"", ""raiseTo"": 100}, {""name"": ""pot"", ""kind"": ""raise"", ""raiseTo"": 200}]","[""check"", ""Min · 1 BB"", ""Pot · 2 BB""]",check,check,,1790773639110,True,True,True,1790773639401,1790773632402,6708,291,,False,False
PlMiosUXOX3jddmqtCqgK3g7,TyBFgegwQX28lTbl1HOhF511,126,3,turn,3,1,"[{""type"": ""luna_attempt"", ""handOrdinal"": 126, ""decisionOrdinal"": 3, ""street"": ""turn"", ""visibleLegalButtonLabels"": [""check"", ""Min · 1 BB"", ""Pot · 2 BB""], ""attemptedButtonLabel"": ""Min · 1 BB"", ""attemptedAtMs"": 1790773648446, ""lastRenderedAtMs"": 1790773643055}]","[""5d"", ""8s""]","[""7c"", ""2c"", ""8h"", ""2h""]","[{""name"": ""check"", ""kind"": ""check"", ""raiseTo"": null}, {""name"": ""min"", ""kind"": ""raise"", ""raiseTo"": 100}, {""name"": ""pot"", ""kind"": ""raise"", ""raiseTo"": 200}]","[""check"", ""Min · 1 BB"", ""Pot · 2 BB""]",Min · 1 BB,raise,100,1790773648446,True,True,True,1790773648758,1790773643055,5391,312,,False,False
PlMiosUXOX3jddmqtCqgK3g7,TyBFgegwQX28lTbl1HOhF511,126,4,river,4,1,"[{""type"": ""luna_attempt"", ""handOrdinal"": 126, ""decisionOrdinal"": 4, ""street"": ""river"", ""visibleLegalButtonLabels"": [""check"", ""Min · 1 BB"", ""Pot · 4 BB""], ""attemptedButtonLabel"": ""Min · 1 BB"", ""attemptedAtMs"": 1790773663302, ""lastRenderedAtMs"": 1790773658086}]","[""5d"", ""8s""]","[""7c"", ""2c"", ""8h"", ""2h"", ""3s""]","[{""name"": ""check"", ""kind"": ""check"", ""raiseTo"": null}, {""name"": ""min"", ""kind"": ""raise"", ""raiseTo"": 100}, {""name"": ""pot"", ""kind"": ""raise"", ""raiseTo"": 400}]","[""check"", ""Min · 1 BB"", ""Pot · 4 BB""]",Min · 1 BB,raise,100,1790773663302,True,True,True,1790773663549,1790773658086,5216,247,,False,False
PlMiosUXOX3jddmqtCqgK3g7,3hQrdHbbXvIOnKnH5G9ndql0,127,1,preflop,1,1,"[{""type"": ""luna_attempt"", ""handOrdinal"": 127, ""decisionOrdinal"": 1, ""street"": ""pre-flop"", ""visibleLegalButtonLabels"": [""Fold"", ""Call 0.50 BB"", ""Min · 2 BB"", ""Pot · 3 BB""], ""attemptedButtonLabel"": ""Call 0.50 BB"", ""attemptedAtMs"": 1790773675055, ""lastRenderedAtMs"": 1790773669808}]","[""3c"", ""8d""]",[],"[{""name"": ""fold"", ""kind"": ""fold"", ""raiseTo"": null}, {""name"": ""call"", ""kind"": ""call"", ""raiseTo"": null}, {""name"": ""min"", ""kind"": ""raise"", ""raiseTo"": 200}, {""name"": ""pot"", ""kind"": ""raise"", ""raiseTo"": 300}]","[""Fold"", ""Call 0.50 BB"", ""Min · 2 BB"", ""Pot · 3 BB""]",Call 0.50 BB,call,,1790773675055,True,True,True,1790773675455,1790773669808,5247,400,,False,False
PlMiosUXOX3jddmqtCqgK3g7,3hQrdHbbXvIOnKnH5G9ndql0,127,2,flop,2,1,"[{""type"": ""luna_attempt"", ""handOrdinal"": 127, ""decisionOrdinal"": 2, ""street"": ""flop"", ""visibleLegalButtonLabels"": [""check"", ""Min · 1 BB"", ""Pot · 2 BB""], ""attemptedButtonLabel"": ""check"", ""attemptedAtMs"": 1790773682311, ""lastRenderedAtMs"": 1790773675534}]","[""3c"", ""8d""]","[""Kc"", ""4c"", ""Ks""]","[{""name"": ""check"", ""kind"": ""check"", ""raiseTo"": null}, {""name"": ""min"", ""kind"": ""raise"", ""raiseTo"": 100}, {""name"": ""pot"", ""kind"": ""raise"", ""raiseTo"": 200}]","[""check"", ""Min · 1 BB"", ""Pot · 2 BB""]",check,check,,1790773682311,True,True,True,1790773682541,1790773675534,6777,230,,False,False
PlMiosUXOX3jddmqtCqgK3g7,3hQrdHbbXvIOnKnH5G9ndql0,127,3,turn,3,1,"[{""type"": ""luna_attempt"", ""handOrdinal"": 127, ""decisionOrdinal"": 3, ""street"": ""turn"", ""visibleLegalButtonLabels"": [""check"", ""Min · 1 BB"", ""Pot · 2 BB""], ""attemptedButtonLabel"": ""check"", ""attemptedAtMs"": 1790773690537, ""lastRenderedAtMs"": 1790773685371}]","[""3c"", ""8d""]","[""Kc"", ""4c"", ""Ks"", ""6s""]","[{""name"": ""check"", ""kind"": ""check"", ""raiseTo"": null}, {""name"": ""min"", ""kind"": ""raise"", ""raiseTo"": 100}, {""name"": ""pot"", ""kind"": ""raise"", ""raiseTo"": 200}]","[""check"", ""Min · 1 BB"", ""Pot · 2 BB""]",check,check,,1790773690537,True,True,True,1790773690861,1790773685371,5166,324,,False,False
PlMiosUXOX3jddmqtCqgK3g7,3hQrdHbbXvIOnKnH5G9ndql0,127,4,river,4,1,"[{""type"": ""luna_attempt"", ""handOrdinal"": 127, ""decisionOrdinal"": 4, ""street"": ""river"", ""visibleLegalButtonLabels"": [""Fold"", ""Call 2 BB"", ""Min · 4 BB"", ""Pot · 8 BB""], ""attemptedButtonLabel"": ""Fold"", ""attemptedAtMs"": 1790773696344, ""lastRenderedAtMs"": 1790773690949}]","[""3c"", ""8d""]","[""Kc"", ""4c"", ""Ks"", ""6s"", ""7d""]","[{""name"": ""fold"", ""kind"": ""fold"", ""raiseTo"": null}, {""name"": ""call"", ""kind"": ""call"", ""raiseTo"": null}, {""name"": ""min"", ""kind"": ""raise"", ""raiseTo"": 400}, {""name"": ""pot"", ""kind"": ""raise"", ""raiseTo"": 800}]","[""Fold"", ""Call 2 BB"", ""Min · 4 BB"", ""Pot · 8 BB""]",Fold,fold,,1790773696344,True,True,True,1790773696764,1790773690949,5395,420,,False,False
PlMiosUXOX3jddmqtCqgK3g7,kUULtz4l-WsRKaqys5TKevkI,128,1,preflop,1,1,"[{""type"": ""luna_attempt"", ""handOrdinal"": 128, ""decisionOrdinal"": 1, ""street"": ""pre-flop"", ""visibleLegalButtonLabels"": [""Fold"", ""Call 1 BB"", ""Min · 3 BB"", ""Pot · 6 BB""], ""attemptedButtonLabel"": ""Call 1 BB"", ""attemptedAtMs"": 1790773709642, ""lastRenderedAtMs"": 1790773704657}]","[""4d"", ""Kc""]",[],"[{""name"": ""fold"", ""kind"": ""fold"", ""raiseTo"": null}, {""name"": ""call"", ""kind"": ""call"", ""raiseTo"": null}, {""name"": ""min"", ""kind"": ""raise"", ""raiseTo"": 300}, {""name"": ""pot"", ""kind"": ""raise"", ""raiseTo"": 600}]","[""Fold"", ""Call 1 BB"", ""Min · 3 BB"", ""Pot · 6 BB""]",Call 1 BB,call,,1790773709642,True,True,True,1790773710026,1790773704657,4985,384,,False,False
PlMiosUXOX3jddmqtCqgK3g7,kUULtz4l-WsRKaqys5TKevkI,128,2,flop,2,1,"[{""type"": ""luna_attempt"", ""handOrdinal"": 128, ""decisionOrdinal"": 2, ""street"": ""flop"", ""visibleLegalButtonLabels"": [""check"", ""Min · 1 BB"", ""Pot · 4 BB""], ""attemptedButtonLabel"": ""check"", ""attemptedAtMs"": 1790773715701, ""lastRenderedAtMs"": 1790773710105}]","[""4d"", ""Kc""]","[""Js"", ""Qd"", ""6d""]","[{""name"": ""check"", ""kind"": ""check"", ""raiseTo"": null}, {""name"": ""min"", ""kind"": ""raise"", ""raiseTo"": 100}, {""name"": ""pot"", ""kind"": ""raise"", ""raiseTo"": 400}]","[""check"", ""Min · 1 BB"", ""Pot · 4 BB""]",check,check,,1790773715701,True,True,True,1790773715985,1790773710105,5596,284,,False,False
PlMiosUXOX3jddmqtCqgK3g7,kUULtz4l-WsRKaqys5TKevkI,128,3,flop,3,1,"[{""type"": ""luna_attempt"", ""handOrdinal"": 128, ""decisionOrdinal"": 3, ""street"": ""flop"", ""visibleLegalButtonLabels"": [""Fold"", ""Call 1 BB"", ""Min · 2 BB"", ""Pot · 7 BB""], ""attemptedButtonLabel"": ""Call 1 BB"", ""attemptedAtMs"": 1790773722341, ""lastRenderedAtMs"": 1790773716072}]","[""4d"", ""Kc""]","[""Js"", ""Qd"", ""6d""]","[{""name"": ""fold"", ""kind"": ""fold"", ""raiseTo"": null}, {""name"": ""call"", ""kind"": ""call"", ""raiseTo"": null}, {""name"": ""min"", ""kind"": ""raise"", ""raiseTo"": 200}, {""name"": ""pot"", ""kind"": ""raise"", ""raiseTo"": 700}]","[""Fold"", ""Call 1 BB"", ""Min · 2 BB"", ""Pot · 7 BB""]",Call 1 BB,call,,1790773722341,True,True,True,1790773722661,1790773716072,6269,320,,False,False
PlMiosUXOX3jddmqtCqgK3g7,kUULtz4l-WsRKaqys5TKevkI,128,4,turn,4,1,"[{""type"": ""luna_attempt"", ""handOrdinal"": 128, ""decisionOrdinal"": 4, ""street"": ""turn"", ""visibleLegalButtonLabels"": [""check"", ""Min · 1 BB"", ""Pot · 6 BB""], ""attemptedButtonLabel"": ""check"", ""attemptedAtMs"": 1790773727641, ""lastRenderedAtMs"": 1790773722747}]","[""4d"", ""Kc""]","[""Js"", ""Qd"", ""6d"", ""7c""]","[{""name"": ""check"", ""kind"": ""check"", ""raiseTo"": null}, {""name"": ""min"", ""kind"": ""raise"", ""raiseTo"": 100}, {""name"": ""pot"", ""kind"": ""raise"", ""raiseTo"": 600}]","[""check"", ""Min · 1 BB"", ""Pot · 6 BB""]",check,check,,1790773727641,True,True,True,1790773728025,1790773722747,4894,384,,False,False
PlMiosUXOX3jddmqtCqgK3g7,kUULtz4l-WsRKaqys5TKevkI,128,5,river,5,1,"[{""type"": ""luna_attempt"", ""handOrdinal"": 128, ""decisionOrdinal"": 5, ""street"": ""river"", ""visibleLegalButtonLabels"": [""check"", ""Min · 1 BB"", ""Pot · 6 BB""], ""attemptedButtonLabel"": ""check"", ""attemptedAtMs"": 1790773737642, ""lastRenderedAtMs"": 1790773732916}]","[""4d"", ""Kc""]","[""Js"", ""Qd"", ""6d"", ""7c"", ""9d""]","[{""name"": ""check"", ""kind"": ""check"", ""raiseTo"": null}, {""name"": ""min"", ""kind"": ""raise"", ""raiseTo"": 100}, {""name"": ""pot"", ""kind"": ""raise"", ""raiseTo"": 600}]","[""check"", ""Min · 1 BB"", ""Pot · 6 BB""]",check,check,,1790773737642,True,True,True,1790773737984,1790773732916,4726,342,,False,False
PlMiosUXOX3jddmqtCqgK3g7,F3jY7hFXQtSjdcsHmVb5cSd0,129,1,preflop,1,1,"[{""type"": ""luna_attempt"", ""handOrdinal"": 129, ""decisionOrdinal"": 1, ""street"": ""pre-flop"", ""visibleLegalButtonLabels"": [""Fold"", ""Call 0.50 BB"", ""Min · 2 BB"", ""Pot · 3 BB""], ""attemptedButtonLabel"": ""Min · 2 BB"", ""attemptedAtMs"": 1790773750492, ""lastRenderedAtMs"": 1790773744338}]","[""3d"", ""As""]",[],"[{""name"": ""fold"", ""kind"": ""fold"", ""raiseTo"": null}, {""name"": ""call"", ""kind"": ""call"", ""raiseTo"": null}, {""name"": ""min"", ""kind"": ""raise"", ""raiseTo"": 200}, {""name"": ""pot"", ""kind"": ""raise"", ""raiseTo"": 300}]","[""Fold"", ""Call 0.50 BB"", ""Min · 2 BB"", ""Pot · 3 BB""]",Min · 2 BB,raise,200,1790773750492,True,True,True,1790773750726,1790773744338,6154,234,,False,False
PlMiosUXOX3jddmqtCqgK3g7,oreOnSvS60RLN-SMSUs30fM0,130,1,preflop,1,1,"[{""type"": ""luna_attempt"", ""handOrdinal"": 130, ""decisionOrdinal"": 1, ""street"": ""pre-flop"", ""visibleLegalButtonLabels"": [""check"", ""Min · 2 BB"", ""Pot · 3 BB""], ""attemptedButtonLabel"": ""Min · 2 BB"", ""attemptedAtMs"": 1790773761006, ""lastRenderedAtMs"": 1790773755931}]","[""Qh"", ""5c""]",[],"[{""name"": ""check"", ""kind"": ""check"", ""raiseTo"": null}, {""name"": ""min"", ""kind"": ""raise"", ""raiseTo"": 200}, {""name"": ""pot"", ""kind"": ""raise"", ""raiseTo"": 300}]","[""check"", ""Min · 2 BB"", ""Pot · 3 BB""]",Min · 2 BB,raise,200,1790773761006,True,True,True,1790773761210,1790773755931,5075,204,,False,False
PlMiosUXOX3jddmqtCqgK3g7,oreOnSvS60RLN-SMSUs30fM0,130,2,flop,2,1,"[{""type"": ""luna_attempt"", ""handOrdinal"": 130, ""decisionOrdinal"": 2, ""street"": ""flop"", ""visibleLegalButtonLabels"": [""check"", ""Min · 1 BB"", ""Pot · 4 BB""], ""attemptedButtonLabel"": ""Min · 1 BB"", ""attemptedAtMs"": 1790773770980, ""lastRenderedAtMs"": 1790773761303}]","[""Qh"", ""5c""]","[""6c"", ""Jc"", ""8c""]","[{""name"": ""check"", ""kind"": ""check"", ""raiseTo"": null}, {""name"": ""min"", ""kind"": ""raise"", ""raiseTo"": 100}, {""name"": ""pot"", ""kind"": ""raise"", ""raiseTo"": 400}]","[""check"", ""Min · 1 BB"", ""Pot · 4 BB""]",Min · 1 BB,raise,100,1790773770980,True,True,True,1790773771246,1790773761303,9677,266,,False,False
PlMiosUXOX3jddmqtCqgK3g7,oreOnSvS60RLN-SMSUs30fM0,130,3,flop,3,1,"[{""type"": ""luna_attempt"", ""handOrdinal"": 130, ""decisionOrdinal"": 3, ""street"": ""flop"", ""visibleLegalButtonLabels"": [""Fold"", ""Call 6 BB"", ""Min · 13 BB"", ""Pot · 18 BB""], ""attemptedButtonLabel"": ""Fold"", ""attemptedAtMs"": 1790773780756, ""lastRenderedAtMs"": 1790773771302}]","[""Qh"", ""5c""]","[""6c"", ""Jc"", ""8c""]","[{""name"": ""fold"", ""kind"": ""fold"", ""raiseTo"": null}, {""name"": ""call"", ""kind"": ""call"", ""raiseTo"": null}, {""name"": ""min"", ""kind"": ""raise"", ""raiseTo"": 1300}, {""name"": ""pot"", ""kind"": ""raise"", ""raiseTo"": 1800}]","[""Fold"", ""Call 6 BB"", ""Min · 13 BB"", ""Pot · 18 BB""]",Fold,fold,,1790773780756,True,True,True,1790773781066,1790773771302,9454,310,,False,False
PlMiosUXOX3jddmqtCqgK3g7,KwMmZDZ6gVFMHw9i2avSU0BK,131,1,preflop,1,1,"[{""type"": ""luna_attempt"", ""handOrdinal"": 131, ""decisionOrdinal"": 1, ""street"": ""pre-flop"", ""visibleLegalButtonLabels"": [""Fold"", ""Call 0.50 BB"", ""Min · 2 BB"", ""Pot · 3 BB""], ""attemptedButtonLabel"": ""Min · 2 BB"", ""attemptedAtMs"": 1790773791687, ""lastRenderedAtMs"": 1790773786606}]","[""5h"", ""Jc""]",[],"[{""name"": ""fold"", ""kind"": ""fold"", ""raiseTo"": null}, {""name"": ""call"", ""kind"": ""call"", ""raiseTo"": null}, {""name"": ""min"", ""kind"": ""raise"", ""raiseTo"": 200}, {""name"": ""pot"", ""kind"": ""raise"", ""raiseTo"": 300}]","[""Fold"", ""Call 0.50 BB"", ""Min · 2 BB"", ""Pot · 3 BB""]",Min · 2 BB,raise,200,1790773791687,True,True,True,1790773792098,1790773786606,5081,411,,False,False
PlMiosUXOX3jddmqtCqgK3g7,KwMmZDZ6gVFMHw9i2avSU0BK,131,2,flop,2,1,"[{""type"": ""luna_attempt"", ""handOrdinal"": 131, ""decisionOrdinal"": 2, ""street"": ""flop"", ""visibleLegalButtonLabels"": [""Fold"", ""Call 4 BB"", ""Min · 8 BB"", ""Pot · 16 BB"", ""Jam · 18 BB""], ""attemptedButtonLabel"": ""Fold"", ""attemptedAtMs"": 1790773798494, ""lastRenderedAtMs"": 1790773792173}]","[""5h"", ""Jc""]","[""2c"", ""9h"", ""3h""]","[{""name"": ""fold"", ""kind"": ""fold"", ""raiseTo"": null}, {""name"": ""call"", ""kind"": ""call"", ""raiseTo"": null}, {""name"": ""min"", ""kind"": ""raise"", ""raiseTo"": 800}, {""name"": ""pot"", ""kind"": ""raise"", ""raiseTo"": 1600}, {""name"": ""jam"", ""kind"": ""raise"", ""raiseTo"": 1800}]","[""Fold"", ""Call 4 BB"", ""Min · 8 BB"", ""Pot · 16 BB"", ""Jam · 18 BB""]",Fold,fold,,1790773798494,True,True,True,1790773798883,1790773792173,6321,389,,False,False
PlMiosUXOX3jddmqtCqgK3g7,DmEOWIaB5A_BnouDABsc8THp,132,1,preflop,1,1,"[{""type"": ""luna_attempt"", ""handOrdinal"": 132, ""decisionOrdinal"": 1, ""street"": ""pre-flop"", ""visibleLegalButtonLabels"": [""check"", ""Min · 2 BB"", ""Pot · 3 BB""], ""attemptedButtonLabel"": ""check"", ""attemptedAtMs"": 1790773810390, ""lastRenderedAtMs"": 1790773805655}]","[""7h"", ""3s""]",[],"[{""name"": ""check"", ""kind"": ""check"", ""raiseTo"": null}, {""name"": ""min"", ""kind"": ""raise"", ""raiseTo"": 200}, {""name"": ""pot"", ""kind"": ""raise"", ""raiseTo"": 300}]","[""check"", ""Min · 2 BB"", ""Pot · 3 BB""]",check,check,,1790773810390,True,True,True,1790773810737,1790773805655,4735,347,,False,False
PlMiosUXOX3jddmqtCqgK3g7,DmEOWIaB5A_BnouDABsc8THp,132,2,flop,2,1,"[{""type"": ""luna_attempt"", ""handOrdinal"": 132, ""decisionOrdinal"": 2, ""street"": ""flop"", ""visibleLegalButtonLabels"": [""check"", ""Min · 1 BB"", ""Pot · 2 BB""], ""attemptedButtonLabel"": ""check"", ""attemptedAtMs"": 1790773815922, ""lastRenderedAtMs"": 1790773810814}]","[""7h"", ""3s""]","[""Qd"", ""9d"", ""Ac""]","[{""name"": ""check"", ""kind"": ""check"", ""raiseTo"": null}, {""name"": ""min"", ""kind"": ""raise"", ""raiseTo"": 100}, {""name"": ""pot"", ""kind"": ""raise"", ""raiseTo"": 200}]","[""check"", ""Min · 1 BB"", ""Pot · 2 BB""]",check,check,,1790773815922,True,True,True,1790773816192,1790773810814,5108,270,,False,False
PlMiosUXOX3jddmqtCqgK3g7,DmEOWIaB5A_BnouDABsc8THp,132,3,flop,3,1,"[{""type"": ""luna_attempt"", ""handOrdinal"": 132, ""decisionOrdinal"": 3, ""street"": ""flop"", ""visibleLegalButtonLabels"": [""Fold"", ""Call 1 BB"", ""Min · 2 BB"", ""Pot · 5 BB""], ""attemptedButtonLabel"": ""Fold"", ""attemptedAtMs"": 1790773821359, ""lastRenderedAtMs"": 1790773816274}]","[""7h"", ""3s""]","[""Qd"", ""9d"", ""Ac""]","[{""name"": ""fold"", ""kind"": ""fold"", ""raiseTo"": null}, {""name"": ""call"", ""kind"": ""call"", ""raiseTo"": null}, {""name"": ""min"", ""kind"": ""raise"", ""raiseTo"": 200}, {""name"": ""pot"", ""kind"": ""raise"", ""raiseTo"": 500}]","[""Fold"", ""Call 1 BB"", ""Min · 2 BB"", ""Pot · 5 BB""]",Fold,fold,,1790773821359,True,True,True,1790773821755,1790773816274,5085,396,,False,False
PlMiosUXOX3jddmqtCqgK3g7,7SY3nOG48M_etWLiXHTJhEuY,133,1,preflop,1,1,"[{""type"": ""luna_attempt"", ""handOrdinal"": 133, ""decisionOrdinal"": 1, ""street"": ""pre-flop"", ""visibleLegalButtonLabels"": [""Fold"", ""Call 0.50 BB"", ""Min · 2 BB"", ""Pot · 3 BB""], ""attemptedButtonLabel"": ""Min · 2 BB"", ""attemptedAtMs"": 1790773833641, ""lastRenderedAtMs"": 1790773828409}]","[""Jd"", ""Kh""]",[],"[{""name"": ""fold"", ""kind"": ""fold"", ""raiseTo"": null}, {""name"": ""call"", ""kind"": ""call"", ""raiseTo"": null}, {""name"": ""min"", ""kind"": ""raise"", ""raiseTo"": 200}, {""name"": ""pot"", ""kind"": ""raise"", ""raiseTo"": 300}]","[""Fold"", ""Call 0.50 BB"", ""Min · 2 BB"", ""Pot · 3 BB""]",Min · 2 BB,raise,200,1790773833641,True,True,True,1790773833995,1790773828409,5232,354,,False,False
PlMiosUXOX3jddmqtCqgK3g7,7SY3nOG48M_etWLiXHTJhEuY,133,2,preflop,2,1,"[{""type"": ""luna_attempt"", ""handOrdinal"": 133, ""decisionOrdinal"": 2, ""street"": ""pre-flop"", ""visibleLegalButtonLabels"": [""Fold"", ""Call 1 BB"", ""Min · 4 BB"", ""Pot · 9 BB""], ""attemptedButtonLabel"": ""Call 1 BB"", ""attemptedAtMs"": 1790773839222, ""lastRenderedAtMs"": 1790773834071}]","[""Jd"", ""Kh""]",[],"[{""name"": ""fold"", ""kind"": ""fold"", ""raiseTo"": null}, {""name"": ""call"", ""kind"": ""call"", ""raiseTo"": null}, {""name"": ""min"", ""kind"": ""raise"", ""raiseTo"": 400}, {""name"": ""pot"", ""kind"": ""raise"", ""raiseTo"": 900}]","[""Fold"", ""Call 1 BB"", ""Min · 4 BB"", ""Pot · 9 BB""]",Call 1 BB,call,,1790773839222,True,True,True,1790773839460,1790773834071,5151,238,,False,False
PlMiosUXOX3jddmqtCqgK3g7,7SY3nOG48M_etWLiXHTJhEuY,133,3,flop,3,1,"[{""type"": ""luna_attempt"", ""handOrdinal"": 133, ""decisionOrdinal"": 3, ""street"": ""flop"", ""visibleLegalButtonLabels"": [""Fold"", ""Call 6 BB"", ""Min · 12 BB"", ""Pot · 17 BB""], ""attemptedButtonLabel"": ""Fold"", ""attemptedAtMs"": 1790773848176, ""lastRenderedAtMs"": 1790773839534}]","[""Jd"", ""Kh""]","[""8h"", ""Qh"", ""8c""]","[{""name"": ""fold"", ""kind"": ""fold"", ""raiseTo"": null}, {""name"": ""call"", ""kind"": ""call"", ""raiseTo"": null}, {""name"": ""min"", ""kind"": ""raise"", ""raiseTo"": 1200}, {""name"": ""pot"", ""kind"": ""raise"", ""raiseTo"": 1700}]","[""Fold"", ""Call 6 BB"", ""Min · 12 BB"", ""Pot · 17 BB""]",Fold,fold,,1790773848176,True,True,True,1790773848465,1790773839534,8642,289,,False,False
PlMiosUXOX3jddmqtCqgK3g7,DR-0WTU_HrzEcjk9rB9ymmid,134,1,preflop,1,1,"[{""type"": ""luna_attempt"", ""handOrdinal"": 134, ""decisionOrdinal"": 1, ""street"": ""pre-flop"", ""visibleLegalButtonLabels"": [""Fold"", ""Call 1 BB"", ""Min · 3 BB"", ""Pot · 6 BB""], ""attemptedButtonLabel"": ""Call 1 BB"", ""attemptedAtMs"": 1790773860347, ""lastRenderedAtMs"": 1790773854312}]","[""Jc"", ""Th""]",[],"[{""name"": ""fold"", ""kind"": ""fold"", ""raiseTo"": null}, {""name"": ""call"", ""kind"": ""call"", ""raiseTo"": null}, {""name"": ""min"", ""kind"": ""raise"", ""raiseTo"": 300}, {""name"": ""pot"", ""kind"": ""raise"", ""raiseTo"": 600}]","[""Fold"", ""Call 1 BB"", ""Min · 3 BB"", ""Pot · 6 BB""]",Call 1 BB,call,,1790773860347,True,True,True,1790773860712,1790773854312,6035,365,,False,False
PlMiosUXOX3jddmqtCqgK3g7,DR-0WTU_HrzEcjk9rB9ymmid,134,2,flop,2,1,"[{""type"": ""luna_attempt"", ""handOrdinal"": 134, ""decisionOrdinal"": 2, ""street"": ""flop"", ""visibleLegalButtonLabels"": [""check"", ""Min · 1 BB"", ""Pot · 4 BB""], ""attemptedButtonLabel"": ""check"", ""attemptedAtMs"": 1790773866079, ""lastRenderedAtMs"": 1790773860800}]","[""Jc"", ""Th""]","[""Td"", ""Tc"", ""7d""]","[{""name"": ""check"", ""kind"": ""check"", ""raiseTo"": null}, {""name"": ""min"", ""kind"": ""raise"", ""raiseTo"": 100}, {""name"": ""pot"", ""kind"": ""raise"", ""raiseTo"": 400}]","[""check"", ""Min · 1 BB"", ""Pot · 4 BB""]",check,check,,1790773866079,True,True,True,1790773866436,1790773860800,5279,357,,False,False
PlMiosUXOX3jddmqtCqgK3g7,DR-0WTU_HrzEcjk9rB9ymmid,134,3,turn,3,1,"[{""type"": ""luna_attempt"", ""handOrdinal"": 134, ""decisionOrdinal"": 3, ""street"": ""turn"", ""visibleLegalButtonLabels"": [""check"", ""Min · 1 BB"", ""Pot · 4 BB""], ""attemptedButtonLabel"": ""Pot · 4 BB"", ""attemptedAtMs"": 1790773879801, ""lastRenderedAtMs"": 1790773871338}]","[""Jc"", ""Th""]","[""Td"", ""Tc"", ""7d"", ""4d""]","[{""name"": ""check"", ""kind"": ""check"", ""raiseTo"": null}, {""name"": ""min"", ""kind"": ""raise"", ""raiseTo"": 100}, {""name"": ""pot"", ""kind"": ""raise"", ""raiseTo"": 400}]","[""check"", ""Min · 1 BB"", ""Pot · 4 BB""]",Pot · 4 BB,raise,400,1790773879801,True,True,True,1790773880015,1790773871338,8463,214,,False,False
PlMiosUXOX3jddmqtCqgK3g7,DR-0WTU_HrzEcjk9rB9ymmid,134,4,turn,4,1,"[{""type"": ""luna_attempt"", ""handOrdinal"": 134, ""decisionOrdinal"": 4, ""street"": ""turn"", ""visibleLegalButtonLabels"": [""Fold"", ""Call 12 BB"", ""Min · 18 BB""], ""attemptedButtonLabel"": ""Call 12 BB"", ""attemptedAtMs"": 1790773899060, ""lastRenderedAtMs"": 1790773880095}]","[""Jc"", ""Th""]","[""Td"", ""Tc"", ""7d"", ""4d""]","[{""name"": ""fold"", ""kind"": ""fold"", ""raiseTo"": null}, {""name"": ""call"", ""kind"": ""call"", ""raiseTo"": null}, {""name"": ""min"", ""kind"": ""raise"", ""raiseTo"": 1800}]","[""Fold"", ""Call 12 BB"", ""Min · 18 BB""]",Call 12 BB,call,,1790773899060,True,True,True,1790773899268,1790773880095,18965,208,,False,False
PlMiosUXOX3jddmqtCqgK3g7,DR-0WTU_HrzEcjk9rB9ymmid,134,5,river,5,1,"[{""type"": ""luna_attempt"", ""handOrdinal"": 134, ""decisionOrdinal"": 5, ""street"": ""river"", ""visibleLegalButtonLabels"": [""check"", ""Min · 1 BB"", ""Pot · 2 BB""], ""attemptedButtonLabel"": ""Pot · 2 BB"", ""attemptedAtMs"": 1790773914498, ""lastRenderedAtMs"": 1790773908300}]","[""Jc"", ""Th""]","[""Td"", ""Tc"", ""7d"", ""4d"", ""3h""]","[{""name"": ""check"", ""kind"": ""check"", ""raiseTo"": null}, {""name"": ""min"", ""kind"": ""raise"", ""raiseTo"": 100}, {""name"": ""pot"", ""kind"": ""raise"", ""raiseTo"": 200}]","[""check"", ""Min · 1 BB"", ""Pot · 2 BB""]",Pot · 2 BB,raise,200,1790773914498,True,True,True,1790773914721,1790773908300,6198,223,,False,False
PlMiosUXOX3jddmqtCqgK3g7,Rgu_3aDHhZRGrALT1HXNdYJZ,135,1,preflop,1,1,"[{""type"": ""luna_attempt"", ""handOrdinal"": 135, ""decisionOrdinal"": 1, ""street"": ""pre-flop"", ""visibleLegalButtonLabels"": [""Fold"", ""Call 0.50 BB"", ""Min · 2 BB"", ""Pot · 3 BB""], ""attemptedButtonLabel"": ""Min · 2 BB"", ""attemptedAtMs"": 1790773928278, ""lastRenderedAtMs"": 1790773922173}]","[""4d"", ""Jd""]",[],"[{""name"": ""fold"", ""kind"": ""fold"", ""raiseTo"": null}, {""name"": ""call"", ""kind"": ""call"", ""raiseTo"": null}, {""name"": ""min"", ""kind"": ""raise"", ""raiseTo"": 200}, {""name"": ""pot"", ""kind"": ""raise"", ""raiseTo"": 300}]","[""Fold"", ""Call 0.50 BB"", ""Min · 2 BB"", ""Pot · 3 BB""]",Min · 2 BB,raise,200,1790773928278,True,True,True,1790773928503,1790773922173,6105,225,,False,False
PlMiosUXOX3jddmqtCqgK3g7,Rgu_3aDHhZRGrALT1HXNdYJZ,135,2,flop,2,1,"[{""type"": ""luna_attempt"", ""handOrdinal"": 135, ""decisionOrdinal"": 2, ""street"": ""flop"", ""visibleLegalButtonLabels"": [""Fold"", ""Call 4 BB"", ""Min · 8 BB"", ""Pot · 16 BB"", ""Jam · 18 BB""], ""attemptedButtonLabel"": ""Fold"", ""attemptedAtMs"": 1790773934361, ""lastRenderedAtMs"": 1790773928560}]","[""4d"", ""Jd""]","[""6c"", ""2h"", ""Tc""]","[{""name"": ""fold"", ""kind"": ""fold"", ""raiseTo"": null}, {""name"": ""call"", ""kind"": ""call"", ""raiseTo"": null}, {""name"": ""min"", ""kind"": ""raise"", ""raiseTo"": 800}, {""name"": ""pot"", ""kind"": ""raise"", ""raiseTo"": 1600}, {""name"": ""jam"", ""kind"": ""raise"", ""raiseTo"": 1800}]","[""Fold"", ""Call 4 BB"", ""Min · 8 BB"", ""Pot · 16 BB"", ""Jam · 18 BB""]",Fold,fold,,1790773934361,True,True,True,1790773934603,1790773928560,5801,242,,False,False
PlMiosUXOX3jddmqtCqgK3g7,izkleKysIWaGRZE6aeVwxQWb,136,1,preflop,1,1,"[{""type"": ""luna_attempt"", ""handOrdinal"": 136, ""decisionOrdinal"": 1, ""street"": ""pre-flop"", ""visibleLegalButtonLabels"": [""Fold"", ""Call 2 BB"", ""Min · 5 BB"", ""Pot · 9 BB""], ""attemptedButtonLabel"": ""Call 2 BB"", ""attemptedAtMs"": 1790773946832, ""lastRenderedAtMs"": 1790773941053}]","[""7d"", ""8s""]",[],"[{""name"": ""fold"", ""kind"": ""fold"", ""raiseTo"": null}, {""name"": ""call"", ""kind"": ""call"", ""raiseTo"": null}, {""name"": ""min"", ""kind"": ""raise"", ""raiseTo"": 500}, {""name"": ""pot"", ""kind"": ""raise"", ""raiseTo"": 900}]","[""Fold"", ""Call 2 BB"", ""Min · 5 BB"", ""Pot · 9 BB""]",Call 2 BB,call,,1790773946832,True,True,True,1790773947017,1790773941053,5779,185,,False,False
PlMiosUXOX3jddmqtCqgK3g7,izkleKysIWaGRZE6aeVwxQWb,136,2,flop,2,1,"[{""type"": ""luna_attempt"", ""handOrdinal"": 136, ""decisionOrdinal"": 2, ""street"": ""flop"", ""visibleLegalButtonLabels"": [""check"", ""Min · 1 BB"", ""Pot · 6 BB""], ""attemptedButtonLabel"": ""check"", ""attemptedAtMs"": 1790773952516, ""lastRenderedAtMs"": 1790773947088}]","[""7d"", ""8s""]","[""7h"", ""7c"", ""4d""]","[{""name"": ""check"", ""kind"": ""check"", ""raiseTo"": null}, {""name"": ""min"", ""kind"": ""raise"", ""raiseTo"": 100}, {""name"": ""pot"", ""kind"": ""raise"", ""raiseTo"": 600}]","[""check"", ""Min · 1 BB"", ""Pot · 6 BB""]",check,check,,1790773952516,True,True,True,1790773952731,1790773947088,5428,215,,False,False
PlMiosUXOX3jddmqtCqgK3g7,izkleKysIWaGRZE6aeVwxQWb,136,3,flop,3,1,"[{""type"": ""luna_attempt"", ""handOrdinal"": 136, ""decisionOrdinal"": 3, ""street"": ""flop"", ""visibleLegalButtonLabels"": [""Fold"", ""Call 1 BB"", ""Min · 2 BB"", ""Pot · 9 BB"", ""Jam · 17 BB""], ""attemptedButtonLabel"": ""Call 1 BB"", ""attemptedAtMs"": 1790773959238, ""lastRenderedAtMs"": 1790773952804}]","[""7d"", ""8s""]","[""7h"", ""7c"", ""4d""]","[{""name"": ""fold"", ""kind"": ""fold"", ""raiseTo"": null}, {""name"": ""call"", ""kind"": ""call"", ""raiseTo"": null}, {""name"": ""min"", ""kind"": ""raise"", ""raiseTo"": 200}, {""name"": ""pot"", ""kind"": ""raise"", ""raiseTo"": 900}, {""name"": ""jam"", ""kind"": ""raise"", ""raiseTo"": 1700}]","[""Fold"", ""Call 1 BB"", ""Min · 2 BB"", ""Pot · 9 BB"", ""Jam · 17 BB""]",Call 1 BB,call,,1790773959238,True,True,True,1790773959437,1790773952804,6434,199,,False,False
PlMiosUXOX3jddmqtCqgK3g7,izkleKysIWaGRZE6aeVwxQWb,136,4,turn,4,1,"[{""type"": ""luna_attempt"", ""handOrdinal"": 136, ""decisionOrdinal"": 4, ""street"": ""turn"", ""visibleLegalButtonLabels"": [""check"", ""Min · 1 BB"", ""Pot · 8 BB"", ""Jam · 16 BB""], ""attemptedButtonLabel"": ""check"", ""attemptedAtMs"": 1790773966446, ""lastRenderedAtMs"": 1790773959483}]","[""7d"", ""8s""]","[""7h"", ""7c"", ""4d"", ""8c""]","[{""name"": ""check"", ""kind"": ""check"", ""raiseTo"": null}, {""name"": ""min"", ""kind"": ""raise"", ""raiseTo"": 100}, {""name"": ""pot"", ""kind"": ""raise"", ""raiseTo"": 800}, {""name"": ""jam"", ""kind"": ""raise"", ""raiseTo"": 1600}]","[""check"", ""Min · 1 BB"", ""Pot · 8 BB"", ""Jam · 16 BB""]",check,check,,1790773966446,True,True,True,1790773966654,1790773959483,6963,208,,False,False
PlMiosUXOX3jddmqtCqgK3g7,izkleKysIWaGRZE6aeVwxQWb,136,5,turn,5,1,"[{""type"": ""luna_attempt"", ""handOrdinal"": 136, ""decisionOrdinal"": 5, ""street"": ""turn"", ""visibleLegalButtonLabels"": [""Fold"", ""Call 1 BB"", ""Min · 2 BB"", ""Pot · 11 BB"", ""Jam · 16 BB""], ""attemptedButtonLabel"": ""Call 1 BB"", ""attemptedAtMs"": 1790773972349, ""lastRenderedAtMs"": 1790773966717}]","[""7d"", ""8s""]","[""7h"", ""7c"", ""4d"", ""8c""]","[{""name"": ""fold"", ""kind"": ""fold"", ""raiseTo"": null}, {""name"": ""call"", ""kind"": ""call"", ""raiseTo"": null}, {""name"": ""min"", ""kind"": ""raise"", ""raiseTo"": 200}, {""name"": ""pot"", ""kind"": ""raise"", ""raiseTo"": 1100}, {""name"": ""jam"", ""kind"": ""raise"", ""raiseTo"": 1600}]","[""Fold"", ""Call 1 BB"", ""Min · 2 BB"", ""Pot · 11 BB"", ""Jam · 16 BB""]",Call 1 BB,call,,1790773972349,True,True,True,1790773972576,1790773966717,5632,227,,False,False
PlMiosUXOX3jddmqtCqgK3g7,izkleKysIWaGRZE6aeVwxQWb,136,6,river,6,1,"[{""type"": ""luna_attempt"", ""handOrdinal"": 136, ""decisionOrdinal"": 6, ""street"": ""river"", ""visibleLegalButtonLabels"": [""check"", ""Min · 1 BB"", ""Pot · 10 BB"", ""Jam · 15 BB""], ""attemptedButtonLabel"": ""Min · 1 BB"", ""attemptedAtMs"": 1790773984630, ""lastRenderedAtMs"": 1790773978819}]","[""7d"", ""8s""]","[""7h"", ""7c"", ""4d"", ""8c"", ""Ks""]","[{""name"": ""check"", ""kind"": ""check"", ""raiseTo"": null}, {""name"": ""min"", ""kind"": ""raise"", ""raiseTo"": 100}, {""name"": ""pot"", ""kind"": ""raise"", ""raiseTo"": 1000}, {""name"": ""jam"", ""kind"": ""raise"", ""raiseTo"": 1500}]","[""check"", ""Min · 1 BB"", ""Pot · 10 BB"", ""Jam · 15 BB""]",Min · 1 BB,raise,100,1790773984630,True,True,True,1790773984859,1790773978819,5811,229,,False,False
PlMiosUXOX3jddmqtCqgK3g7,izkleKysIWaGRZE6aeVwxQWb,136,7,river,7,1,"[{""type"": ""luna_attempt"", ""handOrdinal"": 136, ""decisionOrdinal"": 7, ""street"": ""river"", ""visibleLegalButtonLabels"": [""Fold"", ""Call 12 BB"", ""Min · 15 BB""], ""attemptedButtonLabel"": ""Call 12 BB"", ""attemptedAtMs"": 1790773999448, ""lastRenderedAtMs"": 1790773984902}]","[""7d"", ""8s""]","[""7h"", ""7c"", ""4d"", ""8c"", ""Ks""]","[{""name"": ""fold"", ""kind"": ""fold"", ""raiseTo"": null}, {""name"": ""call"", ""kind"": ""call"", ""raiseTo"": null}, {""name"": ""min"", ""kind"": ""raise"", ""raiseTo"": 1500}]","[""Fold"", ""Call 12 BB"", ""Min · 15 BB""]",Call 12 BB,call,,1790773999448,True,True,True,1790773999688,1790773984902,14546,240,,False,False
PlMiosUXOX3jddmqtCqgK3g7,eK887Gz-FanpNn6t66fmiBPX,137,1,preflop,1,1,"[{""type"": ""luna_attempt"", ""handOrdinal"": 137, ""decisionOrdinal"": 1, ""street"": ""pre-flop"", ""visibleLegalButtonLabels"": [""Fold"", ""Call 0.50 BB"", ""Min · 2 BB"", ""Pot · 3 BB""], ""attemptedButtonLabel"": ""Min · 2 BB"", ""attemptedAtMs"": 1790774011020, ""lastRenderedAtMs"": 1790774005840}]","[""Kd"", ""Tc""]",[],"[{""name"": ""fold"", ""kind"": ""fold"", ""raiseTo"": null}, {""name"": ""call"", ""kind"": ""call"", ""raiseTo"": null}, {""name"": ""min"", ""kind"": ""raise"", ""raiseTo"": 200}, {""name"": ""pot"", ""kind"": ""raise"", ""raiseTo"": 300}]","[""Fold"", ""Call 0.50 BB"", ""Min · 2 BB"", ""Pot · 3 BB""]",Min · 2 BB,raise,200,1790774011020,True,True,True,1790774011394,1790774005840,5180,374,,False,False
PlMiosUXOX3jddmqtCqgK3g7,eK887Gz-FanpNn6t66fmiBPX,137,2,preflop,2,1,"[{""type"": ""luna_attempt"", ""handOrdinal"": 137, ""decisionOrdinal"": 2, ""street"": ""pre-flop"", ""visibleLegalButtonLabels"": [""Fold"", ""Call 1 BB"", ""Min · 4 BB"", ""Pot · 9 BB""], ""attemptedButtonLabel"": ""Call 1 BB"", ""attemptedAtMs"": 1790774018075, ""lastRenderedAtMs"": 1790774011472}]","[""Kd"", ""Tc""]",[],"[{""name"": ""fold"", ""kind"": ""fold"", ""raiseTo"": null}, {""name"": ""call"", ""kind"": ""call"", ""raiseTo"": null}, {""name"": ""min"", ""kind"": ""raise"", ""raiseTo"": 400}, {""name"": ""pot"", ""kind"": ""raise"", ""raiseTo"": 900}]","[""Fold"", ""Call 1 BB"", ""Min · 4 BB"", ""Pot · 9 BB""]",Call 1 BB,call,,1790774018075,True,True,True,1790774018313,1790774011472,6603,238,,False,False
PlMiosUXOX3jddmqtCqgK3g7,eK887Gz-FanpNn6t66fmiBPX,137,3,flop,3,1,"[{""type"": ""luna_attempt"", ""handOrdinal"": 137, ""decisionOrdinal"": 3, ""street"": ""flop"", ""visibleLegalButtonLabels"": [""Fold"", ""Call 1 BB"", ""Min · 2 BB"", ""Pot · 9 BB"", ""Jam · 17 BB""], ""attemptedButtonLabel"": ""Call 1 BB"", ""attemptedAtMs"": 1790774027916, ""lastRenderedAtMs"": 1790774022218}]","[""Kd"", ""Tc""]","[""8c"", ""Kh"", ""Kc""]","[{""name"": ""fold"", ""kind"": ""fold"", ""raiseTo"": null}, {""name"": ""call"", ""kind"": ""call"", ""raiseTo"": null}, {""name"": ""min"", ""kind"": ""raise"", ""raiseTo"": 200}, {""name"": ""pot"", ""kind"": ""raise"", ""raiseTo"": 900}, {""name"": ""jam"", ""kind"": ""raise"", ""raiseTo"": 1700}]","[""Fold"", ""Call 1 BB"", ""Min · 2 BB"", ""Pot · 9 BB"", ""Jam · 17 BB""]",Call 1 BB,call,,1790774027916,True,True,True,1790774028168,1790774022218,5698,252,,False,False
PlMiosUXOX3jddmqtCqgK3g7,eK887Gz-FanpNn6t66fmiBPX,137,4,turn,4,1,"[{""type"": ""luna_attempt"", ""handOrdinal"": 137, ""decisionOrdinal"": 4, ""street"": ""turn"", ""visibleLegalButtonLabels"": [""Fold"", ""Call 16 BB""], ""attemptedButtonLabel"": ""Call 16 BB"", ""attemptedAtMs"": 1790774038791, ""lastRenderedAtMs"": 1790774028239}]","[""Kd"", ""Tc""]","[""8c"", ""Kh"", ""Kc"", ""9d""]","[{""name"": ""fold"", ""kind"": ""fold"", ""raiseTo"": null}, {""name"": ""call"", ""kind"": ""call"", ""raiseTo"": null}]","[""Fold"", ""Call 16 BB""]",Call 16 BB,call,,1790774038791,True,True,True,1790774039031,1790774028239,10552,240,,False,False
PlMiosUXOX3jddmqtCqgK3g7,D1Glf96hV4Uw-USWU4vT5W-C,138,1,preflop,1,1,"[{""type"": ""luna_attempt"", ""handOrdinal"": 138, ""decisionOrdinal"": 1, ""street"": ""pre-flop"", ""visibleLegalButtonLabels"": [""Fold"", ""Call 1 BB"", ""Min · 3 BB"", ""Pot · 6 BB""], ""attemptedButtonLabel"": ""Call 1 BB"", ""attemptedAtMs"": 1790774050413, ""lastRenderedAtMs"": 1790774045051}]","[""4s"", ""Td""]",[],"[{""name"": ""fold"", ""kind"": ""fold"", ""raiseTo"": null}, {""name"": ""call"", ""kind"": ""call"", ""raiseTo"": null}, {""name"": ""min"", ""kind"": ""raise"", ""raiseTo"": 300}, {""name"": ""pot"", ""kind"": ""raise"", ""raiseTo"": 600}]","[""Fold"", ""Call 1 BB"", ""Min · 3 BB"", ""Pot · 6 BB""]",Call 1 BB,call,,1790774050413,True,True,True,1790774050614,1790774045051,5362,201,,False,False
PlMiosUXOX3jddmqtCqgK3g7,D1Glf96hV4Uw-USWU4vT5W-C,138,2,flop,2,1,"[{""type"": ""luna_attempt"", ""handOrdinal"": 138, ""decisionOrdinal"": 2, ""street"": ""flop"", ""visibleLegalButtonLabels"": [""check"", ""Min · 1 BB"", ""Pot · 4 BB""], ""attemptedButtonLabel"": ""check"", ""attemptedAtMs"": 1790774055886, ""lastRenderedAtMs"": 1790774050681}]","[""4s"", ""Td""]","[""6c"", ""8c"", ""2c""]","[{""name"": ""check"", ""kind"": ""check"", ""raiseTo"": null}, {""name"": ""min"", ""kind"": ""raise"", ""raiseTo"": 100}, {""name"": ""pot"", ""kind"": ""raise"", ""raiseTo"": 400}]","[""check"", ""Min · 1 BB"", ""Pot · 4 BB""]",check,check,,1790774055886,True,True,True,1790774056107,1790774050681,5205,221,,False,False
PlMiosUXOX3jddmqtCqgK3g7,D1Glf96hV4Uw-USWU4vT5W-C,138,3,turn,3,1,"[{""type"": ""luna_attempt"", ""handOrdinal"": 138, ""decisionOrdinal"": 3, ""street"": ""turn"", ""visibleLegalButtonLabels"": [""check"", ""Min · 1 BB"", ""Pot · 4 BB""], ""attemptedButtonLabel"": ""check"", ""attemptedAtMs"": 1790774066749, ""lastRenderedAtMs"": 1790774061200}]","[""4s"", ""Td""]","[""6c"", ""8c"", ""2c"", ""2d""]","[{""name"": ""check"", ""kind"": ""check"", ""raiseTo"": null}, {""name"": ""min"", ""kind"": ""raise"", ""raiseTo"": 100}, {""name"": ""pot"", ""kind"": ""raise"", ""raiseTo"": 400}]","[""check"", ""Min · 1 BB"", ""Pot · 4 BB""]",check,check,,1790774066749,True,True,True,1790774066947,1790774061200,5549,198,,False,False
PlMiosUXOX3jddmqtCqgK3g7,D1Glf96hV4Uw-USWU4vT5W-C,138,4,turn,4,1,"[{""type"": ""luna_attempt"", ""handOrdinal"": 138, ""decisionOrdinal"": 4, ""street"": ""turn"", ""visibleLegalButtonLabels"": [""Fold"", ""Call 4 BB"", ""Min · 8 BB"", ""Pot · 16 BB"", ""Jam · 18 BB""], ""attemptedButtonLabel"": ""Fold"", ""attemptedAtMs"": 1790774072399, ""lastRenderedAtMs"": 1790774067021}]","[""4s"", ""Td""]","[""6c"", ""8c"", ""2c"", ""2d""]","[{""name"": ""fold"", ""kind"": ""fold"", ""raiseTo"": null}, {""name"": ""call"", ""kind"": ""call"", ""raiseTo"": null}, {""name"": ""min"", ""kind"": ""raise"", ""raiseTo"": 800}, {""name"": ""pot"", ""kind"": ""raise"", ""raiseTo"": 1600}, {""name"": ""jam"", ""kind"": ""raise"", ""raiseTo"": 1800}]","[""Fold"", ""Call 4 BB"", ""Min · 8 BB"", ""Pot · 16 BB"", ""Jam · 18 BB""]",Fold,fold,,1790774072399,True,True,True,1790774072617,1790774067021,5378,218,,False,False
PlMiosUXOX3jddmqtCqgK3g7,bDxJeE-PrByX6-_j5TgryKpX,139,1,preflop,1,1,"[{""type"": ""luna_attempt"", ""handOrdinal"": 139, ""decisionOrdinal"": 1, ""street"": ""pre-flop"", ""visibleLegalButtonLabels"": [""Fold"", ""Call 0.50 BB"", ""Min · 2 BB"", ""Pot · 3 BB""], ""attemptedButtonLabel"": ""Call 0.50 BB"", ""attemptedAtMs"": 1790774085235, ""lastRenderedAtMs"": 1790774079822}]","[""4h"", ""5d""]",[],"[{""name"": ""fold"", ""kind"": ""fold"", ""raiseTo"": null}, {""name"": ""call"", ""kind"": ""call"", ""raiseTo"": null}, {""name"": ""min"", ""kind"": ""raise"", ""raiseTo"": 200}, {""name"": ""pot"", ""kind"": ""raise"", ""raiseTo"": 300}]","[""Fold"", ""Call 0.50 BB"", ""Min · 2 BB"", ""Pot · 3 BB""]",Call 0.50 BB,call,,1790774085235,True,True,True,1790774085479,1790774079822,5413,244,,False,False
PlMiosUXOX3jddmqtCqgK3g7,bDxJeE-PrByX6-_j5TgryKpX,139,2,preflop,2,1,"[{""type"": ""luna_attempt"", ""handOrdinal"": 139, ""decisionOrdinal"": 2, ""street"": ""pre-flop"", ""visibleLegalButtonLabels"": [""Fold"", ""Call 2 BB"", ""Min · 5 BB"", ""Pot · 9 BB""], ""attemptedButtonLabel"": ""Fold"", ""attemptedAtMs"": 1790774090663, ""lastRenderedAtMs"": 1790774085538}]","[""4h"", ""5d""]",[],"[{""name"": ""fold"", ""kind"": ""fold"", ""raiseTo"": null}, {""name"": ""call"", ""kind"": ""call"", ""raiseTo"": null}, {""name"": ""min"", ""kind"": ""raise"", ""raiseTo"": 500}, {""name"": ""pot"", ""kind"": ""raise"", ""raiseTo"": 900}]","[""Fold"", ""Call 2 BB"", ""Min · 5 BB"", ""Pot · 9 BB""]",Fold,fold,,1790774090663,True,True,True,1790774090901,1790774085538,5125,238,,False,False
PlMiosUXOX3jddmqtCqgK3g7,bLmKUgDuYVnOR2PabpkMreCu,140,1,preflop,1,1,"[{""type"": ""luna_attempt"", ""handOrdinal"": 140, ""decisionOrdinal"": 1, ""street"": ""pre-flop"", ""visibleLegalButtonLabels"": [""check"", ""Min · 2 BB"", ""Pot · 3 BB""], ""attemptedButtonLabel"": ""check"", ""attemptedAtMs"": 1790774103205, ""lastRenderedAtMs"": 1790774096546}]","[""7d"", ""5h""]",[],"[{""name"": ""check"", ""kind"": ""check"", ""raiseTo"": null}, {""name"": ""min"", ""kind"": ""raise"", ""raiseTo"": 200}, {""name"": ""pot"", ""kind"": ""raise"", ""raiseTo"": 300}]","[""check"", ""Min · 2 BB"", ""Pot · 3 BB""]",check,check,,1790774103205,True,True,True,1790774103441,1790774096546,6659,236,,False,False
PlMiosUXOX3jddmqtCqgK3g7,bLmKUgDuYVnOR2PabpkMreCu,140,2,flop,2,1,"[{""type"": ""luna_attempt"", ""handOrdinal"": 140, ""decisionOrdinal"": 2, ""street"": ""flop"", ""visibleLegalButtonLabels"": [""check"", ""Min · 1 BB"", ""Pot · 2 BB""], ""attemptedButtonLabel"": ""check"", ""attemptedAtMs"": 1790774108995, ""lastRenderedAtMs"": 1790774103499}]","[""7d"", ""5h""]","[""3d"", ""Ks"", ""Ts""]","[{""name"": ""check"", ""kind"": ""check"", ""raiseTo"": null}, {""name"": ""min"", ""kind"": ""raise"", ""raiseTo"": 100}, {""name"": ""pot"", ""kind"": ""raise"", ""raiseTo"": 200}]","[""check"", ""Min · 1 BB"", ""Pot · 2 BB""]",check,check,,1790774108995,True,True,True,1790774109202,1790774103499,5496,207,,False,False
PlMiosUXOX3jddmqtCqgK3g7,bLmKUgDuYVnOR2PabpkMreCu,140,3,turn,3,1,"[{""type"": ""luna_attempt"", ""handOrdinal"": 140, ""decisionOrdinal"": 3, ""street"": ""turn"", ""visibleLegalButtonLabels"": [""check"", ""Min · 1 BB"", ""Pot · 2 BB""], ""attemptedButtonLabel"": ""check"", ""attemptedAtMs"": 1790774119520, ""lastRenderedAtMs"": 1790774112612}]","[""7d"", ""5h""]","[""3d"", ""Ks"", ""Ts"", ""Ad""]","[{""name"": ""check"", ""kind"": ""check"", ""raiseTo"": null}, {""name"": ""min"", ""kind"": ""raise"", ""raiseTo"": 100}, {""name"": ""pot"", ""kind"": ""raise"", ""raiseTo"": 200}]","[""check"", ""Min · 1 BB"", ""Pot · 2 BB""]",check,check,,1790774119520,True,True,True,1790774119732,1790774112612,6908,212,,False,False
PlMiosUXOX3jddmqtCqgK3g7,bLmKUgDuYVnOR2PabpkMreCu,140,4,turn,4,1,"[{""type"": ""luna_attempt"", ""handOrdinal"": 140, ""decisionOrdinal"": 4, ""street"": ""turn"", ""visibleLegalButtonLabels"": [""Fold"", ""Call 1 BB"", ""Min · 2 BB"", ""Pot · 5 BB""], ""attemptedButtonLabel"": ""Fold"", ""attemptedAtMs"": 1790774125751, ""lastRenderedAtMs"": 1790774119798}]","[""7d"", ""5h""]","[""3d"", ""Ks"", ""Ts"", ""Ad""]","[{""name"": ""fold"", ""kind"": ""fold"", ""raiseTo"": null}, {""name"": ""call"", ""kind"": ""call"", ""raiseTo"": null}, {""name"": ""min"", ""kind"": ""raise"", ""raiseTo"": 200}, {""name"": ""pot"", ""kind"": ""raise"", ""raiseTo"": 500}]","[""Fold"", ""Call 1 BB"", ""Min · 2 BB"", ""Pot · 5 BB""]",Fold,fold,,1790774125751,True,True,True,1790774125961,1790774119798,5953,210,,False,False
PlMiosUXOX3jddmqtCqgK3g7,9OZo15O3d4oM_PbJgA1gpcKx,141,1,preflop,1,1,"[{""type"": ""luna_attempt"", ""handOrdinal"": 141, ""decisionOrdinal"": 1, ""street"": ""pre-flop"", ""visibleLegalButtonLabels"": [""Fold"", ""Call 0.50 BB"", ""Min · 2 BB"", ""Pot · 3 BB""], ""attemptedButtonLabel"": ""Min · 2 BB"", ""attemptedAtMs"": 1790774140478, ""lastRenderedAtMs"": 1790774132821}]","[""9c"", ""5h""]",[],"[{""name"": ""fold"", ""kind"": ""fold"", ""raiseTo"": null}, {""name"": ""call"", ""kind"": ""call"", ""raiseTo"": null}, {""name"": ""min"", ""kind"": ""raise"", ""raiseTo"": 200}, {""name"": ""pot"", ""kind"": ""raise"", ""raiseTo"": 300}]","[""Fold"", ""Call 0.50 BB"", ""Min · 2 BB"", ""Pot · 3 BB""]",Min · 2 BB,raise,200,1790774140478,True,True,True,1790774140750,1790774132821,7657,272,,False,False
PlMiosUXOX3jddmqtCqgK3g7,9OZo15O3d4oM_PbJgA1gpcKx,141,2,flop,2,1,"[{""type"": ""luna_attempt"", ""handOrdinal"": 141, ""decisionOrdinal"": 2, ""street"": ""flop"", ""visibleLegalButtonLabels"": [""check"", ""Min · 1 BB"", ""Pot · 4 BB""], ""attemptedButtonLabel"": ""Min · 1 BB"", ""attemptedAtMs"": 1790774147209, ""lastRenderedAtMs"": 1790774140838}]","[""9c"", ""5h""]","[""Kd"", ""7c"", ""5s""]","[{""name"": ""check"", ""kind"": ""check"", ""raiseTo"": null}, {""name"": ""min"", ""kind"": ""raise"", ""raiseTo"": 100}, {""name"": ""pot"", ""kind"": ""raise"", ""raiseTo"": 400}]","[""check"", ""Min · 1 BB"", ""Pot · 4 BB""]",Min · 1 BB,raise,100,1790774147209,True,True,True,1790774147411,1790774140838,6371,202,,False,False
PlMiosUXOX3jddmqtCqgK3g7,9OZo15O3d4oM_PbJgA1gpcKx,141,3,flop,3,1,"[{""type"": ""luna_attempt"", ""handOrdinal"": 141, ""decisionOrdinal"": 3, ""street"": ""flop"", ""visibleLegalButtonLabels"": [""Fold"", ""Call 1 BB"", ""Min · 3 BB"", ""Pot · 10 BB"", ""Jam · 18 BB""], ""attemptedButtonLabel"": ""Call 1 BB"", ""attemptedAtMs"": 1790774153643, ""lastRenderedAtMs"": 1790774147487}]","[""9c"", ""5h""]","[""Kd"", ""7c"", ""5s""]","[{""name"": ""fold"", ""kind"": ""fold"", ""raiseTo"": null}, {""name"": ""call"", ""kind"": ""call"", ""raiseTo"": null}, {""name"": ""min"", ""kind"": ""raise"", ""raiseTo"": 300}, {""name"": ""pot"", ""kind"": ""raise"", ""raiseTo"": 1000}, {""name"": ""jam"", ""kind"": ""raise"", ""raiseTo"": 1800}]","[""Fold"", ""Call 1 BB"", ""Min · 3 BB"", ""Pot · 10 BB"", ""Jam · 18 BB""]",Call 1 BB,call,,1790774153643,True,True,True,1790774153951,1790774147487,6156,308,,False,False
PlMiosUXOX3jddmqtCqgK3g7,9OZo15O3d4oM_PbJgA1gpcKx,141,4,turn,4,1,"[{""type"": ""luna_attempt"", ""handOrdinal"": 141, ""decisionOrdinal"": 4, ""street"": ""turn"", ""visibleLegalButtonLabels"": [""Fold"", ""Call 1 BB"", ""Min · 2 BB"", ""Pot · 11 BB"", ""Jam · 16 BB""], ""attemptedButtonLabel"": ""Call 1 BB"", ""attemptedAtMs"": 1790774162351, ""lastRenderedAtMs"": 1790774154018}]","[""9c"", ""5h""]","[""Kd"", ""7c"", ""5s"", ""2c""]","[{""name"": ""fold"", ""kind"": ""fold"", ""raiseTo"": null}, {""name"": ""call"", ""kind"": ""call"", ""raiseTo"": null}, {""name"": ""min"", ""kind"": ""raise"", ""raiseTo"": 200}, {""name"": ""pot"", ""kind"": ""raise"", ""raiseTo"": 1100}, {""name"": ""jam"", ""kind"": ""raise"", ""raiseTo"": 1600}]","[""Fold"", ""Call 1 BB"", ""Min · 2 BB"", ""Pot · 11 BB"", ""Jam · 16 BB""]",Call 1 BB,call,,1790774162351,True,True,True,1790774162575,1790774154018,8333,224,,False,False
PlMiosUXOX3jddmqtCqgK3g7,9OZo15O3d4oM_PbJgA1gpcKx,141,5,river,5,1,"[{""type"": ""luna_attempt"", ""handOrdinal"": 141, ""decisionOrdinal"": 5, ""street"": ""river"", ""visibleLegalButtonLabels"": [""Fold"", ""Call 10 BB"", ""Min · 15 BB""], ""attemptedButtonLabel"": ""Fold"", ""attemptedAtMs"": 1790774168218, ""lastRenderedAtMs"": 1790774162648}]","[""9c"", ""5h""]","[""Kd"", ""7c"", ""5s"", ""2c"", ""Jc""]","[{""name"": ""fold"", ""kind"": ""fold"", ""raiseTo"": null}, {""name"": ""call"", ""kind"": ""call"", ""raiseTo"": null}, {""name"": ""min"", ""kind"": ""raise"", ""raiseTo"": 1500}]","[""Fold"", ""Call 10 BB"", ""Min · 15 BB""]",Fold,fold,,1790774168218,True,True,True,1790774168446,1790774162648,5570,228,,False,False
PlMiosUXOX3jddmqtCqgK3g7,EIV-5QO4yH1FwdPxBjllBZts,142,1,preflop,1,1,"[{""type"": ""luna_attempt"", ""handOrdinal"": 142, ""decisionOrdinal"": 1, ""street"": ""pre-flop"", ""visibleLegalButtonLabels"": [""check"", ""Min · 2 BB"", ""Pot · 3 BB""], ""attemptedButtonLabel"": ""Min · 2 BB"", ""attemptedAtMs"": 1790774181979, ""lastRenderedAtMs"": 1790774176299}]","[""Qc"", ""Tc""]",[],"[{""name"": ""check"", ""kind"": ""check"", ""raiseTo"": null}, {""name"": ""min"", ""kind"": ""raise"", ""raiseTo"": 200}, {""name"": ""pot"", ""kind"": ""raise"", ""raiseTo"": 300}]","[""check"", ""Min · 2 BB"", ""Pot · 3 BB""]",Min · 2 BB,raise,200,1790774181979,True,True,True,1790774182234,1790774176299,5680,255,,False,False
PlMiosUXOX3jddmqtCqgK3g7,tTlRt-3GpGUYdeS5VMiHEFj4,143,1,preflop,1,1,"[{""type"": ""luna_attempt"", ""handOrdinal"": 143, ""decisionOrdinal"": 1, ""street"": ""pre-flop"", ""visibleLegalButtonLabels"": [""Fold"", ""Call 0.50 BB"", ""Min · 2 BB"", ""Pot · 3 BB""], ""attemptedButtonLabel"": ""Min · 2 BB"", ""attemptedAtMs"": 1790774195759, ""lastRenderedAtMs"": 1790774189982}]","[""Qs"", ""9d""]",[],"[{""name"": ""fold"", ""kind"": ""fold"", ""raiseTo"": null}, {""name"": ""call"", ""kind"": ""call"", ""raiseTo"": null}, {""name"": ""min"", ""kind"": ""raise"", ""raiseTo"": 200}, {""name"": ""pot"", ""kind"": ""raise"", ""raiseTo"": 300}]","[""Fold"", ""Call 0.50 BB"", ""Min · 2 BB"", ""Pot · 3 BB""]",Min · 2 BB,raise,200,1790774195759,True,True,True,1790774195979,1790774189982,5777,220,,False,False
PlMiosUXOX3jddmqtCqgK3g7,722fqXVoNBYwyqWu58QiAqhT,144,1,preflop,1,1,"[{""type"": ""luna_attempt"", ""handOrdinal"": 144, ""decisionOrdinal"": 1, ""street"": ""pre-flop"", ""visibleLegalButtonLabels"": [""Fold"", ""Call 1 BB"", ""Min · 3 BB"", ""Pot · 6 BB""], ""attemptedButtonLabel"": ""Call 1 BB"", ""attemptedAtMs"": 1790774209740, ""lastRenderedAtMs"": 1790774203924}]","[""8c"", ""Js""]",[],"[{""name"": ""fold"", ""kind"": ""fold"", ""raiseTo"": null}, {""name"": ""call"", ""kind"": ""call"", ""raiseTo"": null}, {""name"": ""min"", ""kind"": ""raise"", ""raiseTo"": 300}, {""name"": ""pot"", ""kind"": ""raise"", ""raiseTo"": 600}]","[""Fold"", ""Call 1 BB"", ""Min · 3 BB"", ""Pot · 6 BB""]",Call 1 BB,call,,1790774209740,True,True,True,1790774209929,1790774203924,5816,189,,False,False
PlMiosUXOX3jddmqtCqgK3g7,722fqXVoNBYwyqWu58QiAqhT,144,2,flop,2,1,"[{""type"": ""luna_attempt"", ""handOrdinal"": 144, ""decisionOrdinal"": 2, ""street"": ""flop"", ""visibleLegalButtonLabels"": [""check"", ""Min · 1 BB"", ""Pot · 4 BB""], ""attemptedButtonLabel"": ""check"", ""attemptedAtMs"": 1790774215632, ""lastRenderedAtMs"": 1790774209979}]","[""8c"", ""Js""]","[""4d"", ""Qs"", ""Jc""]","[{""name"": ""check"", ""kind"": ""check"", ""raiseTo"": null}, {""name"": ""min"", ""kind"": ""raise"", ""raiseTo"": 100}, {""name"": ""pot"", ""kind"": ""raise"", ""raiseTo"": 400}]","[""check"", ""Min · 1 BB"", ""Pot · 4 BB""]",check,check,,1790774215632,True,True,True,1790774215860,1790774209979,5653,228,,False,False
PlMiosUXOX3jddmqtCqgK3g7,722fqXVoNBYwyqWu58QiAqhT,144,3,flop,3,1,"[{""type"": ""luna_attempt"", ""handOrdinal"": 144, ""decisionOrdinal"": 3, ""street"": ""flop"", ""visibleLegalButtonLabels"": [""Fold"", ""Call 1 BB"", ""Min · 2 BB"", ""Pot · 7 BB""], ""attemptedButtonLabel"": ""Call 1 BB"", ""attemptedAtMs"": 1790774221793, ""lastRenderedAtMs"": 1790774215936}]","[""8c"", ""Js""]","[""4d"", ""Qs"", ""Jc""]","[{""name"": ""fold"", ""kind"": ""fold"", ""raiseTo"": null}, {""name"": ""call"", ""kind"": ""call"", ""raiseTo"": null}, {""name"": ""min"", ""kind"": ""raise"", ""raiseTo"": 200}, {""name"": ""pot"", ""kind"": ""raise"", ""raiseTo"": 700}]","[""Fold"", ""Call 1 BB"", ""Min · 2 BB"", ""Pot · 7 BB""]",Call 1 BB,call,,1790774221793,True,True,True,1790774222048,1790774215936,5857,255,,False,False
PlMiosUXOX3jddmqtCqgK3g7,722fqXVoNBYwyqWu58QiAqhT,144,4,turn,4,1,"[{""type"": ""luna_attempt"", ""handOrdinal"": 144, ""decisionOrdinal"": 4, ""street"": ""turn"", ""visibleLegalButtonLabels"": [""check"", ""Min · 1 BB"", ""Pot · 6 BB""], ""attemptedButtonLabel"": ""check"", ""attemptedAtMs"": 1790774229814, ""lastRenderedAtMs"": 1790774222111}]","[""8c"", ""Js""]","[""4d"", ""Qs"", ""Jc"", ""Kc""]","[{""name"": ""check"", ""kind"": ""check"", ""raiseTo"": null}, {""name"": ""min"", ""kind"": ""raise"", ""raiseTo"": 100}, {""name"": ""pot"", ""kind"": ""raise"", ""raiseTo"": 600}]","[""check"", ""Min · 1 BB"", ""Pot · 6 BB""]",check,check,,1790774229814,True,True,True,1790774230033,1790774222111,7703,219,,False,False
PlMiosUXOX3jddmqtCqgK3g7,722fqXVoNBYwyqWu58QiAqhT,144,5,turn,5,1,"[{""type"": ""luna_attempt"", ""handOrdinal"": 144, ""decisionOrdinal"": 5, ""street"": ""turn"", ""visibleLegalButtonLabels"": [""Fold"", ""Call 6 BB"", ""Min · 12 BB"", ""Pot · 17 BB""], ""attemptedButtonLabel"": ""Fold"", ""attemptedAtMs"": 1790774237767, ""lastRenderedAtMs"": 1790774230103}]","[""8c"", ""Js""]","[""4d"", ""Qs"", ""Jc"", ""Kc""]","[{""name"": ""fold"", ""kind"": ""fold"", ""raiseTo"": null}, {""name"": ""call"", ""kind"": ""call"", ""raiseTo"": null}, {""name"": ""min"", ""kind"": ""raise"", ""raiseTo"": 1200}, {""name"": ""pot"", ""kind"": ""raise"", ""raiseTo"": 1700}]","[""Fold"", ""Call 6 BB"", ""Min · 12 BB"", ""Pot · 17 BB""]",Fold,fold,,1790774237767,True,True,True,1790774237974,1790774230103,7664,207,,False,False
PlMiosUXOX3jddmqtCqgK3g7,39ubheUauRvXnxHvp8FFRYTV,145,1,preflop,1,1,"[{""type"": ""luna_attempt"", ""handOrdinal"": 145, ""decisionOrdinal"": 1, ""street"": ""pre-flop"", ""visibleLegalButtonLabels"": [""Fold"", ""Call 0.50 BB"", ""Min · 2 BB"", ""Pot · 3 BB""], ""attemptedButtonLabel"": ""Min · 2 BB"", ""attemptedAtMs"": 1790774256129, ""lastRenderedAtMs"": 1790774246786}]","[""5h"", ""Jd""]",[],"[{""name"": ""fold"", ""kind"": ""fold"", ""raiseTo"": null}, {""name"": ""call"", ""kind"": ""call"", ""raiseTo"": null}, {""name"": ""min"", ""kind"": ""raise"", ""raiseTo"": 200}, {""name"": ""pot"", ""kind"": ""raise"", ""raiseTo"": 300}]","[""Fold"", ""Call 0.50 BB"", ""Min · 2 BB"", ""Pot · 3 BB""]",Min · 2 BB,raise,200,1790774256129,True,True,True,1790774256344,1790774246786,9343,215,,False,False
PlMiosUXOX3jddmqtCqgK3g7,nqQQTGnflpG6kMEXJdSvHO6h,146,1,preflop,1,1,"[{""type"": ""luna_attempt"", ""handOrdinal"": 146, ""decisionOrdinal"": 1, ""street"": ""pre-flop"", ""visibleLegalButtonLabels"": [""check"", ""Min · 2 BB"", ""Pot · 3 BB""], ""attemptedButtonLabel"": ""Min · 2 BB"", ""attemptedAtMs"": 1790774271297, ""lastRenderedAtMs"": 1790774265696}]","[""8c"", ""Tc""]",[],"[{""name"": ""check"", ""kind"": ""check"", ""raiseTo"": null}, {""name"": ""min"", ""kind"": ""raise"", ""raiseTo"": 200}, {""name"": ""pot"", ""kind"": ""raise"", ""raiseTo"": 300}]","[""check"", ""Min · 2 BB"", ""Pot · 3 BB""]",Min · 2 BB,raise,200,1790774271297,True,True,True,1790774271530,1790774265696,5601,233,,False,False
PlMiosUXOX3jddmqtCqgK3g7,nqQQTGnflpG6kMEXJdSvHO6h,146,2,flop,2,1,"[{""type"": ""luna_attempt"", ""handOrdinal"": 146, ""decisionOrdinal"": 2, ""street"": ""flop"", ""visibleLegalButtonLabels"": [""check"", ""Min · 1 BB"", ""Pot · 4 BB""], ""attemptedButtonLabel"": ""check"", ""attemptedAtMs"": 1790774279738, ""lastRenderedAtMs"": 1790774271583}]","[""8c"", ""Tc""]","[""3d"", ""4h"", ""Jc""]","[{""name"": ""check"", ""kind"": ""check"", ""raiseTo"": null}, {""name"": ""min"", ""kind"": ""raise"", ""raiseTo"": 100}, {""name"": ""pot"", ""kind"": ""raise"", ""raiseTo"": 400}]","[""check"", ""Min · 1 BB"", ""Pot · 4 BB""]",check,check,,1790774279738,True,True,True,1790774279960,1790774271583,8155,222,,False,False
PlMiosUXOX3jddmqtCqgK3g7,nqQQTGnflpG6kMEXJdSvHO6h,146,3,flop,3,1,"[{""type"": ""luna_attempt"", ""handOrdinal"": 146, ""decisionOrdinal"": 3, ""street"": ""flop"", ""visibleLegalButtonLabels"": [""Fold"", ""Call 1 BB"", ""Min · 2 BB"", ""Pot · 7 BB""], ""attemptedButtonLabel"": ""Fold"", ""attemptedAtMs"": 1790774286878, ""lastRenderedAtMs"": 1790774280030}]","[""8c"", ""Tc""]","[""3d"", ""4h"", ""Jc""]","[{""name"": ""fold"", ""kind"": ""fold"", ""raiseTo"": null}, {""name"": ""call"", ""kind"": ""call"", ""raiseTo"": null}, {""name"": ""min"", ""kind"": ""raise"", ""raiseTo"": 200}, {""name"": ""pot"", ""kind"": ""raise"", ""raiseTo"": 700}]","[""Fold"", ""Call 1 BB"", ""Min · 2 BB"", ""Pot · 7 BB""]",Fold,fold,,1790774286878,True,True,True,1790774287107,1790774280030,6848,229,,False,False
PlMiosUXOX3jddmqtCqgK3g7,HoRuSTj1NOZaW5g5NR729WYL,147,1,preflop,1,1,"[{""type"": ""luna_attempt"", ""handOrdinal"": 147, ""decisionOrdinal"": 1, ""street"": ""pre-flop"", ""visibleLegalButtonLabels"": [""Fold"", ""Call 0.50 BB"", ""Min · 2 BB"", ""Pot · 3 BB""], ""attemptedButtonLabel"": ""Call 0.50 BB"", ""attemptedAtMs"": 1790774303290, ""lastRenderedAtMs"": 1790774293512}]","[""3h"", ""6s""]",[],"[{""name"": ""fold"", ""kind"": ""fold"", ""raiseTo"": null}, {""name"": ""call"", ""kind"": ""call"", ""raiseTo"": null}, {""name"": ""min"", ""kind"": ""raise"", ""raiseTo"": 200}, {""name"": ""pot"", ""kind"": ""raise"", ""raiseTo"": 300}]","[""Fold"", ""Call 0.50 BB"", ""Min · 2 BB"", ""Pot · 3 BB""]",Call 0.50 BB,call,,1790774303290,True,True,True,1790774303546,1790774293512,9778,256,,False,False
PlMiosUXOX3jddmqtCqgK3g7,HoRuSTj1NOZaW5g5NR729WYL,147,2,preflop,2,1,"[{""type"": ""luna_attempt"", ""handOrdinal"": 147, ""decisionOrdinal"": 2, ""street"": ""pre-flop"", ""visibleLegalButtonLabels"": [""Fold"", ""Call 1 BB"", ""Min · 3 BB"", ""Pot · 6 BB""], ""attemptedButtonLabel"": ""Fold"", ""attemptedAtMs"": 1790774309674, ""lastRenderedAtMs"": 1790774303622}]","[""3h"", ""6s""]",[],"[{""name"": ""fold"", ""kind"": ""fold"", ""raiseTo"": null}, {""name"": ""call"", ""kind"": ""call"", ""raiseTo"": null}, {""name"": ""min"", ""kind"": ""raise"", ""raiseTo"": 300}, {""name"": ""pot"", ""kind"": ""raise"", ""raiseTo"": 600}]","[""Fold"", ""Call 1 BB"", ""Min · 3 BB"", ""Pot · 6 BB""]",Fold,fold,,1790774309674,True,True,True,1790774309866,1790774303622,6052,192,,False,False
PlMiosUXOX3jddmqtCqgK3g7,Q5tMSVfex0qEFNZ1s1zA1mI6,148,1,preflop,1,1,"[{""type"": ""luna_attempt"", ""handOrdinal"": 148, ""decisionOrdinal"": 1, ""street"": ""pre-flop"", ""visibleLegalButtonLabels"": [""Fold"", ""Call 1 BB"", ""Min · 3 BB"", ""Pot · 6 BB""], ""attemptedButtonLabel"": ""Fold"", ""attemptedAtMs"": 1790774323932, ""lastRenderedAtMs"": 1790774318256}]","[""2d"", ""9s""]",[],"[{""name"": ""fold"", ""kind"": ""fold"", ""raiseTo"": null}, {""name"": ""call"", ""kind"": ""call"", ""raiseTo"": null}, {""name"": ""min"", ""kind"": ""raise"", ""raiseTo"": 300}, {""name"": ""pot"", ""kind"": ""raise"", ""raiseTo"": 600}]","[""Fold"", ""Call 1 BB"", ""Min · 3 BB"", ""Pot · 6 BB""]",Fold,fold,,1790774323932,True,True,True,1790774324166,1790774318256,5676,234,,False,False
PlMiosUXOX3jddmqtCqgK3g7,2VRmvnTK412car5XqrWRjBZo,149,1,preflop,1,1,"[{""type"": ""luna_attempt"", ""handOrdinal"": 149, ""decisionOrdinal"": 1, ""street"": ""pre-flop"", ""visibleLegalButtonLabels"": [""Fold"", ""Call 0.50 BB"", ""Min · 2 BB"", ""Pot · 3 BB""], ""attemptedButtonLabel"": ""Min · 2 BB"", ""attemptedAtMs"": 1790774335418, ""lastRenderedAtMs"": 1790774329867}]","[""7c"", ""Td""]",[],"[{""name"": ""fold"", ""kind"": ""fold"", ""raiseTo"": null}, {""name"": ""call"", ""kind"": ""call"", ""raiseTo"": null}, {""name"": ""min"", ""kind"": ""raise"", ""raiseTo"": 200}, {""name"": ""pot"", ""kind"": ""raise"", ""raiseTo"": 300}]","[""Fold"", ""Call 0.50 BB"", ""Min · 2 BB"", ""Pot · 3 BB""]",Min · 2 BB,raise,200,1790774335418,True,True,True,1790774335627,1790774329867,5551,209,,False,False
PlMiosUXOX3jddmqtCqgK3g7,jvsiC3KBxx1rQ2UhvPDREJox,150,1,preflop,1,1,"[{""type"": ""luna_attempt"", ""handOrdinal"": 150, ""decisionOrdinal"": 1, ""street"": ""pre-flop"", ""visibleLegalButtonLabels"": [""Fold"", ""Call 1 BB"", ""Min · 3 BB"", ""Pot · 6 BB""], ""attemptedButtonLabel"": ""Call 1 BB"", ""attemptedAtMs"": 1790774350542, ""lastRenderedAtMs"": 1790774344495}]","[""Ts"", ""Qd""]",[],"[{""name"": ""fold"", ""kind"": ""fold"", ""raiseTo"": null}, {""name"": ""call"", ""kind"": ""call"", ""raiseTo"": null}, {""name"": ""min"", ""kind"": ""raise"", ""raiseTo"": 300}, {""name"": ""pot"", ""kind"": ""raise"", ""raiseTo"": 600}]","[""Fold"", ""Call 1 BB"", ""Min · 3 BB"", ""Pot · 6 BB""]",Call 1 BB,call,,1790774350542,True,True,True,1790774350770,1790774344495,6047,228,,False,False
PlMiosUXOX3jddmqtCqgK3g7,jvsiC3KBxx1rQ2UhvPDREJox,150,2,flop,2,1,"[{""type"": ""luna_attempt"", ""handOrdinal"": 150, ""decisionOrdinal"": 2, ""street"": ""flop"", ""visibleLegalButtonLabels"": [""check"", ""Min · 1 BB"", ""Pot · 4 BB""], ""attemptedButtonLabel"": ""check"", ""attemptedAtMs"": 1790774360815, ""lastRenderedAtMs"": 1790774350865}]","[""Ts"", ""Qd""]","[""6d"", ""4s"", ""3c""]","[{""name"": ""check"", ""kind"": ""check"", ""raiseTo"": null}, {""name"": ""min"", ""kind"": ""raise"", ""raiseTo"": 100}, {""name"": ""pot"", ""kind"": ""raise"", ""raiseTo"": 400}]","[""check"", ""Min · 1 BB"", ""Pot · 4 BB""]",check,check,,1790774360815,True,True,True,1790774361210,1790774350865,9950,395,,False,False
PlMiosUXOX3jddmqtCqgK3g7,jvsiC3KBxx1rQ2UhvPDREJox,150,3,turn,3,1,"[{""type"": ""luna_attempt"", ""handOrdinal"": 150, ""decisionOrdinal"": 3, ""street"": ""turn"", ""visibleLegalButtonLabels"": [""check"", ""Min · 1 BB"", ""Pot · 4 BB""], ""attemptedButtonLabel"": ""check"", ""attemptedAtMs"": 1790774372458, ""lastRenderedAtMs"": 1790774365792}]","[""Ts"", ""Qd""]","[""6d"", ""4s"", ""3c"", ""6h""]","[{""name"": ""check"", ""kind"": ""check"", ""raiseTo"": null}, {""name"": ""min"", ""kind"": ""raise"", ""raiseTo"": 100}, {""name"": ""pot"", ""kind"": ""raise"", ""raiseTo"": 400}]","[""check"", ""Min · 1 BB"", ""Pot · 4 BB""]",check,check,,1790774372458,True,True,True,1790774372839,1790774365792,6666,381,,False,False
PlMiosUXOX3jddmqtCqgK3g7,jvsiC3KBxx1rQ2UhvPDREJox,150,4,turn,4,1,"[{""type"": ""luna_attempt"", ""handOrdinal"": 150, ""decisionOrdinal"": 4, ""street"": ""turn"", ""visibleLegalButtonLabels"": [""Fold"", ""Call 4 BB"", ""Min · 8 BB"", ""Pot · 16 BB"", ""Jam · 18 BB""], ""attemptedButtonLabel"": ""Fold"", ""attemptedAtMs"": 1790774381930, ""lastRenderedAtMs"": 1790774372915}]","[""Ts"", ""Qd""]","[""6d"", ""4s"", ""3c"", ""6h""]","[{""name"": ""fold"", ""kind"": ""fold"", ""raiseTo"": null}, {""name"": ""call"", ""kind"": ""call"", ""raiseTo"": null}, {""name"": ""min"", ""kind"": ""raise"", ""raiseTo"": 800}, {""name"": ""pot"", ""kind"": ""raise"", ""raiseTo"": 1600}, {""name"": ""jam"", ""kind"": ""raise"", ""raiseTo"": 1800}]","[""Fold"", ""Call 4 BB"", ""Min · 8 BB"", ""Pot · 16 BB"", ""Jam · 18 BB""]",Fold,fold,,1790774381930,True,True,True,1790774382142,1790774372915,9015,212,,False,False
PlMiosUXOX3jddmqtCqgK3g7,KoCwhUbhfS3hsNLrqU72Sqow,151,1,preflop,1,1,"[{""type"": ""luna_attempt"", ""handOrdinal"": 151, ""decisionOrdinal"": 1, ""street"": ""pre-flop"", ""visibleLegalButtonLabels"": [""Fold"", ""Call 0.50 BB"", ""Min · 2 BB"", ""Pot · 3 BB""], ""attemptedButtonLabel"": ""Min · 2 BB"", ""attemptedAtMs"": 1790774395206, ""lastRenderedAtMs"": 1790774389110}]","[""Ks"", ""Ac""]",[],"[{""name"": ""fold"", ""kind"": ""fold"", ""raiseTo"": null}, {""name"": ""call"", ""kind"": ""call"", ""raiseTo"": null}, {""name"": ""min"", ""kind"": ""raise"", ""raiseTo"": 200}, {""name"": ""pot"", ""kind"": ""raise"", ""raiseTo"": 300}]","[""Fold"", ""Call 0.50 BB"", ""Min · 2 BB"", ""Pot · 3 BB""]",Min · 2 BB,raise,200,1790774395206,True,True,True,1790774395611,1790774389110,6096,405,,False,False
PlMiosUXOX3jddmqtCqgK3g7,KoCwhUbhfS3hsNLrqU72Sqow,151,2,preflop,2,1,"[{""type"": ""luna_attempt"", ""handOrdinal"": 151, ""decisionOrdinal"": 2, ""street"": ""pre-flop"", ""visibleLegalButtonLabels"": [""Fold"", ""Call 4 BB"", ""Min · 10 BB"", ""Pot · 18 BB"", ""Jam · 20 BB""], ""attemptedButtonLabel"": ""Call 4 BB"", ""attemptedAtMs"": 1790774404279, ""lastRenderedAtMs"": 1790774395678}]","[""Ks"", ""Ac""]",[],"[{""name"": ""fold"", ""kind"": ""fold"", ""raiseTo"": null}, {""name"": ""call"", ""kind"": ""call"", ""raiseTo"": null}, {""name"": ""min"", ""kind"": ""raise"", ""raiseTo"": 1000}, {""name"": ""pot"", ""kind"": ""raise"", ""raiseTo"": 1800}, {""name"": ""jam"", ""kind"": ""raise"", ""raiseTo"": 2000}]","[""Fold"", ""Call 4 BB"", ""Min · 10 BB"", ""Pot · 18 BB"", ""Jam · 20 BB""]",Call 4 BB,call,,1790774404279,True,True,True,1790774404487,1790774395678,8601,208,,False,False
PlMiosUXOX3jddmqtCqgK3g7,KoCwhUbhfS3hsNLrqU72Sqow,151,3,flop,3,1,"[{""type"": ""luna_attempt"", ""handOrdinal"": 151, ""decisionOrdinal"": 3, ""street"": ""flop"", ""visibleLegalButtonLabels"": [""Fold"", ""Call 1 BB"", ""Min · 2 BB"", ""Pot · 14 BB""], ""attemptedButtonLabel"": ""Call 1 BB"", ""attemptedAtMs"": 1790774411251, ""lastRenderedAtMs"": 1790774404545}]","[""Ks"", ""Ac""]","[""8h"", ""6d"", ""Js""]","[{""name"": ""fold"", ""kind"": ""fold"", ""raiseTo"": null}, {""name"": ""call"", ""kind"": ""call"", ""raiseTo"": null}, {""name"": ""min"", ""kind"": ""raise"", ""raiseTo"": 200}, {""name"": ""pot"", ""kind"": ""raise"", ""raiseTo"": 1400}]","[""Fold"", ""Call 1 BB"", ""Min · 2 BB"", ""Pot · 14 BB""]",Call 1 BB,call,,1790774411251,True,True,True,1790774411468,1790774404545,6706,217,,False,False
PlMiosUXOX3jddmqtCqgK3g7,KoCwhUbhfS3hsNLrqU72Sqow,151,4,turn,4,1,"[{""type"": ""luna_attempt"", ""handOrdinal"": 151, ""decisionOrdinal"": 4, ""street"": ""turn"", ""visibleLegalButtonLabels"": [""Fold"", ""Call 13 BB""], ""attemptedButtonLabel"": ""Fold"", ""attemptedAtMs"": 1790774419729, ""lastRenderedAtMs"": 1790774411543}]","[""Ks"", ""Ac""]","[""8h"", ""6d"", ""Js"", ""Jh""]","[{""name"": ""fold"", ""kind"": ""fold"", ""raiseTo"": null}, {""name"": ""call"", ""kind"": ""call"", ""raiseTo"": null}]","[""Fold"", ""Call 13 BB""]",Fold,fold,,1790774419729,True,True,True,1790774419935,1790774411543,8186,206,,False,False
PlMiosUXOX3jddmqtCqgK3g7,rKntx-JK8bubdLB34na-TCse,152,1,preflop,1,1,"[{""type"": ""luna_attempt"", ""handOrdinal"": 152, ""decisionOrdinal"": 1, ""street"": ""pre-flop"", ""visibleLegalButtonLabels"": [""check"", ""Min · 2 BB"", ""Pot · 3 BB""], ""attemptedButtonLabel"": ""check"", ""attemptedAtMs"": 1790774432630, ""lastRenderedAtMs"": 1790774426648}]","[""Qd"", ""2c""]",[],"[{""name"": ""check"", ""kind"": ""check"", ""raiseTo"": null}, {""name"": ""min"", ""kind"": ""raise"", ""raiseTo"": 200}, {""name"": ""pot"", ""kind"": ""raise"", ""raiseTo"": 300}]","[""check"", ""Min · 2 BB"", ""Pot · 3 BB""]",check,check,,1790774432630,True,True,True,1790774432847,1790774426648,5982,217,,False,False
PlMiosUXOX3jddmqtCqgK3g7,rKntx-JK8bubdLB34na-TCse,152,2,flop,2,1,"[{""type"": ""luna_attempt"", ""handOrdinal"": 152, ""decisionOrdinal"": 2, ""street"": ""flop"", ""visibleLegalButtonLabels"": [""check"", ""Min · 1 BB"", ""Pot · 2 BB""], ""attemptedButtonLabel"": ""Min · 1 BB"", ""attemptedAtMs"": 1790774442893, ""lastRenderedAtMs"": 1790774432917}]","[""Qd"", ""2c""]","[""Qc"", ""2s"", ""7d""]","[{""name"": ""check"", ""kind"": ""check"", ""raiseTo"": null}, {""name"": ""min"", ""kind"": ""raise"", ""raiseTo"": 100}, {""name"": ""pot"", ""kind"": ""raise"", ""raiseTo"": 200}]","[""check"", ""Min · 1 BB"", ""Pot · 2 BB""]",Min · 1 BB,raise,100,1790774442893,True,True,True,1790774443083,1790774432917,9976,190,,False,False
PlMiosUXOX3jddmqtCqgK3g7,rPkIlHrQcpEvusBFrb1vCkvL,153,1,preflop,1,1,"[{""type"": ""luna_attempt"", ""handOrdinal"": 153, ""decisionOrdinal"": 1, ""street"": ""pre-flop"", ""visibleLegalButtonLabels"": [""Fold"", ""Call 0.50 BB"", ""Min · 2 BB"", ""Pot · 3 BB""], ""attemptedButtonLabel"": ""Min · 2 BB"", ""attemptedAtMs"": 1790774458883, ""lastRenderedAtMs"": 1790774450714}]","[""Qc"", ""2s""]",[],"[{""name"": ""fold"", ""kind"": ""fold"", ""raiseTo"": null}, {""name"": ""call"", ""kind"": ""call"", ""raiseTo"": null}, {""name"": ""min"", ""kind"": ""raise"", ""raiseTo"": 200}, {""name"": ""pot"", ""kind"": ""raise"", ""raiseTo"": 300}]","[""Fold"", ""Call 0.50 BB"", ""Min · 2 BB"", ""Pot · 3 BB""]",Min · 2 BB,raise,200,1790774458883,True,True,True,1790774459135,1790774450714,8169,252,,False,False
PlMiosUXOX3jddmqtCqgK3g7,rPkIlHrQcpEvusBFrb1vCkvL,153,2,flop,2,1,"[{""type"": ""luna_attempt"", ""handOrdinal"": 153, ""decisionOrdinal"": 2, ""street"": ""flop"", ""visibleLegalButtonLabels"": [""Fold"", ""Call 4 BB"", ""Min · 8 BB"", ""Pot · 16 BB"", ""Jam · 18 BB""], ""attemptedButtonLabel"": ""Fold"", ""attemptedAtMs"": 1790774465746, ""lastRenderedAtMs"": 1790774459200}]","[""Qc"", ""2s""]","[""Th"", ""9d"", ""5d""]","[{""name"": ""fold"", ""kind"": ""fold"", ""raiseTo"": null}, {""name"": ""call"", ""kind"": ""call"", ""raiseTo"": null}, {""name"": ""min"", ""kind"": ""raise"", ""raiseTo"": 800}, {""name"": ""pot"", ""kind"": ""raise"", ""raiseTo"": 1600}, {""name"": ""jam"", ""kind"": ""raise"", ""raiseTo"": 1800}]","[""Fold"", ""Call 4 BB"", ""Min · 8 BB"", ""Pot · 16 BB"", ""Jam · 18 BB""]",Fold,fold,,1790774465746,True,True,True,1790774465955,1790774459200,6546,209,,False,False
PlMiosUXOX3jddmqtCqgK3g7,m4bgUskv_LB079c50OnzpSzD,155,1,preflop,1,1,"[{""type"": ""luna_attempt"", ""handOrdinal"": 155, ""decisionOrdinal"": 1, ""street"": ""pre-flop"", ""visibleLegalButtonLabels"": [""Fold"", ""Call 0.50 BB"", ""Min · 2 BB"", ""Pot · 3 BB""], ""attemptedButtonLabel"": ""Call 0.50 BB"", ""attemptedAtMs"": 1790774492963, ""lastRenderedAtMs"": 1790774482496}]","[""9h"", ""6s""]",[],"[{""name"": ""fold"", ""kind"": ""fold"", ""raiseTo"": null}, {""name"": ""call"", ""kind"": ""call"", ""raiseTo"": null}, {""name"": ""min"", ""kind"": ""raise"", ""raiseTo"": 200}, {""name"": ""pot"", ""kind"": ""raise"", ""raiseTo"": 300}]","[""Fold"", ""Call 0.50 BB"", ""Min · 2 BB"", ""Pot · 3 BB""]",Call 0.50 BB,call,,1790774492963,True,True,True,1790774493189,1790774482496,10467,226,,False,False
PlMiosUXOX3jddmqtCqgK3g7,m4bgUskv_LB079c50OnzpSzD,155,2,preflop,2,1,"[{""type"": ""luna_attempt"", ""handOrdinal"": 155, ""decisionOrdinal"": 2, ""street"": ""pre-flop"", ""visibleLegalButtonLabels"": [""Fold"", ""Call 2 BB"", ""Min · 5 BB"", ""Pot · 9 BB""], ""attemptedButtonLabel"": ""Fold"", ""attemptedAtMs"": 1790774499364, ""lastRenderedAtMs"": 1790774493277}]","[""9h"", ""6s""]",[],"[{""name"": ""fold"", ""kind"": ""fold"", ""raiseTo"": null}, {""name"": ""call"", ""kind"": ""call"", ""raiseTo"": null}, {""name"": ""min"", ""kind"": ""raise"", ""raiseTo"": 500}, {""name"": ""pot"", ""kind"": ""raise"", ""raiseTo"": 900}]","[""Fold"", ""Call 2 BB"", ""Min · 5 BB"", ""Pot · 9 BB""]",Fold,fold,,1790774499364,True,True,True,1790774499579,1790774493277,6087,215,,False,False
PlMiosUXOX3jddmqtCqgK3g7,acH14kY4ed-V6Ve1yQUv-Tp7,157,1,preflop,1,1,"[{""type"": ""luna_attempt"", ""handOrdinal"": 157, ""decisionOrdinal"": 1, ""street"": ""pre-flop"", ""visibleLegalButtonLabels"": [""Fold"", ""Call 0.50 BB"", ""Min · 2 BB"", ""Pot · 3 BB""], ""attemptedButtonLabel"": ""Min · 2 BB"", ""attemptedAtMs"": 1790774522373, ""lastRenderedAtMs"": 1790774514410}]","[""Ts"", ""Ac""]",[],"[{""name"": ""fold"", ""kind"": ""fold"", ""raiseTo"": null}, {""name"": ""call"", ""kind"": ""call"", ""raiseTo"": null}, {""name"": ""min"", ""kind"": ""raise"", ""raiseTo"": 200}, {""name"": ""pot"", ""kind"": ""raise"", ""raiseTo"": 300}]","[""Fold"", ""Call 0.50 BB"", ""Min · 2 BB"", ""Pot · 3 BB""]",Min · 2 BB,raise,200,1790774522373,True,True,True,1790774522644,1790774514410,7963,271,,False,False
PlMiosUXOX3jddmqtCqgK3g7,acH14kY4ed-V6Ve1yQUv-Tp7,157,2,flop,2,1,"[{""type"": ""luna_attempt"", ""handOrdinal"": 157, ""decisionOrdinal"": 2, ""street"": ""flop"", ""visibleLegalButtonLabels"": [""check"", ""Min · 1 BB"", ""Pot · 4 BB""], ""attemptedButtonLabel"": ""Min · 1 BB"", ""attemptedAtMs"": 1790774530763, ""lastRenderedAtMs"": 1790774522714}]","[""Ts"", ""Ac""]","[""Jc"", ""2s"", ""9c""]","[{""name"": ""check"", ""kind"": ""check"", ""raiseTo"": null}, {""name"": ""min"", ""kind"": ""raise"", ""raiseTo"": 100}, {""name"": ""pot"", ""kind"": ""raise"", ""raiseTo"": 400}]","[""check"", ""Min · 1 BB"", ""Pot · 4 BB""]",Min · 1 BB,raise,100,1790774530763,True,True,True,1790774530988,1790774522714,8049,225,,False,False
PlMiosUXOX3jddmqtCqgK3g7,2Z6-G59kVoqx_vH1ZCygWDPG,158,1,preflop,1,1,"[{""type"": ""luna_attempt"", ""handOrdinal"": 158, ""decisionOrdinal"": 1, ""street"": ""pre-flop"", ""visibleLegalButtonLabels"": [""check"", ""Min · 2 BB"", ""Pot · 3 BB""], ""attemptedButtonLabel"": ""check"", ""attemptedAtMs"": 1790774545376, ""lastRenderedAtMs"": 1790774537151}]","[""Jc"", ""6d""]",[],"[{""name"": ""check"", ""kind"": ""check"", ""raiseTo"": null}, {""name"": ""min"", ""kind"": ""raise"", ""raiseTo"": 200}, {""name"": ""pot"", ""kind"": ""raise"", ""raiseTo"": 300}]","[""check"", ""Min · 2 BB"", ""Pot · 3 BB""]",check,check,,1790774545376,True,True,True,1790774545635,1790774537151,8225,259,,False,False
PlMiosUXOX3jddmqtCqgK3g7,2Z6-G59kVoqx_vH1ZCygWDPG,158,2,flop,2,1,"[{""type"": ""luna_attempt"", ""handOrdinal"": 158, ""decisionOrdinal"": 2, ""street"": ""flop"", ""visibleLegalButtonLabels"": [""check"", ""Min · 1 BB"", ""Pot · 2 BB""], ""attemptedButtonLabel"": ""check"", ""attemptedAtMs"": 1790774551518, ""lastRenderedAtMs"": 1790774545685}]","[""Jc"", ""6d""]","[""Ad"", ""7c"", ""2c""]","[{""name"": ""check"", ""kind"": ""check"", ""raiseTo"": null}, {""name"": ""min"", ""kind"": ""raise"", ""raiseTo"": 100}, {""name"": ""pot"", ""kind"": ""raise"", ""raiseTo"": 200}]","[""check"", ""Min · 1 BB"", ""Pot · 2 BB""]",check,check,,1790774551518,True,True,True,1790774551757,1790774545685,5833,239,,False,False
PlMiosUXOX3jddmqtCqgK3g7,2Z6-G59kVoqx_vH1ZCygWDPG,158,3,turn,3,1,"[{""type"": ""luna_attempt"", ""handOrdinal"": 158, ""decisionOrdinal"": 3, ""street"": ""turn"", ""visibleLegalButtonLabels"": [""check"", ""Min · 1 BB"", ""Pot · 2 BB""], ""attemptedButtonLabel"": ""check"", ""attemptedAtMs"": 1790774563931, ""lastRenderedAtMs"": 1790774555547}]","[""Jc"", ""6d""]","[""Ad"", ""7c"", ""2c"", ""8s""]","[{""name"": ""check"", ""kind"": ""check"", ""raiseTo"": null}, {""name"": ""min"", ""kind"": ""raise"", ""raiseTo"": 100}, {""name"": ""pot"", ""kind"": ""raise"", ""raiseTo"": 200}]","[""check"", ""Min · 1 BB"", ""Pot · 2 BB""]",check,check,,1790774563931,True,True,True,1790774564168,1790774555547,8384,237,,False,False
PlMiosUXOX3jddmqtCqgK3g7,2Z6-G59kVoqx_vH1ZCygWDPG,158,4,river,4,1,"[{""type"": ""luna_attempt"", ""handOrdinal"": 158, ""decisionOrdinal"": 4, ""street"": ""river"", ""visibleLegalButtonLabels"": [""check"", ""Min · 1 BB"", ""Pot · 2 BB""], ""attemptedButtonLabel"": ""check"", ""attemptedAtMs"": 1790774576364, ""lastRenderedAtMs"": 1790774567749}]","[""Jc"", ""6d""]","[""Ad"", ""7c"", ""2c"", ""8s"", ""5h""]","[{""name"": ""check"", ""kind"": ""check"", ""raiseTo"": null}, {""name"": ""min"", ""kind"": ""raise"", ""raiseTo"": 100}, {""name"": ""pot"", ""kind"": ""raise"", ""raiseTo"": 200}]","[""check"", ""Min · 1 BB"", ""Pot · 2 BB""]",check,check,,1790774576364,True,True,True,1790774576633,1790774567749,8615,269,,False,False
PlMiosUXOX3jddmqtCqgK3g7,pcz1UC-hR8p62WUiM0gCyb_r,159,1,preflop,1,1,"[{""type"": ""luna_attempt"", ""handOrdinal"": 159, ""decisionOrdinal"": 1, ""street"": ""pre-flop"", ""visibleLegalButtonLabels"": [""Fold"", ""Call 0.50 BB"", ""Min · 2 BB"", ""Pot · 3 BB""], ""attemptedButtonLabel"": ""Call 0.50 BB"", ""attemptedAtMs"": 1790774599770, ""lastRenderedAtMs"": 1790774591204}]","[""6h"", ""2c""]",[],"[{""name"": ""fold"", ""kind"": ""fold"", ""raiseTo"": null}, {""name"": ""call"", ""kind"": ""call"", ""raiseTo"": null}, {""name"": ""min"", ""kind"": ""raise"", ""raiseTo"": 200}, {""name"": ""pot"", ""kind"": ""raise"", ""raiseTo"": 300}]","[""Fold"", ""Call 0.50 BB"", ""Min · 2 BB"", ""Pot · 3 BB""]",Call 0.50 BB,call,,1790774599770,True,True,True,1790774600007,1790774591204,8566,237,,False,False
PlMiosUXOX3jddmqtCqgK3g7,pcz1UC-hR8p62WUiM0gCyb_r,159,2,flop,2,1,"[{""type"": ""luna_attempt"", ""handOrdinal"": 159, ""decisionOrdinal"": 2, ""street"": ""flop"", ""visibleLegalButtonLabels"": [""check"", ""Min · 1 BB"", ""Pot · 2 BB""], ""attemptedButtonLabel"": ""Min · 1 BB"", ""attemptedAtMs"": 1790774607885, ""lastRenderedAtMs"": 1790774600404}]","[""6h"", ""2c""]","[""Qh"", ""2s"", ""Qd""]","[{""name"": ""check"", ""kind"": ""check"", ""raiseTo"": null}, {""name"": ""min"", ""kind"": ""raise"", ""raiseTo"": 100}, {""name"": ""pot"", ""kind"": ""raise"", ""raiseTo"": 200}]","[""check"", ""Min · 1 BB"", ""Pot · 2 BB""]",Min · 1 BB,raise,100,1790774607885,True,True,True,1790774608074,1790774600404,7481,189,,False,False
PlMiosUXOX3jddmqtCqgK3g7,M6AYE_gWLtb97nLT8gEOX6-6,160,1,preflop,1,1,"[{""type"": ""luna_attempt"", ""handOrdinal"": 160, ""decisionOrdinal"": 1, ""street"": ""pre-flop"", ""visibleLegalButtonLabels"": [""Fold"", ""Call 2 BB"", ""Min · 5 BB"", ""Pot · 9 BB""], ""attemptedButtonLabel"": ""Call 2 BB"", ""attemptedAtMs"": 1790774619834, ""lastRenderedAtMs"": 1790774614212}]","[""Qs"", ""Js""]",[],"[{""name"": ""fold"", ""kind"": ""fold"", ""raiseTo"": null}, {""name"": ""call"", ""kind"": ""call"", ""raiseTo"": null}, {""name"": ""min"", ""kind"": ""raise"", ""raiseTo"": 500}, {""name"": ""pot"", ""kind"": ""raise"", ""raiseTo"": 900}]","[""Fold"", ""Call 2 BB"", ""Min · 5 BB"", ""Pot · 9 BB""]",Call 2 BB,call,,1790774619834,True,True,True,1790774620062,1790774614212,5622,228,,False,False
PlMiosUXOX3jddmqtCqgK3g7,M6AYE_gWLtb97nLT8gEOX6-6,160,2,flop,2,1,"[{""type"": ""luna_attempt"", ""handOrdinal"": 160, ""decisionOrdinal"": 2, ""street"": ""flop"", ""visibleLegalButtonLabels"": [""check"", ""Min · 1 BB"", ""Pot · 6 BB""], ""attemptedButtonLabel"": ""check"", ""attemptedAtMs"": 1790774626778, ""lastRenderedAtMs"": 1790774620136}]","[""Qs"", ""Js""]","[""6h"", ""2s"", ""3d""]","[{""name"": ""check"", ""kind"": ""check"", ""raiseTo"": null}, {""name"": ""min"", ""kind"": ""raise"", ""raiseTo"": 100}, {""name"": ""pot"", ""kind"": ""raise"", ""raiseTo"": 600}]","[""check"", ""Min · 1 BB"", ""Pot · 6 BB""]",check,check,,1790774626778,True,True,True,1790774627231,1790774620136,6642,453,,False,False
PlMiosUXOX3jddmqtCqgK3g7,M6AYE_gWLtb97nLT8gEOX6-6,160,3,flop,3,1,"[{""type"": ""luna_attempt"", ""handOrdinal"": 160, ""decisionOrdinal"": 3, ""street"": ""flop"", ""visibleLegalButtonLabels"": [""Fold"", ""Call 1 BB"", ""Min · 2 BB"", ""Pot · 9 BB"", ""Jam · 17 BB""], ""attemptedButtonLabel"": ""Call 1 BB"", ""attemptedAtMs"": 1790774633775, ""lastRenderedAtMs"": 1790774627309}]","[""Qs"", ""Js""]","[""6h"", ""2s"", ""3d""]","[{""name"": ""fold"", ""kind"": ""fold"", ""raiseTo"": null}, {""name"": ""call"", ""kind"": ""call"", ""raiseTo"": null}, {""name"": ""min"", ""kind"": ""raise"", ""raiseTo"": 200}, {""name"": ""pot"", ""kind"": ""raise"", ""raiseTo"": 900}, {""name"": ""jam"", ""kind"": ""raise"", ""raiseTo"": 1700}]","[""Fold"", ""Call 1 BB"", ""Min · 2 BB"", ""Pot · 9 BB"", ""Jam · 17 BB""]",Call 1 BB,call,,1790774633775,True,True,True,1790774634017,1790774627309,6466,242,,False,False
PlMiosUXOX3jddmqtCqgK3g7,M6AYE_gWLtb97nLT8gEOX6-6,160,4,turn,4,2,"[{""type"": ""luna_attempt"", ""handOrdinal"": 160, ""decisionOrdinal"": 4, ""street"": ""turn"", ""visibleLegalButtonLabels"": [""check"", ""Min · 1 BB"", ""Pot · 8 BB"", ""Jam · 16 BB""], ""attemptedButtonLabel"": ""check"", ""attemptedAtMs"": 1790774665812, ""lastRenderedAtMs"": 1790774659623}, {""type"": ""luna_attempt"", ""handOrdinal"": 160, ""decisionOrdinal"": 4, ""street"": ""turn"", ""visibleLegalButtonLabels"": [""check"", ""Min · 1 BB"", ""Pot · 8 BB"", ""Jam · 16 BB""], ""attemptedButtonLabel"": ""check"", ""attemptedAtMs"": 1790774676489, ""toolRetry"": true, ""lastRenderedAtMs"": 1790774659623}]","[""Qs"", ""Js""]","[""6h"", ""2s"", ""3d"", ""Jc""]","[{""name"": ""check"", ""kind"": ""check"", ""raiseTo"": null}, {""name"": ""min"", ""kind"": ""raise"", ""raiseTo"": 100}, {""name"": ""pot"", ""kind"": ""raise"", ""raiseTo"": 800}, {""name"": ""jam"", ""kind"": ""raise"", ""raiseTo"": 1600}]","[""check"", ""Min · 1 BB"", ""Pot · 8 BB"", ""Jam · 16 BB""]",check,check,,1790774665812,True,True,False,,1790774659623,6189,,,True,False
PlMiosUXOX3jddmqtCqgK3g7,M6AYE_gWLtb97nLT8gEOX6-6,160,5,turn,5,1,"[{""type"": ""luna_attempt"", ""handOrdinal"": 160, ""decisionOrdinal"": 5, ""street"": ""turn"", ""visibleLegalButtonLabels"": [""Fold"", ""Call 1 BB"", ""Min · 2 BB"", ""Pot · 11 BB"", ""Jam · 16 BB""], ""attemptedButtonLabel"": ""Call 1 BB"", ""attemptedAtMs"": 1790774681791, ""lastRenderedAtMs"": 1790774676798}]","[""Qs"", ""Js""]","[""6h"", ""2s"", ""3d"", ""Jc""]","[{""name"": ""fold"", ""kind"": ""fold"", ""raiseTo"": null}, {""name"": ""call"", ""kind"": ""call"", ""raiseTo"": null}, {""name"": ""min"", ""kind"": ""raise"", ""raiseTo"": 200}, {""name"": ""pot"", ""kind"": ""raise"", ""raiseTo"": 1100}, {""name"": ""jam"", ""kind"": ""raise"", ""raiseTo"": 1600}]","[""Fold"", ""Call 1 BB"", ""Min · 2 BB"", ""Pot · 11 BB"", ""Jam · 16 BB""]",Call 1 BB,call,,1790774681791,True,True,False,,1790774676798,4993,,,False,False
PlMiosUXOX3jddmqtCqgK3g7,M6AYE_gWLtb97nLT8gEOX6-6,160,6,river,6,1,"[{""type"": ""luna_attempt"", ""handOrdinal"": 160, ""decisionOrdinal"": 6, ""street"": ""river"", ""visibleLegalButtonLabels"": [""check"", ""Min · 1 BB"", ""Pot · 10 BB"", ""Jam · 15 BB""], ""attemptedButtonLabel"": ""check"", ""attemptedAtMs"": 1790774687488, ""lastRenderedAtMs"": 1790774682108}]","[""Qs"", ""Js""]","[""6h"", ""2s"", ""3d"", ""Jc"", ""4s""]","[{""name"": ""check"", ""kind"": ""check"", ""raiseTo"": null}, {""name"": ""min"", ""kind"": ""raise"", ""raiseTo"": 100}, {""name"": ""pot"", ""kind"": ""raise"", ""raiseTo"": 1000}, {""name"": ""jam"", ""kind"": ""raise"", ""raiseTo"": 1500}]","[""check"", ""Min · 1 BB"", ""Pot · 10 BB"", ""Jam · 15 BB""]",check,check,,1790774687488,True,True,True,1790774692758,1790774682108,5380,5270,,False,False
PlMiosUXOX3jddmqtCqgK3g7,7ds9esS8RWlU7XytShR5UJjz,161,1,preflop,1,1,"[{""type"": ""luna_attempt"", ""handOrdinal"": 161, ""decisionOrdinal"": 1, ""street"": ""preflop"", ""visibleLegalButtonLabels"": [""Fold"", ""Call 0.50 BB"", ""Min · 2 BB"", ""Pot · 3 BB""], ""attemptedButtonLabel"": ""Pot · 3 BB"", ""attemptedAtMs"": 1790774704583, ""lastRenderedAtMs"": 1790774698401}]","[""Tc"", ""Ks""]",[],"[{""name"": ""fold"", ""kind"": ""fold"", ""raiseTo"": null}, {""name"": ""call"", ""kind"": ""call"", ""raiseTo"": null}, {""name"": ""min"", ""kind"": ""raise"", ""raiseTo"": 200}, {""name"": ""pot"", ""kind"": ""raise"", ""raiseTo"": 300}]","[""Fold"", ""Call 0.50 BB"", ""Min · 2 BB"", ""Pot · 3 BB""]",Pot · 3 BB,raise,300,1790774704583,True,True,True,1790774712583,1790774698401,6182,8000,,False,False
PlMiosUXOX3jddmqtCqgK3g7,7ds9esS8RWlU7XytShR5UJjz,161,2,flop,2,1,"[{""type"": ""luna_attempt"", ""handOrdinal"": 161, ""decisionOrdinal"": 2, ""street"": ""flop"", ""visibleLegalButtonLabels"": [""Fold"", ""Call 1 BB"", ""Min · 2 BB"", ""Pot · 9 BB"", ""Jam · 17 BB""], ""attemptedButtonLabel"": ""Call 1 BB"", ""attemptedAtMs"": 1790774712583, ""lastRenderedAtMs"": 1790774704916}]","[""Tc"", ""Ks""]","[""3h"", ""7s"", ""7c""]","[{""name"": ""fold"", ""kind"": ""fold"", ""raiseTo"": null}, {""name"": ""call"", ""kind"": ""call"", ""raiseTo"": null}, {""name"": ""min"", ""kind"": ""raise"", ""raiseTo"": 200}, {""name"": ""pot"", ""kind"": ""raise"", ""raiseTo"": 900}, {""name"": ""jam"", ""kind"": ""raise"", ""raiseTo"": 1700}]","[""Fold"", ""Call 1 BB"", ""Min · 2 BB"", ""Pot · 9 BB"", ""Jam · 17 BB""]",Call 1 BB,call,,1790774712583,True,True,True,1790774719627,1790774704916,7667,7044,,False,False
PlMiosUXOX3jddmqtCqgK3g7,7ds9esS8RWlU7XytShR5UJjz,161,3,turn,3,1,"[{""type"": ""luna_attempt"", ""handOrdinal"": 161, ""decisionOrdinal"": 3, ""street"": ""turn"", ""visibleLegalButtonLabels"": [""check"", ""Min · 1 BB"", ""Pot · 8 BB"", ""Jam · 16 BB""], ""attemptedButtonLabel"": ""Min · 1 BB"", ""attemptedAtMs"": 1790774719627, ""lastRenderedAtMs"": 1790774712874}]","[""Tc"", ""Ks""]","[""3h"", ""7s"", ""7c"", ""Kc""]","[{""name"": ""check"", ""kind"": ""check"", ""raiseTo"": null}, {""name"": ""min"", ""kind"": ""raise"", ""raiseTo"": 100}, {""name"": ""pot"", ""kind"": ""raise"", ""raiseTo"": 800}, {""name"": ""jam"", ""kind"": ""raise"", ""raiseTo"": 1600}]","[""check"", ""Min · 1 BB"", ""Pot · 8 BB"", ""Jam · 16 BB""]",Min · 1 BB,raise,100,1790774719627,True,True,True,1790774728263,1790774712874,6753,8636,,False,False
PlMiosUXOX3jddmqtCqgK3g7,caZ_HgeIqdERue24DFjvpO31,162,1,preflop,1,1,"[{""type"": ""luna_attempt"", ""handOrdinal"": 162, ""decisionOrdinal"": 1, ""street"": ""preflop"", ""visibleLegalButtonLabels"": [""Fold"", ""Call 1 BB"", ""Min · 3 BB"", ""Pot · 6 BB""], ""attemptedButtonLabel"": ""Fold"", ""attemptedAtMs"": 1790774734199, ""lastRenderedAtMs"": 1790774728577}]","[""8h"", ""2s""]",[],"[{""name"": ""fold"", ""kind"": ""fold"", ""raiseTo"": null}, {""name"": ""call"", ""kind"": ""call"", ""raiseTo"": null}, {""name"": ""min"", ""kind"": ""raise"", ""raiseTo"": 300}, {""name"": ""pot"", ""kind"": ""raise"", ""raiseTo"": 600}]","[""Fold"", ""Call 1 BB"", ""Min · 3 BB"", ""Pot · 6 BB""]",Fold,fold,,1790774734199,True,True,True,1790774741491,1790774728577,5622,7292,,False,False
PlMiosUXOX3jddmqtCqgK3g7,_mQYPQVmnDaqu4z-Nm-Ij4YN,163,1,preflop,1,1,"[{""type"": ""luna_attempt"", ""handOrdinal"": 163, ""decisionOrdinal"": 1, ""street"": ""preflop"", ""visibleLegalButtonLabels"": [""Fold"", ""Call 0.50 BB"", ""Min · 2 BB"", ""Pot · 3 BB""], ""attemptedButtonLabel"": ""Pot · 3 BB"", ""attemptedAtMs"": 1790774747026, ""lastRenderedAtMs"": 1790774741828}]","[""8d"", ""8h""]",[],"[{""name"": ""fold"", ""kind"": ""fold"", ""raiseTo"": null}, {""name"": ""call"", ""kind"": ""call"", ""raiseTo"": null}, {""name"": ""min"", ""kind"": ""raise"", ""raiseTo"": 200}, {""name"": ""pot"", ""kind"": ""raise"", ""raiseTo"": 300}]","[""Fold"", ""Call 0.50 BB"", ""Min · 2 BB"", ""Pot · 3 BB""]",Pot · 3 BB,raise,300,1790774747026,True,True,True,1790774753829,1790774741828,5198,6803,,False,False
PlMiosUXOX3jddmqtCqgK3g7,8k2cpTHhtzS5f_fcee1rjzPI,164,1,preflop,1,1,"[{""type"": ""luna_attempt"", ""handOrdinal"": 164, ""decisionOrdinal"": 1, ""street"": ""preflop"", ""visibleLegalButtonLabels"": [""check"", ""Min · 2 BB"", ""Pot · 3 BB""], ""attemptedButtonLabel"": ""Pot · 3 BB"", ""attemptedAtMs"": 1790774759792, ""lastRenderedAtMs"": 1790774754157}]","[""Ad"", ""Kc""]",[],"[{""name"": ""check"", ""kind"": ""check"", ""raiseTo"": null}, {""name"": ""min"", ""kind"": ""raise"", ""raiseTo"": 200}, {""name"": ""pot"", ""kind"": ""raise"", ""raiseTo"": 300}]","[""check"", ""Min · 2 BB"", ""Pot · 3 BB""]",Pot · 3 BB,raise,300,1790774759792,True,True,True,1790774765999,1790774754157,5635,6207,,False,False
PlMiosUXOX3jddmqtCqgK3g7,8k2cpTHhtzS5f_fcee1rjzPI,164,2,flop,2,1,"[{""type"": ""luna_attempt"", ""handOrdinal"": 164, ""decisionOrdinal"": 2, ""street"": ""flop"", ""visibleLegalButtonLabels"": [""check"", ""Min · 1 BB"", ""Pot · 6 BB""], ""attemptedButtonLabel"": ""Min · 1 BB"", ""attemptedAtMs"": 1790774765999, ""lastRenderedAtMs"": 1790774760132}]","[""Ad"", ""Kc""]","[""8d"", ""Ah"", ""3c""]","[{""name"": ""check"", ""kind"": ""check"", ""raiseTo"": null}, {""name"": ""min"", ""kind"": ""raise"", ""raiseTo"": 100}, {""name"": ""pot"", ""kind"": ""raise"", ""raiseTo"": 600}]","[""check"", ""Min · 1 BB"", ""Pot · 6 BB""]",Min · 1 BB,raise,100,1790774765999,True,True,True,1790774771842,1790774760132,5867,5843,,False,False
PlMiosUXOX3jddmqtCqgK3g7,8k2cpTHhtzS5f_fcee1rjzPI,164,3,turn,3,1,"[{""type"": ""luna_attempt"", ""handOrdinal"": 164, ""decisionOrdinal"": 3, ""street"": ""turn"", ""visibleLegalButtonLabels"": [""check"", ""Min · 1 BB"", ""Pot · 8 BB"", ""Jam · 16 BB""], ""attemptedButtonLabel"": ""Min · 1 BB"", ""attemptedAtMs"": 1790774771842, ""lastRenderedAtMs"": 1790774766313}]","[""Ad"", ""Kc""]","[""8d"", ""Ah"", ""3c"", ""Jd""]","[{""name"": ""check"", ""kind"": ""check"", ""raiseTo"": null}, {""name"": ""min"", ""kind"": ""raise"", ""raiseTo"": 100}, {""name"": ""pot"", ""kind"": ""raise"", ""raiseTo"": 800}, {""name"": ""jam"", ""kind"": ""raise"", ""raiseTo"": 1600}]","[""check"", ""Min · 1 BB"", ""Pot · 8 BB"", ""Jam · 16 BB""]",Min · 1 BB,raise,100,1790774771842,True,True,True,1790774781324,1790774766313,5529,9482,,False,False
PlMiosUXOX3jddmqtCqgK3g7,8k2cpTHhtzS5f_fcee1rjzPI,164,4,river,4,1,"[{""type"": ""luna_attempt"", ""handOrdinal"": 164, ""decisionOrdinal"": 4, ""street"": ""river"", ""visibleLegalButtonLabels"": [""check"", ""Min · 1 BB"", ""Pot · 10 BB"", ""Jam · 15 BB""], ""attemptedButtonLabel"": ""Min · 1 BB"", ""attemptedAtMs"": 1790774781324, ""lastRenderedAtMs"": 1790774772153}]","[""Ad"", ""Kc""]","[""8d"", ""Ah"", ""3c"", ""Jd"", ""3d""]","[{""name"": ""check"", ""kind"": ""check"", ""raiseTo"": null}, {""name"": ""min"", ""kind"": ""raise"", ""raiseTo"": 100}, {""name"": ""pot"", ""kind"": ""raise"", ""raiseTo"": 1000}, {""name"": ""jam"", ""kind"": ""raise"", ""raiseTo"": 1500}]","[""check"", ""Min · 1 BB"", ""Pot · 10 BB"", ""Jam · 15 BB""]",Min · 1 BB,raise,100,1790774781324,True,True,True,1790774786516,1790774772153,9171,5192,,False,False
PlMiosUXOX3jddmqtCqgK3g7,i70JKHbhcc8cu41LrKrPb7vi,165,1,preflop,1,1,"[{""type"": ""luna_attempt"", ""handOrdinal"": 165, ""decisionOrdinal"": 1, ""street"": ""preflop"", ""visibleLegalButtonLabels"": [""Fold"", ""Call 0.50 BB"", ""Min · 2 BB"", ""Pot · 3 BB""], ""attemptedButtonLabel"": ""Fold"", ""attemptedAtMs"": 1790774792277, ""lastRenderedAtMs"": 1790774786832}]","[""7d"", ""2h""]",[],"[{""name"": ""fold"", ""kind"": ""fold"", ""raiseTo"": null}, {""name"": ""call"", ""kind"": ""call"", ""raiseTo"": null}, {""name"": ""min"", ""kind"": ""raise"", ""raiseTo"": 200}, {""name"": ""pot"", ""kind"": ""raise"", ""raiseTo"": 300}]","[""Fold"", ""Call 0.50 BB"", ""Min · 2 BB"", ""Pot · 3 BB""]",Fold,fold,,1790774792277,True,True,True,1790774797139,1790774786832,5445,4862,,False,False
PlMiosUXOX3jddmqtCqgK3g7,1kleAAA2wdIR_dM4sCqN3eE5,166,1,preflop,1,1,"[{""type"": ""luna_attempt"", ""handOrdinal"": 166, ""decisionOrdinal"": 1, ""street"": ""preflop"", ""visibleLegalButtonLabels"": [""Fold"", ""Call 1 BB"", ""Min · 3 BB"", ""Pot · 6 BB""], ""attemptedButtonLabel"": ""Pot · 6 BB"", ""attemptedAtMs"": 1790774802927, ""lastRenderedAtMs"": 1790774797455}]","[""As"", ""Tc""]",[],"[{""name"": ""fold"", ""kind"": ""fold"", ""raiseTo"": null}, {""name"": ""call"", ""kind"": ""call"", ""raiseTo"": null}, {""name"": ""min"", ""kind"": ""raise"", ""raiseTo"": 300}, {""name"": ""pot"", ""kind"": ""raise"", ""raiseTo"": 600}]","[""Fold"", ""Call 1 BB"", ""Min · 3 BB"", ""Pot · 6 BB""]",Pot · 6 BB,raise,600,1790774802927,True,True,True,1790774809276,1790774797455,5472,6349,,False,False
PlMiosUXOX3jddmqtCqgK3g7,1kleAAA2wdIR_dM4sCqN3eE5,166,2,preflop,2,1,"[{""type"": ""luna_attempt"", ""handOrdinal"": 166, ""decisionOrdinal"": 2, ""street"": ""preflop"", ""visibleLegalButtonLabels"": [""Fold"", ""Call 4 BB"", ""Min · 14 BB"", ""Pot · 20 BB""], ""attemptedButtonLabel"": ""Fold"", ""attemptedAtMs"": 1790774809276, ""lastRenderedAtMs"": 1790774803214}]","[""As"", ""Tc""]",[],"[{""name"": ""fold"", ""kind"": ""fold"", ""raiseTo"": null}, {""name"": ""call"", ""kind"": ""call"", ""raiseTo"": null}, {""name"": ""min"", ""kind"": ""raise"", ""raiseTo"": 1400}, {""name"": ""pot"", ""kind"": ""raise"", ""raiseTo"": 2000}]","[""Fold"", ""Call 4 BB"", ""Min · 14 BB"", ""Pot · 20 BB""]",Fold,fold,,1790774809276,True,True,True,1790774815694,1790774803214,6062,6418,,False,False
PlMiosUXOX3jddmqtCqgK3g7,-Fn_SbG1sjAl7GnKtfVztZaD,167,1,preflop,1,1,"[{""type"": ""luna_attempt"", ""handOrdinal"": 167, ""decisionOrdinal"": 1, ""street"": ""preflop"", ""visibleLegalButtonLabels"": [""Fold"", ""Call 0.50 BB"", ""Min · 2 BB"", ""Pot · 3 BB""], ""attemptedButtonLabel"": ""Fold"", ""attemptedAtMs"": 1790774820963, ""lastRenderedAtMs"": 1790774816034}]","[""9d"", ""6h""]",[],"[{""name"": ""fold"", ""kind"": ""fold"", ""raiseTo"": null}, {""name"": ""call"", ""kind"": ""call"", ""raiseTo"": null}, {""name"": ""min"", ""kind"": ""raise"", ""raiseTo"": 200}, {""name"": ""pot"", ""kind"": ""raise"", ""raiseTo"": 300}]","[""Fold"", ""Call 0.50 BB"", ""Min · 2 BB"", ""Pot · 3 BB""]",Fold,fold,,1790774820963,True,True,True,1790774826337,1790774816034,4929,5374,,False,False
PlMiosUXOX3jddmqtCqgK3g7,1WbFjPHcAd21dKOpb6RNm0wc,168,1,preflop,1,1,"[{""type"": ""luna_attempt"", ""handOrdinal"": 168, ""decisionOrdinal"": 1, ""street"": ""preflop"", ""visibleLegalButtonLabels"": [""check"", ""Min · 2 BB"", ""Pot · 3 BB""], ""attemptedButtonLabel"": ""check"", ""attemptedAtMs"": 1790774831914, ""lastRenderedAtMs"": 1790774826660}]","[""8d"", ""4s""]",[],"[{""name"": ""check"", ""kind"": ""check"", ""raiseTo"": null}, {""name"": ""min"", ""kind"": ""raise"", ""raiseTo"": 200}, {""name"": ""pot"", ""kind"": ""raise"", ""raiseTo"": 300}]","[""check"", ""Min · 2 BB"", ""Pot · 3 BB""]",check,check,,1790774831914,True,True,True,1790774839043,1790774826660,5254,7129,,False,False
PlMiosUXOX3jddmqtCqgK3g7,1WbFjPHcAd21dKOpb6RNm0wc,168,2,flop,2,1,"[{""type"": ""luna_attempt"", ""handOrdinal"": 168, ""decisionOrdinal"": 2, ""street"": ""flop"", ""visibleLegalButtonLabels"": [""check"", ""Min · 1 BB"", ""Pot · 2 BB""], ""attemptedButtonLabel"": ""check"", ""attemptedAtMs"": 1790774839043, ""lastRenderedAtMs"": 1790774832199}]","[""8d"", ""4s""]","[""5c"", ""2h"", ""2s""]","[{""name"": ""check"", ""kind"": ""check"", ""raiseTo"": null}, {""name"": ""min"", ""kind"": ""raise"", ""raiseTo"": 100}, {""name"": ""pot"", ""kind"": ""raise"", ""raiseTo"": 200}]","[""check"", ""Min · 1 BB"", ""Pot · 2 BB""]",check,check,,1790774839043,True,True,True,1790774845570,1790774832199,6844,6527,,False,False
PlMiosUXOX3jddmqtCqgK3g7,1WbFjPHcAd21dKOpb6RNm0wc,168,3,turn,3,1,"[{""type"": ""luna_attempt"", ""handOrdinal"": 168, ""decisionOrdinal"": 3, ""street"": ""turn"", ""visibleLegalButtonLabels"": [""check"", ""Min · 1 BB"", ""Pot · 2 BB""], ""attemptedButtonLabel"": ""Min · 1 BB"", ""attemptedAtMs"": 1790774845570, ""lastRenderedAtMs"": 1790774839325}]","[""8d"", ""4s""]","[""5c"", ""2h"", ""2s"", ""Kd""]","[{""name"": ""check"", ""kind"": ""check"", ""raiseTo"": null}, {""name"": ""min"", ""kind"": ""raise"", ""raiseTo"": 100}, {""name"": ""pot"", ""kind"": ""raise"", ""raiseTo"": 200}]","[""check"", ""Min · 1 BB"", ""Pot · 2 BB""]",Min · 1 BB,raise,100,1790774845570,True,True,True,1790774852129,1790774839325,6245,6559,,False,False
PlMiosUXOX3jddmqtCqgK3g7,WbfrpIVN2aUe-ym9z7w5-bMs,169,1,preflop,1,1,"[{""type"": ""luna_attempt"", ""handOrdinal"": 169, ""decisionOrdinal"": 1, ""street"": ""preflop"", ""visibleLegalButtonLabels"": [""Fold"", ""Call 0.50 BB"", ""Min · 2 BB"", ""Pot · 3 BB""], ""attemptedButtonLabel"": ""Pot · 3 BB"", ""attemptedAtMs"": 1790774857725, ""lastRenderedAtMs"": 1790774852457}]","[""Qs"", ""9c""]",[],"[{""name"": ""fold"", ""kind"": ""fold"", ""raiseTo"": null}, {""name"": ""call"", ""kind"": ""call"", ""raiseTo"": null}, {""name"": ""min"", ""kind"": ""raise"", ""raiseTo"": 200}, {""name"": ""pot"", ""kind"": ""raise"", ""raiseTo"": 300}]","[""Fold"", ""Call 0.50 BB"", ""Min · 2 BB"", ""Pot · 3 BB""]",Pot · 3 BB,raise,300,1790774857725,True,True,True,1790774864086,1790774852457,5268,6361,,False,False
PlMiosUXOX3jddmqtCqgK3g7,WbfrpIVN2aUe-ym9z7w5-bMs,169,2,preflop,2,1,"[{""type"": ""luna_attempt"", ""handOrdinal"": 169, ""decisionOrdinal"": 2, ""street"": ""preflop"", ""visibleLegalButtonLabels"": [""Fold"", ""Call 2 BB"", ""Min · 7 BB"", ""Pot · 15 BB"", ""Jam · 20 BB""], ""attemptedButtonLabel"": ""Fold"", ""attemptedAtMs"": 1790774864086, ""lastRenderedAtMs"": 1790774858068}]","[""Qs"", ""9c""]",[],"[{""name"": ""fold"", ""kind"": ""fold"", ""raiseTo"": null}, {""name"": ""call"", ""kind"": ""call"", ""raiseTo"": null}, {""name"": ""min"", ""kind"": ""raise"", ""raiseTo"": 700}, {""name"": ""pot"", ""kind"": ""raise"", ""raiseTo"": 1500}, {""name"": ""jam"", ""kind"": ""raise"", ""raiseTo"": 2000}]","[""Fold"", ""Call 2 BB"", ""Min · 7 BB"", ""Pot · 15 BB"", ""Jam · 20 BB""]",Fold,fold,,1790774864086,True,True,True,1790774870955,1790774858068,6018,6869,,False,False
PlMiosUXOX3jddmqtCqgK3g7,NUR3V2PsuFsZezlLDajFjwUc,170,1,preflop,1,1,"[{""type"": ""luna_attempt"", ""handOrdinal"": 170, ""decisionOrdinal"": 1, ""street"": ""preflop"", ""visibleLegalButtonLabels"": [""Fold"", ""Call 2 BB"", ""Min · 5 BB"", ""Pot · 9 BB""], ""attemptedButtonLabel"": ""Fold"", ""attemptedAtMs"": 1790774876459, ""lastRenderedAtMs"": 1790774871314}]","[""6d"", ""Qd""]",[],"[{""name"": ""fold"", ""kind"": ""fold"", ""raiseTo"": null}, {""name"": ""call"", ""kind"": ""call"", ""raiseTo"": null}, {""name"": ""min"", ""kind"": ""raise"", ""raiseTo"": 500}, {""name"": ""pot"", ""kind"": ""raise"", ""raiseTo"": 900}]","[""Fold"", ""Call 2 BB"", ""Min · 5 BB"", ""Pot · 9 BB""]",Fold,fold,,1790774876459,True,True,True,1790774882924,1790774871314,5145,6465,,False,False
PlMiosUXOX3jddmqtCqgK3g7,7VNGRdtQtanD30NlgDaXGrhd,171,1,preflop,1,1,"[{""type"": ""luna_attempt"", ""handOrdinal"": 171, ""decisionOrdinal"": 1, ""street"": ""preflop"", ""visibleLegalButtonLabels"": [""Fold"", ""Call 0.50 BB"", ""Min · 2 BB"", ""Pot · 3 BB""], ""attemptedButtonLabel"": ""Pot · 3 BB"", ""attemptedAtMs"": 1790774888200, ""lastRenderedAtMs"": 1790774883222}]","[""Kh"", ""5s""]",[],"[{""name"": ""fold"", ""kind"": ""fold"", ""raiseTo"": null}, {""name"": ""call"", ""kind"": ""call"", ""raiseTo"": null}, {""name"": ""min"", ""kind"": ""raise"", ""raiseTo"": 200}, {""name"": ""pot"", ""kind"": ""raise"", ""raiseTo"": 300}]","[""Fold"", ""Call 0.50 BB"", ""Min · 2 BB"", ""Pot · 3 BB""]",Pot · 3 BB,raise,300,1790774888200,True,True,True,1790774893121,1790774883222,4978,4921,,False,False
PlMiosUXOX3jddmqtCqgK3g7,pFdj5rao_ffjlao58OBUHPIa,172,1,preflop,1,1,"[{""type"": ""luna_attempt"", ""handOrdinal"": 172, ""decisionOrdinal"": 1, ""street"": ""preflop"", ""visibleLegalButtonLabels"": [""Fold"", ""Call 2 BB"", ""Min · 5 BB"", ""Pot · 9 BB""], ""attemptedButtonLabel"": ""Fold"", ""attemptedAtMs"": 1790774899744, ""lastRenderedAtMs"": 1790774893423}]","[""3s"", ""Td""]",[],"[{""name"": ""fold"", ""kind"": ""fold"", ""raiseTo"": null}, {""name"": ""call"", ""kind"": ""call"", ""raiseTo"": null}, {""name"": ""min"", ""kind"": ""raise"", ""raiseTo"": 500}, {""name"": ""pot"", ""kind"": ""raise"", ""raiseTo"": 900}]","[""Fold"", ""Call 2 BB"", ""Min · 5 BB"", ""Pot · 9 BB""]",Fold,fold,,1790774899744,True,True,True,1790774904709,1790774893423,6321,4965,,False,False
PlMiosUXOX3jddmqtCqgK3g7,I0InbAZyYwQ3k9lLqVPO1csx,173,1,preflop,1,1,"[{""type"": ""luna_attempt"", ""handOrdinal"": 173, ""decisionOrdinal"": 1, ""street"": ""preflop"", ""visibleLegalButtonLabels"": [""Fold"", ""Call 0.50 BB"", ""Min · 2 BB"", ""Pot · 3 BB""], ""attemptedButtonLabel"": ""Pot · 3 BB"", ""attemptedAtMs"": 1790774910221, ""lastRenderedAtMs"": 1790774905068}]","[""3s"", ""Qd""]",[],"[{""name"": ""fold"", ""kind"": ""fold"", ""raiseTo"": null}, {""name"": ""call"", ""kind"": ""call"", ""raiseTo"": null}, {""name"": ""min"", ""kind"": ""raise"", ""raiseTo"": 200}, {""name"": ""pot"", ""kind"": ""raise"", ""raiseTo"": 300}]","[""Fold"", ""Call 0.50 BB"", ""Min · 2 BB"", ""Pot · 3 BB""]",Pot · 3 BB,raise,300,1790774910221,True,True,True,1790774916006,1790774905068,5153,5785,,False,False
PlMiosUXOX3jddmqtCqgK3g7,I0InbAZyYwQ3k9lLqVPO1csx,173,2,preflop,2,1,"[{""type"": ""luna_attempt"", ""handOrdinal"": 173, ""decisionOrdinal"": 2, ""street"": ""preflop"", ""visibleLegalButtonLabels"": [""Fold"", ""Call 2 BB"", ""Min · 7 BB"", ""Pot · 15 BB"", ""Jam · 20 BB""], ""attemptedButtonLabel"": ""Fold"", ""attemptedAtMs"": 1790774916006, ""lastRenderedAtMs"": 1790774910922}]","[""3s"", ""Qd""]",[],"[{""name"": ""fold"", ""kind"": ""fold"", ""raiseTo"": null}, {""name"": ""call"", ""kind"": ""call"", ""raiseTo"": null}, {""name"": ""min"", ""kind"": ""raise"", ""raiseTo"": 700}, {""name"": ""pot"", ""kind"": ""raise"", ""raiseTo"": 1500}, {""name"": ""jam"", ""kind"": ""raise"", ""raiseTo"": 2000}]","[""Fold"", ""Call 2 BB"", ""Min · 7 BB"", ""Pot · 15 BB"", ""Jam · 20 BB""]",Fold,fold,,1790774916006,True,True,True,1790774923304,1790774910922,5084,7298,,False,False
PlMiosUXOX3jddmqtCqgK3g7,YiY4XQlOk5Gg9rUBaE2fRuVr,174,1,preflop,1,1,"[{""type"": ""luna_attempt"", ""handOrdinal"": 174, ""decisionOrdinal"": 1, ""street"": ""preflop"", ""visibleLegalButtonLabels"": [""check"", ""Min · 2 BB"", ""Pot · 3 BB""], ""attemptedButtonLabel"": ""check"", ""attemptedAtMs"": 1790774928882, ""lastRenderedAtMs"": 1790774923784}]","[""4c"", ""8d""]",[],"[{""name"": ""check"", ""kind"": ""check"", ""raiseTo"": null}, {""name"": ""min"", ""kind"": ""raise"", ""raiseTo"": 200}, {""name"": ""pot"", ""kind"": ""raise"", ""raiseTo"": 300}]","[""check"", ""Min · 2 BB"", ""Pot · 3 BB""]",check,check,,1790774928882,True,True,True,1790774935530,1790774923784,5098,6648,,False,False
PlMiosUXOX3jddmqtCqgK3g7,YiY4XQlOk5Gg9rUBaE2fRuVr,174,2,flop,2,1,"[{""type"": ""luna_attempt"", ""handOrdinal"": 174, ""decisionOrdinal"": 2, ""street"": ""flop"", ""visibleLegalButtonLabels"": [""check"", ""Min · 1 BB"", ""Pot · 2 BB""], ""attemptedButtonLabel"": ""check"", ""attemptedAtMs"": 1790774935530, ""lastRenderedAtMs"": 1790774929565}]","[""4c"", ""8d""]","[""Kh"", ""Ac"", ""4d""]","[{""name"": ""check"", ""kind"": ""check"", ""raiseTo"": null}, {""name"": ""min"", ""kind"": ""raise"", ""raiseTo"": 100}, {""name"": ""pot"", ""kind"": ""raise"", ""raiseTo"": 200}]","[""check"", ""Min · 1 BB"", ""Pot · 2 BB""]",check,check,,1790774935530,True,True,True,1790774941341,1790774929565,5965,5811,,False,False
PlMiosUXOX3jddmqtCqgK3g7,YiY4XQlOk5Gg9rUBaE2fRuVr,174,3,turn,3,1,"[{""type"": ""luna_attempt"", ""handOrdinal"": 174, ""decisionOrdinal"": 3, ""street"": ""turn"", ""visibleLegalButtonLabels"": [""check"", ""Min · 1 BB"", ""Pot · 2 BB""], ""attemptedButtonLabel"": ""check"", ""attemptedAtMs"": 1790774941341, ""lastRenderedAtMs"": 1790774935931}]","[""4c"", ""8d""]","[""Kh"", ""Ac"", ""4d"", ""7s""]","[{""name"": ""check"", ""kind"": ""check"", ""raiseTo"": null}, {""name"": ""min"", ""kind"": ""raise"", ""raiseTo"": 100}, {""name"": ""pot"", ""kind"": ""raise"", ""raiseTo"": 200}]","[""check"", ""Min · 1 BB"", ""Pot · 2 BB""]",check,check,,1790774941341,True,True,True,1790774947987,1790774935931,5410,6646,,False,False
PlMiosUXOX3jddmqtCqgK3g7,YiY4XQlOk5Gg9rUBaE2fRuVr,174,4,river,4,1,"[{""type"": ""luna_attempt"", ""handOrdinal"": 174, ""decisionOrdinal"": 4, ""street"": ""river"", ""visibleLegalButtonLabels"": [""check"", ""Min · 1 BB"", ""Pot · 2 BB""], ""attemptedButtonLabel"": ""check"", ""attemptedAtMs"": 1790774947987, ""lastRenderedAtMs"": 1790774942586}]","[""4c"", ""8d""]","[""Kh"", ""Ac"", ""4d"", ""7s"", ""9c""]","[{""name"": ""check"", ""kind"": ""check"", ""raiseTo"": null}, {""name"": ""min"", ""kind"": ""raise"", ""raiseTo"": 100}, {""name"": ""pot"", ""kind"": ""raise"", ""raiseTo"": 200}]","[""check"", ""Min · 1 BB"", ""Pot · 2 BB""]",check,check,,1790774947987,True,True,True,1790774954122,1790774942586,5401,6135,,False,False
PlMiosUXOX3jddmqtCqgK3g7,YiY4XQlOk5Gg9rUBaE2fRuVr,174,5,river,5,1,"[{""type"": ""luna_attempt"", ""handOrdinal"": 174, ""decisionOrdinal"": 5, ""street"": ""river"", ""visibleLegalButtonLabels"": [""Fold"", ""Call 2 BB"", ""Min · 4 BB"", ""Pot · 8 BB""], ""attemptedButtonLabel"": ""Fold"", ""attemptedAtMs"": 1790774954122, ""lastRenderedAtMs"": 1790774948286}]","[""4c"", ""8d""]","[""Kh"", ""Ac"", ""4d"", ""7s"", ""9c""]","[{""name"": ""fold"", ""kind"": ""fold"", ""raiseTo"": null}, {""name"": ""call"", ""kind"": ""call"", ""raiseTo"": null}, {""name"": ""min"", ""kind"": ""raise"", ""raiseTo"": 400}, {""name"": ""pot"", ""kind"": ""raise"", ""raiseTo"": 800}]","[""Fold"", ""Call 2 BB"", ""Min · 4 BB"", ""Pot · 8 BB""]",Fold,fold,,1790774954122,True,True,True,1790774961484,1790774948286,5836,7362,,False,False
PlMiosUXOX3jddmqtCqgK3g7,7-rAbfz5Bxh0rGqBcyRFMeXF,175,1,preflop,1,1,"[{""type"": ""luna_attempt"", ""handOrdinal"": 175, ""decisionOrdinal"": 1, ""street"": ""preflop"", ""visibleLegalButtonLabels"": [""Fold"", ""Call 0.50 BB"", ""Min · 2 BB"", ""Pot · 3 BB""], ""attemptedButtonLabel"": ""Pot · 3 BB"", ""attemptedAtMs"": 1790774968102, ""lastRenderedAtMs"": 1790774961807}]","[""7c"", ""Tc""]",[],"[{""name"": ""fold"", ""kind"": ""fold"", ""raiseTo"": null}, {""name"": ""call"", ""kind"": ""call"", ""raiseTo"": null}, {""name"": ""min"", ""kind"": ""raise"", ""raiseTo"": 200}, {""name"": ""pot"", ""kind"": ""raise"", ""raiseTo"": 300}]","[""Fold"", ""Call 0.50 BB"", ""Min · 2 BB"", ""Pot · 3 BB""]",Pot · 3 BB,raise,300,1790774968102,True,True,True,1790774973199,1790774961807,6295,5097,,False,False
PlMiosUXOX3jddmqtCqgK3g7,04ivz2cH1hfYkSarIqTPcEo_,177,1,preflop,1,1,"[{""type"": ""luna_attempt"", ""handOrdinal"": 177, ""decisionOrdinal"": 1, ""street"": ""preflop"", ""visibleLegalButtonLabels"": [""Fold"", ""Call 0.50 BB"", ""Min · 2 BB"", ""Pot · 3 BB""], ""attemptedButtonLabel"": ""Fold"", ""attemptedAtMs"": 1790774987327, ""lastRenderedAtMs"": 1790774979767}]","[""9d"", ""2s""]",[],"[{""name"": ""fold"", ""kind"": ""fold"", ""raiseTo"": null}, {""name"": ""call"", ""kind"": ""call"", ""raiseTo"": null}, {""name"": ""min"", ""kind"": ""raise"", ""raiseTo"": 200}, {""name"": ""pot"", ""kind"": ""raise"", ""raiseTo"": 300}]","[""Fold"", ""Call 0.50 BB"", ""Min · 2 BB"", ""Pot · 3 BB""]",Fold,fold,,1790774987327,True,True,True,1790774992566,1790774979767,7560,5239,,False,False
PlMiosUXOX3jddmqtCqgK3g7,cXk89B9JVeLy25PP2423I8KT,178,1,preflop,1,1,"[{""type"": ""luna_attempt"", ""handOrdinal"": 178, ""decisionOrdinal"": 1, ""street"": ""preflop"", ""visibleLegalButtonLabels"": [""Fold"", ""Call 1 BB"", ""Min · 3 BB"", ""Pot · 6 BB""], ""attemptedButtonLabel"": ""Fold"", ""attemptedAtMs"": 1790774998165, ""lastRenderedAtMs"": 1790774992781}]","[""3c"", ""4d""]",[],"[{""name"": ""fold"", ""kind"": ""fold"", ""raiseTo"": null}, {""name"": ""call"", ""kind"": ""call"", ""raiseTo"": null}, {""name"": ""min"", ""kind"": ""raise"", ""raiseTo"": 300}, {""name"": ""pot"", ""kind"": ""raise"", ""raiseTo"": 600}]","[""Fold"", ""Call 1 BB"", ""Min · 3 BB"", ""Pot · 6 BB""]",Fold,fold,,1790774998165,True,True,True,1790775003151,1790774992781,5384,4986,,False,False
PlMiosUXOX3jddmqtCqgK3g7,OskOOQGjjpe1iocLX1ZKM1Pg,179,1,preflop,1,1,"[{""type"": ""luna_attempt"", ""handOrdinal"": 179, ""decisionOrdinal"": 1, ""street"": ""preflop"", ""visibleLegalButtonLabels"": [""Fold"", ""Call 0.50 BB"", ""Min · 2 BB"", ""Pot · 3 BB""], ""attemptedButtonLabel"": ""Pot · 3 BB"", ""attemptedAtMs"": 1790775008469, ""lastRenderedAtMs"": 1790775003403}]","[""Kh"", ""Th""]",[],"[{""name"": ""fold"", ""kind"": ""fold"", ""raiseTo"": null}, {""name"": ""call"", ""kind"": ""call"", ""raiseTo"": null}, {""name"": ""min"", ""kind"": ""raise"", ""raiseTo"": 200}, {""name"": ""pot"", ""kind"": ""raise"", ""raiseTo"": 300}]","[""Fold"", ""Call 0.50 BB"", ""Min · 2 BB"", ""Pot · 3 BB""]",Pot · 3 BB,raise,300,1790775008469,True,True,True,1790775016521,1790775003403,5066,8052,,False,False
PlMiosUXOX3jddmqtCqgK3g7,44tAzGrZbmD4iY7VUHxpmVBu,181,1,preflop,1,1,"[{""type"": ""luna_attempt"", ""handOrdinal"": 181, ""decisionOrdinal"": 1, ""street"": ""preflop"", ""visibleLegalButtonLabels"": [""Fold"", ""Call 0.50 BB"", ""Min · 2 BB"", ""Pot · 3 BB""], ""attemptedButtonLabel"": ""Pot · 3 BB"", ""attemptedAtMs"": 1790775028927, ""lastRenderedAtMs"": 1790775023619}]","[""7s"", ""5s""]",[],"[{""name"": ""fold"", ""kind"": ""fold"", ""raiseTo"": null}, {""name"": ""call"", ""kind"": ""call"", ""raiseTo"": null}, {""name"": ""min"", ""kind"": ""raise"", ""raiseTo"": 200}, {""name"": ""pot"", ""kind"": ""raise"", ""raiseTo"": 300}]","[""Fold"", ""Call 0.50 BB"", ""Min · 2 BB"", ""Pot · 3 BB""]",Pot · 3 BB,raise,300,1790775028927,True,True,True,1790775036710,1790775023619,5308,7783,,False,False
PlMiosUXOX3jddmqtCqgK3g7,44tAzGrZbmD4iY7VUHxpmVBu,181,2,flop,2,1,"[{""type"": ""luna_attempt"", ""handOrdinal"": 181, ""decisionOrdinal"": 2, ""street"": ""flop"", ""visibleLegalButtonLabels"": [""check"", ""Min · 1 BB"", ""Pot · 6 BB""], ""attemptedButtonLabel"": ""Min · 1 BB"", ""attemptedAtMs"": 1790775036710, ""lastRenderedAtMs"": 1790775029803}]","[""7s"", ""5s""]","[""5c"", ""9s"", ""8s""]","[{""name"": ""check"", ""kind"": ""check"", ""raiseTo"": null}, {""name"": ""min"", ""kind"": ""raise"", ""raiseTo"": 100}, {""name"": ""pot"", ""kind"": ""raise"", ""raiseTo"": 600}]","[""check"", ""Min · 1 BB"", ""Pot · 6 BB""]",Min · 1 BB,raise,100,1790775036710,True,True,True,1790775042190,1790775029803,6907,5480,,False,False
PlMiosUXOX3jddmqtCqgK3g7,xTpoHNFhR4IIwp2OcYt78hAE,183,1,preflop,1,1,"[{""type"": ""luna_attempt"", ""handOrdinal"": 183, ""decisionOrdinal"": 1, ""street"": ""preflop"", ""visibleLegalButtonLabels"": [""Fold"", ""Call 0.50 BB"", ""Min · 2 BB"", ""Pot · 3 BB""], ""attemptedButtonLabel"": ""Fold"", ""attemptedAtMs"": 1790775055003, ""lastRenderedAtMs"": 1790775049103}]","[""3h"", ""8d""]",[],"[{""name"": ""fold"", ""kind"": ""fold"", ""raiseTo"": null}, {""name"": ""call"", ""kind"": ""call"", ""raiseTo"": null}, {""name"": ""min"", ""kind"": ""raise"", ""raiseTo"": 200}, {""name"": ""pot"", ""kind"": ""raise"", ""raiseTo"": 300}]","[""Fold"", ""Call 0.50 BB"", ""Min · 2 BB"", ""Pot · 3 BB""]",Fold,fold,,1790775055003,True,True,True,1790775060558,1790775049103,5900,5555,,False,False
PlMiosUXOX3jddmqtCqgK3g7,4hs5Uc7DqZs7v3A3kdD0GzgT,184,1,preflop,1,1,"[{""type"": ""luna_attempt"", ""handOrdinal"": 184, ""decisionOrdinal"": 1, ""street"": ""preflop"", ""visibleLegalButtonLabels"": [""Fold"", ""Call 1 BB"", ""Min · 3 BB"", ""Pot · 6 BB""], ""attemptedButtonLabel"": ""Call 1 BB"", ""attemptedAtMs"": 1790775066430, ""lastRenderedAtMs"": 1790775060833}]","[""Kc"", ""Th""]",[],"[{""name"": ""fold"", ""kind"": ""fold"", ""raiseTo"": null}, {""name"": ""call"", ""kind"": ""call"", ""raiseTo"": null}, {""name"": ""min"", ""kind"": ""raise"", ""raiseTo"": 300}, {""name"": ""pot"", ""kind"": ""raise"", ""raiseTo"": 600}]","[""Fold"", ""Call 1 BB"", ""Min · 3 BB"", ""Pot · 6 BB""]",Call 1 BB,call,,1790775066430,True,True,True,1790775071900,1790775060833,5597,5470,,False,False
PlMiosUXOX3jddmqtCqgK3g7,4hs5Uc7DqZs7v3A3kdD0GzgT,184,2,flop,2,1,"[{""type"": ""luna_attempt"", ""handOrdinal"": 184, ""decisionOrdinal"": 2, ""street"": ""flop"", ""visibleLegalButtonLabels"": [""check"", ""Min · 1 BB"", ""Pot · 4 BB""], ""attemptedButtonLabel"": ""check"", ""attemptedAtMs"": 1790775071900, ""lastRenderedAtMs"": 1790775066679}]","[""Kc"", ""Th""]","[""3h"", ""8h"", ""8c""]","[{""name"": ""check"", ""kind"": ""check"", ""raiseTo"": null}, {""name"": ""min"", ""kind"": ""raise"", ""raiseTo"": 100}, {""name"": ""pot"", ""kind"": ""raise"", ""raiseTo"": 400}]","[""check"", ""Min · 1 BB"", ""Pot · 4 BB""]",check,check,,1790775071900,True,True,True,1790775077860,1790775066679,5221,5960,,False,False
PlMiosUXOX3jddmqtCqgK3g7,4hs5Uc7DqZs7v3A3kdD0GzgT,184,3,turn,3,1,"[{""type"": ""luna_attempt"", ""handOrdinal"": 184, ""decisionOrdinal"": 3, ""street"": ""turn"", ""visibleLegalButtonLabels"": [""check"", ""Min · 1 BB"", ""Pot · 4 BB""], ""attemptedButtonLabel"": ""check"", ""attemptedAtMs"": 1790775077860, ""lastRenderedAtMs"": 1790775072181}]","[""Kc"", ""Th""]","[""3h"", ""8h"", ""8c"", ""6s""]","[{""name"": ""check"", ""kind"": ""check"", ""raiseTo"": null}, {""name"": ""min"", ""kind"": ""raise"", ""raiseTo"": 100}, {""name"": ""pot"", ""kind"": ""raise"", ""raiseTo"": 400}]","[""check"", ""Min · 1 BB"", ""Pot · 4 BB""]",check,check,,1790775077860,True,True,True,1790775084095,1790775072181,5679,6235,,False,False
PlMiosUXOX3jddmqtCqgK3g7,4hs5Uc7DqZs7v3A3kdD0GzgT,184,4,turn,4,1,"[{""type"": ""luna_attempt"", ""handOrdinal"": 184, ""decisionOrdinal"": 4, ""street"": ""turn"", ""visibleLegalButtonLabels"": [""Fold"", ""Call 1 BB"", ""Min · 2 BB"", ""Pot · 7 BB""], ""attemptedButtonLabel"": ""Call 1 BB"", ""attemptedAtMs"": 1790775084095, ""lastRenderedAtMs"": 1790775078142}]","[""Kc"", ""Th""]","[""3h"", ""8h"", ""8c"", ""6s""]","[{""name"": ""fold"", ""kind"": ""fold"", ""raiseTo"": null}, {""name"": ""call"", ""kind"": ""call"", ""raiseTo"": null}, {""name"": ""min"", ""kind"": ""raise"", ""raiseTo"": 200}, {""name"": ""pot"", ""kind"": ""raise"", ""raiseTo"": 700}]","[""Fold"", ""Call 1 BB"", ""Min · 2 BB"", ""Pot · 7 BB""]",Call 1 BB,call,,1790775084095,True,True,True,1790775091589,1790775078142,5953,7494,,False,False
PlMiosUXOX3jddmqtCqgK3g7,4hs5Uc7DqZs7v3A3kdD0GzgT,184,5,river,5,1,"[{""type"": ""luna_attempt"", ""handOrdinal"": 184, ""decisionOrdinal"": 5, ""street"": ""river"", ""visibleLegalButtonLabels"": [""check"", ""Min · 1 BB"", ""Pot · 6 BB""], ""attemptedButtonLabel"": ""Min · 1 BB"", ""attemptedAtMs"": 1790775091589, ""lastRenderedAtMs"": 1790775084484}]","[""Kc"", ""Th""]","[""3h"", ""8h"", ""8c"", ""6s"", ""Ts""]","[{""name"": ""check"", ""kind"": ""check"", ""raiseTo"": null}, {""name"": ""min"", ""kind"": ""raise"", ""raiseTo"": 100}, {""name"": ""pot"", ""kind"": ""raise"", ""raiseTo"": 600}]","[""check"", ""Min · 1 BB"", ""Pot · 6 BB""]",Min · 1 BB,raise,100,1790775091589,True,True,True,1790775096892,1790775084484,7105,5303,,False,False
PlMiosUXOX3jddmqtCqgK3g7,TBSYxL6lpNRKnHmp7RSObqJF,185,1,preflop,1,1,"[{""type"": ""luna_attempt"", ""handOrdinal"": 185, ""decisionOrdinal"": 1, ""street"": ""preflop"", ""visibleLegalButtonLabels"": [""Fold"", ""Call 0.50 BB"", ""Min · 2 BB"", ""Pot · 3 BB""], ""attemptedButtonLabel"": ""Pot · 3 BB"", ""attemptedAtMs"": 1790775102207, ""lastRenderedAtMs"": 1790775097193}]","[""Qc"", ""Qs""]",[],"[{""name"": ""fold"", ""kind"": ""fold"", ""raiseTo"": null}, {""name"": ""call"", ""kind"": ""call"", ""raiseTo"": null}, {""name"": ""min"", ""kind"": ""raise"", ""raiseTo"": 200}, {""name"": ""pot"", ""kind"": ""raise"", ""raiseTo"": 300}]","[""Fold"", ""Call 0.50 BB"", ""Min · 2 BB"", ""Pot · 3 BB""]",Pot · 3 BB,raise,300,1790775102207,True,True,True,1790775108394,1790775097193,5014,6187,,False,False
PlMiosUXOX3jddmqtCqgK3g7,TBSYxL6lpNRKnHmp7RSObqJF,185,2,flop,2,1,"[{""type"": ""luna_attempt"", ""handOrdinal"": 185, ""decisionOrdinal"": 2, ""street"": ""flop"", ""visibleLegalButtonLabels"": [""check"", ""Min · 1 BB"", ""Pot · 6 BB""], ""attemptedButtonLabel"": ""Min · 1 BB"", ""attemptedAtMs"": 1790775108394, ""lastRenderedAtMs"": 1790775102502}]","[""Qc"", ""Qs""]","[""9c"", ""4d"", ""Jh""]","[{""name"": ""check"", ""kind"": ""check"", ""raiseTo"": null}, {""name"": ""min"", ""kind"": ""raise"", ""raiseTo"": 100}, {""name"": ""pot"", ""kind"": ""raise"", ""raiseTo"": 600}]","[""check"", ""Min · 1 BB"", ""Pot · 6 BB""]",Min · 1 BB,raise,100,1790775108394,True,True,True,1790775115114,1790775102502,5892,6720,,False,False
PlMiosUXOX3jddmqtCqgK3g7,TBSYxL6lpNRKnHmp7RSObqJF,185,3,turn,3,1,"[{""type"": ""luna_attempt"", ""handOrdinal"": 185, ""decisionOrdinal"": 3, ""street"": ""turn"", ""visibleLegalButtonLabels"": [""check"", ""Min · 1 BB"", ""Pot · 8 BB"", ""Jam · 16 BB""], ""attemptedButtonLabel"": ""Min · 1 BB"", ""attemptedAtMs"": 1790775115114, ""lastRenderedAtMs"": 1790775108766}]","[""Qc"", ""Qs""]","[""9c"", ""4d"", ""Jh"", ""4h""]","[{""name"": ""check"", ""kind"": ""check"", ""raiseTo"": null}, {""name"": ""min"", ""kind"": ""raise"", ""raiseTo"": 100}, {""name"": ""pot"", ""kind"": ""raise"", ""raiseTo"": 800}, {""name"": ""jam"", ""kind"": ""raise"", ""raiseTo"": 1600}]","[""check"", ""Min · 1 BB"", ""Pot · 8 BB"", ""Jam · 16 BB""]",Min · 1 BB,raise,100,1790775115114,True,True,True,1790775121090,1790775108766,6348,5976,,False,False
PlMiosUXOX3jddmqtCqgK3g7,TBSYxL6lpNRKnHmp7RSObqJF,185,4,turn,4,1,"[{""type"": ""luna_attempt"", ""handOrdinal"": 185, ""decisionOrdinal"": 4, ""street"": ""turn"", ""visibleLegalButtonLabels"": [""Fold"", ""Call 1 BB"", ""Min · 3 BB"", ""Pot · 14 BB"", ""Jam · 16 BB""], ""attemptedButtonLabel"": ""Call 1 BB"", ""attemptedAtMs"": 1790775121090, ""lastRenderedAtMs"": 1790775115423}]","[""Qc"", ""Qs""]","[""9c"", ""4d"", ""Jh"", ""4h""]","[{""name"": ""fold"", ""kind"": ""fold"", ""raiseTo"": null}, {""name"": ""call"", ""kind"": ""call"", ""raiseTo"": null}, {""name"": ""min"", ""kind"": ""raise"", ""raiseTo"": 300}, {""name"": ""pot"", ""kind"": ""raise"", ""raiseTo"": 1400}, {""name"": ""jam"", ""kind"": ""raise"", ""raiseTo"": 1600}]","[""Fold"", ""Call 1 BB"", ""Min · 3 BB"", ""Pot · 14 BB"", ""Jam · 16 BB""]",Call 1 BB,call,,1790775121090,True,True,True,1790775127792,1790775115423,5667,6702,,False,False
PlMiosUXOX3jddmqtCqgK3g7,TBSYxL6lpNRKnHmp7RSObqJF,185,5,river,5,1,"[{""type"": ""luna_attempt"", ""handOrdinal"": 185, ""decisionOrdinal"": 5, ""street"": ""river"", ""visibleLegalButtonLabels"": [""Fold"", ""Call 1 BB"", ""Min · 2 BB"", ""Pot · 14 BB"", ""Jam · 16 BB""], ""attemptedButtonLabel"": ""Call 1 BB"", ""attemptedAtMs"": 1790775127792, ""lastRenderedAtMs"": 1790775121354}]","[""Qc"", ""Qs""]","[""9c"", ""4d"", ""Jh"", ""4h"", ""Ah""]","[{""name"": ""fold"", ""kind"": ""fold"", ""raiseTo"": null}, {""name"": ""call"", ""kind"": ""call"", ""raiseTo"": null}, {""name"": ""min"", ""kind"": ""raise"", ""raiseTo"": 200}, {""name"": ""pot"", ""kind"": ""raise"", ""raiseTo"": 1400}]","[""Fold"", ""Call 1 BB"", ""Min · 2 BB"", ""Pot · 14 BB"", ""Jam · 16 BB""]",Call 1 BB,call,,1790775127792,True,True,True,1790775133089,1790775121354,6438,5297,,False,False
PlMiosUXOX3jddmqtCqgK3g7,P334sgTHZzg9uO761ZZtbi7X,186,1,preflop,1,1,"[{""type"": ""luna_attempt"", ""handOrdinal"": 186, ""decisionOrdinal"": 1, ""street"": ""preflop"", ""visibleLegalButtonLabels"": [""check"", ""Min · 2 BB"", ""Pot · 3 BB""], ""attemptedButtonLabel"": ""check"", ""attemptedAtMs"": 1790775138329, ""lastRenderedAtMs"": 1790775133426}]","[""6c"", ""Th""]",[],"[{""name"": ""check"", ""kind"": ""check"", ""raiseTo"": null}, {""name"": ""min"", ""kind"": ""raise"", ""raiseTo"": 200}, {""name"": ""pot"", ""kind"": ""raise"", ""raiseTo"": 300}]","[""check"", ""Min · 2 BB"", ""Pot · 3 BB""]",check,check,,1790775138329,True,True,True,1790775146289,1790775133426,4903,7960,,False,False
PlMiosUXOX3jddmqtCqgK3g7,P334sgTHZzg9uO761ZZtbi7X,186,2,flop,2,1,"[{""type"": ""luna_attempt"", ""handOrdinal"": 186, ""decisionOrdinal"": 2, ""street"": ""flop"", ""visibleLegalButtonLabels"": [""check"", ""Min · 1 BB"", ""Pot · 2 BB""], ""attemptedButtonLabel"": ""check"", ""attemptedAtMs"": 1790775146289, ""lastRenderedAtMs"": 1790775138673}]","[""6c"", ""Th""]","[""8h"", ""Qh"", ""9c""]","[{""name"": ""check"", ""kind"": ""check"", ""raiseTo"": null}, {""name"": ""min"", ""kind"": ""raise"", ""raiseTo"": 100}, {""name"": ""pot"", ""kind"": ""raise"", ""raiseTo"": 200}]","[""check"", ""Min · 1 BB"", ""Pot · 2 BB""]",check,check,,1790775146289,True,True,True,1790775152084,1790775138673,7616,5795,,False,False
PlMiosUXOX3jddmqtCqgK3g7,P334sgTHZzg9uO761ZZtbi7X,186,3,turn,3,1,"[{""type"": ""luna_attempt"", ""handOrdinal"": 186, ""decisionOrdinal"": 3, ""street"": ""turn"", ""visibleLegalButtonLabels"": [""check"", ""Min · 1 BB"", ""Pot · 2 BB""], ""attemptedButtonLabel"": ""check"", ""attemptedAtMs"": 1790775152084, ""lastRenderedAtMs"": 1790775146609}]","[""6c"", ""Th""]","[""8h"", ""Qh"", ""9c"", ""7h""]","[{""name"": ""check"", ""kind"": ""check"", ""raiseTo"": null}, {""name"": ""min"", ""kind"": ""raise"", ""raiseTo"": 100}, {""name"": ""pot"", ""kind"": ""raise"", ""raiseTo"": 200}]","[""check"", ""Min · 1 BB"", ""Pot · 2 BB""]",check,check,,1790775152084,True,True,True,1790775159116,1790775146609,5475,7032,,False,False
PlMiosUXOX3jddmqtCqgK3g7,P334sgTHZzg9uO761ZZtbi7X,186,4,turn,4,1,"[{""type"": ""luna_attempt"", ""handOrdinal"": 186, ""decisionOrdinal"": 4, ""street"": ""turn"", ""visibleLegalButtonLabels"": [""Fold"", ""Call 2 BB"", ""Min · 4 BB"", ""Pot · 8 BB""], ""attemptedButtonLabel"": ""Call 2 BB"", ""attemptedAtMs"": 1790775159116, ""lastRenderedAtMs"": 1790775152368}]","[""6c"", ""Th""]","[""8h"", ""Qh"", ""9c"", ""7h""]","[{""name"": ""fold"", ""kind"": ""fold"", ""raiseTo"": null}, {""name"": ""call"", ""kind"": ""call"", ""raiseTo"": null}, {""name"": ""min"", ""kind"": ""raise"", ""raiseTo"": 400}, {""name"": ""pot"", ""kind"": ""raise"", ""raiseTo"": 800}]","[""Fold"", ""Call 2 BB"", ""Min · 4 BB"", ""Pot · 8 BB""]",Call 2 BB,call,,1790775159116,True,True,True,1790775166981,1790775152368,6748,7865,,False,False
PlMiosUXOX3jddmqtCqgK3g7,P334sgTHZzg9uO761ZZtbi7X,186,5,river,5,1,"[{""type"": ""luna_attempt"", ""handOrdinal"": 186, ""decisionOrdinal"": 5, ""street"": ""river"", ""visibleLegalButtonLabels"": [""check"", ""Min · 1 BB"", ""Pot · 6 BB""], ""attemptedButtonLabel"": ""Pot · 6 BB"", ""attemptedAtMs"": 1790775166981, ""lastRenderedAtMs"": 1790775159498}]","[""6c"", ""Th""]","[""8h"", ""Qh"", ""9c"", ""7h"", ""6h""]","[{""name"": ""check"", ""kind"": ""check"", ""raiseTo"": null}, {""name"": ""min"", ""kind"": ""raise"", ""raiseTo"": 100}, {""name"": ""pot"", ""kind"": ""raise"", ""raiseTo"": 600}]","[""check"", ""Min · 1 BB"", ""Pot · 6 BB""]",Pot · 6 BB,raise,600,1790775166981,True,True,True,1790775181507,1790775159498,7483,14526,,False,False
PlMiosUXOX3jddmqtCqgK3g7,P334sgTHZzg9uO761ZZtbi7X,186,6,river,6,1,"[{""type"": ""luna_attempt"", ""handOrdinal"": 186, ""decisionOrdinal"": 6, ""street"": ""river"", ""visibleLegalButtonLabels"": [""Fold"", ""Call 11 BB""], ""attemptedButtonLabel"": ""Call 11 BB"", ""attemptedAtMs"": 1790775181507, ""lastRenderedAtMs"": 1790775167307}]","[""6c"", ""Th""]","[""8h"", ""Qh"", ""9c"", ""7h"", ""6h""]","[{""name"": ""fold"", ""kind"": ""fold"", ""raiseTo"": null}, {""name"": ""call"", ""kind"": ""call"", ""raiseTo"": null}]","[""Fold"", ""Call 11 BB""]",Call 11 BB,call,,1790775181507,True,True,True,1790775188831,1790775167307,14200,7324,,False,False
PlMiosUXOX3jddmqtCqgK3g7,kVx9zXCGNf9UBPBRvj_UUMsO,187,1,preflop,1,1,"[{""type"": ""luna_attempt"", ""handOrdinal"": 187, ""decisionOrdinal"": 1, ""street"": ""preflop"", ""visibleLegalButtonLabels"": [""Fold"", ""Call 0.50 BB"", ""Min · 2 BB"", ""Pot · 3 BB""], ""attemptedButtonLabel"": ""Pot · 3 BB"", ""attemptedAtMs"": 1790775194467, ""lastRenderedAtMs"": 1790775189123}]","[""Qc"", ""Th""]",[],"[{""name"": ""fold"", ""kind"": ""fold"", ""raiseTo"": null}, {""name"": ""call"", ""kind"": ""call"", ""raiseTo"": null}, {""name"": ""min"", ""kind"": ""raise"", ""raiseTo"": 200}, {""name"": ""pot"", ""kind"": ""raise"", ""raiseTo"": 300}]","[""Fold"", ""Call 0.50 BB"", ""Min · 2 BB"", ""Pot · 3 BB""]",Pot · 3 BB,raise,300,1790775194467,True,True,True,1790775199925,1790775189123,5344,5458,,False,False
PlMiosUXOX3jddmqtCqgK3g7,6dPTUB2xar6p7z0Y2HWwoyL1,188,1,preflop,1,1,"[{""type"": ""luna_attempt"", ""handOrdinal"": 188, ""decisionOrdinal"": 1, ""street"": ""preflop"", ""visibleLegalButtonLabels"": [""Fold"", ""Call 1 BB"", ""Min · 3 BB"", ""Pot · 6 BB""], ""attemptedButtonLabel"": ""Pot · 6 BB"", ""attemptedAtMs"": 1790775205605, ""lastRenderedAtMs"": 1790775200241}]","[""Kh"", ""Ad""]",[],"[{""name"": ""fold"", ""kind"": ""fold"", ""raiseTo"": null}, {""name"": ""call"", ""kind"": ""call"", ""raiseTo"": null}, {""name"": ""min"", ""kind"": ""raise"", ""raiseTo"": 300}, {""name"": ""pot"", ""kind"": ""raise"", ""raiseTo"": 600}]","[""Fold"", ""Call 1 BB"", ""Min · 3 BB"", ""Pot · 6 BB""]",Pot · 6 BB,raise,600,1790775205605,True,True,True,1790775212889,1790775200241,5364,7284,,False,False
PlMiosUXOX3jddmqtCqgK3g7,6dPTUB2xar6p7z0Y2HWwoyL1,188,2,flop,2,1,"[{""type"": ""luna_attempt"", ""handOrdinal"": 188, ""decisionOrdinal"": 2, ""street"": ""flop"", ""visibleLegalButtonLabels"": [""check"", ""Min · 1 BB"", ""Pot · 12 BB"", ""Jam · 14 BB""], ""attemptedButtonLabel"": ""check"", ""attemptedAtMs"": 1790775212889, ""lastRenderedAtMs"": 1790775205876}]","[""Kh"", ""Ad""]","[""9h"", ""Jh"", ""8c""]","[{""name"": ""check"", ""kind"": ""check"", ""raiseTo"": null}, {""name"": ""min"", ""kind"": ""raise"", ""raiseTo"": 100}, {""name"": ""pot"", ""kind"": ""raise"", ""raiseTo"": 1200}, {""name"": ""jam"", ""kind"": ""raise"", ""raiseTo"": 1400}]","[""check"", ""Min · 1 BB"", ""Pot · 12 BB"", ""Jam · 14 BB""]",check,check,,1790775212889,True,True,True,1790775218866,1790775205876,7013,5977,,False,False
PlMiosUXOX3jddmqtCqgK3g7,6dPTUB2xar6p7z0Y2HWwoyL1,188,3,flop,3,1,"[{""type"": ""luna_attempt"", ""handOrdinal"": 188, ""decisionOrdinal"": 3, ""street"": ""flop"", ""visibleLegalButtonLabels"": [""Fold"", ""Call 1 BB"", ""Min · 2 BB"", ""Pot · 14 BB""], ""attemptedButtonLabel"": ""Call 1 BB"", ""attemptedAtMs"": 1790775218866, ""lastRenderedAtMs"": 1790775213170}]","[""Kh"", ""Ad""]","[""9h"", ""Jh"", ""8c""]","[{""name"": ""fold"", ""kind"": ""fold"", ""raiseTo"": null}, {""name"": ""call"", ""kind"": ""call"", ""raiseTo"": null}, {""name"": ""min"", ""kind"": ""raise"", ""raiseTo"": 200}, {""name"": ""pot"", ""kind"": ""raise"", ""raiseTo"": 1400}]","[""Fold"", ""Call 1 BB"", ""Min · 2 BB"", ""Pot · 14 BB""]",Call 1 BB,call,,1790775218866,True,True,True,1790775224816,1790775213170,5696,5950,,False,False
PlMiosUXOX3jddmqtCqgK3g7,6dPTUB2xar6p7z0Y2HWwoyL1,188,4,turn,4,1,"[{""type"": ""luna_attempt"", ""handOrdinal"": 188, ""decisionOrdinal"": 4, ""street"": ""turn"", ""visibleLegalButtonLabels"": [""check"", ""Min · 1 BB"", ""Pot · 14 BB""], ""attemptedButtonLabel"": ""check"", ""attemptedAtMs"": 1790775224816, ""lastRenderedAtMs"": 1790775219143}]","[""Kh"", ""Ad""]","[""9h"", ""Jh"", ""8c"", ""6c""]","[{""name"": ""check"", ""kind"": ""check"", ""raiseTo"": null}, {""name"": ""min"", ""kind"": ""raise"", ""raiseTo"": 100}, {""name"": ""pot"", ""kind"": ""raise"", ""raiseTo"": 1300}]","[""check"", ""Min · 1 BB"", ""Pot · 14 BB""]",check,check,,1790775224816,True,True,True,1790775230264,1790775219143,5673,5448,,False,False
PlMiosUXOX3jddmqtCqgK3g7,6dPTUB2xar6p7z0Y2HWwoyL1,188,5,river,5,1,"[{""type"": ""luna_attempt"", ""handOrdinal"": 188, ""decisionOrdinal"": 5, ""street"": ""river"", ""visibleLegalButtonLabels"": [""check"", ""Min · 1 BB"", ""Pot · 14 BB""], ""attemptedButtonLabel"": ""check"", ""attemptedAtMs"": 1790775230264, ""lastRenderedAtMs"": 1790775225081}]","[""Kh"", ""Ad""]","[""9h"", ""Jh"", ""8c"", ""6c"", ""2c""]","[{""name"": ""check"", ""kind"": ""check"", ""raiseTo"": null}, {""name"": ""min"", ""kind"": ""raise"", ""raiseTo"": 100}, {""name"": ""pot"", ""kind"": ""raise"", ""raiseTo"": 1300}]","[""check"", ""Min · 1 BB"", ""Pot · 14 BB""]",check,check,,1790775230264,True,True,True,1790775237427,1790775225081,5183,7163,,False,False
PlMiosUXOX3jddmqtCqgK3g7,6dPTUB2xar6p7z0Y2HWwoyL1,188,6,river,6,1,"[{""type"": ""luna_attempt"", ""handOrdinal"": 188, ""decisionOrdinal"": 6, ""street"": ""river"", ""visibleLegalButtonLabels"": [""Fold"", ""Call 1 BB"", ""Min · 2 BB"", ""Pot · 13 BB""], ""attemptedButtonLabel"": ""Call 1 BB"", ""attemptedAtMs"": 1790775237427, ""lastRenderedAtMs"": 1790775230529}]","[""Kh"", ""Ad""]","[""9h"", ""Jh"", ""8c"", ""6c"", ""2c""]","[{""name"": ""fold"", ""kind"": ""fold"", ""raiseTo"": null}, {""name"": ""call"", ""kind"": ""call"", ""raiseTo"": null}, {""name"": ""min"", ""kind"": ""raise"", ""raiseTo"": 200}, {""name"": ""pot"", ""kind"": ""raise"", ""raiseTo"": 1300}]","[""Fold"", ""Call 1 BB"", ""Min · 2 BB"", ""Pot · 13 BB""]",Call 1 BB,call,,1790775237427,True,True,True,1790775243852,1790775230529,6898,6425,,False,False
PlMiosUXOX3jddmqtCqgK3g7,oUyx82SPucYmkH2bB3mrY0g-,189,1,preflop,1,1,"[{""type"": ""luna_attempt"", ""handOrdinal"": 189, ""decisionOrdinal"": 1, ""street"": ""preflop"", ""visibleLegalButtonLabels"": [""Fold"", ""Call 0.50 BB"", ""Min · 2 BB"", ""Pot · 3 BB""], ""attemptedButtonLabel"": ""Pot · 3 BB"", ""attemptedAtMs"": 1790775249172, ""lastRenderedAtMs"": 1790775244102}]","[""5h"", ""8h""]",[],"[{""name"": ""fold"", ""kind"": ""fold"", ""raiseTo"": null}, {""name"": ""call"", ""kind"": ""call"", ""raiseTo"": null}, {""name"": ""min"", ""kind"": ""raise"", ""raiseTo"": 200}, {""name"": ""pot"", ""kind"": ""raise"", ""raiseTo"": 300}]","[""Fold"", ""Call 0.50 BB"", ""Min · 2 BB"", ""Pot · 3 BB""]",Pot · 3 BB,raise,300,1790775249172,True,True,True,1790775254284,1790775244102,5070,5112,,False,False
PlMiosUXOX3jddmqtCqgK3g7,GVoo22vZuB_2NOK1Z91T8tQ1,190,1,preflop,1,1,"[{""type"": ""luna_attempt"", ""handOrdinal"": 190, ""decisionOrdinal"": 1, ""street"": ""preflop"", ""visibleLegalButtonLabels"": [""Fold"", ""Call 2 BB"", ""Min · 5 BB"", ""Pot · 9 BB""], ""attemptedButtonLabel"": ""Fold"", ""attemptedAtMs"": 1790775260067, ""lastRenderedAtMs"": 1790775254558}]","[""8h"", ""6d""]",[],"[{""name"": ""fold"", ""kind"": ""fold"", ""raiseTo"": null}, {""name"": ""call"", ""kind"": ""call"", ""raiseTo"": null}, {""name"": ""min"", ""kind"": ""raise"", ""raiseTo"": 500}, {""name"": ""pot"", ""kind"": ""raise"", ""raiseTo"": 900}]","[""Fold"", ""Call 2 BB"", ""Min · 5 BB"", ""Pot · 9 BB""]",Fold,fold,,1790775260067,True,True,True,1790775266013,1790775254558,5509,5946,,False,False
PlMiosUXOX3jddmqtCqgK3g7,_5h1E7RUWkrOiu4sfTz1fZe8,191,1,preflop,1,1,"[{""type"": ""luna_attempt"", ""handOrdinal"": 191, ""decisionOrdinal"": 1, ""street"": ""preflop"", ""visibleLegalButtonLabels"": [""Fold"", ""Call 0.50 BB"", ""Min · 2 BB"", ""Pot · 3 BB""], ""attemptedButtonLabel"": ""Pot · 3 BB"", ""attemptedAtMs"": 1790775271548, ""lastRenderedAtMs"": 1790775266244}]","[""7h"", ""As""]",[],"[{""name"": ""fold"", ""kind"": ""fold"", ""raiseTo"": null}, {""name"": ""call"", ""kind"": ""call"", ""raiseTo"": null}, {""name"": ""min"", ""kind"": ""raise"", ""raiseTo"": 200}, {""name"": ""pot"", ""kind"": ""raise"", ""raiseTo"": 300}]","[""Fold"", ""Call 0.50 BB"", ""Min · 2 BB"", ""Pot · 3 BB""]",Pot · 3 BB,raise,300,1790775271548,True,True,True,1790775277922,1790775266244,5304,6374,,False,False
PlMiosUXOX3jddmqtCqgK3g7,_5h1E7RUWkrOiu4sfTz1fZe8,191,2,flop,2,1,"[{""type"": ""luna_attempt"", ""handOrdinal"": 191, ""decisionOrdinal"": 2, ""street"": ""flop"", ""visibleLegalButtonLabels"": [""check"", ""Min · 1 BB"", ""Pot · 6 BB""], ""attemptedButtonLabel"": ""check"", ""attemptedAtMs"": 1790775277922, ""lastRenderedAtMs"": 1790775271833}]","[""7h"", ""As""]","[""Jc"", ""9c"", ""4h""]","[{""name"": ""check"", ""kind"": ""check"", ""raiseTo"": null}, {""name"": ""min"", ""kind"": ""raise"", ""raiseTo"": 100}, {""name"": ""pot"", ""kind"": ""raise"", ""raiseTo"": 600}]","[""check"", ""Min · 1 BB"", ""Pot · 6 BB""]",check,check,,1790775277922,True,True,True,1790775285309,1790775271833,6089,7387,,False,False
PlMiosUXOX3jddmqtCqgK3g7,_5h1E7RUWkrOiu4sfTz1fZe8,191,3,turn,3,1,"[{""type"": ""luna_attempt"", ""handOrdinal"": 191, ""decisionOrdinal"": 3, ""street"": ""turn"", ""visibleLegalButtonLabels"": [""check"", ""Min · 1 BB"", ""Pot · 6 BB""], ""attemptedButtonLabel"": ""Min · 1 BB"", ""attemptedAtMs"": 1790775285309, ""lastRenderedAtMs"": 1790775278155}]","[""7h"", ""As""]","[""Jc"", ""9c"", ""4h"", ""3c""]","[{""name"": ""check"", ""kind"": ""check"", ""raiseTo"": null}, {""name"": ""min"", ""kind"": ""raise"", ""raiseTo"": 100}, {""name"": ""pot"", ""kind"": ""raise"", ""raiseTo"": 600}]","[""check"", ""Min · 1 BB"", ""Pot · 6 BB""]",Min · 1 BB,raise,100,1790775285309,True,True,True,1790775291668,1790775278155,7154,6359,,False,False
PlMiosUXOX3jddmqtCqgK3g7,_5h1E7RUWkrOiu4sfTz1fZe8,191,4,river,4,1,"[{""type"": ""luna_attempt"", ""handOrdinal"": 191, ""decisionOrdinal"": 4, ""street"": ""river"", ""visibleLegalButtonLabels"": [""check"", ""Min · 1 BB"", ""Pot · 8 BB"", ""Jam · 16 BB""], ""attemptedButtonLabel"": ""check"", ""attemptedAtMs"": 1790775291668, ""lastRenderedAtMs"": 1790775285533}]","[""7h"", ""As""]","[""Jc"", ""9c"", ""4h"", ""3c"", ""2h""]","[{""name"": ""check"", ""kind"": ""check"", ""raiseTo"": null}, {""name"": ""min"", ""kind"": ""raise"", ""raiseTo"": 100}, {""name"": ""pot"", ""kind"": ""raise"", ""raiseTo"": 800}, {""name"": ""jam"", ""kind"": ""raise"", ""raiseTo"": 1600}]","[""check"", ""Min · 1 BB"", ""Pot · 8 BB"", ""Jam · 16 BB""]",check,check,,1790775291668,True,True,True,1790775297233,1790775285533,6135,5565,,False,False
PlMiosUXOX3jddmqtCqgK3g7,jfBoPo-pUxBSE6S8A8uFm6Nq,192,1,preflop,1,1,"[{""type"": ""luna_attempt"", ""handOrdinal"": 192, ""decisionOrdinal"": 1, ""street"": ""preflop"", ""visibleLegalButtonLabels"": [""Fold"", ""Call 2 BB"", ""Min · 5 BB"", ""Pot · 9 BB""], ""attemptedButtonLabel"": ""Call 2 BB"", ""attemptedAtMs"": 1790775303289, ""lastRenderedAtMs"": 1790775297531}]","[""Tc"", ""Ah""]",[],"[{""name"": ""fold"", ""kind"": ""fold"", ""raiseTo"": null}, {""name"": ""call"", ""kind"": ""call"", ""raiseTo"": null}, {""name"": ""min"", ""kind"": ""raise"", ""raiseTo"": 500}, {""name"": ""pot"", ""kind"": ""raise"", ""raiseTo"": 900}]","[""Fold"", ""Call 2 BB"", ""Min · 5 BB"", ""Pot · 9 BB""]",Call 2 BB,call,,1790775303289,True,True,True,1790775309054,1790775297531,5758,5765,,False,False
PlMiosUXOX3jddmqtCqgK3g7,jfBoPo-pUxBSE6S8A8uFm6Nq,192,2,flop,2,1,"[{""type"": ""luna_attempt"", ""handOrdinal"": 192, ""decisionOrdinal"": 2, ""street"": ""flop"", ""visibleLegalButtonLabels"": [""check"", ""Min · 1 BB"", ""Pot · 6 BB""], ""attemptedButtonLabel"": ""check"", ""attemptedAtMs"": 1790775309054, ""lastRenderedAtMs"": 1790775303566}]","[""Tc"", ""Ah""]","[""6c"", ""5c"", ""9s""]","[{""name"": ""check"", ""kind"": ""check"", ""raiseTo"": null}, {""name"": ""min"", ""kind"": ""raise"", ""raiseTo"": 100}, {""name"": ""pot"", ""kind"": ""raise"", ""raiseTo"": 600}]","[""check"", ""Min · 1 BB"", ""Pot · 6 BB""]",check,check,,1790775309054,True,True,True,1790775314789,1790775303566,5488,5735,,False,False
PlMiosUXOX3jddmqtCqgK3g7,jfBoPo-pUxBSE6S8A8uFm6Nq,192,3,turn,3,1,"[{""type"": ""luna_attempt"", ""handOrdinal"": 192, ""decisionOrdinal"": 3, ""street"": ""turn"", ""visibleLegalButtonLabels"": [""check"", ""Min · 1 BB"", ""Pot · 6 BB""], ""attemptedButtonLabel"": ""check"", ""attemptedAtMs"": 1790775314789, ""lastRenderedAtMs"": 1790775309388}]","[""Tc"", ""Ah""]","[""6c"", ""5c"", ""9s"", ""6s""]","[{""name"": ""check"", ""kind"": ""check"", ""raiseTo"": null}, {""name"": ""min"", ""kind"": ""raise"", ""raiseTo"": 100}, {""name"": ""pot"", ""kind"": ""raise"", ""raiseTo"": 600}]","[""check"", ""Min · 1 BB"", ""Pot · 6 BB""]",check,check,,1790775314789,True,True,True,1790775320713,1790775309388,5401,5924,,False,False
PlMiosUXOX3jddmqtCqgK3g7,jfBoPo-pUxBSE6S8A8uFm6Nq,192,4,turn,4,1,"[{""type"": ""luna_attempt"", ""handOrdinal"": 192, ""decisionOrdinal"": 4, ""street"": ""turn"", ""visibleLegalButtonLabels"": [""Fold"", ""Call 1 BB"", ""Min · 2 BB"", ""Pot · 9 BB"", ""Jam · 17 BB""], ""attemptedButtonLabel"": ""Call 1 BB"", ""attemptedAtMs"": 1790775320713, ""lastRenderedAtMs"": 1790775315112}]","[""Tc"", ""Ah""]","[""6c"", ""5c"", ""9s"", ""6s""]","[{""name"": ""fold"", ""kind"": ""fold"", ""raiseTo"": null}, {""name"": ""call"", ""kind"": ""call"", ""raiseTo"": null}, {""name"": ""min"", ""kind"": ""raise"", ""raiseTo"": 200}, {""name"": ""pot"", ""kind"": ""raise"", ""raiseTo"": 900}, {""name"": ""jam"", ""kind"": ""raise"", ""raiseTo"": 1700}]","[""Fold"", ""Call 1 BB"", ""Min · 2 BB"", ""Pot · 9 BB"", ""Jam · 17 BB""]",Call 1 BB,call,,1790775320713,True,True,True,1790775327575,1790775315112,5601,6862,,False,False
PlMiosUXOX3jddmqtCqgK3g7,jfBoPo-pUxBSE6S8A8uFm6Nq,192,5,river,5,1,"[{""type"": ""luna_attempt"", ""handOrdinal"": 192, ""decisionOrdinal"": 5, ""street"": ""river"", ""visibleLegalButtonLabels"": [""check"", ""Min · 1 BB"", ""Pot · 8 BB"", ""Jam · 16 BB""], ""attemptedButtonLabel"": ""check"", ""attemptedAtMs"": 1790775327575, ""lastRenderedAtMs"": 1790775321080}]","[""Tc"", ""Ah""]","[""6c"", ""5c"", ""9s"", ""6s"", ""7c""]","[{""name"": ""check"", ""kind"": ""check"", ""raiseTo"": null}, {""name"": ""min"", ""kind"": ""raise"", ""raiseTo"": 100}, {""name"": ""pot"", ""kind"": ""raise"", ""raiseTo"": 800}, {""name"": ""jam"", ""kind"": ""raise"", ""raiseTo"": 1600}]","[""check"", ""Min · 1 BB"", ""Pot · 8 BB"", ""Jam · 16 BB""]",check,check,,1790775327575,True,True,True,1790775333312,1790775321080,6495,5737,,False,False
PlMiosUXOX3jddmqtCqgK3g7,jfBoPo-pUxBSE6S8A8uFm6Nq,192,6,river,6,1,"[{""type"": ""luna_attempt"", ""handOrdinal"": 192, ""decisionOrdinal"": 6, ""street"": ""river"", ""visibleLegalButtonLabels"": [""Fold"", ""Call 16 BB""], ""attemptedButtonLabel"": ""Fold"", ""attemptedAtMs"": 1790775333312, ""lastRenderedAtMs"": 1790775327874}]","[""Tc"", ""Ah""]","[""6c"", ""5c"", ""9s"", ""6s"", ""7c""]","[{""name"": ""fold"", ""kind"": ""fold"", ""raiseTo"": null}, {""name"": ""call"", ""kind"": ""call"", ""raiseTo"": null}]","[""Fold"", ""Call 16 BB""]",Fold,fold,,1790775333312,True,True,True,1790776460313,1790775327874,5438,1127001,,False,False
PlMiosUXOX3jddmqtCqgK3g7,vn7o3spYedxo0uCfhVmMvrzc,193,1,preflop,1,1,"[{""type"": ""luna_attempt"", ""handOrdinal"": 193, ""decisionOrdinal"": 1, ""street"": ""preflop"", ""visibleLegalButtonLabels"": [""Fold"", ""Call 0.50 BB"", ""Min · 2 BB"", ""Pot · 3 BB""], ""attemptedButtonLabel"": ""Pot · 3 BB"", ""attemptedAtMs"": 1790776472094, ""lastRenderedAtMs"": 1790776460625}]","[""Js"", ""3d""]",[],"[{""name"": ""fold"", ""kind"": ""fold"", ""raiseTo"": null}, {""name"": ""call"", ""kind"": ""call"", ""raiseTo"": null}, {""name"": ""min"", ""kind"": ""raise"", ""raiseTo"": 200}, {""name"": ""pot"", ""kind"": ""raise"", ""raiseTo"": 300}]","[""Fold"", ""Call 0.50 BB"", ""Min · 2 BB"", ""Pot · 3 BB""]",Pot · 3 BB,raise,300,1790776472094,True,True,True,1790776478422,1790776460625,11469,6328,,False,False
PlMiosUXOX3jddmqtCqgK3g7,vn7o3spYedxo0uCfhVmMvrzc,193,2,preflop,2,1,"[{""type"": ""luna_attempt"", ""handOrdinal"": 193, ""decisionOrdinal"": 2, ""street"": ""preflop"", ""visibleLegalButtonLabels"": [""Fold"", ""Call 2 BB"", ""Min · 7 BB"", ""Pot · 15 BB"", ""Jam · 20 BB""], ""attemptedButtonLabel"": ""Fold"", ""attemptedAtMs"": 1790776478422, ""lastRenderedAtMs"": 1790776472442}]","[""Js"", ""3d""]",[],"[{""name"": ""fold"", ""kind"": ""fold"", ""raiseTo"": null}, {""name"": ""call"", ""kind"": ""call"", ""raiseTo"": null}, {""name"": ""min"", ""kind"": ""raise"", ""raiseTo"": 700}, {""name"": ""pot"", ""kind"": ""raise"", ""raiseTo"": 1500}, {""name"": ""jam"", ""kind"": ""raise"", ""raiseTo"": 2000}]","[""Fold"", ""Call 2 BB"", ""Min · 7 BB"", ""Pot · 15 BB"", ""Jam · 20 BB""]",Fold,fold,,1790776478422,True,True,True,1790776485003,1790776472442,5980,6581,,False,False
PlMiosUXOX3jddmqtCqgK3g7,JBkdiS3gVfZFZrgW9SAnjr2L,194,1,preflop,1,1,"[{""type"": ""luna_attempt"", ""handOrdinal"": 194, ""decisionOrdinal"": 1, ""street"": ""preflop"", ""visibleLegalButtonLabels"": [""check"", ""Min · 2 BB"", ""Pot · 3 BB""], ""attemptedButtonLabel"": ""Pot · 3 BB"", ""attemptedAtMs"": 1790776491585, ""lastRenderedAtMs"": 1790776485302}]","[""Kd"", ""Ts""]",[],"[{""name"": ""check"", ""kind"": ""check"", ""raiseTo"": null}, {""name"": ""min"", ""kind"": ""raise"", ""raiseTo"": 200}, {""name"": ""pot"", ""kind"": ""raise"", ""raiseTo"": 300}]","[""check"", ""Min · 2 BB"", ""Pot · 3 BB""]",Pot · 3 BB,raise,300,1790776491585,True,True,True,1790776498062,1790776485302,6283,6477,,False,False
PlMiosUXOX3jddmqtCqgK3g7,JBkdiS3gVfZFZrgW9SAnjr2L,194,2,flop,2,1,"[{""type"": ""luna_attempt"", ""handOrdinal"": 194, ""decisionOrdinal"": 2, ""street"": ""flop"", ""visibleLegalButtonLabels"": [""check"", ""Min · 1 BB"", ""Pot · 6 BB""], ""attemptedButtonLabel"": ""check"", ""attemptedAtMs"": 1790776498062, ""lastRenderedAtMs"": 1790776491970}]","[""Kd"", ""Ts""]","[""4c"", ""6s"", ""Ac""]","[{""name"": ""check"", ""kind"": ""check"", ""raiseTo"": null}, {""name"": ""min"", ""kind"": ""raise"", ""raiseTo"": 100}, {""name"": ""pot"", ""kind"": ""raise"", ""raiseTo"": 600}]","[""check"", ""Min · 1 BB"", ""Pot · 6 BB""]",check,check,,1790776498062,True,True,True,1790776504559,1790776491970,6092,6497,,False,False
PlMiosUXOX3jddmqtCqgK3g7,JBkdiS3gVfZFZrgW9SAnjr2L,194,3,turn,3,1,"[{""type"": ""luna_attempt"", ""handOrdinal"": 194, ""decisionOrdinal"": 3, ""street"": ""turn"", ""visibleLegalButtonLabels"": [""check"", ""Min · 1 BB"", ""Pot · 6 BB""], ""attemptedButtonLabel"": ""Min · 1 BB"", ""attemptedAtMs"": 1790776504559, ""lastRenderedAtMs"": 1790776498434}]","[""Kd"", ""Ts""]","[""4c"", ""6s"", ""Ac"", ""3h""]","[{""name"": ""check"", ""kind"": ""check"", ""raiseTo"": null}, {""name"": ""min"", ""kind"": ""raise"", ""raiseTo"": 100}, {""name"": ""pot"", ""kind"": ""raise"", ""raiseTo"": 600}]","[""check"", ""Min · 1 BB"", ""Pot · 6 BB""]",Min · 1 BB,raise,100,1790776504559,True,True,True,1790776510849,1790776498434,6125,6290,,False,False
PlMiosUXOX3jddmqtCqgK3g7,JBkdiS3gVfZFZrgW9SAnjr2L,194,4,turn,4,1,"[{""type"": ""luna_attempt"", ""handOrdinal"": 194, ""decisionOrdinal"": 4, ""street"": ""turn"", ""visibleLegalButtonLabels"": [""Fold"", ""Call 8 BB"", ""Min · 17 BB""], ""attemptedButtonLabel"": ""Fold"", ""attemptedAtMs"": 1790776510849, ""lastRenderedAtMs"": 1790776504839}]","[""Kd"", ""Ts""]","[""4c"", ""6s"", ""Ac"", ""3h""]","[{""name"": ""fold"", ""kind"": ""fold"", ""raiseTo"": null}, {""name"": ""call"", ""kind"": ""call"", ""raiseTo"": null}, {""name"": ""min"", ""kind"": ""raise"", ""raiseTo"": 1700}]","[""Fold"", ""Call 8 BB"", ""Min · 17 BB""]",Fold,fold,,1790776510849,True,True,True,1790776518302,1790776504839,6010,7453,,False,False
PlMiosUXOX3jddmqtCqgK3g7,ifpjAoWTbvRXNE02_Bzh22Ip,195,1,preflop,1,1,"[{""type"": ""luna_attempt"", ""handOrdinal"": 195, ""decisionOrdinal"": 1, ""street"": ""preflop"", ""visibleLegalButtonLabels"": [""Fold"", ""Call 0.50 BB"", ""Min · 2 BB"", ""Pot · 3 BB""], ""attemptedButtonLabel"": ""Pot · 3 BB"", ""attemptedAtMs"": 1790776526561, ""lastRenderedAtMs"": 1790776518675}]","[""Jc"", ""Ah""]",[],"[{""name"": ""fold"", ""kind"": ""fold"", ""raiseTo"": null}, {""name"": ""call"", ""kind"": ""call"", ""raiseTo"": null}, {""name"": ""min"", ""kind"": ""raise"", ""raiseTo"": 200}, {""name"": ""pot"", ""kind"": ""raise"", ""raiseTo"": 300}]","[""Fold"", ""Call 0.50 BB"", ""Min · 2 BB"", ""Pot · 3 BB""]",Pot · 3 BB,raise,300,1790776526561,True,True,True,1790776534725,1790776518675,7886,8164,,False,False
PlMiosUXOX3jddmqtCqgK3g7,ifpjAoWTbvRXNE02_Bzh22Ip,195,2,flop,2,1,"[{""type"": ""luna_attempt"", ""handOrdinal"": 195, ""decisionOrdinal"": 2, ""street"": ""flop"", ""visibleLegalButtonLabels"": [""check"", ""Min · 1 BB"", ""Pot · 6 BB""], ""attemptedButtonLabel"": ""Min · 1 BB"", ""attemptedAtMs"": 1790776534725, ""lastRenderedAtMs"": 1790776526862}]","[""Jc"", ""Ah""]","[""3d"", ""Qc"", ""3h""]","[{""name"": ""check"", ""kind"": ""check"", ""raiseTo"": null}, {""name"": ""min"", ""kind"": ""raise"", ""raiseTo"": 100}, {""name"": ""pot"", ""kind"": ""raise"", ""raiseTo"": 600}]","[""check"", ""Min · 1 BB"", ""Pot · 6 BB""]",Min · 1 BB,raise,100,1790776534725,True,True,True,1790776540420,1790776526862,7863,5695,,False,False
PlMiosUXOX3jddmqtCqgK3g7,0pxbwB9632SmCxHIqwqY9fzZ,196,1,preflop,1,1,"[{""type"": ""luna_attempt"", ""handOrdinal"": 196, ""decisionOrdinal"": 1, ""street"": ""preflop"", ""visibleLegalButtonLabels"": [""check"", ""Min · 2 BB"", ""Pot · 3 BB""], ""attemptedButtonLabel"": ""check"", ""attemptedAtMs"": 1790776547402, ""lastRenderedAtMs"": 1790776540726}]","[""9d"", ""5d""]",[],"[{""name"": ""check"", ""kind"": ""check"", ""raiseTo"": null}, {""name"": ""min"", ""kind"": ""raise"", ""raiseTo"": 200}, {""name"": ""pot"", ""kind"": ""raise"", ""raiseTo"": 300}]","[""check"", ""Min · 2 BB"", ""Pot · 3 BB""]",check,check,,1790776547402,True,True,True,1790776553896,1790776540726,6676,6494,,False,False
PlMiosUXOX3jddmqtCqgK3g7,0pxbwB9632SmCxHIqwqY9fzZ,196,2,flop,2,1,"[{""type"": ""luna_attempt"", ""handOrdinal"": 196, ""decisionOrdinal"": 2, ""street"": ""flop"", ""visibleLegalButtonLabels"": [""check"", ""Min · 1 BB"", ""Pot · 2 BB""], ""attemptedButtonLabel"": ""check"", ""attemptedAtMs"": 1790776553896, ""lastRenderedAtMs"": 1790776547698}]","[""9d"", ""5d""]","[""Th"", ""7h"", ""Kc""]","[{""name"": ""check"", ""kind"": ""check"", ""raiseTo"": null}, {""name"": ""min"", ""kind"": ""raise"", ""raiseTo"": 100}, {""name"": ""pot"", ""kind"": ""raise"", ""raiseTo"": 200}]","[""check"", ""Min · 1 BB"", ""Pot · 2 BB""]",check,check,,1790776553896,True,True,True,1790776560168,1790776547698,6198,6272,,False,False
PlMiosUXOX3jddmqtCqgK3g7,0pxbwB9632SmCxHIqwqY9fzZ,196,3,turn,3,1,"[{""type"": ""luna_attempt"", ""handOrdinal"": 196, ""decisionOrdinal"": 3, ""street"": ""turn"", ""visibleLegalButtonLabels"": [""check"", ""Min · 1 BB"", ""Pot · 2 BB""], ""attemptedButtonLabel"": ""check"", ""attemptedAtMs"": 1790776560168, ""lastRenderedAtMs"": 1790776554262}]","[""9d"", ""5d""]","[""Th"", ""7h"", ""Kc"", ""Qd""]","[{""name"": ""check"", ""kind"": ""check"", ""raiseTo"": null}, {""name"": ""min"", ""kind"": ""raise"", ""raiseTo"": 100}, {""name"": ""pot"", ""kind"": ""raise"", ""raiseTo"": 200}]","[""check"", ""Min · 1 BB"", ""Pot · 2 BB""]",check,check,,1790776560168,True,True,True,1790776566667,1790776554262,5906,6499,,False,False
PlMiosUXOX3jddmqtCqgK3g7,0pxbwB9632SmCxHIqwqY9fzZ,196,4,river,4,1,"[{""type"": ""luna_attempt"", ""handOrdinal"": 196, ""decisionOrdinal"": 4, ""street"": ""river"", ""visibleLegalButtonLabels"": [""check"", ""Min · 1 BB"", ""Pot · 2 BB""], ""attemptedButtonLabel"": ""check"", ""attemptedAtMs"": 1790776566667, ""lastRenderedAtMs"": 1790776560531}]","[""9d"", ""5d""]","[""Th"", ""7h"", ""Kc"", ""Qd"", ""As""]","[{""name"": ""check"", ""kind"": ""check"", ""raiseTo"": null}, {""name"": ""min"", ""kind"": ""raise"", ""raiseTo"": 100}, {""name"": ""pot"", ""kind"": ""raise"", ""raiseTo"": 200}]","[""check"", ""Min · 1 BB"", ""Pot · 2 BB""]",check,check,,1790776566667,True,True,True,1790776573998,1790776560531,6136,7331,,False,False
PlMiosUXOX3jddmqtCqgK3g7,4AMhC-Ri6xJY0GboDS_xcEjq,197,1,preflop,1,1,"[{""type"": ""luna_attempt"", ""handOrdinal"": 197, ""decisionOrdinal"": 1, ""street"": ""preflop"", ""visibleLegalButtonLabels"": [""Fold"", ""Call 0.50 BB"", ""Min · 2 BB"", ""Pot · 3 BB""], ""attemptedButtonLabel"": ""Pot · 3 BB"", ""attemptedAtMs"": 1790776579820, ""lastRenderedAtMs"": 1790776574297}]","[""Ac"", ""3s""]",[],"[{""name"": ""fold"", ""kind"": ""fold"", ""raiseTo"": null}, {""name"": ""call"", ""kind"": ""call"", ""raiseTo"": null}, {""name"": ""min"", ""kind"": ""raise"", ""raiseTo"": 200}, {""name"": ""pot"", ""kind"": ""raise"", ""raiseTo"": 300}]","[""Fold"", ""Call 0.50 BB"", ""Min · 2 BB"", ""Pot · 3 BB""]",Pot · 3 BB,raise,300,1790776579820,True,True,True,1790776586085,1790776574297,5523,6265,,False,False
PlMiosUXOX3jddmqtCqgK3g7,4AMhC-Ri6xJY0GboDS_xcEjq,197,2,preflop,2,1,"[{""type"": ""luna_attempt"", ""handOrdinal"": 197, ""decisionOrdinal"": 2, ""street"": ""preflop"", ""visibleLegalButtonLabels"": [""Fold"", ""Call 2 BB"", ""Min · 7 BB"", ""Pot · 15 BB"", ""Jam · 20 BB""], ""attemptedButtonLabel"": ""Fold"", ""attemptedAtMs"": 1790776586085, ""lastRenderedAtMs"": 1790776580264}]","[""Ac"", ""3s""]",[],"[{""name"": ""fold"", ""kind"": ""fold"", ""raiseTo"": null}, {""name"": ""call"", ""kind"": ""call"", ""raiseTo"": null}, {""name"": ""min"", ""kind"": ""raise"", ""raiseTo"": 700}, {""name"": ""pot"", ""kind"": ""raise"", ""raiseTo"": 1500}, {""name"": ""jam"", ""kind"": ""raise"", ""raiseTo"": 2000}]","[""Fold"", ""Call 2 BB"", ""Min · 7 BB"", ""Pot · 15 BB"", ""Jam · 20 BB""]",Fold,fold,,1790776586085,True,True,True,1790776591922,1790776580264,5821,5837,,False,False
PlMiosUXOX3jddmqtCqgK3g7,yENpvpAuIZ3taW0SalHn0Ybk,198,1,preflop,1,1,"[{""type"": ""luna_attempt"", ""handOrdinal"": 198, ""decisionOrdinal"": 1, ""street"": ""preflop"", ""visibleLegalButtonLabels"": [""check"", ""Min · 2 BB"", ""Pot · 3 BB""], ""attemptedButtonLabel"": ""check"", ""attemptedAtMs"": 1790776597505, ""lastRenderedAtMs"": 1790776592301}]","[""9h"", ""6c""]",[],"[{""name"": ""check"", ""kind"": ""check"", ""raiseTo"": null}, {""name"": ""min"", ""kind"": ""raise"", ""raiseTo"": 200}, {""name"": ""pot"", ""kind"": ""raise"", ""raiseTo"": 300}]","[""check"", ""Min · 2 BB"", ""Pot · 3 BB""]",check,check,,1790776597505,True,True,True,1790776606046,1790776592301,5204,8541,,False,False
PlMiosUXOX3jddmqtCqgK3g7,yENpvpAuIZ3taW0SalHn0Ybk,198,2,flop,2,1,"[{""type"": ""luna_attempt"", ""handOrdinal"": 198, ""decisionOrdinal"": 2, ""street"": ""flop"", ""visibleLegalButtonLabels"": [""check"", ""Min · 1 BB"", ""Pot · 2 BB""], ""attemptedButtonLabel"": ""check"", ""attemptedAtMs"": 1790776606046, ""lastRenderedAtMs"": 1790776597879}]","[""9h"", ""6c""]","[""Td"", ""Kh"", ""8d""]","[{""name"": ""check"", ""kind"": ""check"", ""raiseTo"": null}, {""name"": ""min"", ""kind"": ""raise"", ""raiseTo"": 100}, {""name"": ""pot"", ""kind"": ""raise"", ""raiseTo"": 200}]","[""check"", ""Min · 1 BB"", ""Pot · 2 BB""]",check,check,,1790776606046,True,True,True,1790776612734,1790776597879,8167,6688,,False,False
PlMiosUXOX3jddmqtCqgK3g7,yENpvpAuIZ3taW0SalHn0Ybk,198,3,flop,3,1,"[{""type"": ""luna_attempt"", ""handOrdinal"": 198, ""decisionOrdinal"": 3, ""street"": ""flop"", ""visibleLegalButtonLabels"": [""Fold"", ""Call 2 BB"", ""Min · 4 BB"", ""Pot · 8 BB""], ""attemptedButtonLabel"": ""Fold"", ""attemptedAtMs"": 1790776612734, ""lastRenderedAtMs"": 1790776606949}]","[""9h"", ""6c""]","[""Td"", ""Kh"", ""8d""]","[{""name"": ""fold"", ""kind"": ""fold"", ""raiseTo"": null}, {""name"": ""call"", ""kind"": ""call"", ""raiseTo"": null}, {""name"": ""min"", ""kind"": ""raise"", ""raiseTo"": 400}, {""name"": ""pot"", ""kind"": ""raise"", ""raiseTo"": 800}]","[""Fold"", ""Call 2 BB"", ""Min · 4 BB"", ""Pot · 8 BB""]",Fold,fold,,1790776612734,True,True,True,1790776617784,1790776606949,5785,5050,,False,False
PlMiosUXOX3jddmqtCqgK3g7,apP6ilyRrxuuVnVZzWk8ijvO,199,1,preflop,1,1,"[{""type"": ""luna_attempt"", ""handOrdinal"": 199, ""decisionOrdinal"": 1, ""street"": ""preflop"", ""visibleLegalButtonLabels"": [""Fold"", ""Call 0.50 BB"", ""Min · 2 BB"", ""Pot · 3 BB""], ""attemptedButtonLabel"": ""Pot · 3 BB"", ""attemptedAtMs"": 1790776624010, ""lastRenderedAtMs"": 1790776618108}]","[""8d"", ""5d""]",[],"[{""name"": ""fold"", ""kind"": ""fold"", ""raiseTo"": null}, {""name"": ""call"", ""kind"": ""call"", ""raiseTo"": null}, {""name"": ""min"", ""kind"": ""raise"", ""raiseTo"": 200}, {""name"": ""pot"", ""kind"": ""raise"", ""raiseTo"": 300}]","[""Fold"", ""Call 0.50 BB"", ""Min · 2 BB"", ""Pot · 3 BB""]",Pot · 3 BB,raise,300,1790776624010,True,True,True,1790776631047,1790776618108,5902,7037,,False,False
PlMiosUXOX3jddmqtCqgK3g7,apP6ilyRrxuuVnVZzWk8ijvO,199,2,flop,2,1,"[{""type"": ""luna_attempt"", ""handOrdinal"": 199, ""decisionOrdinal"": 2, ""street"": ""flop"", ""visibleLegalButtonLabels"": [""check"", ""Min · 1 BB"", ""Pot · 6 BB""], ""attemptedButtonLabel"": ""check"", ""attemptedAtMs"": 1790776631047, ""lastRenderedAtMs"": 1790776624486}]","[""8d"", ""5d""]","[""Ts"", ""2d"", ""Tc""]","[{""name"": ""check"", ""kind"": ""check"", ""raiseTo"": null}, {""name"": ""min"", ""kind"": ""raise"", ""raiseTo"": 100}, {""name"": ""pot"", ""kind"": ""raise"", ""raiseTo"": 600}]","[""check"", ""Min · 1 BB"", ""Pot · 6 BB""]",check,check,,1790776631047,True,True,True,1790776638082,1790776624486,6561,7035,,False,False
PlMiosUXOX3jddmqtCqgK3g7,apP6ilyRrxuuVnVZzWk8ijvO,199,3,turn,3,1,"[{""type"": ""luna_attempt"", ""handOrdinal"": 199, ""decisionOrdinal"": 3, ""street"": ""turn"", ""visibleLegalButtonLabels"": [""Fold"", ""Call 1 BB"", ""Min · 2 BB"", ""Pot · 9 BB"", ""Jam · 17 BB""], ""attemptedButtonLabel"": ""Fold"", ""attemptedAtMs"": 1790776638082, ""lastRenderedAtMs"": 1790776631368}]","[""8d"", ""5d""]","[""Ts"", ""2d"", ""Tc"", ""3s""]","[{""name"": ""fold"", ""kind"": ""fold"", ""raiseTo"": null}, {""name"": ""call"", ""kind"": ""call"", ""raiseTo"": null}, {""name"": ""min"", ""kind"": ""raise"", ""raiseTo"": 200}, {""name"": ""pot"", ""kind"": ""raise"", ""raiseTo"": 900}, {""name"": ""jam"", ""kind"": ""raise"", ""raiseTo"": 1700}]","[""Fold"", ""Call 1 BB"", ""Min · 2 BB"", ""Pot · 9 BB"", ""Jam · 17 BB""]",Fold,fold,,1790776638082,True,True,True,1790776644266,1790776631368,6714,6184,,False,False
PlMiosUXOX3jddmqtCqgK3g7,wOG5piACXoQJyDW-MmFG9T6r,200,1,preflop,1,1,"[{""type"": ""luna_attempt"", ""handOrdinal"": 200, ""decisionOrdinal"": 1, ""street"": ""preflop"", ""visibleLegalButtonLabels"": [""Fold"", ""Call 2 BB"", ""Min · 5 BB"", ""Pot · 9 BB""], ""attemptedButtonLabel"": ""Call 2 BB"", ""attemptedAtMs"": 1790776650614, ""lastRenderedAtMs"": 1790776644617}]","[""8s"", ""Ah""]",[],"[{""name"": ""fold"", ""kind"": ""fold"", ""raiseTo"": null}, {""name"": ""call"", ""kind"": ""call"", ""raiseTo"": null}, {""name"": ""min"", ""kind"": ""raise"", ""raiseTo"": 500}, {""name"": ""pot"", ""kind"": ""raise"", ""raiseTo"": 900}]","[""Fold"", ""Call 2 BB"", ""Min · 5 BB"", ""Pot · 9 BB""]",Call 2 BB,call,,1790776650614,True,True,True,1790776657288,1790776644617,5997,6674,,False,False
PlMiosUXOX3jddmqtCqgK3g7,wOG5piACXoQJyDW-MmFG9T6r,200,2,flop,2,1,"[{""type"": ""luna_attempt"", ""handOrdinal"": 200, ""decisionOrdinal"": 2, ""street"": ""flop"", ""visibleLegalButtonLabels"": [""check"", ""Min · 1 BB"", ""Pot · 6 BB""], ""attemptedButtonLabel"": ""check"", ""attemptedAtMs"": 1790776657288, ""lastRenderedAtMs"": 1790776651074}]","[""8s"", ""Ah""]","[""2s"", ""6s"", ""6d""]","[{""name"": ""check"", ""kind"": ""check"", ""raiseTo"": null}, {""name"": ""min"", ""kind"": ""raise"", ""raiseTo"": 100}, {""name"": ""pot"", ""kind"": ""raise"", ""raiseTo"": 600}]","[""check"", ""Min · 1 BB"", ""Pot · 6 BB""]",check,check,,1790776657288,True,True,True,1790776664494,1790776651074,6214,7206,,False,False
PlMiosUXOX3jddmqtCqgK3g7,wOG5piACXoQJyDW-MmFG9T6r,200,3,flop,3,1,"[{""type"": ""luna_attempt"", ""handOrdinal"": 200, ""decisionOrdinal"": 3, ""street"": ""flop"", ""visibleLegalButtonLabels"": [""Fold"", ""Call 1 BB"", ""Min · 2 BB"", ""Pot · 9 BB"", ""Jam · 17 BB""], ""attemptedButtonLabel"": ""Call 1 BB"", ""attemptedAtMs"": 1790776664494, ""lastRenderedAtMs"": 1790776657687}]","[""8s"", ""Ah""]","[""2s"", ""6s"", ""6d""]","[{""name"": ""fold"", ""kind"": ""fold"", ""raiseTo"": null}, {""name"": ""call"", ""kind"": ""call"", ""raiseTo"": null}, {""name"": ""min"", ""kind"": ""raise"", ""raiseTo"": 200}, {""name"": ""pot"", ""kind"": ""raise"", ""raiseTo"": 900}, {""name"": ""jam"", ""kind"": ""raise"", ""raiseTo"": 1700}]","[""Fold"", ""Call 1 BB"", ""Min · 2 BB"", ""Pot · 9 BB"", ""Jam · 17 BB""]",Call 1 BB,call,,1790776664494,True,True,True,1790776671237,1790776657687,6807,6743,,False,False
PlMiosUXOX3jddmqtCqgK3g7,wOG5piACXoQJyDW-MmFG9T6r,200,4,turn,4,1,"[{""type"": ""luna_attempt"", ""handOrdinal"": 200, ""decisionOrdinal"": 4, ""street"": ""turn"", ""visibleLegalButtonLabels"": [""check"", ""Min · 1 BB"", ""Pot · 8 BB"", ""Jam · 16 BB""], ""attemptedButtonLabel"": ""check"", ""attemptedAtMs"": 1790776671237, ""lastRenderedAtMs"": 1790776664839}]","[""8s"", ""Ah""]","[""2s"", ""6s"", ""6d"", ""6h""]","[{""name"": ""check"", ""kind"": ""check"", ""raiseTo"": null}, {""name"": ""min"", ""kind"": ""raise"", ""raiseTo"": 100}, {""name"": ""pot"", ""kind"": ""raise"", ""raiseTo"": 800}, {""name"": ""jam"", ""kind"": ""raise"", ""raiseTo"": 1600}]","[""check"", ""Min · 1 BB"", ""Pot · 8 BB"", ""Jam · 16 BB""]",check,check,,1790776671237,True,True,True,1790776677700,1790776664839,6398,6463,,False,False
PlMiosUXOX3jddmqtCqgK3g7,wOG5piACXoQJyDW-MmFG9T6r,200,5,turn,5,1,"[{""type"": ""luna_attempt"", ""handOrdinal"": 200, ""decisionOrdinal"": 5, ""street"": ""turn"", ""visibleLegalButtonLabels"": [""Fold"", ""Call 1 BB"", ""Min · 2 BB"", ""Pot · 11 BB"", ""Jam · 16 BB""], ""attemptedButtonLabel"": ""Call 1 BB"", ""attemptedAtMs"": 1790776677700, ""lastRenderedAtMs"": 1790776671547}]","[""8s"", ""Ah""]","[""2s"", ""6s"", ""6d"", ""6h""]","[{""name"": ""fold"", ""kind"": ""fold"", ""raiseTo"": null}, {""name"": ""call"", ""kind"": ""call"", ""raiseTo"": null}, {""name"": ""min"", ""kind"": ""raise"", ""raiseTo"": 200}, {""name"": ""pot"", ""kind"": ""raise"", ""raiseTo"": 1100}, {""name"": ""jam"", ""kind"": ""raise"", ""raiseTo"": 1600}]","[""Fold"", ""Call 1 BB"", ""Min · 2 BB"", ""Pot · 11 BB"", ""Jam · 16 BB""]",Call 1 BB,call,,1790776677700,True,True,True,1790776684478,1790776671547,6153,6778,,False,False
PlMiosUXOX3jddmqtCqgK3g7,wOG5piACXoQJyDW-MmFG9T6r,200,6,river,6,1,"[{""type"": ""luna_attempt"", ""handOrdinal"": 200, ""decisionOrdinal"": 6, ""street"": ""river"", ""visibleLegalButtonLabels"": [""check"", ""Min · 1 BB"", ""Pot · 10 BB"", ""Jam · 15 BB""], ""attemptedButtonLabel"": ""check"", ""attemptedAtMs"": 1790776684478, ""lastRenderedAtMs"": 1790776678145}]","[""8s"", ""Ah""]","[""2s"", ""6s"", ""6d"", ""6h"", ""4h""]","[{""name"": ""check"", ""kind"": ""check"", ""raiseTo"": null}, {""name"": ""min"", ""kind"": ""raise"", ""raiseTo"": 100}, {""name"": ""pot"", ""kind"": ""raise"", ""raiseTo"": 1000}, {""name"": ""jam"", ""kind"": ""raise"", ""raiseTo"": 1500}]","[""check"", ""Min · 1 BB"", ""Pot · 10 BB"", ""Jam · 15 BB""]",check,check,,1790776684478,True,True,True,1790776691305,1790776678145,6333,6827,,False,False
PlMiosUXOX3jddmqtCqgK3g7,wOG5piACXoQJyDW-MmFG9T6r,200,7,river,7,1,"[{""type"": ""luna_attempt"", ""handOrdinal"": 200, ""decisionOrdinal"": 7, ""street"": ""river"", ""visibleLegalButtonLabels"": [""Fold"", ""Call 1 BB"", ""Min · 2 BB"", ""Pot · 13 BB"", ""Jam · 15 BB""], ""attemptedButtonLabel"": ""Call 1 BB"", ""attemptedAtMs"": 1790776691305, ""lastRenderedAtMs"": 1790776684728}]","[""8s"", ""Ah""]","[""2s"", ""6s"", ""6d"", ""6h"", ""4h""]","[{""name"": ""fold"", ""kind"": ""fold"", ""raiseTo"": null}, {""name"": ""call"", ""kind"": ""call"", ""raiseTo"": null}, {""name"": ""min"", ""kind"": ""raise"", ""raiseTo"": 200}, {""name"": ""pot"", ""kind"": ""raise"", ""raiseTo"": 1300}, {""name"": ""jam"", ""kind"": ""raise"", ""raiseTo"": 1500}]","[""Fold"", ""Call 1 BB"", ""Min · 2 BB"", ""Pot · 13 BB"", ""Jam · 15 BB""]",Call 1 BB,call,,1790776691305,True,True,True,1790776697119,1790776684728,6577,5814,,False,False
PlMiosUXOX3jddmqtCqgK3g7,uVbOMycPuk-kUE2Q_aVsqUp-,201,1,preflop,1,1,"[{""type"": ""luna_attempt"", ""handOrdinal"": 201, ""decisionOrdinal"": 1, ""street"": ""preflop"", ""visibleLegalButtonLabels"": [""Fold"", ""Call 0.50 BB"", ""Min · 2 BB"", ""Pot · 3 BB""], ""attemptedButtonLabel"": ""Pot · 3 BB"", ""attemptedAtMs"": 1790776703647, ""lastRenderedAtMs"": 1790776697570}]","[""8d"", ""Qd""]",[],"[{""name"": ""fold"", ""kind"": ""fold"", ""raiseTo"": null}, {""name"": ""call"", ""kind"": ""call"", ""raiseTo"": null}, {""name"": ""min"", ""kind"": ""raise"", ""raiseTo"": 200}, {""name"": ""pot"", ""kind"": ""raise"", ""raiseTo"": 300}]","[""Fold"", ""Call 0.50 BB"", ""Min · 2 BB"", ""Pot · 3 BB""]",Pot · 3 BB,raise,300,1790776703647,True,True,True,1790776709052,1790776697570,6077,5405,,False,False
PlMiosUXOX3jddmqtCqgK3g7,APhLE19TDzKQYJZYdtUTVIqV,202,1,preflop,1,1,"[{""type"": ""luna_attempt"", ""handOrdinal"": 202, ""decisionOrdinal"": 1, ""street"": ""preflop"", ""visibleLegalButtonLabels"": [""Fold"", ""Call 2 BB"", ""Min · 5 BB"", ""Pot · 9 BB""], ""attemptedButtonLabel"": ""Fold"", ""attemptedAtMs"": 1790776714928, ""lastRenderedAtMs"": 1790776709512}]","[""6d"", ""4c""]",[],"[{""name"": ""fold"", ""kind"": ""fold"", ""raiseTo"": null}, {""name"": ""call"", ""kind"": ""call"", ""raiseTo"": null}, {""name"": ""min"", ""kind"": ""raise"", ""raiseTo"": 500}, {""name"": ""pot"", ""kind"": ""raise"", ""raiseTo"": 900}]","[""Fold"", ""Call 2 BB"", ""Min · 5 BB"", ""Pot · 9 BB""]",Fold,fold,,1790776714928,True,True,True,1790776720208,1790776709512,5416,5280,,False,False
PlMiosUXOX3jddmqtCqgK3g7,jCTdFXwC4gDnEYziAsw-IZBA,203,1,preflop,1,1,"[{""type"": ""luna_attempt"", ""handOrdinal"": 203, ""decisionOrdinal"": 1, ""street"": ""preflop"", ""visibleLegalButtonLabels"": [""Fold"", ""Call 0.50 BB"", ""Min · 2 BB"", ""Pot · 3 BB""], ""attemptedButtonLabel"": ""Pot · 3 BB"", ""attemptedAtMs"": 1790776728169, ""lastRenderedAtMs"": 1790776720540}]","[""5d"", ""6d""]",[],"[{""name"": ""fold"", ""kind"": ""fold"", ""raiseTo"": null}, {""name"": ""call"", ""kind"": ""call"", ""raiseTo"": null}, {""name"": ""min"", ""kind"": ""raise"", ""raiseTo"": 200}, {""name"": ""pot"", ""kind"": ""raise"", ""raiseTo"": 300}]","[""Fold"", ""Call 0.50 BB"", ""Min · 2 BB"", ""Pot · 3 BB""]",Pot · 3 BB,raise,300,1790776728169,True,True,True,1790776734296,1790776720540,7629,6127,,False,False
PlMiosUXOX3jddmqtCqgK3g7,fE-2ZIv9nciGuTY4JcNYBF-H,205,1,preflop,1,1,"[{""type"": ""luna_attempt"", ""handOrdinal"": 205, ""decisionOrdinal"": 1, ""street"": ""preflop"", ""visibleLegalButtonLabels"": [""Fold"", ""Call 0.50 BB"", ""Min · 2 BB"", ""Pot · 3 BB""], ""attemptedButtonLabel"": ""Pot · 3 BB"", ""attemptedAtMs"": 1790776750849, ""lastRenderedAtMs"": 1790776743521}]","[""Jh"", ""6s""]",[],"[{""name"": ""fold"", ""kind"": ""fold"", ""raiseTo"": null}, {""name"": ""call"", ""kind"": ""call"", ""raiseTo"": null}, {""name"": ""min"", ""kind"": ""raise"", ""raiseTo"": 200}, {""name"": ""pot"", ""kind"": ""raise"", ""raiseTo"": 300}]","[""Fold"", ""Call 0.50 BB"", ""Min · 2 BB"", ""Pot · 3 BB""]",Pot · 3 BB,raise,300,1790776750849,True,True,True,1790776757712,1790776743521,7328,6863,,False,False
PlMiosUXOX3jddmqtCqgK3g7,fE-2ZIv9nciGuTY4JcNYBF-H,205,2,preflop,2,1,"[{""type"": ""luna_attempt"", ""handOrdinal"": 205, ""decisionOrdinal"": 2, ""street"": ""preflop"", ""visibleLegalButtonLabels"": [""Fold"", ""Call 6 BB"", ""Min · 15 BB"", ""Pot · 20 BB""], ""attemptedButtonLabel"": ""Fold"", ""attemptedAtMs"": 1790776757712, ""lastRenderedAtMs"": 1790776751217}]","[""Jh"", ""6s""]",[],"[{""name"": ""fold"", ""kind"": ""fold"", ""raiseTo"": null}, {""name"": ""call"", ""kind"": ""call"", ""raiseTo"": null}, {""name"": ""min"", ""kind"": ""raise"", ""raiseTo"": 1500}, {""name"": ""pot"", ""kind"": ""raise"", ""raiseTo"": 2000}]","[""Fold"", ""Call 6 BB"", ""Min · 15 BB"", ""Pot · 20 BB""]",Fold,fold,,1790776757712,True,True,True,1790776764666,1790776751217,6495,6954,,False,False
PlMiosUXOX3jddmqtCqgK3g7,ggSn-tcPu14JSwSGWMODeFhw,206,1,preflop,1,1,"[{""type"": ""luna_attempt"", ""handOrdinal"": 206, ""decisionOrdinal"": 1, ""street"": ""preflop"", ""visibleLegalButtonLabels"": [""check"", ""Min · 2 BB"", ""Pot · 3 BB""], ""attemptedButtonLabel"": ""check"", ""attemptedAtMs"": 1790776771140, ""lastRenderedAtMs"": 1790776764920}]","[""6s"", ""Jc""]",[],"[{""name"": ""check"", ""kind"": ""check"", ""raiseTo"": null}, {""name"": ""min"", ""kind"": ""raise"", ""raiseTo"": 200}, {""name"": ""pot"", ""kind"": ""raise"", ""raiseTo"": 300}]","[""check"", ""Min · 2 BB"", ""Pot · 3 BB""]",check,check,,1790776771140,True,True,True,1790776777803,1790776764920,6220,6663,,False,False
PlMiosUXOX3jddmqtCqgK3g7,ggSn-tcPu14JSwSGWMODeFhw,206,2,flop,2,1,"[{""type"": ""luna_attempt"", ""handOrdinal"": 206, ""decisionOrdinal"": 2, ""street"": ""flop"", ""visibleLegalButtonLabels"": [""check"", ""Min · 1 BB"", ""Pot · 2 BB""], ""attemptedButtonLabel"": ""check"", ""attemptedAtMs"": 1790776777803, ""lastRenderedAtMs"": 1790776771498}]","[""6s"", ""Jc""]","[""Ac"", ""9d"", ""6h""]","[{""name"": ""check"", ""kind"": ""check"", ""raiseTo"": null}, {""name"": ""min"", ""kind"": ""raise"", ""raiseTo"": 100}, {""name"": ""pot"", ""kind"": ""raise"", ""raiseTo"": 200}]","[""check"", ""Min · 1 BB"", ""Pot · 2 BB""]",check,check,,1790776777803,True,True,True,1790776788201,1790776771498,6305,10398,,False,False
PlMiosUXOX3jddmqtCqgK3g7,ggSn-tcPu14JSwSGWMODeFhw,206,3,flop,3,1,"[{""type"": ""luna_attempt"", ""handOrdinal"": 206, ""decisionOrdinal"": 3, ""street"": ""flop"", ""visibleLegalButtonLabels"": [""Fold"", ""Call 2 BB"", ""Min · 4 BB"", ""Pot · 8 BB""], ""attemptedButtonLabel"": ""Call 2 BB"", ""attemptedAtMs"": 1790776788201, ""lastRenderedAtMs"": 1790776778173}]","[""6s"", ""Jc""]","[""Ac"", ""9d"", ""6h""]","[{""name"": ""fold"", ""kind"": ""fold"", ""raiseTo"": null}, {""name"": ""call"", ""kind"": ""call"", ""raiseTo"": null}, {""name"": ""min"", ""kind"": ""raise"", ""raiseTo"": 400}, {""name"": ""pot"", ""kind"": ""raise"", ""raiseTo"": 800}]","[""Fold"", ""Call 2 BB"", ""Min · 4 BB"", ""Pot · 8 BB""]",Call 2 BB,call,,1790776788201,True,True,True,1790776794971,1790776778173,10028,6770,,False,False
PlMiosUXOX3jddmqtCqgK3g7,ggSn-tcPu14JSwSGWMODeFhw,206,4,turn,4,1,"[{""type"": ""luna_attempt"", ""handOrdinal"": 206, ""decisionOrdinal"": 4, ""street"": ""turn"", ""visibleLegalButtonLabels"": [""check"", ""Min · 1 BB"", ""Pot · 6 BB""], ""attemptedButtonLabel"": ""check"", ""attemptedAtMs"": 1790776794971, ""lastRenderedAtMs"": 1790776788695}]","[""6s"", ""Jc""]","[""Ac"", ""9d"", ""6h"", ""2c""]","[{""name"": ""check"", ""kind"": ""check"", ""raiseTo"": null}, {""name"": ""min"", ""kind"": ""raise"", ""raiseTo"": 100}, {""name"": ""pot"", ""kind"": ""raise"", ""raiseTo"": 600}]","[""check"", ""Min · 1 BB"", ""Pot · 6 BB""]",check,check,,1790776794971,True,True,True,1790776802735,1790776788695,6276,7764,,False,False
PlMiosUXOX3jddmqtCqgK3g7,ggSn-tcPu14JSwSGWMODeFhw,206,5,turn,5,1,"[{""type"": ""luna_attempt"", ""handOrdinal"": 206, ""decisionOrdinal"": 5, ""street"": ""turn"", ""visibleLegalButtonLabels"": [""Fold"", ""Call 6 BB"", ""Min · 12 BB"", ""Pot · 17 BB""], ""attemptedButtonLabel"": ""Fold"", ""attemptedAtMs"": 1790776802735, ""lastRenderedAtMs"": 1790776795375}]","[""6s"", ""Jc""]","[""Ac"", ""9d"", ""6h"", ""2c""]","[{""name"": ""fold"", ""kind"": ""fold"", ""raiseTo"": null}, {""name"": ""call"", ""kind"": ""call"", ""raiseTo"": null}, {""name"": ""min"", ""kind"": ""raise"", ""raiseTo"": 1200}, {""name"": ""pot"", ""kind"": ""raise"", ""raiseTo"": 1700}]","[""Fold"", ""Call 6 BB"", ""Min · 12 BB"", ""Pot · 17 BB""]",Fold,fold,,1790776802735,True,True,True,1790776812170,1790776795375,7360,9435,,False,False
PlMiosUXOX3jddmqtCqgK3g7,RKSninK0FEbOwSW4Z3SEi5oZ,207,1,preflop,1,1,"[{""type"": ""luna_attempt"", ""handOrdinal"": 207, ""decisionOrdinal"": 1, ""street"": ""preflop"", ""visibleLegalButtonLabels"": [""Fold"", ""Call 0.50 BB"", ""Min · 2 BB"", ""Pot · 3 BB""], ""attemptedButtonLabel"": ""Fold"", ""attemptedAtMs"": 1790776818515, ""lastRenderedAtMs"": 1790776812497}]","[""6c"", ""4h""]",[],"[{""name"": ""fold"", ""kind"": ""fold"", ""raiseTo"": null}, {""name"": ""call"", ""kind"": ""call"", ""raiseTo"": null}, {""name"": ""min"", ""kind"": ""raise"", ""raiseTo"": 200}, {""name"": ""pot"", ""kind"": ""raise"", ""raiseTo"": 300}]","[""Fold"", ""Call 0.50 BB"", ""Min · 2 BB"", ""Pot · 3 BB""]",Fold,fold,,1790776818515,True,True,True,1790776824945,1790776812497,6018,6430,,False,False
PlMiosUXOX3jddmqtCqgK3g7,Kz-9IG6LxJW3Mz6qFpENBWhd,208,1,preflop,1,1,"[{""type"": ""luna_attempt"", ""handOrdinal"": 208, ""decisionOrdinal"": 1, ""street"": ""preflop"", ""visibleLegalButtonLabels"": [""check"", ""Min · 2 BB"", ""Pot · 3 BB""], ""attemptedButtonLabel"": ""check"", ""attemptedAtMs"": 1790776830604, ""lastRenderedAtMs"": 1790776825378}]","[""7h"", ""6d""]",[],"[{""name"": ""check"", ""kind"": ""check"", ""raiseTo"": null}, {""name"": ""min"", ""kind"": ""raise"", ""raiseTo"": 200}, {""name"": ""pot"", ""kind"": ""raise"", ""raiseTo"": 300}]","[""check"", ""Min · 2 BB"", ""Pot · 3 BB""]",check,check,,1790776830604,True,True,True,1790776838932,1790776825378,5226,8328,,False,False
PlMiosUXOX3jddmqtCqgK3g7,Kz-9IG6LxJW3Mz6qFpENBWhd,208,2,flop,2,1,"[{""type"": ""luna_attempt"", ""handOrdinal"": 208, ""decisionOrdinal"": 2, ""street"": ""flop"", ""visibleLegalButtonLabels"": [""check"", ""Min · 1 BB"", ""Pot · 2 BB""], ""attemptedButtonLabel"": ""Pot · 2 BB"", ""attemptedAtMs"": 1790776838932, ""lastRenderedAtMs"": 1790776830940}]","[""7h"", ""6d""]","[""8d"", ""5c"", ""4d""]","[{""name"": ""check"", ""kind"": ""check"", ""raiseTo"": null}, {""name"": ""min"", ""kind"": ""raise"", ""raiseTo"": 100}, {""name"": ""pot"", ""kind"": ""raise"", ""raiseTo"": 200}]","[""check"", ""Min · 1 BB"", ""Pot · 2 BB""]",Pot · 2 BB,raise,200,1790776838932,True,True,True,1790776845781,1790776830940,7992,6849,,False,False
PlMiosUXOX3jddmqtCqgK3g7,Kz-9IG6LxJW3Mz6qFpENBWhd,208,3,turn,3,1,"[{""type"": ""luna_attempt"", ""handOrdinal"": 208, ""decisionOrdinal"": 3, ""street"": ""turn"", ""visibleLegalButtonLabels"": [""check"", ""Min · 1 BB"", ""Pot · 6 BB""], ""attemptedButtonLabel"": ""Pot · 6 BB"", ""attemptedAtMs"": 1790776845782, ""lastRenderedAtMs"": 1790776839355}]","[""7h"", ""6d""]","[""8d"", ""5c"", ""4d"", ""Jc""]","[{""name"": ""check"", ""kind"": ""check"", ""raiseTo"": null}, {""name"": ""min"", ""kind"": ""raise"", ""raiseTo"": 100}, {""name"": ""pot"", ""kind"": ""raise"", ""raiseTo"": 600}]","[""check"", ""Min · 1 BB"", ""Pot · 6 BB""]",Pot · 6 BB,raise,600,1790776845782,True,True,True,1790776855298,1790776839355,6427,9516,,False,False
PlMiosUXOX3jddmqtCqgK3g7,Kz-9IG6LxJW3Mz6qFpENBWhd,208,4,river,4,1,"[{""type"": ""luna_attempt"", ""handOrdinal"": 208, ""decisionOrdinal"": 4, ""street"": ""river"", ""visibleLegalButtonLabels"": [""check"", ""Min · 1 BB"", ""Pot · 11 BB""], ""attemptedButtonLabel"": ""Min · 1 BB"", ""attemptedAtMs"": 1790776855298, ""lastRenderedAtMs"": 1790776846162}]","[""7h"", ""6d""]","[""8d"", ""5c"", ""4d"", ""Jc"", ""5s""]","[{""name"": ""check"", ""kind"": ""check"", ""raiseTo"": null}, {""name"": ""min"", ""kind"": ""raise"", ""raiseTo"": 100}, {""name"": ""pot"", ""kind"": ""raise"", ""raiseTo"": 1100}]","[""check"", ""Min · 1 BB"", ""Pot · 11 BB""]",Min · 1 BB,raise,100,1790776855298,True,True,True,1790776870494,1790776846162,9136,15196,,False,False
PlMiosUXOX3jddmqtCqgK3g7,Kz-9IG6LxJW3Mz6qFpENBWhd,208,5,river,5,1,"[{""type"": ""luna_attempt"", ""handOrdinal"": 208, ""decisionOrdinal"": 5, ""street"": ""river"", ""visibleLegalButtonLabels"": [""Fold"", ""Call 10 BB""], ""attemptedButtonLabel"": ""Call 10 BB"", ""attemptedAtMs"": 1790776870494, ""lastRenderedAtMs"": 1790776856803}]","[""7h"", ""6d""]","[""8d"", ""5c"", ""4d"", ""Jc"", ""5s""]","[{""name"": ""fold"", ""kind"": ""fold"", ""raiseTo"": null}, {""name"": ""call"", ""kind"": ""call"", ""raiseTo"": null}]","[""Fold"", ""Call 10 BB""]",Call 10 BB,call,,1790776870494,True,True,True,1790776876648,1790776856803,13691,6154,,False,False
PlMiosUXOX3jddmqtCqgK3g7,MLnNy1jEunxelU-HIE5v82ro,209,1,preflop,1,1,"[{""type"": ""luna_attempt"", ""handOrdinal"": 209, ""decisionOrdinal"": 1, ""street"": ""preflop"", ""visibleLegalButtonLabels"": [""Fold"", ""Call 0.50 BB"", ""Min · 2 BB"", ""Pot · 3 BB""], ""attemptedButtonLabel"": ""Pot · 3 BB"", ""attemptedAtMs"": 1790776884920, ""lastRenderedAtMs"": 1790776876962}]","[""7c"", ""Js""]",[],"[{""name"": ""fold"", ""kind"": ""fold"", ""raiseTo"": null}, {""name"": ""call"", ""kind"": ""call"", ""raiseTo"": null}, {""name"": ""min"", ""kind"": ""raise"", ""raiseTo"": 200}, {""name"": ""pot"", ""kind"": ""raise"", ""raiseTo"": 300}]","[""Fold"", ""Call 0.50 BB"", ""Min · 2 BB"", ""Pot · 3 BB""]",Pot · 3 BB,raise,300,1790776884920,True,True,True,1790776891527,1790776876962,7958,6607,,False,False
PlMiosUXOX3jddmqtCqgK3g7,MLnNy1jEunxelU-HIE5v82ro,209,2,flop,2,1,"[{""type"": ""luna_attempt"", ""handOrdinal"": 209, ""decisionOrdinal"": 2, ""street"": ""flop"", ""visibleLegalButtonLabels"": [""check"", ""Min · 1 BB"", ""Pot · 6 BB""], ""attemptedButtonLabel"": ""check"", ""attemptedAtMs"": 1790776891527, ""lastRenderedAtMs"": 1790776885282}]","[""7c"", ""Js""]","[""9d"", ""9s"", ""5c""]","[{""name"": ""check"", ""kind"": ""check"", ""raiseTo"": null}, {""name"": ""min"", ""kind"": ""raise"", ""raiseTo"": 100}, {""name"": ""pot"", ""kind"": ""raise"", ""raiseTo"": 600}]","[""check"", ""Min · 1 BB"", ""Pot · 6 BB""]",check,check,,1790776891527,True,True,True,1790776897641,1790776885282,6245,6114,,False,False
PlMiosUXOX3jddmqtCqgK3g7,MLnNy1jEunxelU-HIE5v82ro,209,3,turn,3,1,"[{""type"": ""luna_attempt"", ""handOrdinal"": 209, ""decisionOrdinal"": 3, ""street"": ""turn"", ""visibleLegalButtonLabels"": [""check"", ""Min · 1 BB"", ""Pot · 6 BB""], ""attemptedButtonLabel"": ""Min · 1 BB"", ""attemptedAtMs"": 1790776897641, ""lastRenderedAtMs"": 1790776891950}]","[""7c"", ""Js""]","[""9d"", ""9s"", ""5c"", ""Jc""]","[{""name"": ""check"", ""kind"": ""check"", ""raiseTo"": null}, {""name"": ""min"", ""kind"": ""raise"", ""raiseTo"": 100}, {""name"": ""pot"", ""kind"": ""raise"", ""raiseTo"": 600}]","[""check"", ""Min · 1 BB"", ""Pot · 6 BB""]",Min · 1 BB,raise,100,1790776897641,True,True,True,1790776903568,1790776891950,5691,5927,,False,False
PlMiosUXOX3jddmqtCqgK3g7,F8h2E1YAS8rrF58h1ilvtvuZ,210,1,preflop,1,1,"[{""type"": ""luna_attempt"", ""handOrdinal"": 210, ""decisionOrdinal"": 1, ""street"": ""preflop"", ""visibleLegalButtonLabels"": [""Fold"", ""Call 1 BB"", ""Min · 3 BB"", ""Pot · 6 BB""], ""attemptedButtonLabel"": ""Pot · 6 BB"", ""attemptedAtMs"": 1790776916191, ""lastRenderedAtMs"": 1790776904017}]","[""Jh"", ""Kh""]",[],"[{""name"": ""fold"", ""kind"": ""fold"", ""raiseTo"": null}, {""name"": ""call"", ""kind"": ""call"", ""raiseTo"": null}, {""name"": ""min"", ""kind"": ""raise"", ""raiseTo"": 300}, {""name"": ""pot"", ""kind"": ""raise"", ""raiseTo"": 600}]","[""Fold"", ""Call 1 BB"", ""Min · 3 BB"", ""Pot · 6 BB""]",Pot · 6 BB,raise,600,1790776916191,True,True,True,1790776923860,1790776904017,12174,7669,,False,False
PlMiosUXOX3jddmqtCqgK3g7,F8h2E1YAS8rrF58h1ilvtvuZ,210,2,flop,2,1,"[{""type"": ""luna_attempt"", ""handOrdinal"": 210, ""decisionOrdinal"": 2, ""street"": ""flop"", ""visibleLegalButtonLabels"": [""check"", ""Min · 1 BB"", ""Pot · 12 BB"", ""Jam · 14 BB""], ""attemptedButtonLabel"": ""check"", ""attemptedAtMs"": 1790776923860, ""lastRenderedAtMs"": 1790776916584}]","[""Jh"", ""Kh""]","[""6s"", ""6d"", ""2s""]","[{""name"": ""check"", ""kind"": ""check"", ""raiseTo"": null}, {""name"": ""min"", ""kind"": ""raise"", ""raiseTo"": 100}, {""name"": ""pot"", ""kind"": ""raise"", ""raiseTo"": 1200}, {""name"": ""jam"", ""kind"": ""raise"", ""raiseTo"": 1400}]","[""check"", ""Min · 1 BB"", ""Pot · 12 BB"", ""Jam · 14 BB""]",check,check,,1790776923860,True,True,True,1790776930370,1790776916584,7276,6510,,False,False
PlMiosUXOX3jddmqtCqgK3g7,F8h2E1YAS8rrF58h1ilvtvuZ,210,3,flop,3,1,"[{""type"": ""luna_attempt"", ""handOrdinal"": 210, ""decisionOrdinal"": 3, ""street"": ""flop"", ""visibleLegalButtonLabels"": [""Fold"", ""Call 14 BB""], ""attemptedButtonLabel"": ""Fold"", ""attemptedAtMs"": 1790776930370, ""lastRenderedAtMs"": 1790776924164}]","[""Jh"", ""Kh""]","[""6s"", ""6d"", ""2s""]","[{""name"": ""fold"", ""kind"": ""fold"", ""raiseTo"": null}, {""name"": ""call"", ""kind"": ""call"", ""raiseTo"": null}]","[""Fold"", ""Call 14 BB""]",Fold,fold,,1790776930370,True,True,True,1790776936503,1790776924164,6206,6133,,False,False
PlMiosUXOX3jddmqtCqgK3g7,IHl0jVI3Y_nzauVy1EKC-YI7,211,1,preflop,1,1,"[{""type"": ""luna_attempt"", ""handOrdinal"": 211, ""decisionOrdinal"": 1, ""street"": ""preflop"", ""visibleLegalButtonLabels"": [""Fold"", ""Call 0.50 BB"", ""Min · 2 BB"", ""Pot · 3 BB""], ""attemptedButtonLabel"": ""Pot · 3 BB"", ""attemptedAtMs"": 1790776943232, ""lastRenderedAtMs"": 1790776937005}]","[""9d"", ""Qs""]",[],"[{""name"": ""fold"", ""kind"": ""fold"", ""raiseTo"": null}, {""name"": ""call"", ""kind"": ""call"", ""raiseTo"": null}, {""name"": ""min"", ""kind"": ""raise"", ""raiseTo"": 200}, {""name"": ""pot"", ""kind"": ""raise"", ""raiseTo"": 300}]","[""Fold"", ""Call 0.50 BB"", ""Min · 2 BB"", ""Pot · 3 BB""]",Pot · 3 BB,raise,300,1790776943232,True,True,True,1790776949181,1790776937005,6227,5949,,False,False
PlMiosUXOX3jddmqtCqgK3g7,N61eyNpAHdWBsdYXixPzghPF,212,1,preflop,1,1,"[{""type"": ""luna_attempt"", ""handOrdinal"": 212, ""decisionOrdinal"": 1, ""street"": ""preflop"", ""visibleLegalButtonLabels"": [""Fold"", ""Call 2 BB"", ""Min · 5 BB"", ""Pot · 9 BB""], ""attemptedButtonLabel"": ""Fold"", ""attemptedAtMs"": 1790776957772, ""lastRenderedAtMs"": 1790776949532}]","[""Kd"", ""5h""]",[],"[{""name"": ""fold"", ""kind"": ""fold"", ""raiseTo"": null}, {""name"": ""call"", ""kind"": ""call"", ""raiseTo"": null}, {""name"": ""min"", ""kind"": ""raise"", ""raiseTo"": 500}, {""name"": ""pot"", ""kind"": ""raise"", ""raiseTo"": 900}]","[""Fold"", ""Call 2 BB"", ""Min · 5 BB"", ""Pot · 9 BB""]",Fold,fold,,1790776957772,True,True,True,1790776963832,1790776949532,8240,6060,,False,False
PlMiosUXOX3jddmqtCqgK3g7,MBcb9VNOH_zMR3yq9VqqjUYH,213,1,preflop,1,1,"[{""type"": ""luna_attempt"", ""handOrdinal"": 213, ""decisionOrdinal"": 1, ""street"": ""preflop"", ""visibleLegalButtonLabels"": [""Fold"", ""Call 0.50 BB"", ""Min · 2 BB"", ""Pot · 3 BB""], ""attemptedButtonLabel"": ""Pot · 3 BB"", ""attemptedAtMs"": 1790776970374, ""lastRenderedAtMs"": 1790776964102}]","[""8h"", ""Kh""]",[],"[{""name"": ""fold"", ""kind"": ""fold"", ""raiseTo"": null}, {""name"": ""call"", ""kind"": ""call"", ""raiseTo"": null}, {""name"": ""min"", ""kind"": ""raise"", ""raiseTo"": 200}, {""name"": ""pot"", ""kind"": ""raise"", ""raiseTo"": 300}]","[""Fold"", ""Call 0.50 BB"", ""Min · 2 BB"", ""Pot · 3 BB""]",Pot · 3 BB,raise,300,1790776970374,True,True,True,1790776978188,1790776964102,6272,7814,,False,False
PlMiosUXOX3jddmqtCqgK3g7,MBcb9VNOH_zMR3yq9VqqjUYH,213,2,preflop,2,1,"[{""type"": ""luna_attempt"", ""handOrdinal"": 213, ""decisionOrdinal"": 2, ""street"": ""preflop"", ""visibleLegalButtonLabels"": [""Fold"", ""Call 6 BB"", ""Min · 15 BB"", ""Pot · 20 BB""], ""attemptedButtonLabel"": ""Fold"", ""attemptedAtMs"": 1790776978188, ""lastRenderedAtMs"": 1790776970792}]","[""8h"", ""Kh""]",[],"[{""name"": ""fold"", ""kind"": ""fold"", ""raiseTo"": null}, {""name"": ""call"", ""kind"": ""call"", ""raiseTo"": null}, {""name"": ""min"", ""kind"": ""raise"", ""raiseTo"": 1500}, {""name"": ""pot"", ""kind"": ""raise"", ""raiseTo"": 2000}]","[""Fold"", ""Call 6 BB"", ""Min · 15 BB"", ""Pot · 20 BB""]",Fold,fold,,1790776978188,True,True,True,1790776987206,1790776970792,7396,9018,,False,False
PlMiosUXOX3jddmqtCqgK3g7,ZuAVeegz7kbr958D4f-5vUeA,214,1,preflop,1,1,"[{""type"": ""luna_attempt"", ""handOrdinal"": 214, ""decisionOrdinal"": 1, ""street"": ""preflop"", ""visibleLegalButtonLabels"": [""Fold"", ""Call 1 BB"", ""Min · 3 BB"", ""Pot · 6 BB""], ""attemptedButtonLabel"": ""Fold"", ""attemptedAtMs"": 1790776993940, ""lastRenderedAtMs"": 1790776987487}]","[""8h"", ""5c""]",[],"[{""name"": ""fold"", ""kind"": ""fold"", ""raiseTo"": null}, {""name"": ""call"", ""kind"": ""call"", ""raiseTo"": null}, {""name"": ""min"", ""kind"": ""raise"", ""raiseTo"": 300}, {""name"": ""pot"", ""kind"": ""raise"", ""raiseTo"": 600}]","[""Fold"", ""Call 1 BB"", ""Min · 3 BB"", ""Pot · 6 BB""]",Fold,fold,,1790776993940,True,True,True,1790777001505,1790776987487,6453,7565,,False,False
PlMiosUXOX3jddmqtCqgK3g7,SxFhzl1mmYyfcEd_Pn9TUGiw,215,1,preflop,1,1,"[{""type"": ""luna_attempt"", ""handOrdinal"": 215, ""decisionOrdinal"": 1, ""street"": ""preflop"", ""visibleLegalButtonLabels"": [""Fold"", ""Call 0.50 BB"", ""Min · 2 BB"", ""Pot · 3 BB""], ""attemptedButtonLabel"": ""Pot · 3 BB"", ""attemptedAtMs"": 1790777009612, ""lastRenderedAtMs"": 1790777001872}]","[""Kh"", ""Js""]",[],"[{""name"": ""fold"", ""kind"": ""fold"", ""raiseTo"": null}, {""name"": ""call"", ""kind"": ""call"", ""raiseTo"": null}, {""name"": ""min"", ""kind"": ""raise"", ""raiseTo"": 200}, {""name"": ""pot"", ""kind"": ""raise"", ""raiseTo"": 300}]","[""Fold"", ""Call 0.50 BB"", ""Min · 2 BB"", ""Pot · 3 BB""]",Pot · 3 BB,raise,300,1790777009612,True,True,True,1790777015350,1790777001872,7740,5738,,False,False
PlMiosUXOX3jddmqtCqgK3g7,7mwioiYjYDIAhjXg3jpMH106,216,1,preflop,1,1,"[{""type"": ""luna_attempt"", ""handOrdinal"": 216, ""decisionOrdinal"": 1, ""street"": ""preflop"", ""visibleLegalButtonLabels"": [""Fold"", ""Call 2 BB"", ""Min · 5 BB"", ""Pot · 9 BB""], ""attemptedButtonLabel"": ""Pot · 9 BB"", ""attemptedAtMs"": 1790777022980, ""lastRenderedAtMs"": 1790777015756}]","[""As"", ""Ac""]",[],"[{""name"": ""fold"", ""kind"": ""fold"", ""raiseTo"": null}, {""name"": ""call"", ""kind"": ""call"", ""raiseTo"": null}, {""name"": ""min"", ""kind"": ""raise"", ""raiseTo"": 500}, {""name"": ""pot"", ""kind"": ""raise"", ""raiseTo"": 900}]","[""Fold"", ""Call 2 BB"", ""Min · 5 BB"", ""Pot · 9 BB""]",Pot · 9 BB,raise,900,1790777022980,True,True,True,1790777029321,1790777015756,7224,6341,,False,False
PlMiosUXOX3jddmqtCqgK3g7,7mwioiYjYDIAhjXg3jpMH106,216,2,preflop,2,1,"[{""type"": ""luna_attempt"", ""handOrdinal"": 216, ""decisionOrdinal"": 2, ""street"": ""preflop"", ""visibleLegalButtonLabels"": [""Fold"", ""Call 11 BB""], ""attemptedButtonLabel"": ""Call 11 BB"", ""attemptedAtMs"": 1790777029321, ""lastRenderedAtMs"": 1790777023348}]","[""As"", ""Ac""]",[],"[{""name"": ""fold"", ""kind"": ""fold"", ""raiseTo"": null}, {""name"": ""call"", ""kind"": ""call"", ""raiseTo"": null}]","[""Fold"", ""Call 11 BB""]",Call 11 BB,call,,1790777029321,True,True,True,1790777037586,1790777023348,5973,8265,,False,False
PlMiosUXOX3jddmqtCqgK3g7,reNuHRn0MtMrMa2dGZJsVud2,217,1,preflop,1,1,"[{""type"": ""luna_attempt"", ""handOrdinal"": 217, ""decisionOrdinal"": 1, ""street"": ""preflop"", ""visibleLegalButtonLabels"": [""Fold"", ""Call 0.50 BB"", ""Min · 2 BB"", ""Pot · 3 BB""], ""attemptedButtonLabel"": ""Pot · 3 BB"", ""attemptedAtMs"": 1790777044496, ""lastRenderedAtMs"": 1790777037922}]","[""Th"", ""5h""]",[],"[{""name"": ""fold"", ""kind"": ""fold"", ""raiseTo"": null}, {""name"": ""call"", ""kind"": ""call"", ""raiseTo"": null}, {""name"": ""min"", ""kind"": ""raise"", ""raiseTo"": 200}, {""name"": ""pot"", ""kind"": ""raise"", ""raiseTo"": 300}]","[""Fold"", ""Call 0.50 BB"", ""Min · 2 BB"", ""Pot · 3 BB""]",Pot · 3 BB,raise,300,1790777044496,True,True,True,1790777050502,1790777037922,6574,6006,,False,False
PlMiosUXOX3jddmqtCqgK3g7,CAgDaTtOXkAT-XkOmkefkkT_,219,1,preflop,1,1,"[{""type"": ""luna_attempt"", ""handOrdinal"": 219, ""decisionOrdinal"": 1, ""street"": ""preflop"", ""visibleLegalButtonLabels"": [""Fold"", ""Call 0.50 BB"", ""Min · 2 BB"", ""Pot · 3 BB""], ""attemptedButtonLabel"": ""Fold"", ""attemptedAtMs"": 1790777063267, ""lastRenderedAtMs"": 1790777057364}]","[""5c"", ""4s""]",[],"[{""name"": ""fold"", ""kind"": ""fold"", ""raiseTo"": null}, {""name"": ""call"", ""kind"": ""call"", ""raiseTo"": null}, {""name"": ""min"", ""kind"": ""raise"", ""raiseTo"": 200}, {""name"": ""pot"", ""kind"": ""raise"", ""raiseTo"": 300}]","[""Fold"", ""Call 0.50 BB"", ""Min · 2 BB"", ""Pot · 3 BB""]",Fold,fold,,1790777063267,True,True,True,1790777072071,1790777057364,5903,8804,,False,False
PlMiosUXOX3jddmqtCqgK3g7,BKluFcp6ppOBcMtFQ0x6-hcF,220,1,preflop,1,1,"[{""type"": ""luna_attempt"", ""handOrdinal"": 220, ""decisionOrdinal"": 1, ""street"": ""preflop"", ""visibleLegalButtonLabels"": [""Fold"", ""Call 1 BB"", ""Min · 3 BB"", ""Pot · 6 BB""], ""attemptedButtonLabel"": ""Pot · 6 BB"", ""attemptedAtMs"": 1790777078757, ""lastRenderedAtMs"": 1790777072483}]","[""Js"", ""Jd""]",[],"[{""name"": ""fold"", ""kind"": ""fold"", ""raiseTo"": null}, {""name"": ""call"", ""kind"": ""call"", ""raiseTo"": null}, {""name"": ""min"", ""kind"": ""raise"", ""raiseTo"": 300}, {""name"": ""pot"", ""kind"": ""raise"", ""raiseTo"": 600}]","[""Fold"", ""Call 1 BB"", ""Min · 3 BB"", ""Pot · 6 BB""]",Pot · 6 BB,raise,600,1790777078757,True,True,True,1790777084595,1790777072483,6274,5838,,False,False
PlMiosUXOX3jddmqtCqgK3g7,BoLTKGD0Guc5ypPywW7GAwPV,221,1,preflop,1,1,"[{""type"": ""luna_attempt"", ""handOrdinal"": 221, ""decisionOrdinal"": 1, ""street"": ""preflop"", ""visibleLegalButtonLabels"": [""Fold"", ""Call 0.50 BB"", ""Min · 2 BB"", ""Pot · 3 BB""], ""attemptedButtonLabel"": ""Fold"", ""attemptedAtMs"": 1790777090681, ""lastRenderedAtMs"": 1790777085005}]","[""9h"", ""2c""]",[],"[{""name"": ""fold"", ""kind"": ""fold"", ""raiseTo"": null}, {""name"": ""call"", ""kind"": ""call"", ""raiseTo"": null}, {""name"": ""min"", ""kind"": ""raise"", ""raiseTo"": 200}, {""name"": ""pot"", ""kind"": ""raise"", ""raiseTo"": 300}]","[""Fold"", ""Call 0.50 BB"", ""Min · 2 BB"", ""Pot · 3 BB""]",Fold,fold,,1790777090681,True,True,True,1790777096956,1790777085005,5676,6275,,False,False
PlMiosUXOX3jddmqtCqgK3g7,ESfUK7-R0wSO768SWz8iLKUp,222,1,preflop,1,1,"[{""type"": ""luna_attempt"", ""handOrdinal"": 222, ""decisionOrdinal"": 1, ""street"": ""preflop"", ""visibleLegalButtonLabels"": [""check"", ""Min · 2 BB"", ""Pot · 3 BB""], ""attemptedButtonLabel"": ""check"", ""attemptedAtMs"": 1790777141771, ""lastRenderedAtMs"": 1790777134744}]","[""3d"", ""Tc""]",[],"[{""name"": ""check"", ""kind"": ""check"", ""raiseTo"": null}, {""name"": ""min"", ""kind"": ""raise"", ""raiseTo"": 200}, {""name"": ""pot"", ""kind"": ""raise"", ""raiseTo"": 300}]","[""check"", ""Min · 2 BB"", ""Pot · 3 BB""]",check,check,,1790777141771,True,True,True,1790777146058,1790777134744,7027,4287,,False,False
PlMiosUXOX3jddmqtCqgK3g7,ESfUK7-R0wSO768SWz8iLKUp,222,2,flop,2,1,"[{""type"": ""luna_attempt"", ""handOrdinal"": 222, ""decisionOrdinal"": 2, ""street"": ""flop"", ""visibleLegalButtonLabels"": [""check"", ""Min · 1 BB"", ""Pot · 2 BB""], ""attemptedButtonLabel"": ""check"", ""attemptedAtMs"": 1790777151356, ""lastRenderedAtMs"": 1790777142235}]","[""3d"", ""Tc""]","[""9c"", ""Qh"", ""7c""]","[{""name"": ""check"", ""kind"": ""check"", ""raiseTo"": null}, {""name"": ""min"", ""kind"": ""raise"", ""raiseTo"": 100}, {""name"": ""pot"", ""kind"": ""raise"", ""raiseTo"": 200}]","[""check"", ""Min · 1 BB"", ""Pot · 2 BB""]",check,check,,1790777151356,True,True,True,1790777159053,1790777142235,9121,7697,,False,False
PlMiosUXOX3jddmqtCqgK3g7,ESfUK7-R0wSO768SWz8iLKUp,222,3,turn,3,1,"[{""type"": ""luna_attempt"", ""handOrdinal"": 222, ""decisionOrdinal"": 3, ""street"": ""turn"", ""visibleLegalButtonLabels"": [""check"", ""Min · 1 BB"", ""Pot · 2 BB""], ""attemptedButtonLabel"": ""check"", ""attemptedAtMs"": 1790777163011, ""lastRenderedAtMs"": 1790777159271}]","[""3d"", ""Tc""]","[""9c"", ""Qh"", ""7c"", ""2h""]","[{""name"": ""check"", ""kind"": ""check"", ""raiseTo"": null}, {""name"": ""min"", ""kind"": ""raise"", ""raiseTo"": 100}, {""name"": ""pot"", ""kind"": ""raise"", ""raiseTo"": 200}]","[""check"", ""Min · 1 BB"", ""Pot · 2 BB""]",check,check,,1790777163011,True,True,True,1790777170152,1790777159271,3740,7141,,False,False
PlMiosUXOX3jddmqtCqgK3g7,ESfUK7-R0wSO768SWz8iLKUp,222,4,turn,4,1,"[{""type"": ""luna_attempt"", ""handOrdinal"": 222, ""decisionOrdinal"": 4, ""street"": ""turn"", ""visibleLegalButtonLabels"": [""Fold"", ""Call 1 BB"", ""Min · 2 BB"", ""Pot · 5 BB""], ""attemptedButtonLabel"": ""Fold"", ""attemptedAtMs"": 1790777170152, ""lastRenderedAtMs"": 1790777163398}]","[""3d"", ""Tc""]","[""9c"", ""Qh"", ""7c"", ""2h""]","[{""name"": ""fold"", ""kind"": ""fold"", ""raiseTo"": null}, {""name"": ""call"", ""kind"": ""call"", ""raiseTo"": null}, {""name"": ""min"", ""kind"": ""raise"", ""raiseTo"": 200}, {""name"": ""pot"", ""kind"": ""raise"", ""raiseTo"": 500}]","[""Fold"", ""Call 1 BB"", ""Min · 2 BB"", ""Pot · 5 BB""]",Fold,fold,,1790777170152,True,True,True,1790777176867,1790777163398,6754,6715,,False,False
PlMiosUXOX3jddmqtCqgK3g7,6VcZGojKJEBLxDhq4cqMHQJ5,223,1,preflop,1,1,"[{""type"": ""luna_attempt"", ""handOrdinal"": 223, ""decisionOrdinal"": 1, ""street"": ""preflop"", ""visibleLegalButtonLabels"": [""Fold"", ""Call 0.50 BB"", ""Min · 2 BB"", ""Pot · 3 BB""], ""attemptedButtonLabel"": ""Call 0.50 BB"", ""attemptedAtMs"": 1790777189613, ""lastRenderedAtMs"": 1790777177292}]","[""3d"", ""Tc""]",[],"[{""name"": ""fold"", ""kind"": ""fold"", ""raiseTo"": null}, {""name"": ""call"", ""kind"": ""call"", ""raiseTo"": null}, {""name"": ""min"", ""kind"": ""raise"", ""raiseTo"": 200}, {""name"": ""pot"", ""kind"": ""raise"", ""raiseTo"": 300}]","[""Fold"", ""Call 0.50 BB"", ""Min · 2 BB"", ""Pot · 3 BB""]",Call 0.50 BB,call,,1790777189613,True,True,True,1790777197366,1790777177292,12321,7753,,False,False
PlMiosUXOX3jddmqtCqgK3g7,6VcZGojKJEBLxDhq4cqMHQJ5,223,2,flop,2,1,"[{""type"": ""luna_attempt"", ""handOrdinal"": 223, ""decisionOrdinal"": 2, ""street"": ""flop"", ""visibleLegalButtonLabels"": [""Fold"", ""Call 1 BB"", ""Min · 2 BB"", ""Pot · 5 BB""], ""attemptedButtonLabel"": ""Fold"", ""attemptedAtMs"": 1790777197366, ""lastRenderedAtMs"": 1790777190091}]","[""3d"", ""Tc""]","[""4h"", ""7h"", ""8h""]","[{""name"": ""fold"", ""kind"": ""fold"", ""raiseTo"": null}, {""name"": ""call"", ""kind"": ""call"", ""raiseTo"": null}, {""name"": ""min"", ""kind"": ""raise"", ""raiseTo"": 200}, {""name"": ""pot"", ""kind"": ""raise"", ""raiseTo"": 500}]","[""Fold"", ""Call 1 BB"", ""Min · 2 BB"", ""Pot · 5 BB""]",Fold,fold,,1790777197366,True,True,True,1790777203362,1790777190091,7275,5996,,False,False
PlMiosUXOX3jddmqtCqgK3g7,rUmiaBhW8XFDFjVd7K8bTOkk,224,1,preflop,1,1,"[{""type"": ""luna_attempt"", ""handOrdinal"": 224, ""decisionOrdinal"": 1, ""street"": ""preflop"", ""visibleLegalButtonLabels"": [""check"", ""Min · 2 BB"", ""Pot · 3 BB""], ""attemptedButtonLabel"": ""Pot · 3 BB"", ""attemptedAtMs"": 1790777211033, ""lastRenderedAtMs"": 1790777203687}]","[""2s"", ""Ad""]",[],"[{""name"": ""check"", ""kind"": ""check"", ""raiseTo"": null}, {""name"": ""min"", ""kind"": ""raise"", ""raiseTo"": 200}, {""name"": ""pot"", ""kind"": ""raise"", ""raiseTo"": 300}]","[""check"", ""Min · 2 BB"", ""Pot · 3 BB""]",Pot · 3 BB,raise,300,1790777211033,True,True,True,1790777219618,1790777203687,7346,8585,,False,False
PlMiosUXOX3jddmqtCqgK3g7,rUmiaBhW8XFDFjVd7K8bTOkk,224,2,flop,2,1,"[{""type"": ""luna_attempt"", ""handOrdinal"": 224, ""decisionOrdinal"": 2, ""street"": ""flop"", ""visibleLegalButtonLabels"": [""check"", ""Min · 1 BB"", ""Pot · 6 BB""], ""attemptedButtonLabel"": ""check"", ""attemptedAtMs"": 1790777219618, ""lastRenderedAtMs"": 1790777211501}]","[""2s"", ""Ad""]","[""Kd"", ""4d"", ""8d""]","[{""name"": ""check"", ""kind"": ""check"", ""raiseTo"": null}, {""name"": ""min"", ""kind"": ""raise"", ""raiseTo"": 100}, {""name"": ""pot"", ""kind"": ""raise"", ""raiseTo"": 600}]","[""check"", ""Min · 1 BB"", ""Pot · 6 BB""]",check,check,,1790777219618,True,True,True,1790777223713,1790777211501,8117,4095,,False,False
PlMiosUXOX3jddmqtCqgK3g7,rUmiaBhW8XFDFjVd7K8bTOkk,224,3,turn,3,1,"[{""type"": ""luna_attempt"", ""handOrdinal"": 224, ""decisionOrdinal"": 3, ""street"": ""turn"", ""visibleLegalButtonLabels"": [""check"", ""Min · 1 BB"", ""Pot · 6 BB""], ""attemptedButtonLabel"": ""check"", ""attemptedAtMs"": 1790777230308, ""lastRenderedAtMs"": 1790777223799}]","[""2s"", ""Ad""]","[""Kd"", ""4d"", ""8d"", ""8s""]","[{""name"": ""check"", ""kind"": ""check"", ""raiseTo"": null}, {""name"": ""min"", ""kind"": ""raise"", ""raiseTo"": 100}, {""name"": ""pot"", ""kind"": ""raise"", ""raiseTo"": 600}]","[""check"", ""Min · 1 BB"", ""Pot · 6 BB""]",check,check,,1790777230308,True,True,True,1790777237153,1790777223799,6509,6845,,False,False
PlMiosUXOX3jddmqtCqgK3g7,rUmiaBhW8XFDFjVd7K8bTOkk,224,4,river,4,1,"[{""type"": ""luna_attempt"", ""handOrdinal"": 224, ""decisionOrdinal"": 4, ""street"": ""river"", ""visibleLegalButtonLabels"": [""check"", ""Min · 1 BB"", ""Pot · 6 BB""], ""attemptedButtonLabel"": ""Pot · 6 BB"", ""attemptedAtMs"": 1790777243961, ""lastRenderedAtMs"": 1790777237330}]","[""2s"", ""Ad""]","[""Kd"", ""4d"", ""8d"", ""8s"", ""5d""]","[{""name"": ""check"", ""kind"": ""check"", ""raiseTo"": null}, {""name"": ""min"", ""kind"": ""raise"", ""raiseTo"": 100}, {""name"": ""pot"", ""kind"": ""raise"", ""raiseTo"": 600}]","[""check"", ""Min · 1 BB"", ""Pot · 6 BB""]",Pot · 6 BB,raise,600,1790777243961,True,True,True,1790777250657,1790777237330,6631,6696,,False,False
PlMiosUXOX3jddmqtCqgK3g7,rUmiaBhW8XFDFjVd7K8bTOkk,224,5,river,5,1,"[{""type"": ""luna_attempt"", ""handOrdinal"": 224, ""decisionOrdinal"": 5, ""street"": ""river"", ""visibleLegalButtonLabels"": [""Fold"", ""Call 11 BB""], ""attemptedButtonLabel"": ""Call 11 BB"", ""attemptedAtMs"": 1790777250657, ""lastRenderedAtMs"": 1790777244380}]","[""2s"", ""Ad""]","[""Kd"", ""4d"", ""8d"", ""8s"", ""5d""]","[{""name"": ""fold"", ""kind"": ""fold"", ""raiseTo"": null}, {""name"": ""call"", ""kind"": ""call"", ""raiseTo"": null}]","[""Fold"", ""Call 11 BB""]",Call 11 BB,call,,1790777250657,True,True,True,1790777256336,1790777244380,6277,5679,,False,False
PlMiosUXOX3jddmqtCqgK3g7,4VsjZMfSC_AvmiNo5m2291-Z,225,1,preflop,1,1,"[{""type"": ""luna_attempt"", ""handOrdinal"": 225, ""decisionOrdinal"": 1, ""street"": ""preflop"", ""visibleLegalButtonLabels"": [""Fold"", ""Call 0.50 BB"", ""Min · 2 BB"", ""Pot · 3 BB""], ""attemptedButtonLabel"": ""Pot · 3 BB"", ""attemptedAtMs"": 1790777263417, ""lastRenderedAtMs"": 1790777256638}]","[""Kd"", ""Kh""]",[],"[{""name"": ""fold"", ""kind"": ""fold"", ""raiseTo"": null}, {""name"": ""call"", ""kind"": ""call"", ""raiseTo"": null}, {""name"": ""min"", ""kind"": ""raise"", ""raiseTo"": 200}, {""name"": ""pot"", ""kind"": ""raise"", ""raiseTo"": 300}]","[""Fold"", ""Call 0.50 BB"", ""Min · 2 BB"", ""Pot · 3 BB""]",Pot · 3 BB,raise,300,1790777263417,True,True,True,1790777270121,1790777256638,6779,6704,,False,False
PlMiosUXOX3jddmqtCqgK3g7,HVbFQlDEgde_grknrgMgXnzM,226,1,preflop,1,1,"[{""type"": ""luna_attempt"", ""handOrdinal"": 226, ""decisionOrdinal"": 1, ""street"": ""preflop"", ""visibleLegalButtonLabels"": [""check"", ""Min · 2 BB"", ""Pot · 3 BB""], ""attemptedButtonLabel"": ""Pot · 3 BB"", ""attemptedAtMs"": 1790777275488, ""lastRenderedAtMs"": 1790777270518}]","[""Kc"", ""3c""]",[],"[{""name"": ""check"", ""kind"": ""check"", ""raiseTo"": null}, {""name"": ""min"", ""kind"": ""raise"", ""raiseTo"": 200}, {""name"": ""pot"", ""kind"": ""raise"", ""raiseTo"": 300}]","[""check"", ""Min · 2 BB"", ""Pot · 3 BB""]",Pot · 3 BB,raise,300,1790777275488,True,True,True,1790777280599,1790777270518,4970,5111,,False,False
PlMiosUXOX3jddmqtCqgK3g7,vGZsERjDxWCf0VYVkz0JVigf,227,1,preflop,1,1,"[{""type"": ""luna_attempt"", ""handOrdinal"": 227, ""decisionOrdinal"": 1, ""street"": ""preflop"", ""visibleLegalButtonLabels"": [""Fold"", ""Call 0.50 BB"", ""Min · 2 BB"", ""Pot · 3 BB""], ""attemptedButtonLabel"": ""Pot · 3 BB"", ""attemptedAtMs"": 1790777286114, ""lastRenderedAtMs"": 1790777281049}]","[""As"", ""Kc""]",[],"[{""name"": ""fold"", ""kind"": ""fold"", ""raiseTo"": null}, {""name"": ""call"", ""kind"": ""call"", ""raiseTo"": null}, {""name"": ""min"", ""kind"": ""raise"", ""raiseTo"": 200}, {""name"": ""pot"", ""kind"": ""raise"", ""raiseTo"": 300}]","[""Fold"", ""Call 0.50 BB"", ""Min · 2 BB"", ""Pot · 3 BB""]",Pot · 3 BB,raise,300,1790777286114,True,True,True,1790777293734,1790777281049,5065,7620,,False,False
PlMiosUXOX3jddmqtCqgK3g7,vGZsERjDxWCf0VYVkz0JVigf,227,2,flop,2,1,"[{""type"": ""luna_attempt"", ""handOrdinal"": 227, ""decisionOrdinal"": 2, ""street"": ""flop"", ""visibleLegalButtonLabels"": [""check"", ""Min · 1 BB"", ""Pot · 6 BB""], ""attemptedButtonLabel"": ""Min · 1 BB"", ""attemptedAtMs"": 1790777293734, ""lastRenderedAtMs"": 1790777286533}]","[""As"", ""Kc""]","[""9h"", ""6c"", ""7s""]","[{""name"": ""check"", ""kind"": ""check"", ""raiseTo"": null}, {""name"": ""min"", ""kind"": ""raise"", ""raiseTo"": 100}, {""name"": ""pot"", ""kind"": ""raise"", ""raiseTo"": 600}]","[""check"", ""Min · 1 BB"", ""Pot · 6 BB""]",Min · 1 BB,raise,100,1790777293734,True,True,True,1790777303586,1790777286533,7201,9852,,False,False
PlMiosUXOX3jddmqtCqgK3g7,vGZsERjDxWCf0VYVkz0JVigf,227,3,turn,3,1,"[{""type"": ""luna_attempt"", ""handOrdinal"": 227, ""decisionOrdinal"": 3, ""street"": ""turn"", ""visibleLegalButtonLabels"": [""Fold"", ""Call 1 BB"", ""Min · 2 BB"", ""Pot · 11 BB"", ""Jam · 16 BB""], ""attemptedButtonLabel"": ""Call 1 BB"", ""attemptedAtMs"": 1790777303586, ""lastRenderedAtMs"": 1790777294123}]","[""As"", ""Kc""]","[""9h"", ""6c"", ""7s"", ""Th""]","[{""name"": ""fold"", ""kind"": ""fold"", ""raiseTo"": null}, {""name"": ""call"", ""kind"": ""call"", ""raiseTo"": null}, {""name"": ""min"", ""kind"": ""raise"", ""raiseTo"": 200}, {""name"": ""pot"", ""kind"": ""raise"", ""raiseTo"": 1100}, {""name"": ""jam"", ""kind"": ""raise"", ""raiseTo"": 1600}]","[""Fold"", ""Call 1 BB"", ""Min · 2 BB"", ""Pot · 11 BB"", ""Jam · 16 BB""]",Call 1 BB,call,,1790777303586,True,True,True,1790777314398,1790777294123,9463,10812,,False,False
PlMiosUXOX3jddmqtCqgK3g7,vGZsERjDxWCf0VYVkz0JVigf,227,4,river,4,1,"[{""type"": ""luna_attempt"", ""handOrdinal"": 227, ""decisionOrdinal"": 4, ""street"": ""river"", ""visibleLegalButtonLabels"": [""Fold"", ""Call 10 BB"", ""Min · 15 BB""], ""attemptedButtonLabel"": ""Fold"", ""attemptedAtMs"": 1790777314398, ""lastRenderedAtMs"": 1790777304049}]","[""As"", ""Kc""]","[""9h"", ""6c"", ""7s"", ""Th"", ""Qh""]","[{""name"": ""fold"", ""kind"": ""fold"", ""raiseTo"": null}, {""name"": ""call"", ""kind"": ""call"", ""raiseTo"": null}, {""name"": ""min"", ""kind"": ""raise"", ""raiseTo"": 1500}]","[""Fold"", ""Call 10 BB"", ""Min · 15 BB""]",Fold,fold,,1790777314398,True,True,True,1790777321086,1790777304049,10349,6688,,False,False
PlMiosUXOX3jddmqtCqgK3g7,N8z6y-xnQ3q5yoRwDbtVG4CG,228,1,preflop,1,1,"[{""type"": ""luna_attempt"", ""handOrdinal"": 228, ""decisionOrdinal"": 1, ""street"": ""preflop"", ""visibleLegalButtonLabels"": [""check"", ""Min · 2 BB"", ""Pot · 3 BB""], ""attemptedButtonLabel"": ""check"", ""attemptedAtMs"": 1790777326953, ""lastRenderedAtMs"": 1790777321555}]","[""Js"", ""3h""]",[],"[{""name"": ""check"", ""kind"": ""check"", ""raiseTo"": null}, {""name"": ""min"", ""kind"": ""raise"", ""raiseTo"": 200}, {""name"": ""pot"", ""kind"": ""raise"", ""raiseTo"": 300}]","[""check"", ""Min · 2 BB"", ""Pot · 3 BB""]",check,check,,1790777326953,True,True,True,1790777333619,1790777321555,5398,6666,,False,False
PlMiosUXOX3jddmqtCqgK3g7,N8z6y-xnQ3q5yoRwDbtVG4CG,228,2,flop,2,1,"[{""type"": ""luna_attempt"", ""handOrdinal"": 228, ""decisionOrdinal"": 2, ""street"": ""flop"", ""visibleLegalButtonLabels"": [""check"", ""Min · 1 BB"", ""Pot · 2 BB""], ""attemptedButtonLabel"": ""check"", ""attemptedAtMs"": 1790777333619, ""lastRenderedAtMs"": 1790777327318}]","[""Js"", ""3h""]","[""5h"", ""Ah"", ""7c""]","[{""name"": ""check"", ""kind"": ""check"", ""raiseTo"": null}, {""name"": ""min"", ""kind"": ""raise"", ""raiseTo"": 100}, {""name"": ""pot"", ""kind"": ""raise"", ""raiseTo"": 200}]","[""check"", ""Min · 1 BB"", ""Pot · 2 BB""]",check,check,,1790777333619,True,True,True,1790777341899,1790777327318,6301,8280,,False,False
PlMiosUXOX3jddmqtCqgK3g7,N8z6y-xnQ3q5yoRwDbtVG4CG,228,3,turn,3,1,"[{""type"": ""luna_attempt"", ""handOrdinal"": 228, ""decisionOrdinal"": 3, ""street"": ""turn"", ""visibleLegalButtonLabels"": [""check"", ""Min · 1 BB"", ""Pot · 2 BB""], ""attemptedButtonLabel"": ""check"", ""attemptedAtMs"": 1790777341899, ""lastRenderedAtMs"": 1790777334097}]","[""Js"", ""3h""]","[""5h"", ""Ah"", ""7c"", ""5d""]","[{""name"": ""check"", ""kind"": ""check"", ""raiseTo"": null}, {""name"": ""min"", ""kind"": ""raise"", ""raiseTo"": 100}, {""name"": ""pot"", ""kind"": ""raise"", ""raiseTo"": 200}]","[""check"", ""Min · 1 BB"", ""Pot · 2 BB""]",check,check,,1790777341899,True,True,True,1790777347584,1790777334097,7802,5685,,False,False
PlMiosUXOX3jddmqtCqgK3g7,N8z6y-xnQ3q5yoRwDbtVG4CG,228,4,turn,4,1,"[{""type"": ""luna_attempt"", ""handOrdinal"": 228, ""decisionOrdinal"": 4, ""street"": ""turn"", ""visibleLegalButtonLabels"": [""Fold"", ""Call 2 BB"", ""Min · 4 BB"", ""Pot · 8 BB""], ""attemptedButtonLabel"": ""Fold"", ""attemptedAtMs"": 1790777347584, ""lastRenderedAtMs"": 1790777342187}]","[""Js"", ""3h""]","[""5h"", ""Ah"", ""7c"", ""5d""]","[{""name"": ""fold"", ""kind"": ""fold"", ""raiseTo"": null}, {""name"": ""call"", ""kind"": ""call"", ""raiseTo"": null}, {""name"": ""min"", ""kind"": ""raise"", ""raiseTo"": 400}, {""name"": ""pot"", ""kind"": ""raise"", ""raiseTo"": 800}]","[""Fold"", ""Call 2 BB"", ""Min · 4 BB"", ""Pot · 8 BB""]",Fold,fold,,1790777347584,True,True,True,1790777352720,1790777342187,5397,5136,,False,False
PlMiosUXOX3jddmqtCqgK3g7,ntXJjKFdP2f5Oi-lS1vZxQE6,229,1,preflop,1,1,"[{""type"": ""luna_attempt"", ""handOrdinal"": 229, ""decisionOrdinal"": 1, ""street"": ""preflop"", ""visibleLegalButtonLabels"": [""Fold"", ""Call 0.50 BB"", ""Min · 2 BB"", ""Pot · 3 BB""], ""attemptedButtonLabel"": ""Call 0.50 BB"", ""attemptedAtMs"": 1790777359796, ""lastRenderedAtMs"": 1790777353043}]","[""Jd"", ""3s""]",[],"[{""name"": ""fold"", ""kind"": ""fold"", ""raiseTo"": null}, {""name"": ""call"", ""kind"": ""call"", ""raiseTo"": null}, {""name"": ""min"", ""kind"": ""raise"", ""raiseTo"": 200}, {""name"": ""pot"", ""kind"": ""raise"", ""raiseTo"": 300}]","[""Fold"", ""Call 0.50 BB"", ""Min · 2 BB"", ""Pot · 3 BB""]",Call 0.50 BB,call,,1790777359796,True,True,True,1790777365323,1790777353043,6753,5527,,False,False
PlMiosUXOX3jddmqtCqgK3g7,ntXJjKFdP2f5Oi-lS1vZxQE6,229,2,preflop,2,1,"[{""type"": ""luna_attempt"", ""handOrdinal"": 229, ""decisionOrdinal"": 2, ""street"": ""preflop"", ""visibleLegalButtonLabels"": [""Fold"", ""Call 2 BB"", ""Min · 5 BB"", ""Pot · 9 BB""], ""attemptedButtonLabel"": ""Fold"", ""attemptedAtMs"": 1790777365323, ""lastRenderedAtMs"": 1790777360234}]","[""Jd"", ""3s""]",[],"[{""name"": ""fold"", ""kind"": ""fold"", ""raiseTo"": null}, {""name"": ""call"", ""kind"": ""call"", ""raiseTo"": null}, {""name"": ""min"", ""kind"": ""raise"", ""raiseTo"": 500}, {""name"": ""pot"", ""kind"": ""raise"", ""raiseTo"": 900}]","[""Fold"", ""Call 2 BB"", ""Min · 5 BB"", ""Pot · 9 BB""]",Fold,fold,,1790777365323,True,True,True,1790777370115,1790777360234,5089,4792,,False,False
PlMiosUXOX3jddmqtCqgK3g7,MKrgbpLgU2DZ566-W_3oID9E,230,1,preflop,1,1,"[{""type"": ""luna_attempt"", ""handOrdinal"": 230, ""decisionOrdinal"": 1, ""street"": ""preflop"", ""visibleLegalButtonLabels"": [""Fold"", ""Call 1 BB"", ""Min · 3 BB"", ""Pot · 6 BB""], ""attemptedButtonLabel"": ""Call 1 BB"", ""attemptedAtMs"": 1790777376210, ""lastRenderedAtMs"": 1790777370560}]","[""3c"", ""Ad""]",[],"[{""name"": ""fold"", ""kind"": ""fold"", ""raiseTo"": null}, {""name"": ""call"", ""kind"": ""call"", ""raiseTo"": null}, {""name"": ""min"", ""kind"": ""raise"", ""raiseTo"": 300}, {""name"": ""pot"", ""kind"": ""raise"", ""raiseTo"": 600}]","[""Fold"", ""Call 1 BB"", ""Min · 3 BB"", ""Pot · 6 BB""]",Call 1 BB,call,,1790777376210,True,True,True,1790777382956,1790777370560,5650,6746,,False,False
PlMiosUXOX3jddmqtCqgK3g7,MKrgbpLgU2DZ566-W_3oID9E,230,2,flop,2,1,"[{""type"": ""luna_attempt"", ""handOrdinal"": 230, ""decisionOrdinal"": 2, ""street"": ""flop"", ""visibleLegalButtonLabels"": [""check"", ""Min · 1 BB"", ""Pot · 4 BB""], ""attemptedButtonLabel"": ""check"", ""attemptedAtMs"": 1790777382956, ""lastRenderedAtMs"": 1790777376625}]","[""3c"", ""Ad""]","[""8c"", ""7c"", ""4s""]","[{""name"": ""check"", ""kind"": ""check"", ""raiseTo"": null}, {""name"": ""min"", ""kind"": ""raise"", ""raiseTo"": 100}, {""name"": ""pot"", ""kind"": ""raise"", ""raiseTo"": 400}]","[""check"", ""Min · 1 BB"", ""Pot · 4 BB""]",check,check,,1790777382956,True,True,True,1790777391153,1790777376625,6331,8197,,False,False
PlMiosUXOX3jddmqtCqgK3g7,MKrgbpLgU2DZ566-W_3oID9E,230,3,flop,3,1,"[{""type"": ""luna_attempt"", ""handOrdinal"": 230, ""decisionOrdinal"": 3, ""street"": ""flop"", ""visibleLegalButtonLabels"": [""Fold"", ""Call 4 BB"", ""Min · 8 BB"", ""Pot · 16 BB"", ""Jam · 18 BB""], ""attemptedButtonLabel"": ""Fold"", ""attemptedAtMs"": 1790777391153, ""lastRenderedAtMs"": 1790777383404}]","[""3c"", ""Ad""]","[""8c"", ""7c"", ""4s""]","[{""name"": ""fold"", ""kind"": ""fold"", ""raiseTo"": null}, {""name"": ""call"", ""kind"": ""call"", ""raiseTo"": null}, {""name"": ""min"", ""kind"": ""raise"", ""raiseTo"": 800}, {""name"": ""pot"", ""kind"": ""raise"", ""raiseTo"": 1600}, {""name"": ""jam"", ""kind"": ""raise"", ""raiseTo"": 1800}]","[""Fold"", ""Call 4 BB"", ""Min · 8 BB"", ""Pot · 16 BB"", ""Jam · 18 BB""]",Fold,fold,,1790777391153,True,True,True,1790777396746,1790777383404,7749,5593,,False,False
PlMiosUXOX3jddmqtCqgK3g7,wNGpCLZldCNVEhKitV0nxX70,231,1,preflop,1,1,"[{""type"": ""luna_attempt"", ""handOrdinal"": 231, ""decisionOrdinal"": 1, ""street"": ""preflop"", ""visibleLegalButtonLabels"": [""Fold"", ""Call 0.50 BB"", ""Min · 2 BB"", ""Pot · 3 BB""], ""attemptedButtonLabel"": ""Call 0.50 BB"", ""attemptedAtMs"": 1790777403019, ""lastRenderedAtMs"": 1790777397064}]","[""6s"", ""8s""]",[],"[{""name"": ""fold"", ""kind"": ""fold"", ""raiseTo"": null}, {""name"": ""call"", ""kind"": ""call"", ""raiseTo"": null}, {""name"": ""min"", ""kind"": ""raise"", ""raiseTo"": 200}, {""name"": ""pot"", ""kind"": ""raise"", ""raiseTo"": 300}]","[""Fold"", ""Call 0.50 BB"", ""Min · 2 BB"", ""Pot · 3 BB""]",Call 0.50 BB,call,,1790777403019,True,True,True,1790777410225,1790777397064,5955,7206,,False,False
PlMiosUXOX3jddmqtCqgK3g7,wNGpCLZldCNVEhKitV0nxX70,231,2,preflop,2,1,"[{""type"": ""luna_attempt"", ""handOrdinal"": 231, ""decisionOrdinal"": 2, ""street"": ""preflop"", ""visibleLegalButtonLabels"": [""Fold"", ""Call 2 BB"", ""Min · 5 BB"", ""Pot · 9 BB""], ""attemptedButtonLabel"": ""Fold"", ""attemptedAtMs"": 1790777410225, ""lastRenderedAtMs"": 1790777403431}]","[""6s"", ""8s""]",[],"[{""name"": ""fold"", ""kind"": ""fold"", ""raiseTo"": null}, {""name"": ""call"", ""kind"": ""call"", ""raiseTo"": null}, {""name"": ""min"", ""kind"": ""raise"", ""raiseTo"": 500}, {""name"": ""pot"", ""kind"": ""raise"", ""raiseTo"": 900}]","[""Fold"", ""Call 2 BB"", ""Min · 5 BB"", ""Pot · 9 BB""]",Fold,fold,,1790777410225,True,True,True,1790777415902,1790777403431,6794,5677,,False,False
PlMiosUXOX3jddmqtCqgK3g7,oeB-zUhQeq7Jy3Kbh0iI-6_a,232,1,preflop,1,1,"[{""type"": ""luna_attempt"", ""handOrdinal"": 232, ""decisionOrdinal"": 1, ""street"": ""preflop"", ""visibleLegalButtonLabels"": [""Fold"", ""Call 2 BB"", ""Min · 5 BB"", ""Pot · 9 BB""], ""attemptedButtonLabel"": ""Call 2 BB"", ""attemptedAtMs"": 1790777422534, ""lastRenderedAtMs"": 1790777416278}]","[""Ac"", ""7s""]",[],"[{""name"": ""fold"", ""kind"": ""fold"", ""raiseTo"": null}, {""name"": ""call"", ""kind"": ""call"", ""raiseTo"": null}, {""name"": ""min"", ""kind"": ""raise"", ""raiseTo"": 500}, {""name"": ""pot"", ""kind"": ""raise"", ""raiseTo"": 900}]","[""Fold"", ""Call 2 BB"", ""Min · 5 BB"", ""Pot · 9 BB""]",Call 2 BB,call,,1790777422534,True,True,True,1790777428583,1790777416278,6256,6049,,False,False
PlMiosUXOX3jddmqtCqgK3g7,oeB-zUhQeq7Jy3Kbh0iI-6_a,232,2,flop,2,1,"[{""type"": ""luna_attempt"", ""handOrdinal"": 232, ""decisionOrdinal"": 2, ""street"": ""flop"", ""visibleLegalButtonLabels"": [""check"", ""Min · 1 BB"", ""Pot · 6 BB""], ""attemptedButtonLabel"": ""check"", ""attemptedAtMs"": 1790777428583, ""lastRenderedAtMs"": 1790777422859}]","[""Ac"", ""7s""]","[""Kh"", ""Ts"", ""8h""]","[{""name"": ""check"", ""kind"": ""check"", ""raiseTo"": null}, {""name"": ""min"", ""kind"": ""raise"", ""raiseTo"": 100}, {""name"": ""pot"", ""kind"": ""raise"", ""raiseTo"": 600}]","[""check"", ""Min · 1 BB"", ""Pot · 6 BB""]",check,check,,1790777428583,True,True,True,1790777436732,1790777422859,5724,8149,,False,False
PlMiosUXOX3jddmqtCqgK3g7,oeB-zUhQeq7Jy3Kbh0iI-6_a,232,3,flop,3,1,"[{""type"": ""luna_attempt"", ""handOrdinal"": 232, ""decisionOrdinal"": 3, ""street"": ""flop"", ""visibleLegalButtonLabels"": [""Fold"", ""Call 1 BB"", ""Min · 2 BB"", ""Pot · 9 BB"", ""Jam · 17 BB""], ""attemptedButtonLabel"": ""Call 1 BB"", ""attemptedAtMs"": 1790777436732, ""lastRenderedAtMs"": 1790777428936}]","[""Ac"", ""7s""]","[""Kh"", ""Ts"", ""8h""]","[{""name"": ""fold"", ""kind"": ""fold"", ""raiseTo"": null}, {""name"": ""call"", ""kind"": ""call"", ""raiseTo"": null}, {""name"": ""min"", ""kind"": ""raise"", ""raiseTo"": 200}, {""name"": ""pot"", ""kind"": ""raise"", ""raiseTo"": 900}, {""name"": ""jam"", ""kind"": ""raise"", ""raiseTo"": 1700}]","[""Fold"", ""Call 1 BB"", ""Min · 2 BB"", ""Pot · 9 BB"", ""Jam · 17 BB""]",Call 1 BB,call,,1790777436732,True,True,True,1790777446747,1790777428936,7796,10015,,False,False
PlMiosUXOX3jddmqtCqgK3g7,oeB-zUhQeq7Jy3Kbh0iI-6_a,232,4,turn,4,1,"[{""type"": ""luna_attempt"", ""handOrdinal"": 232, ""decisionOrdinal"": 4, ""street"": ""turn"", ""visibleLegalButtonLabels"": [""check"", ""Min · 1 BB"", ""Pot · 8 BB"", ""Jam · 16 BB""], ""attemptedButtonLabel"": ""check"", ""attemptedAtMs"": 1790777446747, ""lastRenderedAtMs"": 1790777437021}]","[""Ac"", ""7s""]","[""Kh"", ""Ts"", ""8h"", ""Qc""]","[{""name"": ""check"", ""kind"": ""check"", ""raiseTo"": null}, {""name"": ""min"", ""kind"": ""raise"", ""raiseTo"": 100}, {""name"": ""pot"", ""kind"": ""raise"", ""raiseTo"": 800}, {""name"": ""jam"", ""kind"": ""raise"", ""raiseTo"": 1600}]","[""check"", ""Min · 1 BB"", ""Pot · 8 BB"", ""Jam · 16 BB""]",check,check,,1790777446747,True,True,True,1790777451114,1790777437021,9726,4367,,False,False
PlMiosUXOX3jddmqtCqgK3g7,oeB-zUhQeq7Jy3Kbh0iI-6_a,232,5,river,5,1,"[{""type"": ""luna_attempt"", ""handOrdinal"": 232, ""decisionOrdinal"": 5, ""street"": ""river"", ""visibleLegalButtonLabels"": [""check"", ""Min · 1 BB"", ""Pot · 8 BB"", ""Jam · 16 BB""], ""attemptedButtonLabel"": ""check"", ""attemptedAtMs"": 1790777455283, ""lastRenderedAtMs"": 1790777451225}]","[""Ac"", ""7s""]","[""Kh"", ""Ts"", ""8h"", ""Qc"", ""4d""]","[{""name"": ""check"", ""kind"": ""check"", ""raiseTo"": null}, {""name"": ""min"", ""kind"": ""raise"", ""raiseTo"": 100}, {""name"": ""pot"", ""kind"": ""raise"", ""raiseTo"": 800}, {""name"": ""jam"", ""kind"": ""raise"", ""raiseTo"": 1600}]","[""check"", ""Min · 1 BB"", ""Pot · 8 BB"", ""Jam · 16 BB""]",check,check,,1790777455283,True,True,True,1790777461077,1790777451225,4058,5794,,False,False
PlMiosUXOX3jddmqtCqgK3g7,ZOqJ4CsPSbqcgO40PgXo_u3X,233,1,preflop,1,1,"[{""type"": ""luna_attempt"", ""handOrdinal"": 233, ""decisionOrdinal"": 1, ""street"": ""preflop"", ""visibleLegalButtonLabels"": [""Fold"", ""Call 0.50 BB"", ""Min · 2 BB"", ""Pot · 3 BB""], ""attemptedButtonLabel"": ""Call 0.50 BB"", ""attemptedAtMs"": 1790777466785, ""lastRenderedAtMs"": 1790777461524}]","[""Jh"", ""3s""]",[],"[{""name"": ""fold"", ""kind"": ""fold"", ""raiseTo"": null}, {""name"": ""call"", ""kind"": ""call"", ""raiseTo"": null}, {""name"": ""min"", ""kind"": ""raise"", ""raiseTo"": 200}, {""name"": ""pot"", ""kind"": ""raise"", ""raiseTo"": 300}]","[""Fold"", ""Call 0.50 BB"", ""Min · 2 BB"", ""Pot · 3 BB""]",Call 0.50 BB,call,,1790777466785,True,True,True,1790777472401,1790777461524,5261,5616,,False,False
PlMiosUXOX3jddmqtCqgK3g7,ZOqJ4CsPSbqcgO40PgXo_u3X,233,2,flop,2,1,"[{""type"": ""luna_attempt"", ""handOrdinal"": 233, ""decisionOrdinal"": 2, ""street"": ""flop"", ""visibleLegalButtonLabels"": [""Fold"", ""Call 2 BB"", ""Min · 4 BB"", ""Pot · 8 BB""], ""attemptedButtonLabel"": ""Fold"", ""attemptedAtMs"": 1790777472401, ""lastRenderedAtMs"": 1790777467095}]","[""Jh"", ""3s""]","[""5d"", ""7h"", ""5h""]","[{""name"": ""fold"", ""kind"": ""fold"", ""raiseTo"": null}, {""name"": ""call"", ""kind"": ""call"", ""raiseTo"": null}, {""name"": ""min"", ""kind"": ""raise"", ""raiseTo"": 400}, {""name"": ""pot"", ""kind"": ""raise"", ""raiseTo"": 800}]","[""Fold"", ""Call 2 BB"", ""Min · 4 BB"", ""Pot · 8 BB""]",Fold,fold,,1790777472401,True,True,True,1790777478274,1790777467095,5306,5873,,False,False
PlMiosUXOX3jddmqtCqgK3g7,KPzyVWwmsW3TUJswOlfoWCQV,234,1,preflop,1,1,"[{""type"": ""luna_attempt"", ""handOrdinal"": 234, ""decisionOrdinal"": 1, ""street"": ""preflop"", ""visibleLegalButtonLabels"": [""Fold"", ""Call 1 BB"", ""Min · 3 BB"", ""Pot · 6 BB""], ""attemptedButtonLabel"": ""Call 1 BB"", ""attemptedAtMs"": 1790777484388, ""lastRenderedAtMs"": 1790777478626}]","[""2c"", ""7c""]",[],"[{""name"": ""fold"", ""kind"": ""fold"", ""raiseTo"": null}, {""name"": ""call"", ""kind"": ""call"", ""raiseTo"": null}, {""name"": ""min"", ""kind"": ""raise"", ""raiseTo"": 300}, {""name"": ""pot"", ""kind"": ""raise"", ""raiseTo"": 600}]","[""Fold"", ""Call 1 BB"", ""Min · 3 BB"", ""Pot · 6 BB""]",Call 1 BB,call,,1790777484388,True,True,True,1790777490603,1790777478626,5762,6215,,False,False
PlMiosUXOX3jddmqtCqgK3g7,KPzyVWwmsW3TUJswOlfoWCQV,234,2,flop,2,1,"[{""type"": ""luna_attempt"", ""handOrdinal"": 234, ""decisionOrdinal"": 2, ""street"": ""flop"", ""visibleLegalButtonLabels"": [""check"", ""Min · 1 BB"", ""Pot · 4 BB""], ""attemptedButtonLabel"": ""check"", ""attemptedAtMs"": 1790777490603, ""lastRenderedAtMs"": 1790777484806}]","[""2c"", ""7c""]","[""9c"", ""Kh"", ""4s""]","[{""name"": ""check"", ""kind"": ""check"", ""raiseTo"": null}, {""name"": ""min"", ""kind"": ""raise"", ""raiseTo"": 100}, {""name"": ""pot"", ""kind"": ""raise"", ""raiseTo"": 400}]","[""check"", ""Min · 1 BB"", ""Pot · 4 BB""]",check,check,,1790777490603,True,True,True,1790777496058,1790777484806,5797,5455,,False,False
PlMiosUXOX3jddmqtCqgK3g7,KPzyVWwmsW3TUJswOlfoWCQV,234,3,turn,3,1,"[{""type"": ""luna_attempt"", ""handOrdinal"": 234, ""decisionOrdinal"": 3, ""street"": ""turn"", ""visibleLegalButtonLabels"": [""check"", ""Min · 1 BB"", ""Pot · 4 BB""], ""attemptedButtonLabel"": ""Min · 1 BB"", ""attemptedAtMs"": 1790777500751, ""lastRenderedAtMs"": 1790777496263}]","[""2c"", ""7c""]","[""9c"", ""Kh"", ""4s"", ""8c""]","[{""name"": ""check"", ""kind"": ""check"", ""raiseTo"": null}, {""name"": ""min"", ""kind"": ""raise"", ""raiseTo"": 100}, {""name"": ""pot"", ""kind"": ""raise"", ""raiseTo"": 400}]","[""check"", ""Min · 1 BB"", ""Pot · 4 BB""]",Min · 1 BB,raise,100,1790777500751,True,True,True,1790777508536,1790777496263,4488,7785,,False,False
PlMiosUXOX3jddmqtCqgK3g7,0DWLpSviQZlHYXMJDfma4wtz,235,1,preflop,1,1,"[{""type"": ""luna_attempt"", ""handOrdinal"": 235, ""decisionOrdinal"": 1, ""street"": ""preflop"", ""visibleLegalButtonLabels"": [""Fold"", ""Call 0.50 BB"", ""Min · 2 BB"", ""Pot · 3 BB""], ""attemptedButtonLabel"": ""Pot · 3 BB"", ""attemptedAtMs"": 1790777514814, ""lastRenderedAtMs"": 1790777509000}]","[""Kd"", ""Qs""]",[],"[{""name"": ""fold"", ""kind"": ""fold"", ""raiseTo"": null}, {""name"": ""call"", ""kind"": ""call"", ""raiseTo"": null}, {""name"": ""min"", ""kind"": ""raise"", ""raiseTo"": 200}, {""name"": ""pot"", ""kind"": ""raise"", ""raiseTo"": 300}]","[""Fold"", ""Call 0.50 BB"", ""Min · 2 BB"", ""Pot · 3 BB""]",Pot · 3 BB,raise,300,1790777514814,True,True,True,1790777519724,1790777509000,5814,4910,,False,False
PlMiosUXOX3jddmqtCqgK3g7,OFAVEkc6XoLw87EwBZ4JZaP-,237,1,preflop,1,1,"[{""type"": ""luna_attempt"", ""handOrdinal"": 237, ""decisionOrdinal"": 1, ""street"": ""preflop"", ""visibleLegalButtonLabels"": [""Fold"", ""Call 0.50 BB"", ""Min · 2 BB"", ""Pot · 3 BB""], ""attemptedButtonLabel"": ""Pot · 3 BB"", ""attemptedAtMs"": 1790777542634, ""lastRenderedAtMs"": 1790777535921}]","[""Ad"", ""8s""]",[],"[{""name"": ""fold"", ""kind"": ""fold"", ""raiseTo"": null}, {""name"": ""call"", ""kind"": ""call"", ""raiseTo"": null}, {""name"": ""min"", ""kind"": ""raise"", ""raiseTo"": 200}, {""name"": ""pot"", ""kind"": ""raise"", ""raiseTo"": 300}]","[""Fold"", ""Call 0.50 BB"", ""Min · 2 BB"", ""Pot · 3 BB""]",Pot · 3 BB,raise,300,1790777542634,True,True,True,1790777551808,1790777535921,6713,9174,,False,False
PlMiosUXOX3jddmqtCqgK3g7,OFAVEkc6XoLw87EwBZ4JZaP-,237,2,flop,2,1,"[{""type"": ""luna_attempt"", ""handOrdinal"": 237, ""decisionOrdinal"": 2, ""street"": ""flop"", ""visibleLegalButtonLabels"": [""Fold"", ""Call 1 BB"", ""Min · 2 BB"", ""Pot · 9 BB"", ""Jam · 17 BB""], ""attemptedButtonLabel"": ""Min · 2 BB"", ""attemptedAtMs"": 1790777551808, ""lastRenderedAtMs"": 1790777542990}]","[""Ad"", ""8s""]","[""Qh"", ""Kd"", ""Jd""]","[{""name"": ""fold"", ""kind"": ""fold"", ""raiseTo"": null}, {""name"": ""call"", ""kind"": ""call"", ""raiseTo"": null}, {""name"": ""min"", ""kind"": ""raise"", ""raiseTo"": 200}, {""name"": ""pot"", ""kind"": ""raise"", ""raiseTo"": 900}, {""name"": ""jam"", ""kind"": ""raise"", ""raiseTo"": 1700}]","[""Fold"", ""Call 1 BB"", ""Min · 2 BB"", ""Pot · 9 BB"", ""Jam · 17 BB""]",Min · 2 BB,raise,200,1790777551808,True,True,True,1790777564008,1790777542990,8818,12200,,False,False
PlMiosUXOX3jddmqtCqgK3g7,OFAVEkc6XoLw87EwBZ4JZaP-,237,3,turn,3,1,"[{""type"": ""luna_attempt"", ""handOrdinal"": 237, ""decisionOrdinal"": 3, ""street"": ""turn"", ""visibleLegalButtonLabels"": [""check"", ""Min · 1 BB"", ""Pot · 10 BB"", ""Jam · 15 BB""], ""attemptedButtonLabel"": ""Min · 1 BB"", ""attemptedAtMs"": 1790777564008, ""lastRenderedAtMs"": 1790777552117}]","[""Ad"", ""8s""]","[""Qh"", ""Kd"", ""Jd"", ""Td""]","[{""name"": ""check"", ""kind"": ""check"", ""raiseTo"": null}, {""name"": ""min"", ""kind"": ""raise"", ""raiseTo"": 100}, {""name"": ""pot"", ""kind"": ""raise"", ""raiseTo"": 1000}, {""name"": ""jam"", ""kind"": ""raise"", ""raiseTo"": 1500}]","[""check"", ""Min · 1 BB"", ""Pot · 10 BB"", ""Jam · 15 BB""]",Min · 1 BB,raise,100,1790777564008,True,True,True,1790777579679,1790777552117,11891,15671,,False,False
PlMiosUXOX3jddmqtCqgK3g7,OFAVEkc6XoLw87EwBZ4JZaP-,237,4,turn,4,1,"[{""type"": ""luna_attempt"", ""handOrdinal"": 237, ""decisionOrdinal"": 4, ""street"": ""turn"", ""visibleLegalButtonLabels"": [""Fold"", ""Call 12 BB"", ""Min · 15 BB""], ""attemptedButtonLabel"": ""Call 12 BB"", ""attemptedAtMs"": 1790777579679, ""lastRenderedAtMs"": 1790777564360}]","[""Ad"", ""8s""]","[""Qh"", ""Kd"", ""Jd"", ""Td""]","[{""name"": ""fold"", ""kind"": ""fold"", ""raiseTo"": null}, {""name"": ""call"", ""kind"": ""call"", ""raiseTo"": null}, {""name"": ""min"", ""kind"": ""raise"", ""raiseTo"": 1500}]","[""Fold"", ""Call 12 BB"", ""Min · 15 BB""]",Call 12 BB,call,,1790777579679,True,True,True,1790777587539,1790777564360,15319,7860,,False,False
PlMiosUXOX3jddmqtCqgK3g7,OFAVEkc6XoLw87EwBZ4JZaP-,237,5,river,5,1,"[{""type"": ""luna_attempt"", ""handOrdinal"": 237, ""decisionOrdinal"": 5, ""street"": ""river"", ""visibleLegalButtonLabels"": [""Fold"", ""Call 1 BB"", ""Min · 2 BB""], ""attemptedButtonLabel"": ""Call 1 BB"", ""attemptedAtMs"": 1790777587539, ""lastRenderedAtMs"": 1790777580058}]","[""Ad"", ""8s""]","[""Qh"", ""Kd"", ""Jd"", ""Td"", ""Tc""]","[{""name"": ""fold"", ""kind"": ""fold"", ""raiseTo"": null}, {""name"": ""call"", ""kind"": ""call"", ""raiseTo"": null}, {""name"": ""min"", ""kind"": ""raise"", ""raiseTo"": 200}]","[""Fold"", ""Call 1 BB"", ""Min · 2 BB""]",Call 1 BB,call,,1790777587539,True,True,True,1790777594418,1790777580058,7481,6879,,False,False
PlMiosUXOX3jddmqtCqgK3g7,BEKHFxUm1eQZmsL52-fvP9vd,238,1,preflop,1,1,"[{""type"": ""luna_attempt"", ""handOrdinal"": 238, ""decisionOrdinal"": 1, ""street"": ""preflop"", ""visibleLegalButtonLabels"": [""Fold"", ""Call 2 BB"", ""Min · 5 BB"", ""Pot · 9 BB""], ""attemptedButtonLabel"": ""Fold"", ""attemptedAtMs"": 1790777600608, ""lastRenderedAtMs"": 1790777594829}]","[""Jd"", ""2h""]",[],"[{""name"": ""fold"", ""kind"": ""fold"", ""raiseTo"": null}, {""name"": ""call"", ""kind"": ""call"", ""raiseTo"": null}, {""name"": ""min"", ""kind"": ""raise"", ""raiseTo"": 500}, {""name"": ""pot"", ""kind"": ""raise"", ""raiseTo"": 900}]","[""Fold"", ""Call 2 BB"", ""Min · 5 BB"", ""Pot · 9 BB""]",Fold,fold,,1790777600608,True,True,True,1790777605722,1790777594829,5779,5114,,False,False
PlMiosUXOX3jddmqtCqgK3g7,4gcdqPsKTsTdto-Fc2XqEvgX,239,1,preflop,1,1,"[{""type"": ""luna_attempt"", ""handOrdinal"": 239, ""decisionOrdinal"": 1, ""street"": ""preflop"", ""visibleLegalButtonLabels"": [""Fold"", ""Call 0.50 BB"", ""Min · 2 BB"", ""Pot · 3 BB""], ""attemptedButtonLabel"": ""Pot · 3 BB"", ""attemptedAtMs"": 1790777611777, ""lastRenderedAtMs"": 1790777606063}]","[""8s"", ""Qd""]",[],"[{""name"": ""fold"", ""kind"": ""fold"", ""raiseTo"": null}, {""name"": ""call"", ""kind"": ""call"", ""raiseTo"": null}, {""name"": ""min"", ""kind"": ""raise"", ""raiseTo"": 200}, {""name"": ""pot"", ""kind"": ""raise"", ""raiseTo"": 300}]","[""Fold"", ""Call 0.50 BB"", ""Min · 2 BB"", ""Pot · 3 BB""]",Pot · 3 BB,raise,300,1790777611777,True,True,True,1790777617043,1790777606063,5714,5266,,False,False
PlMiosUXOX3jddmqtCqgK3g7,HD5J7sgSNwf8x9j_t4m3MS20,241,1,preflop,1,1,"[{""type"": ""luna_attempt"", ""handOrdinal"": 241, ""decisionOrdinal"": 1, ""street"": ""preflop"", ""visibleLegalButtonLabels"": [""Fold"", ""Call 0.50 BB"", ""Min · 2 BB"", ""Pot · 3 BB""], ""attemptedButtonLabel"": ""Call 0.50 BB"", ""attemptedAtMs"": 1790777630558, ""lastRenderedAtMs"": 1790777624379}]","[""5s"", ""Qc""]",[],"[{""name"": ""fold"", ""kind"": ""fold"", ""raiseTo"": null}, {""name"": ""call"", ""kind"": ""call"", ""raiseTo"": null}, {""name"": ""min"", ""kind"": ""raise"", ""raiseTo"": 200}, {""name"": ""pot"", ""kind"": ""raise"", ""raiseTo"": 300}]","[""Fold"", ""Call 0.50 BB"", ""Min · 2 BB"", ""Pot · 3 BB""]",Call 0.50 BB,call,,1790777630558,True,True,True,1790777639804,1790777624379,6179,9246,,False,False
PlMiosUXOX3jddmqtCqgK3g7,HD5J7sgSNwf8x9j_t4m3MS20,241,2,flop,2,1,"[{""type"": ""luna_attempt"", ""handOrdinal"": 241, ""decisionOrdinal"": 2, ""street"": ""flop"", ""visibleLegalButtonLabels"": [""check"", ""Min · 1 BB"", ""Pot · 2 BB""], ""attemptedButtonLabel"": ""Min · 1 BB"", ""attemptedAtMs"": 1790777639804, ""lastRenderedAtMs"": 1790777630858}]","[""5s"", ""Qc""]","[""9d"", ""Tc"", ""2d""]","[{""name"": ""check"", ""kind"": ""check"", ""raiseTo"": null}, {""name"": ""min"", ""kind"": ""raise"", ""raiseTo"": 100}, {""name"": ""pot"", ""kind"": ""raise"", ""raiseTo"": 200}]","[""check"", ""Min · 1 BB"", ""Pot · 2 BB""]",Min · 1 BB,raise,100,1790777639804,True,True,True,1790777645024,1790777630858,8946,5220,,False,False
PlMiosUXOX3jddmqtCqgK3g7,hTmGzw41T9VKymZnAnUldO67,242,1,preflop,1,1,"[{""type"": ""luna_attempt"", ""handOrdinal"": 242, ""decisionOrdinal"": 1, ""street"": ""preflop"", ""visibleLegalButtonLabels"": [""check"", ""Min · 2 BB"", ""Pot · 3 BB""], ""attemptedButtonLabel"": ""check"", ""attemptedAtMs"": 1790777650340, ""lastRenderedAtMs"": 1790777645332}]","[""3h"", ""7s""]",[],"[{""name"": ""check"", ""kind"": ""check"", ""raiseTo"": null}, {""name"": ""min"", ""kind"": ""raise"", ""raiseTo"": 200}, {""name"": ""pot"", ""kind"": ""raise"", ""raiseTo"": 300}]","[""check"", ""Min · 2 BB"", ""Pot · 3 BB""]",check,check,,1790777650340,True,True,True,1790777656069,1790777645332,5008,5729,,False,False
PlMiosUXOX3jddmqtCqgK3g7,hTmGzw41T9VKymZnAnUldO67,242,2,flop,2,1,"[{""type"": ""luna_attempt"", ""handOrdinal"": 242, ""decisionOrdinal"": 2, ""street"": ""flop"", ""visibleLegalButtonLabels"": [""check"", ""Min · 1 BB"", ""Pot · 2 BB""], ""attemptedButtonLabel"": ""check"", ""attemptedAtMs"": 1790777656069, ""lastRenderedAtMs"": 1790777650760}]","[""3h"", ""7s""]","[""7c"", ""Qd"", ""Kd""]","[{""name"": ""check"", ""kind"": ""check"", ""raiseTo"": null}, {""name"": ""min"", ""kind"": ""raise"", ""raiseTo"": 100}, {""name"": ""pot"", ""kind"": ""raise"", ""raiseTo"": 200}]","[""check"", ""Min · 1 BB"", ""Pot · 2 BB""]",check,check,,1790777656069,True,True,True,1790777663251,1790777650760,5309,7182,,False,False
PlMiosUXOX3jddmqtCqgK3g7,hTmGzw41T9VKymZnAnUldO67,242,3,flop,3,1,"[{""type"": ""luna_attempt"", ""handOrdinal"": 242, ""decisionOrdinal"": 3, ""street"": ""flop"", ""visibleLegalButtonLabels"": [""Fold"", ""Call 1 BB"", ""Min · 2 BB"", ""Pot · 5 BB""], ""attemptedButtonLabel"": ""Call 1 BB"", ""attemptedAtMs"": 1790777663251, ""lastRenderedAtMs"": 1790777656462}]","[""3h"", ""7s""]","[""7c"", ""Qd"", ""Kd""]","[{""name"": ""fold"", ""kind"": ""fold"", ""raiseTo"": null}, {""name"": ""call"", ""kind"": ""call"", ""raiseTo"": null}, {""name"": ""min"", ""kind"": ""raise"", ""raiseTo"": 200}, {""name"": ""pot"", ""kind"": ""raise"", ""raiseTo"": 500}]","[""Fold"", ""Call 1 BB"", ""Min · 2 BB"", ""Pot · 5 BB""]",Call 1 BB,call,,1790777663251,True,True,True,1790777669726,1790777656462,6789,6475,,False,False
PlMiosUXOX3jddmqtCqgK3g7,hTmGzw41T9VKymZnAnUldO67,242,4,turn,4,1,"[{""type"": ""luna_attempt"", ""handOrdinal"": 242, ""decisionOrdinal"": 4, ""street"": ""turn"", ""visibleLegalButtonLabels"": [""check"", ""Min · 1 BB"", ""Pot · 4 BB""], ""attemptedButtonLabel"": ""check"", ""attemptedAtMs"": 1790777669726, ""lastRenderedAtMs"": 1790777663652}]","[""3h"", ""7s""]","[""7c"", ""Qd"", ""Kd"", ""9c""]","[{""name"": ""check"", ""kind"": ""check"", ""raiseTo"": null}, {""name"": ""min"", ""kind"": ""raise"", ""raiseTo"": 100}, {""name"": ""pot"", ""kind"": ""raise"", ""raiseTo"": 400}]","[""check"", ""Min · 1 BB"", ""Pot · 4 BB""]",check,check,,1790777669726,True,True,True,1790777674615,1790777663652,6074,4889,,False,False
PlMiosUXOX3jddmqtCqgK3g7,hTmGzw41T9VKymZnAnUldO67,242,5,river,5,1,"[{""type"": ""luna_attempt"", ""handOrdinal"": 242, ""decisionOrdinal"": 5, ""street"": ""river"", ""visibleLegalButtonLabels"": [""check"", ""Min · 1 BB"", ""Pot · 4 BB""], ""attemptedButtonLabel"": ""check"", ""attemptedAtMs"": 1790777678831, ""lastRenderedAtMs"": 1790777674802}]","[""3h"", ""7s""]","[""7c"", ""Qd"", ""Kd"", ""9c"", ""3s""]","[{""name"": ""check"", ""kind"": ""check"", ""raiseTo"": null}, {""name"": ""min"", ""kind"": ""raise"", ""raiseTo"": 100}, {""name"": ""pot"", ""kind"": ""raise"", ""raiseTo"": 400}]","[""check"", ""Min · 1 BB"", ""Pot · 4 BB""]",check,check,,1790777678831,True,True,True,1790777690071,1790777674802,4029,11240,,False,False
PlMiosUXOX3jddmqtCqgK3g7,hTmGzw41T9VKymZnAnUldO67,242,6,river,6,1,"[{""type"": ""luna_attempt"", ""handOrdinal"": 242, ""decisionOrdinal"": 6, ""street"": ""river"", ""visibleLegalButtonLabels"": [""Fold"", ""Call 4 BB"", ""Min · 8 BB"", ""Pot · 16 BB"", ""Jam · 18 BB""], ""attemptedButtonLabel"": ""Call 4 BB"", ""attemptedAtMs"": 1790777690071, ""lastRenderedAtMs"": 1790777679232}]","[""3h"", ""7s""]","[""7c"", ""Qd"", ""Kd"", ""9c"", ""3s""]","[{""name"": ""fold"", ""kind"": ""fold"", ""raiseTo"": null}, {""name"": ""call"", ""kind"": ""call"", ""raiseTo"": null}, {""name"": ""min"", ""kind"": ""raise"", ""raiseTo"": 800}, {""name"": ""pot"", ""kind"": ""raise"", ""raiseTo"": 1600}, {""name"": ""jam"", ""kind"": ""raise"", ""raiseTo"": 1800}]","[""Fold"", ""Call 4 BB"", ""Min · 8 BB"", ""Pot · 16 BB"", ""Jam · 18 BB""]",Call 4 BB,call,,1790777690071,True,True,True,1790777696906,1790777679232,10839,6835,,False,False
PlMiosUXOX3jddmqtCqgK3g7,4M-XHfpNjDn8vGwKtUxFBbaz,243,1,preflop,1,1,"[{""type"": ""luna_attempt"", ""handOrdinal"": 243, ""decisionOrdinal"": 1, ""street"": ""preflop"", ""visibleLegalButtonLabels"": [""Fold"", ""Call 0.50 BB"", ""Min · 2 BB"", ""Pot · 3 BB""], ""attemptedButtonLabel"": ""Pot · 3 BB"", ""attemptedAtMs"": 1790777702629, ""lastRenderedAtMs"": 1790777697244}]","[""5s"", ""Ad""]",[],"[{""name"": ""fold"", ""kind"": ""fold"", ""raiseTo"": null}, {""name"": ""call"", ""kind"": ""call"", ""raiseTo"": null}, {""name"": ""min"", ""kind"": ""raise"", ""raiseTo"": 200}, {""name"": ""pot"", ""kind"": ""raise"", ""raiseTo"": 300}]","[""Fold"", ""Call 0.50 BB"", ""Min · 2 BB"", ""Pot · 3 BB""]",Pot · 3 BB,raise,300,1790777702629,True,True,True,1790777707723,1790777697244,5385,5094,,False,False
PlMiosUXOX3jddmqtCqgK3g7,zgfu54aG0cwg-iu5Gsh1BJ9g,244,1,preflop,1,1,"[{""type"": ""luna_attempt"", ""handOrdinal"": 244, ""decisionOrdinal"": 1, ""street"": ""preflop"", ""visibleLegalButtonLabels"": [""check"", ""Min · 2 BB"", ""Pot · 3 BB""], ""attemptedButtonLabel"": ""check"", ""attemptedAtMs"": 1790777713066, ""lastRenderedAtMs"": 1790777708073}]","[""3c"", ""Js""]",[],"[{""name"": ""check"", ""kind"": ""check"", ""raiseTo"": null}, {""name"": ""min"", ""kind"": ""raise"", ""raiseTo"": 200}, {""name"": ""pot"", ""kind"": ""raise"", ""raiseTo"": 300}]","[""check"", ""Min · 2 BB"", ""Pot · 3 BB""]",check,check,,1790777713066,True,True,True,1790777719838,1790777708073,4993,6772,,False,False
PlMiosUXOX3jddmqtCqgK3g7,zgfu54aG0cwg-iu5Gsh1BJ9g,244,2,flop,2,1,"[{""type"": ""luna_attempt"", ""handOrdinal"": 244, ""decisionOrdinal"": 2, ""street"": ""flop"", ""visibleLegalButtonLabels"": [""check"", ""Min · 1 BB"", ""Pot · 2 BB""], ""attemptedButtonLabel"": ""check"", ""attemptedAtMs"": 1790777719838, ""lastRenderedAtMs"": 1790777713539}]","[""3c"", ""Js""]","[""4d"", ""Kc"", ""Qh""]","[{""name"": ""check"", ""kind"": ""check"", ""raiseTo"": null}, {""name"": ""min"", ""kind"": ""raise"", ""raiseTo"": 100}, {""name"": ""pot"", ""kind"": ""raise"", ""raiseTo"": 200}]","[""check"", ""Min · 1 BB"", ""Pot · 2 BB""]",check,check,,1790777719838,True,True,True,1790777726007,1790777713539,6299,6169,,False,False
PlMiosUXOX3jddmqtCqgK3g7,zgfu54aG0cwg-iu5Gsh1BJ9g,244,3,flop,3,1,"[{""type"": ""luna_attempt"", ""handOrdinal"": 244, ""decisionOrdinal"": 3, ""street"": ""flop"", ""visibleLegalButtonLabels"": [""Fold"", ""Call 2 BB"", ""Min · 4 BB"", ""Pot · 8 BB""], ""attemptedButtonLabel"": ""Fold"", ""attemptedAtMs"": 1790777726007, ""lastRenderedAtMs"": 1790777720216}]","[""3c"", ""Js""]","[""4d"", ""Kc"", ""Qh""]","[{""name"": ""fold"", ""kind"": ""fold"", ""raiseTo"": null}, {""name"": ""call"", ""kind"": ""call"", ""raiseTo"": null}, {""name"": ""min"", ""kind"": ""raise"", ""raiseTo"": 400}, {""name"": ""pot"", ""kind"": ""raise"", ""raiseTo"": 800}]","[""Fold"", ""Call 2 BB"", ""Min · 4 BB"", ""Pot · 8 BB""]",Fold,fold,,1790777726007,True,True,True,1790777731151,1790777720216,5791,5144,,False,False
PlMiosUXOX3jddmqtCqgK3g7,_dBxHJUIMktPBpu5slL9j0Et,245,1,preflop,1,1,"[{""type"": ""luna_attempt"", ""handOrdinal"": 245, ""decisionOrdinal"": 1, ""street"": ""preflop"", ""visibleLegalButtonLabels"": [""Fold"", ""Call 0.50 BB"", ""Min · 2 BB"", ""Pot · 3 BB""], ""attemptedButtonLabel"": ""Call 0.50 BB"", ""attemptedAtMs"": 1790777736804, ""lastRenderedAtMs"": 1790777731474}]","[""7s"", ""4s""]",[],"[{""name"": ""fold"", ""kind"": ""fold"", ""raiseTo"": null}, {""name"": ""call"", ""kind"": ""call"", ""raiseTo"": null}, {""name"": ""min"", ""kind"": ""raise"", ""raiseTo"": 200}, {""name"": ""pot"", ""kind"": ""raise"", ""raiseTo"": 300}]","[""Fold"", ""Call 0.50 BB"", ""Min · 2 BB"", ""Pot · 3 BB""]",Call 0.50 BB,call,,1790777736804,True,True,True,1790777744103,1790777731474,5330,7299,,False,False
PlMiosUXOX3jddmqtCqgK3g7,_dBxHJUIMktPBpu5slL9j0Et,245,2,preflop,2,1,"[{""type"": ""luna_attempt"", ""handOrdinal"": 245, ""decisionOrdinal"": 2, ""street"": ""preflop"", ""visibleLegalButtonLabels"": [""Fold"", ""Call 2 BB"", ""Min · 5 BB"", ""Pot · 9 BB""], ""attemptedButtonLabel"": ""Fold"", ""attemptedAtMs"": 1790777744103, ""lastRenderedAtMs"": 1790777737286}]","[""7s"", ""4s""]",[],"[{""name"": ""fold"", ""kind"": ""fold"", ""raiseTo"": null}, {""name"": ""call"", ""kind"": ""call"", ""raiseTo"": null}, {""name"": ""min"", ""kind"": ""raise"", ""raiseTo"": 500}, {""name"": ""pot"", ""kind"": ""raise"", ""raiseTo"": 900}]","[""Fold"", ""Call 2 BB"", ""Min · 5 BB"", ""Pot · 9 BB""]",Fold,fold,,1790777744103,True,True,True,1790777749474,1790777737286,6817,5371,,False,False
PlMiosUXOX3jddmqtCqgK3g7,EtmxofUG2O5cmM48JqCxz6Ms,246,1,preflop,1,1,"[{""type"": ""luna_attempt"", ""handOrdinal"": 246, ""decisionOrdinal"": 1, ""street"": ""preflop"", ""visibleLegalButtonLabels"": [""Fold"", ""Call 1 BB"", ""Min · 3 BB"", ""Pot · 6 BB""], ""attemptedButtonLabel"": ""Call 1 BB"", ""attemptedAtMs"": 1790777755664, ""lastRenderedAtMs"": 1790777749933}]","[""Jh"", ""3h""]",[],"[{""name"": ""fold"", ""kind"": ""fold"", ""raiseTo"": null}, {""name"": ""call"", ""kind"": ""call"", ""raiseTo"": null}, {""name"": ""min"", ""kind"": ""raise"", ""raiseTo"": 300}, {""name"": ""pot"", ""kind"": ""raise"", ""raiseTo"": 600}]","[""Fold"", ""Call 1 BB"", ""Min · 3 BB"", ""Pot · 6 BB""]",Call 1 BB,call,,1790777755664,True,True,True,1790777765451,1790777749933,5731,9787,,False,False
PlMiosUXOX3jddmqtCqgK3g7,EtmxofUG2O5cmM48JqCxz6Ms,246,2,flop,2,1,"[{""type"": ""luna_attempt"", ""handOrdinal"": 246, ""decisionOrdinal"": 2, ""street"": ""flop"", ""visibleLegalButtonLabels"": [""check"", ""Min · 1 BB"", ""Pot · 4 BB""], ""attemptedButtonLabel"": ""Min · 1 BB"", ""attemptedAtMs"": 1790777765451, ""lastRenderedAtMs"": 1790777756064}]","[""Jh"", ""3h""]","[""Js"", ""3c"", ""8c""]","[{""name"": ""check"", ""kind"": ""check"", ""raiseTo"": null}, {""name"": ""min"", ""kind"": ""raise"", ""raiseTo"": 100}, {""name"": ""pot"", ""kind"": ""raise"", ""raiseTo"": 400}]","[""check"", ""Min · 1 BB"", ""Pot · 4 BB""]",Min · 1 BB,raise,100,1790777765451,True,True,True,1790777771833,1790777756064,9387,6382,,False,False
PlMiosUXOX3jddmqtCqgK3g7,EtmxofUG2O5cmM48JqCxz6Ms,246,3,turn,3,1,"[{""type"": ""luna_attempt"", ""handOrdinal"": 246, ""decisionOrdinal"": 3, ""street"": ""turn"", ""visibleLegalButtonLabels"": [""check"", ""Min · 1 BB"", ""Pot · 6 BB""], ""attemptedButtonLabel"": ""check"", ""attemptedAtMs"": 1790777777557, ""lastRenderedAtMs"": 1790777772007}]","[""Jh"", ""3h""]","[""Js"", ""3c"", ""8c"", ""5h""]","[{""name"": ""check"", ""kind"": ""check"", ""raiseTo"": null}, {""name"": ""min"", ""kind"": ""raise"", ""raiseTo"": 100}, {""name"": ""pot"", ""kind"": ""raise"", ""raiseTo"": 600}]","[""check"", ""Min · 1 BB"", ""Pot · 6 BB""]",check,check,,1790777777557,True,True,True,1790777783885,1790777772007,5550,6328,,False,False
PlMiosUXOX3jddmqtCqgK3g7,EtmxofUG2O5cmM48JqCxz6Ms,246,4,turn,4,1,"[{""type"": ""luna_attempt"", ""handOrdinal"": 246, ""decisionOrdinal"": 4, ""street"": ""turn"", ""visibleLegalButtonLabels"": [""Fold"", ""Call 1 BB"", ""Min · 2 BB"", ""Pot · 9 BB"", ""Jam · 17 BB""], ""attemptedButtonLabel"": ""Call 1 BB"", ""attemptedAtMs"": 1790777783885, ""lastRenderedAtMs"": 1790777778005}]","[""Jh"", ""3h""]","[""Js"", ""3c"", ""8c"", ""5h""]","[{""name"": ""fold"", ""kind"": ""fold"", ""raiseTo"": null}, {""name"": ""call"", ""kind"": ""call"", ""raiseTo"": null}, {""name"": ""min"", ""kind"": ""raise"", ""raiseTo"": 200}, {""name"": ""pot"", ""kind"": ""raise"", ""raiseTo"": 900}, {""name"": ""jam"", ""kind"": ""raise"", ""raiseTo"": 1700}]","[""Fold"", ""Call 1 BB"", ""Min · 2 BB"", ""Pot · 9 BB"", ""Jam · 17 BB""]",Call 1 BB,call,,1790777783885,True,True,True,1790777793574,1790777778005,5880,9689,,False,False
PlMiosUXOX3jddmqtCqgK3g7,EtmxofUG2O5cmM48JqCxz6Ms,246,5,river,5,1,"[{""type"": ""luna_attempt"", ""handOrdinal"": 246, ""decisionOrdinal"": 5, ""street"": ""river"", ""visibleLegalButtonLabels"": [""check"", ""Min · 1 BB"", ""Pot · 8 BB"", ""Jam · 16 BB""], ""attemptedButtonLabel"": ""check"", ""attemptedAtMs"": 1790777799380, ""lastRenderedAtMs"": 1790777793712}]","[""Jh"", ""3h""]","[""Js"", ""3c"", ""8c"", ""5h"", ""5c""]","[{""name"": ""check"", ""kind"": ""check"", ""raiseTo"": null}, {""name"": ""min"", ""kind"": ""raise"", ""raiseTo"": 100}, {""name"": ""pot"", ""kind"": ""raise"", ""raiseTo"": 800}, {""name"": ""jam"", ""kind"": ""raise"", ""raiseTo"": 1600}]","[""check"", ""Min · 1 BB"", ""Pot · 8 BB"", ""Jam · 16 BB""]",check,check,,1790777799380,True,True,True,1790777805326,1790777793712,5668,5946,,False,False
PlMiosUXOX3jddmqtCqgK3g7,n_kJdnluBZy7D-MTCwDVJbPb,247,1,preflop,1,1,"[{""type"": ""luna_attempt"", ""handOrdinal"": 247, ""decisionOrdinal"": 1, ""street"": ""preflop"", ""visibleLegalButtonLabels"": [""Fold"", ""Call 0.50 BB"", ""Min · 2 BB"", ""Pot · 3 BB""], ""attemptedButtonLabel"": ""Pot · 3 BB"", ""attemptedAtMs"": 1790777811299, ""lastRenderedAtMs"": 1790777805659}]","[""Ks"", ""4h""]",[],"[{""name"": ""fold"", ""kind"": ""fold"", ""raiseTo"": null}, {""name"": ""call"", ""kind"": ""call"", ""raiseTo"": null}, {""name"": ""min"", ""kind"": ""raise"", ""raiseTo"": 200}, {""name"": ""pot"", ""kind"": ""raise"", ""raiseTo"": 300}]","[""Fold"", ""Call 0.50 BB"", ""Min · 2 BB"", ""Pot · 3 BB""]",Pot · 3 BB,raise,300,1790777811299,True,True,True,1790777818437,1790777805659,5640,7138,,False,False
PlMiosUXOX3jddmqtCqgK3g7,n_kJdnluBZy7D-MTCwDVJbPb,247,2,preflop,2,1,"[{""type"": ""luna_attempt"", ""handOrdinal"": 247, ""decisionOrdinal"": 2, ""street"": ""preflop"", ""visibleLegalButtonLabels"": [""Fold"", ""Call 2 BB"", ""Min · 7 BB"", ""Pot · 15 BB"", ""Jam · 20 BB""], ""attemptedButtonLabel"": ""Fold"", ""attemptedAtMs"": 1790777818437, ""lastRenderedAtMs"": 1790777811573}]","[""Ks"", ""4h""]",[],"[{""name"": ""fold"", ""kind"": ""fold"", ""raiseTo"": null}, {""name"": ""call"", ""kind"": ""call"", ""raiseTo"": null}, {""name"": ""min"", ""kind"": ""raise"", ""raiseTo"": 700}, {""name"": ""pot"", ""kind"": ""raise"", ""raiseTo"": 1500}, {""name"": ""jam"", ""kind"": ""raise"", ""raiseTo"": 2000}]","[""Fold"", ""Call 2 BB"", ""Min · 7 BB"", ""Pot · 15 BB"", ""Jam · 20 BB""]",Fold,fold,,1790777818437,True,True,True,1790777824045,1790777811573,6864,5608,,False,False
PlMiosUXOX3jddmqtCqgK3g7,GtiYQHWurOSQ3BO55r8Bja_f,249,1,preflop,1,1,"[{""type"": ""luna_attempt"", ""handOrdinal"": 249, ""decisionOrdinal"": 1, ""street"": ""preflop"", ""visibleLegalButtonLabels"": [""Fold"", ""Call 0.50 BB"", ""Min · 2 BB"", ""Pot · 3 BB""], ""attemptedButtonLabel"": ""Pot · 3 BB"", ""attemptedAtMs"": 1790777835466, ""lastRenderedAtMs"": 1790777830049}]","[""4s"", ""4d""]",[],"[{""name"": ""fold"", ""kind"": ""fold"", ""raiseTo"": null}, {""name"": ""call"", ""kind"": ""call"", ""raiseTo"": null}, {""name"": ""min"", ""kind"": ""raise"", ""raiseTo"": 200}, {""name"": ""pot"", ""kind"": ""raise"", ""raiseTo"": 300}]","[""Fold"", ""Call 0.50 BB"", ""Min · 2 BB"", ""Pot · 3 BB""]",Pot · 3 BB,raise,300,1790777835466,True,True,True,1790777842394,1790777830049,5417,6928,,False,False
PlMiosUXOX3jddmqtCqgK3g7,GtiYQHWurOSQ3BO55r8Bja_f,249,2,flop,2,1,"[{""type"": ""luna_attempt"", ""handOrdinal"": 249, ""decisionOrdinal"": 2, ""street"": ""flop"", ""visibleLegalButtonLabels"": [""check"", ""Min · 1 BB"", ""Pot · 6 BB""], ""attemptedButtonLabel"": ""Min · 1 BB"", ""attemptedAtMs"": 1790777842394, ""lastRenderedAtMs"": 1790777835762}]","[""4s"", ""4d""]","[""Jc"", ""Js"", ""Qc""]","[{""name"": ""check"", ""kind"": ""check"", ""raiseTo"": null}, {""name"": ""min"", ""kind"": ""raise"", ""raiseTo"": 100}, {""name"": ""pot"", ""kind"": ""raise"", ""raiseTo"": 600}]","[""check"", ""Min · 1 BB"", ""Pot · 6 BB""]",Min · 1 BB,raise,100,1790777842394,True,True,True,1790777849855,1790777835762,6632,7461,,False,False
PlMiosUXOX3jddmqtCqgK3g7,GtiYQHWurOSQ3BO55r8Bja_f,249,3,turn,3,1,"[{""type"": ""luna_attempt"", ""handOrdinal"": 249, ""decisionOrdinal"": 3, ""street"": ""turn"", ""visibleLegalButtonLabels"": [""Fold"", ""Call 1 BB"", ""Min · 2 BB"", ""Pot · 11 BB"", ""Jam · 16 BB""], ""attemptedButtonLabel"": ""Call 1 BB"", ""attemptedAtMs"": 1790777849855, ""lastRenderedAtMs"": 1790777842803}]","[""4s"", ""4d""]","[""Jc"", ""Js"", ""Qc"", ""9d""]","[{""name"": ""fold"", ""kind"": ""fold"", ""raiseTo"": null}, {""name"": ""call"", ""kind"": ""call"", ""raiseTo"": null}, {""name"": ""min"", ""kind"": ""raise"", ""raiseTo"": 200}, {""name"": ""pot"", ""kind"": ""raise"", ""raiseTo"": 1100}, {""name"": ""jam"", ""kind"": ""raise"", ""raiseTo"": 1600}]","[""Fold"", ""Call 1 BB"", ""Min · 2 BB"", ""Pot · 11 BB"", ""Jam · 16 BB""]",Call 1 BB,call,,1790777849855,True,True,True,1790777854307,1790777842803,7052,4452,,False,False
PlMiosUXOX3jddmqtCqgK3g7,GtiYQHWurOSQ3BO55r8Bja_f,249,4,river,4,1,"[{""type"": ""luna_attempt"", ""handOrdinal"": 249, ""decisionOrdinal"": 4, ""street"": ""river"", ""visibleLegalButtonLabels"": [""check"", ""Min · 1 BB"", ""Pot · 10 BB"", ""Jam · 15 BB""], ""attemptedButtonLabel"": ""check"", ""attemptedAtMs"": 1790777860612, ""lastRenderedAtMs"": 1790777854443}]","[""4s"", ""4d""]","[""Jc"", ""Js"", ""Qc"", ""9d"", ""7d""]","[{""name"": ""check"", ""kind"": ""check"", ""raiseTo"": null}, {""name"": ""min"", ""kind"": ""raise"", ""raiseTo"": 100}, {""name"": ""pot"", ""kind"": ""raise"", ""raiseTo"": 1000}, {""name"": ""jam"", ""kind"": ""raise"", ""raiseTo"": 1500}]","[""check"", ""Min · 1 BB"", ""Pot · 10 BB"", ""Jam · 15 BB""]",check,check,,1790777860612,True,True,True,1790777867066,1790777854443,6169,6454,,False,False
PlMiosUXOX3jddmqtCqgK3g7,sM2nilDe_8fpgnErlEofnkiy,250,1,preflop,1,1,"[{""type"": ""luna_attempt"", ""handOrdinal"": 250, ""decisionOrdinal"": 1, ""street"": ""preflop"", ""visibleLegalButtonLabels"": [""Fold"", ""Call 1 BB"", ""Min · 3 BB"", ""Pot · 6 BB""], ""attemptedButtonLabel"": ""Call 1 BB"", ""attemptedAtMs"": 1790777873205, ""lastRenderedAtMs"": 1790777867482}]","[""Ad"", ""6h""]",[],"[{""name"": ""fold"", ""kind"": ""fold"", ""raiseTo"": null}, {""name"": ""call"", ""kind"": ""call"", ""raiseTo"": null}, {""name"": ""min"", ""kind"": ""raise"", ""raiseTo"": 300}, {""name"": ""pot"", ""kind"": ""raise"", ""raiseTo"": 600}]","[""Fold"", ""Call 1 BB"", ""Min · 3 BB"", ""Pot · 6 BB""]",Call 1 BB,call,,1790777873205,True,True,True,1790777879429,1790777867482,5723,6224,,False,False
PlMiosUXOX3jddmqtCqgK3g7,sM2nilDe_8fpgnErlEofnkiy,250,2,flop,2,1,"[{""type"": ""luna_attempt"", ""handOrdinal"": 250, ""decisionOrdinal"": 2, ""street"": ""flop"", ""visibleLegalButtonLabels"": [""check"", ""Min · 1 BB"", ""Pot · 4 BB""], ""attemptedButtonLabel"": ""check"", ""attemptedAtMs"": 1790777879429, ""lastRenderedAtMs"": 1790777873487}]","[""Ad"", ""6h""]","[""3c"", ""2c"", ""Kc""]","[{""name"": ""check"", ""kind"": ""check"", ""raiseTo"": null}, {""name"": ""min"", ""kind"": ""raise"", ""raiseTo"": 100}, {""name"": ""pot"", ""kind"": ""raise"", ""raiseTo"": 400}]","[""check"", ""Min · 1 BB"", ""Pot · 4 BB""]",check,check,,1790777879429,True,True,True,1790777889236,1790777873487,5942,9807,,False,False
PlMiosUXOX3jddmqtCqgK3g7,sM2nilDe_8fpgnErlEofnkiy,250,3,flop,3,1,"[{""type"": ""luna_attempt"", ""handOrdinal"": 250, ""decisionOrdinal"": 3, ""street"": ""flop"", ""visibleLegalButtonLabels"": [""Fold"", ""Call 4 BB"", ""Min · 8 BB"", ""Pot · 16 BB"", ""Jam · 18 BB""], ""attemptedButtonLabel"": ""Fold"", ""attemptedAtMs"": 1790777889236, ""lastRenderedAtMs"": 1790777879838}]","[""Ad"", ""6h""]","[""3c"", ""2c"", ""Kc""]","[{""name"": ""fold"", ""kind"": ""fold"", ""raiseTo"": null}, {""name"": ""call"", ""kind"": ""call"", ""raiseTo"": null}, {""name"": ""min"", ""kind"": ""raise"", ""raiseTo"": 800}, {""name"": ""pot"", ""kind"": ""raise"", ""raiseTo"": 1600}, {""name"": ""jam"", ""kind"": ""raise"", ""raiseTo"": 1800}]","[""Fold"", ""Call 4 BB"", ""Min · 8 BB"", ""Pot · 16 BB"", ""Jam · 18 BB""]",Fold,fold,,1790777889236,True,True,True,1790777896652,1790777879838,9398,7416,,False,False
PlMiosUXOX3jddmqtCqgK3g7,RlYQ2YT9tqoXnjruRmlTxtMH,251,1,preflop,1,1,"[{""type"": ""luna_attempt"", ""handOrdinal"": 251, ""decisionOrdinal"": 1, ""street"": ""preflop"", ""visibleLegalButtonLabels"": [""Fold"", ""Call 0.50 BB"", ""Min · 2 BB"", ""Pot · 3 BB""], ""attemptedButtonLabel"": ""Call 0.50 BB"", ""attemptedAtMs"": 1790777902333, ""lastRenderedAtMs"": 1790777897073}]","[""8d"", ""3h""]",[],"[{""name"": ""fold"", ""kind"": ""fold"", ""raiseTo"": null}, {""name"": ""call"", ""kind"": ""call"", ""raiseTo"": null}, {""name"": ""min"", ""kind"": ""raise"", ""raiseTo"": 200}, {""name"": ""pot"", ""kind"": ""raise"", ""raiseTo"": 300}]","[""Fold"", ""Call 0.50 BB"", ""Min · 2 BB"", ""Pot · 3 BB""]",Call 0.50 BB,call,,1790777902333,True,True,True,1790777908622,1790777897073,5260,6289,,False,False
PlMiosUXOX3jddmqtCqgK3g7,RlYQ2YT9tqoXnjruRmlTxtMH,251,2,preflop,2,1,"[{""type"": ""luna_attempt"", ""handOrdinal"": 251, ""decisionOrdinal"": 2, ""street"": ""preflop"", ""visibleLegalButtonLabels"": [""Fold"", ""Call 2 BB"", ""Min · 5 BB"", ""Pot · 9 BB""], ""attemptedButtonLabel"": ""Fold"", ""attemptedAtMs"": 1790777908622, ""lastRenderedAtMs"": 1790777902694}]","[""8d"", ""3h""]",[],"[{""name"": ""fold"", ""kind"": ""fold"", ""raiseTo"": null}, {""name"": ""call"", ""kind"": ""call"", ""raiseTo"": null}, {""name"": ""min"", ""kind"": ""raise"", ""raiseTo"": 500}, {""name"": ""pot"", ""kind"": ""raise"", ""raiseTo"": 900}]","[""Fold"", ""Call 2 BB"", ""Min · 5 BB"", ""Pot · 9 BB""]",Fold,fold,,1790777908622,True,True,True,1790777914420,1790777902694,5928,5798,,False,False
PlMiosUXOX3jddmqtCqgK3g7,dlhl6T0ZEcjWVG8tCuGCpnEc,252,1,preflop,1,1,"[{""type"": ""luna_attempt"", ""handOrdinal"": 252, ""decisionOrdinal"": 1, ""street"": ""preflop"", ""visibleLegalButtonLabels"": [""check"", ""Min · 2 BB"", ""Pot · 3 BB""], ""attemptedButtonLabel"": ""check"", ""attemptedAtMs"": 1790777920036, ""lastRenderedAtMs"": 1790777914732}]","[""6d"", ""4c""]",[],"[{""name"": ""check"", ""kind"": ""check"", ""raiseTo"": null}, {""name"": ""min"", ""kind"": ""raise"", ""raiseTo"": 200}, {""name"": ""pot"", ""kind"": ""raise"", ""raiseTo"": 300}]","[""check"", ""Min · 2 BB"", ""Pot · 3 BB""]",check,check,,1790777920036,True,True,True,1790777928446,1790777914732,5304,8410,,False,False
PlMiosUXOX3jddmqtCqgK3g7,dlhl6T0ZEcjWVG8tCuGCpnEc,252,2,flop,2,1,"[{""type"": ""luna_attempt"", ""handOrdinal"": 252, ""decisionOrdinal"": 2, ""street"": ""flop"", ""visibleLegalButtonLabels"": [""check"", ""Min · 1 BB"", ""Pot · 2 BB""], ""attemptedButtonLabel"": ""check"", ""attemptedAtMs"": 1790777928446, ""lastRenderedAtMs"": 1790777920442}]","[""6d"", ""4c""]","[""Th"", ""3h"", ""As""]","[{""name"": ""check"", ""kind"": ""check"", ""raiseTo"": null}, {""name"": ""min"", ""kind"": ""raise"", ""raiseTo"": 100}, {""name"": ""pot"", ""kind"": ""raise"", ""raiseTo"": 200}]","[""check"", ""Min · 1 BB"", ""Pot · 2 BB""]",check,check,,1790777928446,True,True,True,1790777934783,1790777920442,8004,6337,,False,False
PlMiosUXOX3jddmqtCqgK3g7,dlhl6T0ZEcjWVG8tCuGCpnEc,252,3,turn,3,1,"[{""type"": ""luna_attempt"", ""handOrdinal"": 252, ""decisionOrdinal"": 3, ""street"": ""turn"", ""visibleLegalButtonLabels"": [""check"", ""Min · 1 BB"", ""Pot · 2 BB""], ""attemptedButtonLabel"": ""check"", ""attemptedAtMs"": 1790777934783, ""lastRenderedAtMs"": 1790777928911}]","[""6d"", ""4c""]","[""Th"", ""3h"", ""As"", ""Ad""]","[{""name"": ""check"", ""kind"": ""check"", ""raiseTo"": null}, {""name"": ""min"", ""kind"": ""raise"", ""raiseTo"": 100}, {""name"": ""pot"", ""kind"": ""raise"", ""raiseTo"": 200}]","[""check"", ""Min · 1 BB"", ""Pot · 2 BB""]",check,check,,1790777934783,True,True,True,1790777940510,1790777928911,5872,5727,,False,False
PlMiosUXOX3jddmqtCqgK3g7,dlhl6T0ZEcjWVG8tCuGCpnEc,252,4,turn,4,1,"[{""type"": ""luna_attempt"", ""handOrdinal"": 252, ""decisionOrdinal"": 4, ""street"": ""turn"", ""visibleLegalButtonLabels"": [""Fold"", ""Call 1 BB"", ""Min · 2 BB"", ""Pot · 5 BB""], ""attemptedButtonLabel"": ""Fold"", ""attemptedAtMs"": 1790777940510, ""lastRenderedAtMs"": 1790777935146}]","[""6d"", ""4c""]","[""Th"", ""3h"", ""As"", ""Ad""]","[{""name"": ""fold"", ""kind"": ""fold"", ""raiseTo"": null}, {""name"": ""call"", ""kind"": ""call"", ""raiseTo"": null}, {""name"": ""min"", ""kind"": ""raise"", ""raiseTo"": 200}, {""name"": ""pot"", ""kind"": ""raise"", ""raiseTo"": 500}]","[""Fold"", ""Call 1 BB"", ""Min · 2 BB"", ""Pot · 5 BB""]",Fold,fold,,1790777940510,True,True,True,1790777945708,1790777935146,5364,5198,,False,False
PlMiosUXOX3jddmqtCqgK3g7,J6hbyRgJ9j4fTL6J7mvsgTIS,253,1,preflop,1,1,"[{""type"": ""luna_attempt"", ""handOrdinal"": 253, ""decisionOrdinal"": 1, ""street"": ""preflop"", ""visibleLegalButtonLabels"": [""Fold"", ""Call 0.50 BB"", ""Min · 2 BB"", ""Pot · 3 BB""], ""attemptedButtonLabel"": ""Pot · 3 BB"", ""attemptedAtMs"": 1790777951281, ""lastRenderedAtMs"": 1790777946062}]","[""Ah"", ""Th""]",[],"[{""name"": ""fold"", ""kind"": ""fold"", ""raiseTo"": null}, {""name"": ""call"", ""kind"": ""call"", ""raiseTo"": null}, {""name"": ""min"", ""kind"": ""raise"", ""raiseTo"": 200}, {""name"": ""pot"", ""kind"": ""raise"", ""raiseTo"": 300}]","[""Fold"", ""Call 0.50 BB"", ""Min · 2 BB"", ""Pot · 3 BB""]",Pot · 3 BB,raise,300,1790777951281,True,True,True,1790777956624,1790777946062,5219,5343,,False,False
PlMiosUXOX3jddmqtCqgK3g7,LBsOV3jUZAguU4gtXXYSnnhb,254,1,preflop,1,1,"[{""type"": ""luna_attempt"", ""handOrdinal"": 254, ""decisionOrdinal"": 1, ""street"": ""preflop"", ""visibleLegalButtonLabels"": [""check"", ""Min · 2 BB"", ""Pot · 3 BB""], ""attemptedButtonLabel"": ""Pot · 3 BB"", ""attemptedAtMs"": 1790777962845, ""lastRenderedAtMs"": 1790777957090}]","[""Kc"", ""Ac""]",[],"[{""name"": ""check"", ""kind"": ""check"", ""raiseTo"": null}, {""name"": ""min"", ""kind"": ""raise"", ""raiseTo"": 200}, {""name"": ""pot"", ""kind"": ""raise"", ""raiseTo"": 300}]","[""check"", ""Min · 2 BB"", ""Pot · 3 BB""]",Pot · 3 BB,raise,300,1790777962845,True,True,True,1790777970045,1790777957090,5755,7200,,False,False
PlMiosUXOX3jddmqtCqgK3g7,LBsOV3jUZAguU4gtXXYSnnhb,254,2,flop,2,1,"[{""type"": ""luna_attempt"", ""handOrdinal"": 254, ""decisionOrdinal"": 2, ""street"": ""flop"", ""visibleLegalButtonLabels"": [""check"", ""Min · 1 BB"", ""Pot · 6 BB""], ""attemptedButtonLabel"": ""Min · 1 BB"", ""attemptedAtMs"": 1790777970045, ""lastRenderedAtMs"": 1790777963160}]","[""Kc"", ""Ac""]","[""4d"", ""Th"", ""Qd""]","[{""name"": ""check"", ""kind"": ""check"", ""raiseTo"": null}, {""name"": ""min"", ""kind"": ""raise"", ""raiseTo"": 100}, {""name"": ""pot"", ""kind"": ""raise"", ""raiseTo"": 600}]","[""check"", ""Min · 1 BB"", ""Pot · 6 BB""]",Min · 1 BB,raise,100,1790777970045,True,True,True,1790777977995,1790777963160,6885,7950,,False,False
PlMiosUXOX3jddmqtCqgK3g7,ISsmJdRnQh70kIRVg0pA3xS_,255,1,preflop,1,1,"[{""type"": ""luna_attempt"", ""handOrdinal"": 255, ""decisionOrdinal"": 1, ""street"": ""preflop"", ""visibleLegalButtonLabels"": [""Fold"", ""Call 0.50 BB"", ""Min · 2 BB"", ""Pot · 3 BB""], ""attemptedButtonLabel"": ""Call 0.50 BB"", ""attemptedAtMs"": 1790777984174, ""lastRenderedAtMs"": 1790777978426}]","[""9h"", ""3h""]",[],"[{""name"": ""fold"", ""kind"": ""fold"", ""raiseTo"": null}, {""name"": ""call"", ""kind"": ""call"", ""raiseTo"": null}, {""name"": ""min"", ""kind"": ""raise"", ""raiseTo"": 200}, {""name"": ""pot"", ""kind"": ""raise"", ""raiseTo"": 300}]","[""Fold"", ""Call 0.50 BB"", ""Min · 2 BB"", ""Pot · 3 BB""]",Call 0.50 BB,call,,1790777984174,True,True,True,1790777990852,1790777978426,5748,6678,,False,False
PlMiosUXOX3jddmqtCqgK3g7,ISsmJdRnQh70kIRVg0pA3xS_,255,2,preflop,2,1,"[{""type"": ""luna_attempt"", ""handOrdinal"": 255, ""decisionOrdinal"": 2, ""street"": ""preflop"", ""visibleLegalButtonLabels"": [""Fold"", ""Call 1 BB"", ""Min · 3 BB"", ""Pot · 6 BB""], ""attemptedButtonLabel"": ""Call 1 BB"", ""attemptedAtMs"": 1790777990852, ""lastRenderedAtMs"": 1790777984495}]","[""9h"", ""3h""]",[],"[{""name"": ""fold"", ""kind"": ""fold"", ""raiseTo"": null}, {""name"": ""call"", ""kind"": ""call"", ""raiseTo"": null}, {""name"": ""min"", ""kind"": ""raise"", ""raiseTo"": 300}, {""name"": ""pot"", ""kind"": ""raise"", ""raiseTo"": 600}]","[""Fold"", ""Call 1 BB"", ""Min · 3 BB"", ""Pot · 6 BB""]",Call 1 BB,call,,1790777990852,True,True,True,1790777997963,1790777984495,6357,7111,,False,False
PlMiosUXOX3jddmqtCqgK3g7,ISsmJdRnQh70kIRVg0pA3xS_,255,3,flop,3,1,"[{""type"": ""luna_attempt"", ""handOrdinal"": 255, ""decisionOrdinal"": 3, ""street"": ""flop"", ""visibleLegalButtonLabels"": [""Fold"", ""Call 1 BB"", ""Min · 2 BB"", ""Pot · 7 BB""], ""attemptedButtonLabel"": ""Fold"", ""attemptedAtMs"": 1790777997963, ""lastRenderedAtMs"": 1790777991266}]","[""9h"", ""3h""]","[""Ac"", ""Qc"", ""Js""]","[{""name"": ""fold"", ""kind"": ""fold"", ""raiseTo"": null}, {""name"": ""call"", ""kind"": ""call"", ""raiseTo"": null}, {""name"": ""min"", ""kind"": ""raise"", ""raiseTo"": 200}, {""name"": ""pot"", ""kind"": ""raise"", ""raiseTo"": 700}]","[""Fold"", ""Call 1 BB"", ""Min · 2 BB"", ""Pot · 7 BB""]",Fold,fold,,1790777997963,True,True,True,1790778003920,1790777991266,6697,5957,,False,False
PlMiosUXOX3jddmqtCqgK3g7,art0JFDKLnXNSa-x6f_qBmOv,256,1,preflop,1,1,"[{""type"": ""luna_attempt"", ""handOrdinal"": 256, ""decisionOrdinal"": 1, ""street"": ""preflop"", ""visibleLegalButtonLabels"": [""check"", ""Min · 2 BB"", ""Pot · 3 BB""], ""attemptedButtonLabel"": ""Pot · 3 BB"", ""attemptedAtMs"": 1790778009761, ""lastRenderedAtMs"": 1790778004232}]","[""Qs"", ""9d""]",[],"[{""name"": ""check"", ""kind"": ""check"", ""raiseTo"": null}, {""name"": ""min"", ""kind"": ""raise"", ""raiseTo"": 200}, {""name"": ""pot"", ""kind"": ""raise"", ""raiseTo"": 300}]","[""check"", ""Min · 2 BB"", ""Pot · 3 BB""]",Pot · 3 BB,raise,300,1790778009761,True,True,True,1790778019598,1790778004232,5529,9837,,False,False
PlMiosUXOX3jddmqtCqgK3g7,art0JFDKLnXNSa-x6f_qBmOv,256,2,flop,2,1,"[{""type"": ""luna_attempt"", ""handOrdinal"": 256, ""decisionOrdinal"": 2, ""street"": ""flop"", ""visibleLegalButtonLabels"": [""check"", ""Min · 1 BB"", ""Pot · 6 BB""], ""attemptedButtonLabel"": ""check"", ""attemptedAtMs"": 1790778019598, ""lastRenderedAtMs"": 1790778010195}]","[""Qs"", ""9d""]","[""3d"", ""5c"", ""6c""]","[{""name"": ""check"", ""kind"": ""check"", ""raiseTo"": null}, {""name"": ""min"", ""kind"": ""raise"", ""raiseTo"": 100}, {""name"": ""pot"", ""kind"": ""raise"", ""raiseTo"": 600}]","[""check"", ""Min · 1 BB"", ""Pot · 6 BB""]",check,check,,1790778019598,True,True,True,1790778024147,1790778010195,9403,4549,,False,False
PlMiosUXOX3jddmqtCqgK3g7,art0JFDKLnXNSa-x6f_qBmOv,256,3,turn,3,1,"[{""type"": ""luna_attempt"", ""handOrdinal"": 256, ""decisionOrdinal"": 3, ""street"": ""turn"", ""visibleLegalButtonLabels"": [""check"", ""Min · 1 BB"", ""Pot · 6 BB""], ""attemptedButtonLabel"": ""Min · 1 BB"", ""attemptedAtMs"": 1790778028889, ""lastRenderedAtMs"": 1790778024364}]","[""Qs"", ""9d""]","[""3d"", ""5c"", ""6c"", ""Ah""]","[{""name"": ""check"", ""kind"": ""check"", ""raiseTo"": null}, {""name"": ""min"", ""kind"": ""raise"", ""raiseTo"": 100}, {""name"": ""pot"", ""kind"": ""raise"", ""raiseTo"": 600}]","[""check"", ""Min · 1 BB"", ""Pot · 6 BB""]",Min · 1 BB,raise,100,1790778028889,True,True,True,1790778036664,1790778024364,4525,7775,,False,False
PlMiosUXOX3jddmqtCqgK3g7,art0JFDKLnXNSa-x6f_qBmOv,256,4,river,4,1,"[{""type"": ""luna_attempt"", ""handOrdinal"": 256, ""decisionOrdinal"": 4, ""street"": ""river"", ""visibleLegalButtonLabels"": [""check"", ""Min · 1 BB"", ""Pot · 8 BB"", ""Jam · 16 BB""], ""attemptedButtonLabel"": ""check"", ""attemptedAtMs"": 1790778040829, ""lastRenderedAtMs"": 1790778036905}]","[""Qs"", ""9d""]","[""3d"", ""5c"", ""6c"", ""Ah"", ""6h""]","[{""name"": ""check"", ""kind"": ""check"", ""raiseTo"": null}, {""name"": ""min"", ""kind"": ""raise"", ""raiseTo"": 100}, {""name"": ""pot"", ""kind"": ""raise"", ""raiseTo"": 800}, {""name"": ""jam"", ""kind"": ""raise"", ""raiseTo"": 1600}]","[""check"", ""Min · 1 BB"", ""Pot · 8 BB"", ""Jam · 16 BB""]",check,check,,1790778040829,True,True,True,1790778046611,1790778036905,3924,5782,,False,False
PlMiosUXOX3jddmqtCqgK3g7,art0JFDKLnXNSa-x6f_qBmOv,256,5,river,5,1,"[{""type"": ""luna_attempt"", ""handOrdinal"": 256, ""decisionOrdinal"": 5, ""street"": ""river"", ""visibleLegalButtonLabels"": [""Fold"", ""Call 16 BB""], ""attemptedButtonLabel"": ""Fold"", ""attemptedAtMs"": 1790778046611, ""lastRenderedAtMs"": 1790778041137}]","[""Qs"", ""9d""]","[""3d"", ""5c"", ""6c"", ""Ah"", ""6h""]","[{""name"": ""fold"", ""kind"": ""fold"", ""raiseTo"": null}, {""name"": ""call"", ""kind"": ""call"", ""raiseTo"": null}]","[""Fold"", ""Call 16 BB""]",Fold,fold,,1790778046611,True,True,True,1790778053482,1790778041137,5474,6871,,False,False
PlMiosUXOX3jddmqtCqgK3g7,-0KEGZBxOmYWut1ARzm-N62o,257,1,preflop,1,1,"[{""type"": ""luna_attempt"", ""handOrdinal"": 257, ""decisionOrdinal"": 1, ""street"": ""preflop"", ""visibleLegalButtonLabels"": [""Fold"", ""Call 0.50 BB"", ""Min · 2 BB"", ""Pot · 3 BB""], ""attemptedButtonLabel"": ""Pot · 3 BB"", ""attemptedAtMs"": 1790778059133, ""lastRenderedAtMs"": 1790778053770}]","[""Kd"", ""Kc""]",[],"[{""name"": ""fold"", ""kind"": ""fold"", ""raiseTo"": null}, {""name"": ""call"", ""kind"": ""call"", ""raiseTo"": null}, {""name"": ""min"", ""kind"": ""raise"", ""raiseTo"": 200}, {""name"": ""pot"", ""kind"": ""raise"", ""raiseTo"": 300}]","[""Fold"", ""Call 0.50 BB"", ""Min · 2 BB"", ""Pot · 3 BB""]",Pot · 3 BB,raise,300,1790778059133,True,True,True,1790778070666,1790778053770,5363,11533,,False,False
PlMiosUXOX3jddmqtCqgK3g7,-0KEGZBxOmYWut1ARzm-N62o,257,2,flop,2,1,"[{""type"": ""luna_attempt"", ""handOrdinal"": 257, ""decisionOrdinal"": 2, ""street"": ""flop"", ""visibleLegalButtonLabels"": [""Fold"", ""Call 6 BB"", ""Min · 12 BB"", ""Pot · 17 BB""], ""attemptedButtonLabel"": ""Call 6 BB"", ""attemptedAtMs"": 1790778070666, ""lastRenderedAtMs"": 1790778059532}]","[""Kd"", ""Kc""]","[""6d"", ""8c"", ""2c""]","[{""name"": ""fold"", ""kind"": ""fold"", ""raiseTo"": null}, {""name"": ""call"", ""kind"": ""call"", ""raiseTo"": null}, {""name"": ""min"", ""kind"": ""raise"", ""raiseTo"": 1200}, {""name"": ""pot"", ""kind"": ""raise"", ""raiseTo"": 1700}]","[""Fold"", ""Call 6 BB"", ""Min · 12 BB"", ""Pot · 17 BB""]",Call 6 BB,call,,1790778070666,True,True,True,1790778077214,1790778059532,11134,6548,,False,False
PlMiosUXOX3jddmqtCqgK3g7,-0KEGZBxOmYWut1ARzm-N62o,257,3,turn,3,1,"[{""type"": ""luna_attempt"", ""handOrdinal"": 257, ""decisionOrdinal"": 3, ""street"": ""turn"", ""visibleLegalButtonLabels"": [""Fold"", ""Call 1 BB"", ""Min · 2 BB"", ""Pot · 11 BB""], ""attemptedButtonLabel"": ""Call 1 BB"", ""attemptedAtMs"": 1790778077214, ""lastRenderedAtMs"": 1790778070975}]","[""Kd"", ""Kc""]","[""6d"", ""8c"", ""2c"", ""7d""]","[{""name"": ""fold"", ""kind"": ""fold"", ""raiseTo"": null}, {""name"": ""call"", ""kind"": ""call"", ""raiseTo"": null}, {""name"": ""min"", ""kind"": ""raise"", ""raiseTo"": 200}, {""name"": ""pot"", ""kind"": ""raise"", ""raiseTo"": 1100}]","[""Fold"", ""Call 1 BB"", ""Min · 2 BB"", ""Pot · 11 BB""]",Call 1 BB,call,,1790778077214,True,True,True,1790778082365,1790778070975,6239,5151,,False,False
PlMiosUXOX3jddmqtCqgK3g7,-0KEGZBxOmYWut1ARzm-N62o,257,4,river,4,1,"[{""type"": ""luna_attempt"", ""handOrdinal"": 257, ""decisionOrdinal"": 4, ""street"": ""river"", ""visibleLegalButtonLabels"": [""Fold"", ""Call 1 BB"", ""Min · 2 BB"", ""Pot · 10 BB""], ""attemptedButtonLabel"": ""Call 1 BB"", ""attemptedAtMs"": 1790778087019, ""lastRenderedAtMs"": 1790778082533}]","[""Kd"", ""Kc""]","[""6d"", ""8c"", ""2c"", ""7d"", ""4h""]","[{""name"": ""fold"", ""kind"": ""fold"", ""raiseTo"": null}, {""name"": ""call"", ""kind"": ""call"", ""raiseTo"": null}, {""name"": ""min"", ""kind"": ""raise"", ""raiseTo"": 200}, {""name"": ""pot"", ""kind"": ""raise"", ""raiseTo"": 1000}]","[""Fold"", ""Call 1 BB"", ""Min · 2 BB"", ""Pot · 10 BB""]",Call 1 BB,call,,1790778087019,True,True,True,1790778092952,1790778082533,4486,5933,,False,False
PlMiosUXOX3jddmqtCqgK3g7,noA7i4Q5skoJX4KAzzREr07X,258,1,preflop,1,1,"[{""type"": ""luna_attempt"", ""handOrdinal"": 258, ""decisionOrdinal"": 1, ""street"": ""preflop"", ""visibleLegalButtonLabels"": [""check"", ""Min · 2 BB"", ""Pot · 3 BB""], ""attemptedButtonLabel"": ""check"", ""attemptedAtMs"": 1790778098603, ""lastRenderedAtMs"": 1790778093358}]","[""6h"", ""9c""]",[],"[{""name"": ""check"", ""kind"": ""check"", ""raiseTo"": null}, {""name"": ""min"", ""kind"": ""raise"", ""raiseTo"": 200}, {""name"": ""pot"", ""kind"": ""raise"", ""raiseTo"": 300}]","[""check"", ""Min · 2 BB"", ""Pot · 3 BB""]",check,check,,1790778098603,True,True,True,1790778105436,1790778093358,5245,6833,,False,False
PlMiosUXOX3jddmqtCqgK3g7,noA7i4Q5skoJX4KAzzREr07X,258,2,flop,2,1,"[{""type"": ""luna_attempt"", ""handOrdinal"": 258, ""decisionOrdinal"": 2, ""street"": ""flop"", ""visibleLegalButtonLabels"": [""check"", ""Min · 1 BB"", ""Pot · 2 BB""], ""attemptedButtonLabel"": ""check"", ""attemptedAtMs"": 1790778105436, ""lastRenderedAtMs"": 1790778099010}]","[""6h"", ""9c""]","[""6c"", ""Ks"", ""Ts""]","[{""name"": ""check"", ""kind"": ""check"", ""raiseTo"": null}, {""name"": ""min"", ""kind"": ""raise"", ""raiseTo"": 100}, {""name"": ""pot"", ""kind"": ""raise"", ""raiseTo"": 200}]","[""check"", ""Min · 1 BB"", ""Pot · 2 BB""]",check,check,,1790778105436,True,True,True,1790778111281,1790778099010,6426,5845,,False,False
PlMiosUXOX3jddmqtCqgK3g7,noA7i4Q5skoJX4KAzzREr07X,258,3,flop,3,1,"[{""type"": ""luna_attempt"", ""handOrdinal"": 258, ""decisionOrdinal"": 3, ""street"": ""flop"", ""visibleLegalButtonLabels"": [""Fold"", ""Call 1 BB"", ""Min · 2 BB"", ""Pot · 5 BB""], ""attemptedButtonLabel"": ""Call 1 BB"", ""attemptedAtMs"": 1790778111281, ""lastRenderedAtMs"": 1790778105737}]","[""6h"", ""9c""]","[""6c"", ""Ks"", ""Ts""]","[{""name"": ""fold"", ""kind"": ""fold"", ""raiseTo"": null}, {""name"": ""call"", ""kind"": ""call"", ""raiseTo"": null}, {""name"": ""min"", ""kind"": ""raise"", ""raiseTo"": 200}, {""name"": ""pot"", ""kind"": ""raise"", ""raiseTo"": 500}]","[""Fold"", ""Call 1 BB"", ""Min · 2 BB"", ""Pot · 5 BB""]",Call 1 BB,call,,1790778111281,True,True,True,1790778117478,1790778105737,5544,6197,,False,False
PlMiosUXOX3jddmqtCqgK3g7,noA7i4Q5skoJX4KAzzREr07X,258,4,turn,4,1,"[{""type"": ""luna_attempt"", ""handOrdinal"": 258, ""decisionOrdinal"": 4, ""street"": ""turn"", ""visibleLegalButtonLabels"": [""check"", ""Min · 1 BB"", ""Pot · 4 BB""], ""attemptedButtonLabel"": ""check"", ""attemptedAtMs"": 1790778117478, ""lastRenderedAtMs"": 1790778111632}]","[""6h"", ""9c""]","[""6c"", ""Ks"", ""Ts"", ""Jc""]","[{""name"": ""check"", ""kind"": ""check"", ""raiseTo"": null}, {""name"": ""min"", ""kind"": ""raise"", ""raiseTo"": 100}, {""name"": ""pot"", ""kind"": ""raise"", ""raiseTo"": 400}]","[""check"", ""Min · 1 BB"", ""Pot · 4 BB""]",check,check,,1790778117478,True,True,True,1790778121710,1790778111632,5846,4232,,False,False
PlMiosUXOX3jddmqtCqgK3g7,noA7i4Q5skoJX4KAzzREr07X,258,5,river,5,1,"[{""type"": ""luna_attempt"", ""handOrdinal"": 258, ""decisionOrdinal"": 5, ""street"": ""river"", ""visibleLegalButtonLabels"": [""check"", ""Min · 1 BB"", ""Pot · 4 BB""], ""attemptedButtonLabel"": ""check"", ""attemptedAtMs"": 1790778125910, ""lastRenderedAtMs"": 1790778121782}]","[""6h"", ""9c""]","[""6c"", ""Ks"", ""Ts"", ""Jc"", ""8s""]","[{""name"": ""check"", ""kind"": ""check"", ""raiseTo"": null}, {""name"": ""min"", ""kind"": ""raise"", ""raiseTo"": 100}, {""name"": ""pot"", ""kind"": ""raise"", ""raiseTo"": 400}]","[""check"", ""Min · 1 BB"", ""Pot · 4 BB""]",check,check,,1790778125910,True,True,True,1790778133064,1790778121782,4128,7154,,False,False
PlMiosUXOX3jddmqtCqgK3g7,noA7i4Q5skoJX4KAzzREr07X,258,6,river,6,1,"[{""type"": ""luna_attempt"", ""handOrdinal"": 258, ""decisionOrdinal"": 6, ""street"": ""river"", ""visibleLegalButtonLabels"": [""Fold"", ""Call 1 BB"", ""Min · 2 BB"", ""Pot · 7 BB""], ""attemptedButtonLabel"": ""Call 1 BB"", ""attemptedAtMs"": 1790778133064, ""lastRenderedAtMs"": 1790778126227}]","[""6h"", ""9c""]","[""6c"", ""Ks"", ""Ts"", ""Jc"", ""8s""]","[{""name"": ""fold"", ""kind"": ""fold"", ""raiseTo"": null}, {""name"": ""call"", ""kind"": ""call"", ""raiseTo"": null}, {""name"": ""min"", ""kind"": ""raise"", ""raiseTo"": 200}, {""name"": ""pot"", ""kind"": ""raise"", ""raiseTo"": 700}]","[""Fold"", ""Call 1 BB"", ""Min · 2 BB"", ""Pot · 7 BB""]",Call 1 BB,call,,1790778133064,True,True,True,1790778141116,1790778126227,6837,8052,,False,False
PlMiosUXOX3jddmqtCqgK3g7,-bBlaiWSimGiP7AgBki0SOvH,259,1,preflop,1,1,"[{""type"": ""luna_attempt"", ""handOrdinal"": 259, ""decisionOrdinal"": 1, ""street"": ""preflop"", ""visibleLegalButtonLabels"": [""Fold"", ""Call 0.50 BB"", ""Min · 2 BB"", ""Pot · 3 BB""], ""attemptedButtonLabel"": ""Pot · 3 BB"", ""attemptedAtMs"": 1790778147066, ""lastRenderedAtMs"": 1790778141610}]","[""Kc"", ""6s""]",[],"[{""name"": ""fold"", ""kind"": ""fold"", ""raiseTo"": null}, {""name"": ""call"", ""kind"": ""call"", ""raiseTo"": null}, {""name"": ""min"", ""kind"": ""raise"", ""raiseTo"": 200}, {""name"": ""pot"", ""kind"": ""raise"", ""raiseTo"": 300}]","[""Fold"", ""Call 0.50 BB"", ""Min · 2 BB"", ""Pot · 3 BB""]",Pot · 3 BB,raise,300,1790778147066,True,True,True,1790778152663,1790778141610,5456,5597,,False,False
PlMiosUXOX3jddmqtCqgK3g7,BBX-Ez19Qr2S1fUX6EKKo9I0,260,1,preflop,1,1,"[{""type"": ""luna_attempt"", ""handOrdinal"": 260, ""decisionOrdinal"": 1, ""street"": ""preflop"", ""visibleLegalButtonLabels"": [""check"", ""Min · 2 BB"", ""Pot · 3 BB""], ""attemptedButtonLabel"": ""Pot · 3 BB"", ""attemptedAtMs"": 1790778159373, ""lastRenderedAtMs"": 1790778153046}]","[""8s"", ""8c""]",[],"[{""name"": ""check"", ""kind"": ""check"", ""raiseTo"": null}, {""name"": ""min"", ""kind"": ""raise"", ""raiseTo"": 200}, {""name"": ""pot"", ""kind"": ""raise"", ""raiseTo"": 300}]","[""check"", ""Min · 2 BB"", ""Pot · 3 BB""]",Pot · 3 BB,raise,300,1790778159373,True,True,True,1790778167077,1790778153046,6327,7704,,False,False
PlMiosUXOX3jddmqtCqgK3g7,BBX-Ez19Qr2S1fUX6EKKo9I0,260,2,flop,2,1,"[{""type"": ""luna_attempt"", ""handOrdinal"": 260, ""decisionOrdinal"": 2, ""street"": ""flop"", ""visibleLegalButtonLabels"": [""check"", ""Min · 1 BB"", ""Pot · 6 BB""], ""attemptedButtonLabel"": ""Min · 1 BB"", ""attemptedAtMs"": 1790778167077, ""lastRenderedAtMs"": 1790778159716}]","[""8s"", ""8c""]","[""2s"", ""Jd"", ""9h""]","[{""name"": ""check"", ""kind"": ""check"", ""raiseTo"": null}, {""name"": ""min"", ""kind"": ""raise"", ""raiseTo"": 100}, {""name"": ""pot"", ""kind"": ""raise"", ""raiseTo"": 600}]","[""check"", ""Min · 1 BB"", ""Pot · 6 BB""]",Min · 1 BB,raise,100,1790778167077,True,True,True,1790778172350,1790778159716,7361,5273,,False,False
PlMiosUXOX3jddmqtCqgK3g7,BBX-Ez19Qr2S1fUX6EKKo9I0,260,3,turn,3,1,"[{""type"": ""luna_attempt"", ""handOrdinal"": 260, ""decisionOrdinal"": 3, ""street"": ""turn"", ""visibleLegalButtonLabels"": [""check"", ""Min · 1 BB"", ""Pot · 8 BB"", ""Jam · 16 BB""], ""attemptedButtonLabel"": ""check"", ""attemptedAtMs"": 1790778179358, ""lastRenderedAtMs"": 1790778172480}]","[""8s"", ""8c""]","[""2s"", ""Jd"", ""9h"", ""3d""]","[{""name"": ""check"", ""kind"": ""check"", ""raiseTo"": null}, {""name"": ""min"", ""kind"": ""raise"", ""raiseTo"": 100}, {""name"": ""pot"", ""kind"": ""raise"", ""raiseTo"": 800}, {""name"": ""jam"", ""kind"": ""raise"", ""raiseTo"": 1600}]","[""check"", ""Min · 1 BB"", ""Pot · 8 BB"", ""Jam · 16 BB""]",check,check,,1790778179358,True,True,True,1790778185876,1790778172480,6878,6518,,False,False
PlMiosUXOX3jddmqtCqgK3g7,BBX-Ez19Qr2S1fUX6EKKo9I0,260,4,river,4,1,"[{""type"": ""luna_attempt"", ""handOrdinal"": 260, ""decisionOrdinal"": 4, ""street"": ""river"", ""visibleLegalButtonLabels"": [""check"", ""Min · 1 BB"", ""Pot · 8 BB"", ""Jam · 16 BB""], ""attemptedButtonLabel"": ""check"", ""attemptedAtMs"": 1790778190796, ""lastRenderedAtMs"": 1790778186030}]","[""8s"", ""8c""]","[""2s"", ""Jd"", ""9h"", ""3d"", ""Qh""]","[{""name"": ""check"", ""kind"": ""check"", ""raiseTo"": null}, {""name"": ""min"", ""kind"": ""raise"", ""raiseTo"": 100}, {""name"": ""pot"", ""kind"": ""raise"", ""raiseTo"": 800}, {""name"": ""jam"", ""kind"": ""raise"", ""raiseTo"": 1600}]","[""check"", ""Min · 1 BB"", ""Pot · 8 BB"", ""Jam · 16 BB""]",check,check,,1790778190796,True,True,True,1790778197313,1790778186030,4766,6517,,False,False
PlMiosUXOX3jddmqtCqgK3g7,_Vw79lJDogTx35UzOvLCMfL4,261,1,preflop,1,1,"[{""type"": ""luna_attempt"", ""handOrdinal"": 261, ""decisionOrdinal"": 1, ""street"": ""preflop"", ""visibleLegalButtonLabels"": [""Fold"", ""Call 0.50 BB"", ""Min · 2 BB"", ""Pot · 3 BB""], ""attemptedButtonLabel"": ""Call 0.50 BB"", ""attemptedAtMs"": 1790778203702, ""lastRenderedAtMs"": 1790778197584}]","[""2d"", ""6h""]",[],"[{""name"": ""fold"", ""kind"": ""fold"", ""raiseTo"": null}, {""name"": ""call"", ""kind"": ""call"", ""raiseTo"": null}, {""name"": ""min"", ""kind"": ""raise"", ""raiseTo"": 200}, {""name"": ""pot"", ""kind"": ""raise"", ""raiseTo"": 300}]","[""Fold"", ""Call 0.50 BB"", ""Min · 2 BB"", ""Pot · 3 BB""]",Call 0.50 BB,call,,1790778203702,True,True,True,1790778210606,1790778197584,6118,6904,,False,False
PlMiosUXOX3jddmqtCqgK3g7,_Vw79lJDogTx35UzOvLCMfL4,261,2,flop,2,1,"[{""type"": ""luna_attempt"", ""handOrdinal"": 261, ""decisionOrdinal"": 2, ""street"": ""flop"", ""visibleLegalButtonLabels"": [""Fold"", ""Call 2 BB"", ""Min · 4 BB"", ""Pot · 8 BB""], ""attemptedButtonLabel"": ""Fold"", ""attemptedAtMs"": 1790778210606, ""lastRenderedAtMs"": 1790778204114}]","[""2d"", ""6h""]","[""8d"", ""Jd"", ""Js""]","[{""name"": ""fold"", ""kind"": ""fold"", ""raiseTo"": null}, {""name"": ""call"", ""kind"": ""call"", ""raiseTo"": null}, {""name"": ""min"", ""kind"": ""raise"", ""raiseTo"": 400}, {""name"": ""pot"", ""kind"": ""raise"", ""raiseTo"": 800}]","[""Fold"", ""Call 2 BB"", ""Min · 4 BB"", ""Pot · 8 BB""]",Fold,fold,,1790778210606,True,True,True,1790778216302,1790778204114,6492,5696,,False,False
PlMiosUXOX3jddmqtCqgK3g7,czodlg8Ij8H0GyBwZc1lVsED,262,1,preflop,1,1,"[{""type"": ""luna_attempt"", ""handOrdinal"": 262, ""decisionOrdinal"": 1, ""street"": ""preflop"", ""visibleLegalButtonLabels"": [""Fold"", ""Call 2 BB"", ""Min · 5 BB"", ""Pot · 9 BB""], ""attemptedButtonLabel"": ""Call 2 BB"", ""attemptedAtMs"": 1790778223185, ""lastRenderedAtMs"": 1790778216809}]","[""Ah"", ""8c""]",[],"[{""name"": ""fold"", ""kind"": ""fold"", ""raiseTo"": null}, {""name"": ""call"", ""kind"": ""call"", ""raiseTo"": null}, {""name"": ""min"", ""kind"": ""raise"", ""raiseTo"": 500}, {""name"": ""pot"", ""kind"": ""raise"", ""raiseTo"": 900}]","[""Fold"", ""Call 2 BB"", ""Min · 5 BB"", ""Pot · 9 BB""]",Call 2 BB,call,,1790778223185,True,True,True,1790778229010,1790778216809,6376,5825,,False,False
PlMiosUXOX3jddmqtCqgK3g7,czodlg8Ij8H0GyBwZc1lVsED,262,2,flop,2,1,"[{""type"": ""luna_attempt"", ""handOrdinal"": 262, ""decisionOrdinal"": 2, ""street"": ""flop"", ""visibleLegalButtonLabels"": [""check"", ""Min · 1 BB"", ""Pot · 6 BB""], ""attemptedButtonLabel"": ""check"", ""attemptedAtMs"": 1790778229010, ""lastRenderedAtMs"": 1790778223497}]","[""Ah"", ""8c""]","[""5c"", ""Jd"", ""Js""]","[{""name"": ""check"", ""kind"": ""check"", ""raiseTo"": null}, {""name"": ""min"", ""kind"": ""raise"", ""raiseTo"": 100}, {""name"": ""pot"", ""kind"": ""raise"", ""raiseTo"": 600}]","[""check"", ""Min · 1 BB"", ""Pot · 6 BB""]",check,check,,1790778229010,True,True,True,1790778233768,1790778223497,5513,4758,,False,False
PlMiosUXOX3jddmqtCqgK3g7,czodlg8Ij8H0GyBwZc1lVsED,262,3,turn,3,1,"[{""type"": ""luna_attempt"", ""handOrdinal"": 262, ""decisionOrdinal"": 3, ""street"": ""turn"", ""visibleLegalButtonLabels"": [""check"", ""Min · 1 BB"", ""Pot · 6 BB""], ""attemptedButtonLabel"": ""Min · 1 BB"", ""attemptedAtMs"": 1790778238306, ""lastRenderedAtMs"": 1790778233931}]","[""Ah"", ""8c""]","[""5c"", ""Jd"", ""Js"", ""As""]","[{""name"": ""check"", ""kind"": ""check"", ""raiseTo"": null}, {""name"": ""min"", ""kind"": ""raise"", ""raiseTo"": 100}, {""name"": ""pot"", ""kind"": ""raise"", ""raiseTo"": 600}]","[""check"", ""Min · 1 BB"", ""Pot · 6 BB""]",Min · 1 BB,raise,100,1790778238306,True,True,True,1790778244795,1790778233931,4375,6489,,False,False
PlMiosUXOX3jddmqtCqgK3g7,czodlg8Ij8H0GyBwZc1lVsED,262,4,river,4,1,"[{""type"": ""luna_attempt"", ""handOrdinal"": 262, ""decisionOrdinal"": 4, ""street"": ""river"", ""visibleLegalButtonLabels"": [""check"", ""Min · 1 BB"", ""Pot · 8 BB"", ""Jam · 16 BB""], ""attemptedButtonLabel"": ""Min · 1 BB"", ""attemptedAtMs"": 1790778249312, ""lastRenderedAtMs"": 1790778244937}]","[""Ah"", ""8c""]","[""5c"", ""Jd"", ""Js"", ""As"", ""Qs""]","[{""name"": ""check"", ""kind"": ""check"", ""raiseTo"": null}, {""name"": ""min"", ""kind"": ""raise"", ""raiseTo"": 100}, {""name"": ""pot"", ""kind"": ""raise"", ""raiseTo"": 800}, {""name"": ""jam"", ""kind"": ""raise"", ""raiseTo"": 1600}]","[""check"", ""Min · 1 BB"", ""Pot · 8 BB"", ""Jam · 16 BB""]",Min · 1 BB,raise,100,1790778249312,True,True,True,1790778255893,1790778244937,4375,6581,,False,False
PlMiosUXOX3jddmqtCqgK3g7,czodlg8Ij8H0GyBwZc1lVsED,262,5,river,5,1,"[{""type"": ""luna_attempt"", ""handOrdinal"": 262, ""decisionOrdinal"": 5, ""street"": ""river"", ""visibleLegalButtonLabels"": [""Fold"", ""Call 1 BB"", ""Min · 3 BB"", ""Pot · 14 BB"", ""Jam · 16 BB""], ""attemptedButtonLabel"": ""Call 1 BB"", ""attemptedAtMs"": 1790778255893, ""lastRenderedAtMs"": 1790778249594}]","[""Ah"", ""8c""]","[""5c"", ""Jd"", ""Js"", ""As"", ""Qs""]","[{""name"": ""fold"", ""kind"": ""fold"", ""raiseTo"": null}, {""name"": ""call"", ""kind"": ""call"", ""raiseTo"": null}, {""name"": ""min"", ""kind"": ""raise"", ""raiseTo"": 300}, {""name"": ""pot"", ""kind"": ""raise"", ""raiseTo"": 1400}, {""name"": ""jam"", ""kind"": ""raise"", ""raiseTo"": 1600}]","[""Fold"", ""Call 1 BB"", ""Min · 3 BB"", ""Pot · 14 BB"", ""Jam · 16 BB""]",Call 1 BB,call,,1790778255893,True,True,True,1790778261849,1790778249594,6299,5956,,False,False
PlMiosUXOX3jddmqtCqgK3g7,-e88OimEd10_N_IBhZmePmzY,263,1,preflop,1,1,"[{""type"": ""luna_attempt"", ""handOrdinal"": 263, ""decisionOrdinal"": 1, ""street"": ""preflop"", ""visibleLegalButtonLabels"": [""Fold"", ""Call 0.50 BB"", ""Min · 2 BB"", ""Pot · 3 BB""], ""attemptedButtonLabel"": ""Call 0.50 BB"", ""attemptedAtMs"": 1790778269337, ""lastRenderedAtMs"": 1790778263016}]","[""8s"", ""6d""]",[],"[{""name"": ""fold"", ""kind"": ""fold"", ""raiseTo"": null}, {""name"": ""call"", ""kind"": ""call"", ""raiseTo"": null}, {""name"": ""min"", ""kind"": ""raise"", ""raiseTo"": 200}, {""name"": ""pot"", ""kind"": ""raise"", ""raiseTo"": 300}]","[""Fold"", ""Call 0.50 BB"", ""Min · 2 BB"", ""Pot · 3 BB""]",Call 0.50 BB,call,,1790778269337,True,True,True,1790778275555,1790778263016,6321,6218,,False,False
PlMiosUXOX3jddmqtCqgK3g7,-e88OimEd10_N_IBhZmePmzY,263,2,flop,2,1,"[{""type"": ""luna_attempt"", ""handOrdinal"": 263, ""decisionOrdinal"": 2, ""street"": ""flop"", ""visibleLegalButtonLabels"": [""Fold"", ""Call 2 BB"", ""Min · 4 BB"", ""Pot · 8 BB""], ""attemptedButtonLabel"": ""Fold"", ""attemptedAtMs"": 1790778275556, ""lastRenderedAtMs"": 1790778269639}]","[""8s"", ""6d""]","[""2h"", ""Qd"", ""2d""]","[{""name"": ""fold"", ""kind"": ""fold"", ""raiseTo"": null}, {""name"": ""call"", ""kind"": ""call"", ""raiseTo"": null}, {""name"": ""min"", ""kind"": ""raise"", ""raiseTo"": 400}, {""name"": ""pot"", ""kind"": ""raise"", ""raiseTo"": 800}]","[""Fold"", ""Call 2 BB"", ""Min · 4 BB"", ""Pot · 8 BB""]",Fold,fold,,1790778275556,True,True,True,1790778282835,1790778269639,5917,7279,,False,False
PlMiosUXOX3jddmqtCqgK3g7,WrkDQCSxFYSJ45rHEdwY6OyA,265,1,preflop,1,1,"[{""type"": ""luna_attempt"", ""handOrdinal"": 265, ""decisionOrdinal"": 1, ""street"": ""preflop"", ""visibleLegalButtonLabels"": [""Fold"", ""Call 0.50 BB"", ""Min · 2 BB"", ""Pot · 3 BB""], ""attemptedButtonLabel"": ""Call 0.50 BB"", ""attemptedAtMs"": 1790778295684, ""lastRenderedAtMs"": 1790778289301}]","[""2h"", ""7s""]",[],"[{""name"": ""fold"", ""kind"": ""fold"", ""raiseTo"": null}, {""name"": ""call"", ""kind"": ""call"", ""raiseTo"": null}, {""name"": ""min"", ""kind"": ""raise"", ""raiseTo"": 200}, {""name"": ""pot"", ""kind"": ""raise"", ""raiseTo"": 300}]","[""Fold"", ""Call 0.50 BB"", ""Min · 2 BB"", ""Pot · 3 BB""]",Call 0.50 BB,call,,1790778295684,True,True,True,1790778303625,1790778289301,6383,7941,,False,False
PlMiosUXOX3jddmqtCqgK3g7,WrkDQCSxFYSJ45rHEdwY6OyA,265,2,flop,2,1,"[{""type"": ""luna_attempt"", ""handOrdinal"": 265, ""decisionOrdinal"": 2, ""street"": ""flop"", ""visibleLegalButtonLabels"": [""Fold"", ""Call 1 BB"", ""Min · 2 BB"", ""Pot · 5 BB""], ""attemptedButtonLabel"": ""Fold"", ""attemptedAtMs"": 1790778303625, ""lastRenderedAtMs"": 1790778296100}]","[""2h"", ""7s""]","[""9s"", ""Kd"", ""4s""]","[{""name"": ""fold"", ""kind"": ""fold"", ""raiseTo"": null}, {""name"": ""call"", ""kind"": ""call"", ""raiseTo"": null}, {""name"": ""min"", ""kind"": ""raise"", ""raiseTo"": 200}, {""name"": ""pot"", ""kind"": ""raise"", ""raiseTo"": 500}]","[""Fold"", ""Call 1 BB"", ""Min · 2 BB"", ""Pot · 5 BB""]",Fold,fold,,1790778303625,True,True,True,1790778310501,1790778296100,7525,6876,,False,False
PlMiosUXOX3jddmqtCqgK3g7,ggtJbuYSjr7vuXBF3vy2ilZ9,267,1,preflop,1,1,"[{""type"": ""luna_attempt"", ""handOrdinal"": 267, ""decisionOrdinal"": 1, ""street"": ""preflop"", ""visibleLegalButtonLabels"": [""Fold"", ""Call 0.50 BB"", ""Min · 2 BB"", ""Pot · 3 BB""], ""attemptedButtonLabel"": ""Call 0.50 BB"", ""attemptedAtMs"": 1790778324107, ""lastRenderedAtMs"": 1790778317655}]","[""3s"", ""2h""]",[],"[{""name"": ""fold"", ""kind"": ""fold"", ""raiseTo"": null}, {""name"": ""call"", ""kind"": ""call"", ""raiseTo"": null}, {""name"": ""min"", ""kind"": ""raise"", ""raiseTo"": 200}, {""name"": ""pot"", ""kind"": ""raise"", ""raiseTo"": 300}]","[""Fold"", ""Call 0.50 BB"", ""Min · 2 BB"", ""Pot · 3 BB""]",Call 0.50 BB,call,,1790778324107,True,True,True,1790778332276,1790778317655,6452,8169,,False,False
PlMiosUXOX3jddmqtCqgK3g7,ggtJbuYSjr7vuXBF3vy2ilZ9,267,2,flop,2,1,"[{""type"": ""luna_attempt"", ""handOrdinal"": 267, ""decisionOrdinal"": 2, ""street"": ""flop"", ""visibleLegalButtonLabels"": [""Fold"", ""Call 1 BB"", ""Min · 2 BB"", ""Pot · 5 BB""], ""attemptedButtonLabel"": ""Fold"", ""attemptedAtMs"": 1790778332276, ""lastRenderedAtMs"": 1790778324466}]","[""3s"", ""2h""]","[""5c"", ""6d"", ""Js""]","[{""name"": ""fold"", ""kind"": ""fold"", ""raiseTo"": null}, {""name"": ""call"", ""kind"": ""call"", ""raiseTo"": null}, {""name"": ""min"", ""kind"": ""raise"", ""raiseTo"": 200}, {""name"": ""pot"", ""kind"": ""raise"", ""raiseTo"": 500}]","[""Fold"", ""Call 1 BB"", ""Min · 2 BB"", ""Pot · 5 BB""]",Fold,fold,,1790778332276,True,True,True,1790778338570,1790778324466,7810,6294,,False,False
PlMiosUXOX3jddmqtCqgK3g7,fF4-sxC9f9Av7GNwMGvOPQaB,268,1,preflop,1,1,"[{""type"": ""luna_attempt"", ""handOrdinal"": 268, ""decisionOrdinal"": 1, ""street"": ""preflop"", ""visibleLegalButtonLabels"": [""check"", ""Min · 2 BB"", ""Pot · 3 BB""], ""attemptedButtonLabel"": ""check"", ""attemptedAtMs"": 1790778344491, ""lastRenderedAtMs"": 1790778338931}]","[""Js"", ""9c""]",[],"[{""name"": ""check"", ""kind"": ""check"", ""raiseTo"": null}, {""name"": ""min"", ""kind"": ""raise"", ""raiseTo"": 200}, {""name"": ""pot"", ""kind"": ""raise"", ""raiseTo"": 300}]","[""check"", ""Min · 2 BB"", ""Pot · 3 BB""]",check,check,,1790778344491,True,True,True,1790778351903,1790778338931,5560,7412,,False,False
PlMiosUXOX3jddmqtCqgK3g7,fF4-sxC9f9Av7GNwMGvOPQaB,268,2,flop,2,1,"[{""type"": ""luna_attempt"", ""handOrdinal"": 268, ""decisionOrdinal"": 2, ""street"": ""flop"", ""visibleLegalButtonLabels"": [""check"", ""Min · 1 BB"", ""Pot · 2 BB""], ""attemptedButtonLabel"": ""check"", ""attemptedAtMs"": 1790778351903, ""lastRenderedAtMs"": 1790778344917}]","[""Js"", ""9c""]","[""Ah"", ""5d"", ""5c""]","[{""name"": ""check"", ""kind"": ""check"", ""raiseTo"": null}, {""name"": ""min"", ""kind"": ""raise"", ""raiseTo"": 100}, {""name"": ""pot"", ""kind"": ""raise"", ""raiseTo"": 200}]","[""check"", ""Min · 1 BB"", ""Pot · 2 BB""]",check,check,,1790778351903,True,True,True,1790778358477,1790778344917,6986,6574,,False,False
PlMiosUXOX3jddmqtCqgK3g7,fF4-sxC9f9Av7GNwMGvOPQaB,268,3,turn,3,1,"[{""type"": ""luna_attempt"", ""handOrdinal"": 268, ""decisionOrdinal"": 3, ""street"": ""turn"", ""visibleLegalButtonLabels"": [""check"", ""Min · 1 BB"", ""Pot · 2 BB""], ""attemptedButtonLabel"": ""check"", ""attemptedAtMs"": 1790778362743, ""lastRenderedAtMs"": 1790778358663}]","[""Js"", ""9c""]","[""Ah"", ""5d"", ""5c"", ""6h""]","[{""name"": ""check"", ""kind"": ""check"", ""raiseTo"": null}, {""name"": ""min"", ""kind"": ""raise"", ""raiseTo"": 100}, {""name"": ""pot"", ""kind"": ""raise"", ""raiseTo"": 200}]","[""check"", ""Min · 1 BB"", ""Pot · 2 BB""]",check,check,,1790778362743,True,True,True,1790778370686,1790778358663,4080,7943,,False,False
PlMiosUXOX3jddmqtCqgK3g7,fF4-sxC9f9Av7GNwMGvOPQaB,268,4,river,4,1,"[{""type"": ""luna_attempt"", ""handOrdinal"": 268, ""decisionOrdinal"": 4, ""street"": ""river"", ""visibleLegalButtonLabels"": [""check"", ""Min · 1 BB"", ""Pot · 2 BB""], ""attemptedButtonLabel"": ""check"", ""attemptedAtMs"": 1790778375494, ""lastRenderedAtMs"": 1790778370879}]","[""Js"", ""9c""]","[""Ah"", ""5d"", ""5c"", ""6h"", ""Qc""]","[{""name"": ""check"", ""kind"": ""check"", ""raiseTo"": null}, {""name"": ""min"", ""kind"": ""raise"", ""raiseTo"": 100}, {""name"": ""pot"", ""kind"": ""raise"", ""raiseTo"": 200}]","[""check"", ""Min · 1 BB"", ""Pot · 2 BB""]",check,check,,1790778375494,True,True,True,1790778384222,1790778370879,4615,8728,,False,False
PlMiosUXOX3jddmqtCqgK3g7,fF4-sxC9f9Av7GNwMGvOPQaB,268,5,river,5,1,"[{""type"": ""luna_attempt"", ""handOrdinal"": 268, ""decisionOrdinal"": 5, ""street"": ""river"", ""visibleLegalButtonLabels"": [""Fold"", ""Call 2 BB"", ""Min · 4 BB"", ""Pot · 8 BB""], ""attemptedButtonLabel"": ""Fold"", ""attemptedAtMs"": 1790778384222, ""lastRenderedAtMs"": 1790778375899}]","[""Js"", ""9c""]","[""Ah"", ""5d"", ""5c"", ""6h"", ""Qc""]","[{""name"": ""fold"", ""kind"": ""fold"", ""raiseTo"": null}, {""name"": ""call"", ""kind"": ""call"", ""raiseTo"": null}, {""name"": ""min"", ""kind"": ""raise"", ""raiseTo"": 400}, {""name"": ""pot"", ""kind"": ""raise"", ""raiseTo"": 800}]","[""Fold"", ""Call 2 BB"", ""Min · 4 BB"", ""Pot · 8 BB""]",Fold,fold,,1790778384222,True,True,True,1790778392837,1790778375899,8323,8615,,False,False
PlMiosUXOX3jddmqtCqgK3g7,ynIofw0EHIUQx9UYw_eF5pZO,269,1,preflop,1,1,"[{""type"": ""luna_attempt"", ""handOrdinal"": 269, ""decisionOrdinal"": 1, ""street"": ""preflop"", ""visibleLegalButtonLabels"": [""Fold"", ""Call 0.50 BB"", ""Min · 2 BB"", ""Pot · 3 BB""], ""attemptedButtonLabel"": ""Pot · 3 BB"", ""attemptedAtMs"": 1790778401149, ""lastRenderedAtMs"": 1790778393307}]","[""9h"", ""Th""]",[],"[{""name"": ""fold"", ""kind"": ""fold"", ""raiseTo"": null}, {""name"": ""call"", ""kind"": ""call"", ""raiseTo"": null}, {""name"": ""min"", ""kind"": ""raise"", ""raiseTo"": 200}, {""name"": ""pot"", ""kind"": ""raise"", ""raiseTo"": 300}]","[""Fold"", ""Call 0.50 BB"", ""Min · 2 BB"", ""Pot · 3 BB""]",Pot · 3 BB,raise,300,1790778401149,True,True,True,1790778406934,1790778393307,7842,5785,,False,False
PlMiosUXOX3jddmqtCqgK3g7,U6-9WgaU3mpv1r8ABJoX-3u0,270,1,preflop,1,1,"[{""type"": ""luna_attempt"", ""handOrdinal"": 270, ""decisionOrdinal"": 1, ""street"": ""preflop"", ""visibleLegalButtonLabels"": [""Fold"", ""Call 1 BB"", ""Min · 3 BB"", ""Pot · 6 BB""], ""attemptedButtonLabel"": ""Call 1 BB"", ""attemptedAtMs"": 1790778416169, ""lastRenderedAtMs"": 1790778407236}]","[""Js"", ""Td""]",[],"[{""name"": ""fold"", ""kind"": ""fold"", ""raiseTo"": null}, {""name"": ""call"", ""kind"": ""call"", ""raiseTo"": null}, {""name"": ""min"", ""kind"": ""raise"", ""raiseTo"": 300}, {""name"": ""pot"", ""kind"": ""raise"", ""raiseTo"": 600}]","[""Fold"", ""Call 1 BB"", ""Min · 3 BB"", ""Pot · 6 BB""]",Call 1 BB,call,,1790778416169,True,True,True,1790778423138,1790778407236,8933,6969,,False,False
PlMiosUXOX3jddmqtCqgK3g7,U6-9WgaU3mpv1r8ABJoX-3u0,270,2,flop,2,1,"[{""type"": ""luna_attempt"", ""handOrdinal"": 270, ""decisionOrdinal"": 2, ""street"": ""flop"", ""visibleLegalButtonLabels"": [""check"", ""Min · 1 BB"", ""Pot · 4 BB""], ""attemptedButtonLabel"": ""check"", ""attemptedAtMs"": 1790778423138, ""lastRenderedAtMs"": 1790778416613}]","[""Js"", ""Td""]","[""8d"", ""Ac"", ""3c""]","[{""name"": ""check"", ""kind"": ""check"", ""raiseTo"": null}, {""name"": ""min"", ""kind"": ""raise"", ""raiseTo"": 100}, {""name"": ""pot"", ""kind"": ""raise"", ""raiseTo"": 400}]","[""check"", ""Min · 1 BB"", ""Pot · 4 BB""]",check,check,,1790778423138,True,True,True,1790778429960,1790778416613,6525,6822,,False,False
PlMiosUXOX3jddmqtCqgK3g7,U6-9WgaU3mpv1r8ABJoX-3u0,270,3,turn,3,1,"[{""type"": ""luna_attempt"", ""handOrdinal"": 270, ""decisionOrdinal"": 3, ""street"": ""turn"", ""visibleLegalButtonLabels"": [""check"", ""Min · 1 BB"", ""Pot · 4 BB""], ""attemptedButtonLabel"": ""check"", ""attemptedAtMs"": 1790778429960, ""lastRenderedAtMs"": 1790778423592}]","[""Js"", ""Td""]","[""8d"", ""Ac"", ""3c"", ""2s""]","[{""name"": ""check"", ""kind"": ""check"", ""raiseTo"": null}, {""name"": ""min"", ""kind"": ""raise"", ""raiseTo"": 100}, {""name"": ""pot"", ""kind"": ""raise"", ""raiseTo"": 400}]","[""check"", ""Min · 1 BB"", ""Pot · 4 BB""]",check,check,,1790778429960,True,True,True,1790778436047,1790778423592,6368,6087,,False,False
PlMiosUXOX3jddmqtCqgK3g7,U6-9WgaU3mpv1r8ABJoX-3u0,270,4,turn,4,1,"[{""type"": ""luna_attempt"", ""handOrdinal"": 270, ""decisionOrdinal"": 4, ""street"": ""turn"", ""visibleLegalButtonLabels"": [""Fold"", ""Call 4 BB"", ""Min · 8 BB"", ""Pot · 16 BB"", ""Jam · 18 BB""], ""attemptedButtonLabel"": ""Fold"", ""attemptedAtMs"": 1790778436047, ""lastRenderedAtMs"": 1790778430259}]","[""Js"", ""Td""]","[""8d"", ""Ac"", ""3c"", ""2s""]","[{""name"": ""fold"", ""kind"": ""fold"", ""raiseTo"": null}, {""name"": ""call"", ""kind"": ""call"", ""raiseTo"": null}, {""name"": ""min"", ""kind"": ""raise"", ""raiseTo"": 800}, {""name"": ""pot"", ""kind"": ""raise"", ""raiseTo"": 1600}, {""name"": ""jam"", ""kind"": ""raise"", ""raiseTo"": 1800}]","[""Fold"", ""Call 4 BB"", ""Min · 8 BB"", ""Pot · 16 BB"", ""Jam · 18 BB""]",Fold,fold,,1790778436047,True,True,True,1790778443004,1790778430259,5788,6957,,False,False
PlMiosUXOX3jddmqtCqgK3g7,7DOZ89uRtEEp-HdQye3IsfH8,271,1,preflop,1,1,"[{""type"": ""luna_attempt"", ""handOrdinal"": 271, ""decisionOrdinal"": 1, ""street"": ""preflop"", ""visibleLegalButtonLabels"": [""Fold"", ""Call 0.50 BB"", ""Min · 2 BB"", ""Pot · 3 BB""], ""attemptedButtonLabel"": ""Pot · 3 BB"", ""attemptedAtMs"": 1790778449123, ""lastRenderedAtMs"": 1790778443270}]","[""9c"", ""Ah""]",[],"[{""name"": ""fold"", ""kind"": ""fold"", ""raiseTo"": null}, {""name"": ""call"", ""kind"": ""call"", ""raiseTo"": null}, {""name"": ""min"", ""kind"": ""raise"", ""raiseTo"": 200}, {""name"": ""pot"", ""kind"": ""raise"", ""raiseTo"": 300}]","[""Fold"", ""Call 0.50 BB"", ""Min · 2 BB"", ""Pot · 3 BB""]",Pot · 3 BB,raise,300,1790778449123,True,True,True,1790778455828,1790778443270,5853,6705,,False,False
PlMiosUXOX3jddmqtCqgK3g7,7DOZ89uRtEEp-HdQye3IsfH8,271,2,preflop,2,1,"[{""type"": ""luna_attempt"", ""handOrdinal"": 271, ""decisionOrdinal"": 2, ""street"": ""preflop"", ""visibleLegalButtonLabels"": [""Fold"", ""Call 6 BB"", ""Min · 15 BB"", ""Pot · 20 BB""], ""attemptedButtonLabel"": ""Fold"", ""attemptedAtMs"": 1790778455828, ""lastRenderedAtMs"": 1790778449579}]","[""9c"", ""Ah""]",[],"[{""name"": ""fold"", ""kind"": ""fold"", ""raiseTo"": null}, {""name"": ""call"", ""kind"": ""call"", ""raiseTo"": null}, {""name"": ""min"", ""kind"": ""raise"", ""raiseTo"": 1500}, {""name"": ""pot"", ""kind"": ""raise"", ""raiseTo"": 2000}]","[""Fold"", ""Call 6 BB"", ""Min · 15 BB"", ""Pot · 20 BB""]",Fold,fold,,1790778455828,True,True,True,1790778464983,1790778449579,6249,9155,,False,False
PlMiosUXOX3jddmqtCqgK3g7,gB-lc5mKsxNQn62mud_mI4BZ,273,1,preflop,1,1,"[{""type"": ""luna_attempt"", ""handOrdinal"": 273, ""decisionOrdinal"": 1, ""street"": ""preflop"", ""visibleLegalButtonLabels"": [""Fold"", ""Call 0.50 BB"", ""Min · 2 BB"", ""Pot · 3 BB""], ""attemptedButtonLabel"": ""Pot · 3 BB"", ""attemptedAtMs"": 1790778477423, ""lastRenderedAtMs"": 1790778472040}]","[""4h"", ""Kh""]",[],"[{""name"": ""fold"", ""kind"": ""fold"", ""raiseTo"": null}, {""name"": ""call"", ""kind"": ""call"", ""raiseTo"": null}, {""name"": ""min"", ""kind"": ""raise"", ""raiseTo"": 200}, {""name"": ""pot"", ""kind"": ""raise"", ""raiseTo"": 300}]","[""Fold"", ""Call 0.50 BB"", ""Min · 2 BB"", ""Pot · 3 BB""]",Pot · 3 BB,raise,300,1790778477423,True,True,True,1790778484700,1790778472040,5383,7277,,False,False
PlMiosUXOX3jddmqtCqgK3g7,GWkItFYMYgA1GbaTBDzDHGwN,274,1,preflop,1,1,"[{""type"": ""luna_attempt"", ""handOrdinal"": 274, ""decisionOrdinal"": 1, ""street"": ""preflop"", ""visibleLegalButtonLabels"": [""check"", ""Min · 2 BB"", ""Pot · 3 BB""], ""attemptedButtonLabel"": ""check"", ""attemptedAtMs"": 1790778497383, ""lastRenderedAtMs"": 1790778490266}]","[""4h"", ""Jh""]",[],"[{""name"": ""check"", ""kind"": ""check"", ""raiseTo"": null}, {""name"": ""min"", ""kind"": ""raise"", ""raiseTo"": 200}, {""name"": ""pot"", ""kind"": ""raise"", ""raiseTo"": 300}]","[""check"", ""Min · 2 BB"", ""Pot · 3 BB""]",check,check,,1790778497383,True,True,True,1790778504215,1790778490266,7117,6832,,False,False
PlMiosUXOX3jddmqtCqgK3g7,GWkItFYMYgA1GbaTBDzDHGwN,274,2,flop,2,1,"[{""type"": ""luna_attempt"", ""handOrdinal"": 274, ""decisionOrdinal"": 2, ""street"": ""flop"", ""visibleLegalButtonLabels"": [""check"", ""Min · 1 BB"", ""Pot · 2 BB""], ""attemptedButtonLabel"": ""check"", ""attemptedAtMs"": 1790778504215, ""lastRenderedAtMs"": 1790778497822}]","[""4h"", ""Jh""]","[""Ks"", ""5s"", ""5c""]","[{""name"": ""check"", ""kind"": ""check"", ""raiseTo"": null}, {""name"": ""min"", ""kind"": ""raise"", ""raiseTo"": 100}, {""name"": ""pot"", ""kind"": ""raise"", ""raiseTo"": 200}]","[""check"", ""Min · 1 BB"", ""Pot · 2 BB""]",check,check,,1790778504215,True,True,True,1790778510690,1790778497822,6393,6475,,False,False
PlMiosUXOX3jddmqtCqgK3g7,GWkItFYMYgA1GbaTBDzDHGwN,274,3,flop,3,1,"[{""type"": ""luna_attempt"", ""handOrdinal"": 274, ""decisionOrdinal"": 3, ""street"": ""flop"", ""visibleLegalButtonLabels"": [""Fold"", ""Call 2 BB"", ""Min · 4 BB"", ""Pot · 8 BB""], ""attemptedButtonLabel"": ""Fold"", ""attemptedAtMs"": 1790778510690, ""lastRenderedAtMs"": 1790778504505}]","[""4h"", ""Jh""]","[""Ks"", ""5s"", ""5c""]","[{""name"": ""fold"", ""kind"": ""fold"", ""raiseTo"": null}, {""name"": ""call"", ""kind"": ""call"", ""raiseTo"": null}, {""name"": ""min"", ""kind"": ""raise"", ""raiseTo"": 400}, {""name"": ""pot"", ""kind"": ""raise"", ""raiseTo"": 800}]","[""Fold"", ""Call 2 BB"", ""Min · 4 BB"", ""Pot · 8 BB""]",Fold,fold,,1790778510690,True,True,True,1790778518112,1790778504505,6185,7422,,False,False
PlMiosUXOX3jddmqtCqgK3g7,tGN0EGIC_wB8_6lgIiZ77cwv,275,1,preflop,1,1,"[{""type"": ""luna_attempt"", ""handOrdinal"": 275, ""decisionOrdinal"": 1, ""street"": ""preflop"", ""visibleLegalButtonLabels"": [""Fold"", ""Call 0.50 BB"", ""Min · 2 BB"", ""Pot · 3 BB""], ""attemptedButtonLabel"": ""Call 0.50 BB"", ""attemptedAtMs"": 1790778527255, ""lastRenderedAtMs"": 1790778518476}]","[""5s"", ""2c""]",[],"[{""name"": ""fold"", ""kind"": ""fold"", ""raiseTo"": null}, {""name"": ""call"", ""kind"": ""call"", ""raiseTo"": null}, {""name"": ""min"", ""kind"": ""raise"", ""raiseTo"": 200}, {""name"": ""pot"", ""kind"": ""raise"", ""raiseTo"": 300}]","[""Fold"", ""Call 0.50 BB"", ""Min · 2 BB"", ""Pot · 3 BB""]",Call 0.50 BB,call,,1790778527255,True,True,True,1790778535165,1790778518476,8779,7910,,False,False
PlMiosUXOX3jddmqtCqgK3g7,tGN0EGIC_wB8_6lgIiZ77cwv,275,2,flop,2,1,"[{""type"": ""luna_attempt"", ""handOrdinal"": 275, ""decisionOrdinal"": 2, ""street"": ""flop"", ""visibleLegalButtonLabels"": [""Fold"", ""Call 1 BB"", ""Min · 2 BB"", ""Pot · 5 BB""], ""attemptedButtonLabel"": ""Fold"", ""attemptedAtMs"": 1790778535165, ""lastRenderedAtMs"": 1790778527669}]","[""5s"", ""2c""]","[""7s"", ""Ad"", ""4d""]","[{""name"": ""fold"", ""kind"": ""fold"", ""raiseTo"": null}, {""name"": ""call"", ""kind"": ""call"", ""raiseTo"": null}, {""name"": ""min"", ""kind"": ""raise"", ""raiseTo"": 200}, {""name"": ""pot"", ""kind"": ""raise"", ""raiseTo"": 500}]","[""Fold"", ""Call 1 BB"", ""Min · 2 BB"", ""Pot · 5 BB""]",Fold,fold,,1790778535165,True,True,True,1790778563021,1790778527669,7496,27856,,False,False
PlMiosUXOX3jddmqtCqgK3g7,mJFmpfHM7MXg5PJk9IUVbEB3,276,1,preflop,0,1,"[{""type"": ""luna_attempt"", ""handOrdinal"": 276, ""decisionOrdinal"": 0, ""street"": ""preflop"", ""visibleLegalButtonLabels"": [""Fold"", ""Call 1 BB"", ""Min · 3 BB"", ""Pot · 6 BB""], ""attemptedButtonLabel"": ""Call 1 BB"", ""attemptedAtMs"": 1790778586459, ""lastRenderedAtMs"": 1790778571135}]","[""2c"", ""9c""]",[],"[{""name"": ""fold"", ""kind"": ""fold"", ""raiseTo"": null}, {""name"": ""call"", ""kind"": ""call"", ""raiseTo"": null}, {""name"": ""min"", ""kind"": ""raise"", ""raiseTo"": 300}, {""name"": ""pot"", ""kind"": ""raise"", ""raiseTo"": 600}]","[""Fold"", ""Call 1 BB"", ""Min · 3 BB"", ""Pot · 6 BB""]",Call 1 BB,call,,1790778586459,True,True,True,1790778594715,1790778571135,15324,8256,,False,False
PlMiosUXOX3jddmqtCqgK3g7,mJFmpfHM7MXg5PJk9IUVbEB3,276,2,flop,1,1,"[{""type"": ""luna_attempt"", ""handOrdinal"": 276, ""decisionOrdinal"": 1, ""street"": ""flop"", ""visibleLegalButtonLabels"": [""check"", ""Min · 1 BB"", ""Pot · 4 BB""], ""attemptedButtonLabel"": ""Min · 1 BB"", ""attemptedAtMs"": 1790778594715, ""lastRenderedAtMs"": 1790778586807}]","[""2c"", ""9c""]","[""7s"", ""9s"", ""9h""]","[{""name"": ""check"", ""kind"": ""check"", ""raiseTo"": null}, {""name"": ""min"", ""kind"": ""raise"", ""raiseTo"": 100}, {""name"": ""pot"", ""kind"": ""raise"", ""raiseTo"": 400}]","[""check"", ""Min · 1 BB"", ""Pot · 4 BB""]",Min · 1 BB,raise,100,1790778594715,True,True,True,1790778602367,1790778586807,7908,7652,,False,False
PlMiosUXOX3jddmqtCqgK3g7,e4zZqy6QWTmzAquAMF9_XSri,277,1,preflop,1,1,"[{""type"": ""luna_attempt"", ""handOrdinal"": 277, ""decisionOrdinal"": 1, ""street"": ""preflop"", ""visibleLegalButtonLabels"": [""Fold"", ""Call 0.50 BB"", ""Min · 2 BB"", ""Pot · 3 BB""], ""attemptedButtonLabel"": ""Min · 2 BB"", ""attemptedAtMs"": 1790778610258, ""lastRenderedAtMs"": 1790778602780}]","[""Qh"", ""Qc""]",[],"[{""name"": ""fold"", ""kind"": ""fold"", ""raiseTo"": null}, {""name"": ""call"", ""kind"": ""call"", ""raiseTo"": null}, {""name"": ""min"", ""kind"": ""raise"", ""raiseTo"": 200}, {""name"": ""pot"", ""kind"": ""raise"", ""raiseTo"": 300}]","[""Fold"", ""Call 0.50 BB"", ""Min · 2 BB"", ""Pot · 3 BB""]",Min · 2 BB,raise,200,1790778610258,True,True,True,1790778617511,1790778602780,7478,7253,,False,False
PlMiosUXOX3jddmqtCqgK3g7,e4zZqy6QWTmzAquAMF9_XSri,277,2,preflop,2,1,"[{""type"": ""luna_attempt"", ""handOrdinal"": 277, ""decisionOrdinal"": 2, ""street"": ""preflop"", ""visibleLegalButtonLabels"": [""Fold"", ""Call 1 BB"", ""Min · 4 BB"", ""Pot · 9 BB""], ""attemptedButtonLabel"": ""Min · 4 BB"", ""attemptedAtMs"": 1790778617511, ""lastRenderedAtMs"": 1790778610564}]","[""Qh"", ""Qc""]",[],"[{""name"": ""fold"", ""kind"": ""fold"", ""raiseTo"": null}, {""name"": ""call"", ""kind"": ""call"", ""raiseTo"": null}, {""name"": ""min"", ""kind"": ""raise"", ""raiseTo"": 400}, {""name"": ""pot"", ""kind"": ""raise"", ""raiseTo"": 900}]","[""Fold"", ""Call 1 BB"", ""Min · 4 BB"", ""Pot · 9 BB""]",Min · 4 BB,raise,400,1790778617511,True,True,True,1790778630532,1790778610564,6947,13021,,False,False
PlMiosUXOX3jddmqtCqgK3g7,e4zZqy6QWTmzAquAMF9_XSri,277,3,flop,3,1,"[{""type"": ""luna_attempt"", ""handOrdinal"": 277, ""decisionOrdinal"": 3, ""street"": ""flop"", ""visibleLegalButtonLabels"": [""Fold"", ""Call 1 BB"", ""Min · 2 BB"", ""Pot · 11 BB"", ""Jam · 16 BB""], ""attemptedButtonLabel"": ""Min · 2 BB"", ""attemptedAtMs"": 1790778630532, ""lastRenderedAtMs"": 1790778617947}]","[""Qh"", ""Qc""]","[""7s"", ""Qs"", ""Ts""]","[{""name"": ""fold"", ""kind"": ""fold"", ""raiseTo"": null}, {""name"": ""call"", ""kind"": ""call"", ""raiseTo"": null}, {""name"": ""min"", ""kind"": ""raise"", ""raiseTo"": 200}, {""name"": ""pot"", ""kind"": ""raise"", ""raiseTo"": 1100}, {""name"": ""jam"", ""kind"": ""raise"", ""raiseTo"": 1600}]","[""Fold"", ""Call 1 BB"", ""Min · 2 BB"", ""Pot · 11 BB"", ""Jam · 16 BB""]",Min · 2 BB,raise,200,1790778630532,True,True,True,1790778642321,1790778617947,12585,11789,,False,False
PlMiosUXOX3jddmqtCqgK3g7,e4zZqy6QWTmzAquAMF9_XSri,277,4,turn,4,1,"[{""type"": ""luna_attempt"", ""handOrdinal"": 277, ""decisionOrdinal"": 4, ""street"": ""turn"", ""visibleLegalButtonLabels"": [""Fold"", ""Call 12 BB"", ""Min · 14 BB""], ""attemptedButtonLabel"": ""Call 12 BB"", ""attemptedAtMs"": 1790778642321, ""lastRenderedAtMs"": 1790778630898}]","[""Qh"", ""Qc""]","[""7s"", ""Qs"", ""Ts"", ""Jd""]","[{""name"": ""fold"", ""kind"": ""fold"", ""raiseTo"": null}, {""name"": ""call"", ""kind"": ""call"", ""raiseTo"": null}, {""name"": ""min"", ""kind"": ""raise"", ""raiseTo"": 1400}]","[""Fold"", ""Call 12 BB"", ""Min · 14 BB""]",Call 12 BB,call,,1790778642321,True,True,True,1790778654221,1790778630898,11423,11900,,False,False
PlMiosUXOX3jddmqtCqgK3g7,e4zZqy6QWTmzAquAMF9_XSri,277,5,river,5,1,"[{""type"": ""luna_attempt"", ""handOrdinal"": 277, ""decisionOrdinal"": 5, ""street"": ""river"", ""visibleLegalButtonLabels"": [""Fold"", ""Call 1 BB"", ""Min · 2 BB""], ""attemptedButtonLabel"": ""Call 1 BB"", ""attemptedAtMs"": 1790778654221, ""lastRenderedAtMs"": 1790778642732}]","[""Qh"", ""Qc""]","[""7s"", ""Qs"", ""Ts"", ""Jd"", ""9c""]","[{""name"": ""fold"", ""kind"": ""fold"", ""raiseTo"": null}, {""name"": ""call"", ""kind"": ""call"", ""raiseTo"": null}, {""name"": ""min"", ""kind"": ""raise"", ""raiseTo"": 200}]","[""Fold"", ""Call 1 BB"", ""Min · 2 BB""]",Call 1 BB,call,,1790778654221,True,True,True,1790778660740,1790778642732,11489,6519,,False,False
PlMiosUXOX3jddmqtCqgK3g7,o_zp2bOF3OEAVqGcCmVKC_Hj,279,1,preflop,1,1,"[{""type"": ""luna_attempt"", ""handOrdinal"": 279, ""decisionOrdinal"": 1, ""street"": ""preflop"", ""visibleLegalButtonLabels"": [""Fold"", ""Call 0.50 BB"", ""Min · 2 BB"", ""Pot · 3 BB""], ""attemptedButtonLabel"": ""Min · 2 BB"", ""attemptedAtMs"": 1790778672439, ""lastRenderedAtMs"": 1790778666804}]","[""8d"", ""Ts""]",[],"[{""name"": ""fold"", ""kind"": ""fold"", ""raiseTo"": null}, {""name"": ""call"", ""kind"": ""call"", ""raiseTo"": null}, {""name"": ""min"", ""kind"": ""raise"", ""raiseTo"": 200}, {""name"": ""pot"", ""kind"": ""raise"", ""raiseTo"": 300}]","[""Fold"", ""Call 0.50 BB"", ""Min · 2 BB"", ""Pot · 3 BB""]",Min · 2 BB,raise,200,1790778672439,True,True,True,1790778712972,1790778666804,5635,40533,,False,False
PlMiosUXOX3jddmqtCqgK3g7,NpIB5EGmmYuq1fL7iTha6j0A,280,1,preflop,1,1,"[{""type"": ""luna_attempt"", ""handOrdinal"": 280, ""decisionOrdinal"": 1, ""street"": ""preflop"", ""visibleLegalButtonLabels"": [""check"", ""Min · 2 BB"", ""Pot · 3 BB""], ""attemptedButtonLabel"": ""check"", ""attemptedAtMs"": 1790778712972, ""lastRenderedAtMs"": 1790778706999}]","[""8d"", ""3c""]",[],"[{""name"": ""check"", ""kind"": ""check"", ""raiseTo"": null}, {""name"": ""min"", ""kind"": ""raise"", ""raiseTo"": 200}, {""name"": ""pot"", ""kind"": ""raise"", ""raiseTo"": 300}]","[""check"", ""Min · 2 BB"", ""Pot · 3 BB""]",check,check,,1790778712972,True,True,True,1790778721649,1790778706999,5973,8677,,False,False
PlMiosUXOX3jddmqtCqgK3g7,NpIB5EGmmYuq1fL7iTha6j0A,280,2,flop,2,1,"[{""type"": ""luna_attempt"", ""handOrdinal"": 280, ""decisionOrdinal"": 2, ""street"": ""flop"", ""visibleLegalButtonLabels"": [""check"", ""Min · 1 BB"", ""Pot · 2 BB""], ""attemptedButtonLabel"": ""check"", ""attemptedAtMs"": 1790778721649, ""lastRenderedAtMs"": 1790778713387}]","[""8d"", ""3c""]","[""4d"", ""9h"", ""Jc""]","[{""name"": ""check"", ""kind"": ""check"", ""raiseTo"": null}, {""name"": ""min"", ""kind"": ""raise"", ""raiseTo"": 100}, {""name"": ""pot"", ""kind"": ""raise"", ""raiseTo"": 200}]","[""check"", ""Min · 1 BB"", ""Pot · 2 BB""]",check,check,,1790778721649,True,True,True,1790778728376,1790778713387,8262,6727,,False,False
PlMiosUXOX3jddmqtCqgK3g7,NpIB5EGmmYuq1fL7iTha6j0A,280,3,flop,3,1,"[{""type"": ""luna_attempt"", ""handOrdinal"": 280, ""decisionOrdinal"": 3, ""street"": ""flop"", ""visibleLegalButtonLabels"": [""Fold"", ""Call 1 BB"", ""Min · 2 BB"", ""Pot · 5 BB""], ""attemptedButtonLabel"": ""Fold"", ""attemptedAtMs"": 1790778728376, ""lastRenderedAtMs"": 1790778721924}]","[""8d"", ""3c""]","[""4d"", ""9h"", ""Jc""]","[{""name"": ""fold"", ""kind"": ""fold"", ""raiseTo"": null}, {""name"": ""call"", ""kind"": ""call"", ""raiseTo"": null}, {""name"": ""min"", ""kind"": ""raise"", ""raiseTo"": 200}, {""name"": ""pot"", ""kind"": ""raise"", ""raiseTo"": 500}]","[""Fold"", ""Call 1 BB"", ""Min · 2 BB"", ""Pot · 5 BB""]",Fold,fold,,1790778728376,True,True,True,1790778734580,1790778721924,6452,6204,,False,False
PlMiosUXOX3jddmqtCqgK3g7,YQqgDBR6jTNw9QHlvn1Z0HT2,281,1,preflop,1,1,"[{""type"": ""luna_attempt"", ""handOrdinal"": 281, ""decisionOrdinal"": 1, ""street"": ""preflop"", ""visibleLegalButtonLabels"": [""Fold"", ""Call 0.50 BB"", ""Min · 2 BB"", ""Pot · 3 BB""], ""attemptedButtonLabel"": ""Min · 2 BB"", ""attemptedAtMs"": 1790778740547, ""lastRenderedAtMs"": 1790778734894}]","[""Qs"", ""7c""]",[],"[{""name"": ""fold"", ""kind"": ""fold"", ""raiseTo"": null}, {""name"": ""call"", ""kind"": ""call"", ""raiseTo"": null}, {""name"": ""min"", ""kind"": ""raise"", ""raiseTo"": 200}, {""name"": ""pot"", ""kind"": ""raise"", ""raiseTo"": 300}]","[""Fold"", ""Call 0.50 BB"", ""Min · 2 BB"", ""Pot · 3 BB""]",Min · 2 BB,raise,200,1790778740547,True,True,True,1790778746589,1790778734894,5653,6042,,False,False
PlMiosUXOX3jddmqtCqgK3g7,YQqgDBR6jTNw9QHlvn1Z0HT2,281,2,flop,2,1,"[{""type"": ""luna_attempt"", ""handOrdinal"": 281, ""decisionOrdinal"": 2, ""street"": ""flop"", ""visibleLegalButtonLabels"": [""check"", ""Min · 1 BB"", ""Pot · 4 BB""], ""attemptedButtonLabel"": ""Min · 1 BB"", ""attemptedAtMs"": 1790778746589, ""lastRenderedAtMs"": 1790778740789}]","[""Qs"", ""7c""]","[""2s"", ""7s"", ""Qd""]","[{""name"": ""check"", ""kind"": ""check"", ""raiseTo"": null}, {""name"": ""min"", ""kind"": ""raise"", ""raiseTo"": 100}, {""name"": ""pot"", ""kind"": ""raise"", ""raiseTo"": 400}]","[""check"", ""Min · 1 BB"", ""Pot · 4 BB""]",Min · 1 BB,raise,100,1790778746589,True,True,True,1790778753028,1790778740789,5800,6439,,False,False
PlMiosUXOX3jddmqtCqgK3g7,YQqgDBR6jTNw9QHlvn1Z0HT2,281,3,turn,3,1,"[{""type"": ""luna_attempt"", ""handOrdinal"": 281, ""decisionOrdinal"": 3, ""street"": ""turn"", ""visibleLegalButtonLabels"": [""Fold"", ""Call 1 BB"", ""Min · 2 BB"", ""Pot · 9 BB"", ""Jam · 17 BB""], ""attemptedButtonLabel"": ""Call 1 BB"", ""attemptedAtMs"": 1790778753028, ""lastRenderedAtMs"": 1790778747065}]","[""Qs"", ""7c""]","[""2s"", ""7s"", ""Qd"", ""9c""]","[{""name"": ""fold"", ""kind"": ""fold"", ""raiseTo"": null}, {""name"": ""call"", ""kind"": ""call"", ""raiseTo"": null}, {""name"": ""min"", ""kind"": ""raise"", ""raiseTo"": 200}, {""name"": ""pot"", ""kind"": ""raise"", ""raiseTo"": 900}, {""name"": ""jam"", ""kind"": ""raise"", ""raiseTo"": 1700}]","[""Fold"", ""Call 1 BB"", ""Min · 2 BB"", ""Pot · 9 BB"", ""Jam · 17 BB""]",Call 1 BB,call,,1790778753028,True,True,True,1790778760072,1790778747065,5963,7044,,False,False
PlMiosUXOX3jddmqtCqgK3g7,YQqgDBR6jTNw9QHlvn1Z0HT2,281,4,river,4,1,"[{""type"": ""luna_attempt"", ""handOrdinal"": 281, ""decisionOrdinal"": 4, ""street"": ""river"", ""visibleLegalButtonLabels"": [""check"", ""Min · 1 BB"", ""Pot · 8 BB"", ""Jam · 16 BB""], ""attemptedButtonLabel"": ""Min · 1 BB"", ""attemptedAtMs"": 1790778760072, ""lastRenderedAtMs"": 1790778753338}]","[""Qs"", ""7c""]","[""2s"", ""7s"", ""Qd"", ""9c"", ""9h""]","[{""name"": ""check"", ""kind"": ""check"", ""raiseTo"": null}, {""name"": ""min"", ""kind"": ""raise"", ""raiseTo"": 100}, {""name"": ""pot"", ""kind"": ""raise"", ""raiseTo"": 800}, {""name"": ""jam"", ""kind"": ""raise"", ""raiseTo"": 1600}]","[""check"", ""Min · 1 BB"", ""Pot · 8 BB"", ""Jam · 16 BB""]",Min · 1 BB,raise,100,1790778760072,True,True,True,1790778769546,1790778753338,6734,9474,,False,False
PlMiosUXOX3jddmqtCqgK3g7,YQqgDBR6jTNw9QHlvn1Z0HT2,281,5,river,5,1,"[{""type"": ""luna_attempt"", ""handOrdinal"": 281, ""decisionOrdinal"": 5, ""street"": ""river"", ""visibleLegalButtonLabels"": [""Fold"", ""Call 15 BB""], ""attemptedButtonLabel"": ""Fold"", ""attemptedAtMs"": 1790778769546, ""lastRenderedAtMs"": 1790778760506}]","[""Qs"", ""7c""]","[""2s"", ""7s"", ""Qd"", ""9c"", ""9h""]","[{""name"": ""fold"", ""kind"": ""fold"", ""raiseTo"": null}, {""name"": ""call"", ""kind"": ""call"", ""raiseTo"": null}]","[""Fold"", ""Call 15 BB""]",Fold,fold,,1790778769546,True,True,True,1790778775074,1790778760506,9040,5528,,False,False
PlMiosUXOX3jddmqtCqgK3g7,6smwp4iY25DlkF_-aUXE8_t5,282,1,preflop,1,1,"[{""type"": ""luna_attempt"", ""handOrdinal"": 282, ""decisionOrdinal"": 1, ""street"": ""preflop"", ""visibleLegalButtonLabels"": [""check"", ""Min · 2 BB"", ""Pot · 3 BB""], ""attemptedButtonLabel"": ""check"", ""attemptedAtMs"": 1790778780282, ""lastRenderedAtMs"": 1790778775392}]","[""3d"", ""8c""]",[],"[{""name"": ""check"", ""kind"": ""check"", ""raiseTo"": null}, {""name"": ""min"", ""kind"": ""raise"", ""raiseTo"": 200}, {""name"": ""pot"", ""kind"": ""raise"", ""raiseTo"": 300}]","[""check"", ""Min · 2 BB"", ""Pot · 3 BB""]",check,check,,1790778780282,True,True,True,1790778786800,1790778775392,4890,6518,,False,False
PlMiosUXOX3jddmqtCqgK3g7,6smwp4iY25DlkF_-aUXE8_t5,282,2,flop,2,1,"[{""type"": ""luna_attempt"", ""handOrdinal"": 282, ""decisionOrdinal"": 2, ""street"": ""flop"", ""visibleLegalButtonLabels"": [""check"", ""Min · 1 BB"", ""Pot · 2 BB""], ""attemptedButtonLabel"": ""check"", ""attemptedAtMs"": 1790778786800, ""lastRenderedAtMs"": 1790778780752}]","[""3d"", ""8c""]","[""Qd"", ""Js"", ""6h""]","[{""name"": ""check"", ""kind"": ""check"", ""raiseTo"": null}, {""name"": ""min"", ""kind"": ""raise"", ""raiseTo"": 100}, {""name"": ""pot"", ""kind"": ""raise"", ""raiseTo"": 200}]","[""check"", ""Min · 1 BB"", ""Pot · 2 BB""]",check,check,,1790778786800,True,True,True,1790778792104,1790778780752,6048,5304,,False,False
PlMiosUXOX3jddmqtCqgK3g7,6smwp4iY25DlkF_-aUXE8_t5,282,3,flop,3,1,"[{""type"": ""luna_attempt"", ""handOrdinal"": 282, ""decisionOrdinal"": 3, ""street"": ""flop"", ""visibleLegalButtonLabels"": [""Fold"", ""Call 1 BB"", ""Min · 2 BB"", ""Pot · 5 BB""], ""attemptedButtonLabel"": ""Fold"", ""attemptedAtMs"": 1790778792104, ""lastRenderedAtMs"": 1790778787183}]","[""3d"", ""8c""]","[""Qd"", ""Js"", ""6h""]","[{""name"": ""fold"", ""kind"": ""fold"", ""raiseTo"": null}, {""name"": ""call"", ""kind"": ""call"", ""raiseTo"": null}, {""name"": ""min"", ""kind"": ""raise"", ""raiseTo"": 200}, {""name"": ""pot"", ""kind"": ""raise"", ""raiseTo"": 500}]","[""Fold"", ""Call 1 BB"", ""Min · 2 BB"", ""Pot · 5 BB""]",Fold,fold,,1790778792104,True,True,True,1790778797488,1790778787183,4921,5384,,False,False
PlMiosUXOX3jddmqtCqgK3g7,deexkaBNK6NPnvu7-eCW8Wg9,283,1,preflop,1,1,"[{""type"": ""luna_attempt"", ""handOrdinal"": 283, ""decisionOrdinal"": 1, ""street"": ""preflop"", ""visibleLegalButtonLabels"": [""Fold"", ""Call 0.50 BB"", ""Min · 2 BB"", ""Pot · 3 BB""], ""attemptedButtonLabel"": ""Min · 2 BB"", ""attemptedAtMs"": 1790778806178, ""lastRenderedAtMs"": 1790778797808}]","[""9s"", ""Qd""]",[],"[{""name"": ""fold"", ""kind"": ""fold"", ""raiseTo"": null}, {""name"": ""call"", ""kind"": ""call"", ""raiseTo"": null}, {""name"": ""min"", ""kind"": ""raise"", ""raiseTo"": 200}, {""name"": ""pot"", ""kind"": ""raise"", ""raiseTo"": 300}]","[""Fold"", ""Call 0.50 BB"", ""Min · 2 BB"", ""Pot · 3 BB""]",Min · 2 BB,raise,200,1790778806178,True,True,True,1790778811983,1790778797808,8370,5805,,False,False
PlMiosUXOX3jddmqtCqgK3g7,kN_9PHbShVx-eutOxGqY7tv3,284,1,preflop,1,1,"[{""type"": ""luna_attempt"", ""handOrdinal"": 284, ""decisionOrdinal"": 1, ""street"": ""preflop"", ""visibleLegalButtonLabels"": [""Fold"", ""Call 1 BB"", ""Min · 3 BB"", ""Pot · 6 BB""], ""attemptedButtonLabel"": ""Fold"", ""attemptedAtMs"": 1790778819577, ""lastRenderedAtMs"": 1790778812480}]","[""8c"", ""5s""]",[],"[{""name"": ""fold"", ""kind"": ""fold"", ""raiseTo"": null}, {""name"": ""call"", ""kind"": ""call"", ""raiseTo"": null}, {""name"": ""min"", ""kind"": ""raise"", ""raiseTo"": 300}, {""name"": ""pot"", ""kind"": ""raise"", ""raiseTo"": 600}]","[""Fold"", ""Call 1 BB"", ""Min · 3 BB"", ""Pot · 6 BB""]",Fold,fold,,1790778819577,True,True,True,1790778825522,1790778812480,7097,5945,,False,False
PlMiosUXOX3jddmqtCqgK3g7,zHCCHSlfZboB1TQsJTV5MOkh,285,1,preflop,1,1,"[{""type"": ""luna_attempt"", ""handOrdinal"": 285, ""decisionOrdinal"": 1, ""street"": ""preflop"", ""visibleLegalButtonLabels"": [""Fold"", ""Call 0.50 BB"", ""Min · 2 BB"", ""Pot · 3 BB""], ""attemptedButtonLabel"": ""Min · 2 BB"", ""attemptedAtMs"": 1790778835565, ""lastRenderedAtMs"": 1790778825930}]","[""Js"", ""Th""]",[],"[{""name"": ""fold"", ""kind"": ""fold"", ""raiseTo"": null}, {""name"": ""call"", ""kind"": ""call"", ""raiseTo"": null}, {""name"": ""min"", ""kind"": ""raise"", ""raiseTo"": 200}, {""name"": ""pot"", ""kind"": ""raise"", ""raiseTo"": 300}]","[""Fold"", ""Call 0.50 BB"", ""Min · 2 BB"", ""Pot · 3 BB""]",Min · 2 BB,raise,200,1790778835565,True,True,True,1790778842219,1790778825930,9635,6654,,False,False
PlMiosUXOX3jddmqtCqgK3g7,zHCCHSlfZboB1TQsJTV5MOkh,285,2,flop,2,1,"[{""type"": ""luna_attempt"", ""handOrdinal"": 285, ""decisionOrdinal"": 2, ""street"": ""flop"", ""visibleLegalButtonLabels"": [""check"", ""Min · 1 BB"", ""Pot · 4 BB""], ""attemptedButtonLabel"": ""Min · 1 BB"", ""attemptedAtMs"": 1790778842219, ""lastRenderedAtMs"": 1790778836098}]","[""Js"", ""Th""]","[""8h"", ""5c"", ""3d""]","[{""name"": ""check"", ""kind"": ""check"", ""raiseTo"": null}, {""name"": ""min"", ""kind"": ""raise"", ""raiseTo"": 100}, {""name"": ""pot"", ""kind"": ""raise"", ""raiseTo"": 400}]","[""check"", ""Min · 1 BB"", ""Pot · 4 BB""]",Min · 1 BB,raise,100,1790778842219,True,True,True,1790778850086,1790778836098,6121,7867,,False,False
PlMiosUXOX3jddmqtCqgK3g7,zHCCHSlfZboB1TQsJTV5MOkh,285,3,turn,3,1,"[{""type"": ""luna_attempt"", ""handOrdinal"": 285, ""decisionOrdinal"": 3, ""street"": ""turn"", ""visibleLegalButtonLabels"": [""check"", ""Min · 1 BB"", ""Pot · 6 BB""], ""attemptedButtonLabel"": ""check"", ""attemptedAtMs"": 1790778850086, ""lastRenderedAtMs"": 1790778842631}]","[""Js"", ""Th""]","[""8h"", ""5c"", ""3d"", ""4c""]","[{""name"": ""check"", ""kind"": ""check"", ""raiseTo"": null}, {""name"": ""min"", ""kind"": ""raise"", ""raiseTo"": 100}, {""name"": ""pot"", ""kind"": ""raise"", ""raiseTo"": 600}]","[""check"", ""Min · 1 BB"", ""Pot · 6 BB""]",check,check,,1790778850086,True,True,True,1790778864767,1790778842631,7455,14681,,False,False
PlMiosUXOX3jddmqtCqgK3g7,zHCCHSlfZboB1TQsJTV5MOkh,285,4,river,4,1,"[{""type"": ""luna_attempt"", ""handOrdinal"": 285, ""decisionOrdinal"": 4, ""street"": ""river"", ""visibleLegalButtonLabels"": [""Fold"", ""Call 1 BB"", ""Min · 2 BB"", ""Pot · 9 BB"", ""Jam · 17 BB""], ""attemptedButtonLabel"": ""Fold"", ""attemptedAtMs"": 1790778864767, ""lastRenderedAtMs"": 1790778850510}]","[""Js"", ""Th""]","[""8h"", ""5c"", ""3d"", ""4c"", ""6d""]","[{""name"": ""fold"", ""kind"": ""fold"", ""raiseTo"": null}, {""name"": ""call"", ""kind"": ""call"", ""raiseTo"": null}, {""name"": ""min"", ""kind"": ""raise"", ""raiseTo"": 200}, {""name"": ""pot"", ""kind"": ""raise"", ""raiseTo"": 900}, {""name"": ""jam"", ""kind"": ""raise"", ""raiseTo"": 1700}]","[""Fold"", ""Call 1 BB"", ""Min · 2 BB"", ""Pot · 9 BB"", ""Jam · 17 BB""]",Fold,fold,,1790778864767,True,True,True,1790778880144,1790778850510,14257,15377,,False,False
PlMiosUXOX3jddmqtCqgK3g7,0E4AhXF_qkt_xZgmThNgraNt,286,1,preflop,1,1,"[{""type"": ""luna_attempt"", ""handOrdinal"": 286, ""decisionOrdinal"": 1, ""street"": ""preflop"", ""visibleLegalButtonLabels"": [""check"", ""Min · 2 BB"", ""Pot · 3 BB""], ""attemptedButtonLabel"": ""Min · 2 BB"", ""attemptedAtMs"": 1790778888633, ""lastRenderedAtMs"": 1790778880573}]","[""Qs"", ""Ts""]",[],"[{""name"": ""check"", ""kind"": ""check"", ""raiseTo"": null}, {""name"": ""min"", ""kind"": ""raise"", ""raiseTo"": 200}, {""name"": ""pot"", ""kind"": ""raise"", ""raiseTo"": 300}]","[""check"", ""Min · 2 BB"", ""Pot · 3 BB""]",Min · 2 BB,raise,200,1790778888633,True,True,True,1790778897797,1790778880573,8060,9164,,False,False
PlMiosUXOX3jddmqtCqgK3g7,0E4AhXF_qkt_xZgmThNgraNt,286,2,flop,2,1,"[{""type"": ""luna_attempt"", ""handOrdinal"": 286, ""decisionOrdinal"": 2, ""street"": ""flop"", ""visibleLegalButtonLabels"": [""check"", ""Min · 1 BB"", ""Pot · 4 BB""], ""attemptedButtonLabel"": ""check"", ""attemptedAtMs"": 1790778897797, ""lastRenderedAtMs"": 1790778888958}]","[""Qs"", ""Ts""]","[""5s"", ""Ah"", ""3h""]","[{""name"": ""check"", ""kind"": ""check"", ""raiseTo"": null}, {""name"": ""min"", ""kind"": ""raise"", ""raiseTo"": 100}, {""name"": ""pot"", ""kind"": ""raise"", ""raiseTo"": 400}]","[""check"", ""Min · 1 BB"", ""Pot · 4 BB""]",check,check,,1790778897797,True,True,True,1790778906147,1790778888958,8839,8350,,False,False
PlMiosUXOX3jddmqtCqgK3g7,0E4AhXF_qkt_xZgmThNgraNt,286,3,turn,3,1,"[{""type"": ""luna_attempt"", ""handOrdinal"": 286, ""decisionOrdinal"": 3, ""street"": ""turn"", ""visibleLegalButtonLabels"": [""check"", ""Min · 1 BB"", ""Pot · 4 BB""], ""attemptedButtonLabel"": ""Min · 1 BB"", ""attemptedAtMs"": 1790778906147, ""lastRenderedAtMs"": 1790778898257}]","[""Qs"", ""Ts""]","[""5s"", ""Ah"", ""3h"", ""Qc""]","[{""name"": ""check"", ""kind"": ""check"", ""raiseTo"": null}, {""name"": ""min"", ""kind"": ""raise"", ""raiseTo"": 100}, {""name"": ""pot"", ""kind"": ""raise"", ""raiseTo"": 400}]","[""check"", ""Min · 1 BB"", ""Pot · 4 BB""]",Min · 1 BB,raise,100,1790778906147,True,True,True,1790778913182,1790778898257,7890,7035,,False,False
PlMiosUXOX3jddmqtCqgK3g7,PATK4Wf4Iji6fZt8_C758kLP,287,1,preflop,1,1,"[{""type"": ""luna_attempt"", ""handOrdinal"": 287, ""decisionOrdinal"": 1, ""street"": ""preflop"", ""visibleLegalButtonLabels"": [""Fold"", ""Call 0.50 BB"", ""Min · 2 BB"", ""Pot · 3 BB""], ""attemptedButtonLabel"": ""Min · 2 BB"", ""attemptedAtMs"": 1790778919407, ""lastRenderedAtMs"": 1790778913665}]","[""Qd"", ""Ks""]",[],"[{""name"": ""fold"", ""kind"": ""fold"", ""raiseTo"": null}, {""name"": ""call"", ""kind"": ""call"", ""raiseTo"": null}, {""name"": ""min"", ""kind"": ""raise"", ""raiseTo"": 200}, {""name"": ""pot"", ""kind"": ""raise"", ""raiseTo"": 300}]","[""Fold"", ""Call 0.50 BB"", ""Min · 2 BB"", ""Pot · 3 BB""]",Min · 2 BB,raise,200,1790778919407,True,True,True,1790778924724,1790778913665,5742,5317,,False,False
PlMiosUXOX3jddmqtCqgK3g7,yZ4tn3p025euNBhOd09qz37_,289,1,preflop,1,1,"[{""type"": ""luna_attempt"", ""handOrdinal"": 289, ""decisionOrdinal"": 1, ""street"": ""preflop"", ""visibleLegalButtonLabels"": [""Fold"", ""Call 0.50 BB"", ""Min · 2 BB"", ""Pot · 3 BB""], ""attemptedButtonLabel"": ""Min · 2 BB"", ""attemptedAtMs"": 1790778936681, ""lastRenderedAtMs"": 1790778931120}]","[""Qh"", ""Kc""]",[],"[{""name"": ""fold"", ""kind"": ""fold"", ""raiseTo"": null}, {""name"": ""call"", ""kind"": ""call"", ""raiseTo"": null}, {""name"": ""min"", ""kind"": ""raise"", ""raiseTo"": 200}, {""name"": ""pot"", ""kind"": ""raise"", ""raiseTo"": 300}]","[""Fold"", ""Call 0.50 BB"", ""Min · 2 BB"", ""Pot · 3 BB""]",Min · 2 BB,raise,200,1790778936681,True,True,True,1790778944438,1790778931120,5561,7757,,False,False
PlMiosUXOX3jddmqtCqgK3g7,pcVg4CaG1kPW76mKrzxofNYG,290,1,preflop,1,1,"[{""type"": ""luna_attempt"", ""handOrdinal"": 290, ""decisionOrdinal"": 1, ""street"": ""preflop"", ""visibleLegalButtonLabels"": [""Fold"", ""Call 1 BB"", ""Min · 3 BB"", ""Pot · 6 BB""], ""attemptedButtonLabel"": ""Call 1 BB"", ""attemptedAtMs"": 1790778950482, ""lastRenderedAtMs"": 1790778944856}]","[""As"", ""2h""]",[],"[{""name"": ""fold"", ""kind"": ""fold"", ""raiseTo"": null}, {""name"": ""call"", ""kind"": ""call"", ""raiseTo"": null}, {""name"": ""min"", ""kind"": ""raise"", ""raiseTo"": 300}, {""name"": ""pot"", ""kind"": ""raise"", ""raiseTo"": 600}]","[""Fold"", ""Call 1 BB"", ""Min · 3 BB"", ""Pot · 6 BB""]",Call 1 BB,call,,1790778950482,True,True,True,1790778956547,1790778944856,5626,6065,,False,False
PlMiosUXOX3jddmqtCqgK3g7,pcVg4CaG1kPW76mKrzxofNYG,290,2,flop,2,1,"[{""type"": ""luna_attempt"", ""handOrdinal"": 290, ""decisionOrdinal"": 2, ""street"": ""flop"", ""visibleLegalButtonLabels"": [""check"", ""Min · 1 BB"", ""Pot · 4 BB""], ""attemptedButtonLabel"": ""check"", ""attemptedAtMs"": 1790778956547, ""lastRenderedAtMs"": 1790778950867}]","[""As"", ""2h""]","[""4d"", ""8c"", ""Jh""]","[{""name"": ""check"", ""kind"": ""check"", ""raiseTo"": null}, {""name"": ""min"", ""kind"": ""raise"", ""raiseTo"": 100}, {""name"": ""pot"", ""kind"": ""raise"", ""raiseTo"": 400}]","[""check"", ""Min · 1 BB"", ""Pot · 4 BB""]",check,check,,1790778956547,True,True,True,1790778968226,1790778950867,5680,11679,,False,False
PlMiosUXOX3jddmqtCqgK3g7,pcVg4CaG1kPW76mKrzxofNYG,290,3,turn,3,1,"[{""type"": ""luna_attempt"", ""handOrdinal"": 290, ""decisionOrdinal"": 3, ""street"": ""turn"", ""visibleLegalButtonLabels"": [""check"", ""Min · 1 BB"", ""Pot · 4 BB""], ""attemptedButtonLabel"": ""check"", ""attemptedAtMs"": 1790778968226, ""lastRenderedAtMs"": 1790778956879}]","[""As"", ""2h""]","[""4d"", ""8c"", ""Jh"", ""Ks""]","[{""name"": ""check"", ""kind"": ""check"", ""raiseTo"": null}, {""name"": ""min"", ""kind"": ""raise"", ""raiseTo"": 100}, {""name"": ""pot"", ""kind"": ""raise"", ""raiseTo"": 400}]","[""check"", ""Min · 1 BB"", ""Pot · 4 BB""]",check,check,,1790778968226,True,True,True,1790778975959,1790778956879,11347,7733,,False,False
PlMiosUXOX3jddmqtCqgK3g7,pcVg4CaG1kPW76mKrzxofNYG,290,4,turn,4,1,"[{""type"": ""luna_attempt"", ""handOrdinal"": 290, ""decisionOrdinal"": 4, ""street"": ""turn"", ""visibleLegalButtonLabels"": [""Fold"", ""Call 4 BB"", ""Min · 8 BB"", ""Pot · 16 BB"", ""Jam · 18 BB""], ""attemptedButtonLabel"": ""Fold"", ""attemptedAtMs"": 1790778975959, ""lastRenderedAtMs"": 1790778968646}]","[""As"", ""2h""]","[""4d"", ""8c"", ""Jh"", ""Ks""]","[{""name"": ""fold"", ""kind"": ""fold"", ""raiseTo"": null}, {""name"": ""call"", ""kind"": ""call"", ""raiseTo"": null}, {""name"": ""min"", ""kind"": ""raise"", ""raiseTo"": 800}, {""name"": ""pot"", ""kind"": ""raise"", ""raiseTo"": 1600}, {""name"": ""jam"", ""kind"": ""raise"", ""raiseTo"": 1800}]","[""Fold"", ""Call 4 BB"", ""Min · 8 BB"", ""Pot · 16 BB"", ""Jam · 18 BB""]",Fold,fold,,1790778975959,True,True,True,1790778983980,1790778968646,7313,8021,,False,False
PlMiosUXOX3jddmqtCqgK3g7,c-s1gECUQJZhdQowFbWYGYEh,291,1,preflop,1,1,"[{""type"": ""luna_attempt"", ""handOrdinal"": 291, ""decisionOrdinal"": 1, ""street"": ""preflop"", ""visibleLegalButtonLabels"": [""Fold"", ""Call 0.50 BB"", ""Min · 2 BB"", ""Pot · 3 BB""], ""attemptedButtonLabel"": ""Min · 2 BB"", ""attemptedAtMs"": 1790778990795, ""lastRenderedAtMs"": 1790778984423}]","[""8s"", ""6d""]",[],"[{""name"": ""fold"", ""kind"": ""fold"", ""raiseTo"": null}, {""name"": ""call"", ""kind"": ""call"", ""raiseTo"": null}, {""name"": ""min"", ""kind"": ""raise"", ""raiseTo"": 200}, {""name"": ""pot"", ""kind"": ""raise"", ""raiseTo"": 300}]","[""Fold"", ""Call 0.50 BB"", ""Min · 2 BB"", ""Pot · 3 BB""]",Min · 2 BB,raise,200,1790778990795,True,True,True,1790779000253,1790778984423,6372,9458,,False,False
PlMiosUXOX3jddmqtCqgK3g7,c-s1gECUQJZhdQowFbWYGYEh,291,2,flop,2,1,"[{""type"": ""luna_attempt"", ""handOrdinal"": 291, ""decisionOrdinal"": 2, ""street"": ""flop"", ""visibleLegalButtonLabels"": [""check"", ""Min · 1 BB"", ""Pot · 4 BB""], ""attemptedButtonLabel"": ""Min · 1 BB"", ""attemptedAtMs"": 1790779000253, ""lastRenderedAtMs"": 1790778991092}]","[""8s"", ""6d""]","[""3c"", ""Js"", ""7s""]","[{""name"": ""check"", ""kind"": ""check"", ""raiseTo"": null}, {""name"": ""min"", ""kind"": ""raise"", ""raiseTo"": 100}, {""name"": ""pot"", ""kind"": ""raise"", ""raiseTo"": 400}]","[""check"", ""Min · 1 BB"", ""Pot · 4 BB""]",Min · 1 BB,raise,100,1790779000253,True,True,True,1790779010339,1790778991092,9161,10086,,False,False
PlMiosUXOX3jddmqtCqgK3g7,c-s1gECUQJZhdQowFbWYGYEh,291,3,turn,3,1,"[{""type"": ""luna_attempt"", ""handOrdinal"": 291, ""decisionOrdinal"": 3, ""street"": ""turn"", ""visibleLegalButtonLabels"": [""Fold"", ""Call 1 BB"", ""Min · 2 BB"", ""Pot · 9 BB"", ""Jam · 17 BB""], ""attemptedButtonLabel"": ""Call 1 BB"", ""attemptedAtMs"": 1790779010339, ""lastRenderedAtMs"": 1790779000699}]","[""8s"", ""6d""]","[""3c"", ""Js"", ""7s"", ""5c""]","[{""name"": ""fold"", ""kind"": ""fold"", ""raiseTo"": null}, {""name"": ""call"", ""kind"": ""call"", ""raiseTo"": null}, {""name"": ""min"", ""kind"": ""raise"", ""raiseTo"": 200}, {""name"": ""pot"", ""kind"": ""raise"", ""raiseTo"": 900}, {""name"": ""jam"", ""kind"": ""raise"", ""raiseTo"": 1700}]","[""Fold"", ""Call 1 BB"", ""Min · 2 BB"", ""Pot · 9 BB"", ""Jam · 17 BB""]",Call 1 BB,call,,1790779010339,True,True,True,1790779016459,1790779000699,9640,6120,,False,False
PlMiosUXOX3jddmqtCqgK3g7,c-s1gECUQJZhdQowFbWYGYEh,291,4,river,4,1,"[{""type"": ""luna_attempt"", ""handOrdinal"": 291, ""decisionOrdinal"": 4, ""street"": ""river"", ""visibleLegalButtonLabels"": [""check"", ""Min · 1 BB"", ""Pot · 8 BB"", ""Jam · 16 BB""], ""attemptedButtonLabel"": ""check"", ""attemptedAtMs"": 1790779016459, ""lastRenderedAtMs"": 1790779010721}]","[""8s"", ""6d""]","[""3c"", ""Js"", ""7s"", ""5c"", ""Jd""]","[{""name"": ""check"", ""kind"": ""check"", ""raiseTo"": null}, {""name"": ""min"", ""kind"": ""raise"", ""raiseTo"": 100}, {""name"": ""pot"", ""kind"": ""raise"", ""raiseTo"": 800}, {""name"": ""jam"", ""kind"": ""raise"", ""raiseTo"": 1600}]","[""check"", ""Min · 1 BB"", ""Pot · 8 BB"", ""Jam · 16 BB""]",check,check,,1790779016459,True,True,True,1790779022154,1790779010721,5738,5695,,False,False
PlMiosUXOX3jddmqtCqgK3g7,WIrSKPV2o6OOiO_x2-UZbTIF,293,1,preflop,1,1,"[{""type"": ""luna_attempt"", ""handOrdinal"": 293, ""decisionOrdinal"": 1, ""street"": ""preflop"", ""visibleLegalButtonLabels"": [""Fold"", ""Call 0.50 BB"", ""Min · 2 BB"", ""Pot · 3 BB""], ""attemptedButtonLabel"": ""Fold"", ""attemptedAtMs"": 1790779036976, ""lastRenderedAtMs"": 1790779029897}]","[""5s"", ""2h""]",[],"[{""name"": ""fold"", ""kind"": ""fold"", ""raiseTo"": null}, {""name"": ""call"", ""kind"": ""call"", ""raiseTo"": null}, {""name"": ""min"", ""kind"": ""raise"", ""raiseTo"": 200}, {""name"": ""pot"", ""kind"": ""raise"", ""raiseTo"": 300}]","[""Fold"", ""Call 0.50 BB"", ""Min · 2 BB"", ""Pot · 3 BB""]",Fold,fold,,1790779036976,True,True,True,1790779043261,1790779029897,7079,6285,,False,False
PlMiosUXOX3jddmqtCqgK3g7,hlIl7pRgsO1ntgR2XOUxWkRw,294,1,preflop,1,1,"[{""type"": ""luna_attempt"", ""handOrdinal"": 294, ""decisionOrdinal"": 1, ""street"": ""preflop"", ""visibleLegalButtonLabels"": [""check"", ""Min · 2 BB"", ""Pot · 3 BB""], ""attemptedButtonLabel"": ""Min · 2 BB"", ""attemptedAtMs"": 1790779049356, ""lastRenderedAtMs"": 1790779043751}]","[""5d"", ""As""]",[],"[{""name"": ""check"", ""kind"": ""check"", ""raiseTo"": null}, {""name"": ""min"", ""kind"": ""raise"", ""raiseTo"": 200}, {""name"": ""pot"", ""kind"": ""raise"", ""raiseTo"": 300}]","[""check"", ""Min · 2 BB"", ""Pot · 3 BB""]",Min · 2 BB,raise,200,1790779049356,True,True,True,1790779056441,1790779043751,5605,7085,,False,False
PlMiosUXOX3jddmqtCqgK3g7,hlIl7pRgsO1ntgR2XOUxWkRw,294,2,flop,2,1,"[{""type"": ""luna_attempt"", ""handOrdinal"": 294, ""decisionOrdinal"": 2, ""street"": ""flop"", ""visibleLegalButtonLabels"": [""check"", ""Min · 1 BB"", ""Pot · 4 BB""], ""attemptedButtonLabel"": ""Min · 1 BB"", ""attemptedAtMs"": 1790779056441, ""lastRenderedAtMs"": 1790779049721}]","[""5d"", ""As""]","[""Ac"", ""4c"", ""2d""]","[{""name"": ""check"", ""kind"": ""check"", ""raiseTo"": null}, {""name"": ""min"", ""kind"": ""raise"", ""raiseTo"": 100}, {""name"": ""pot"", ""kind"": ""raise"", ""raiseTo"": 400}]","[""check"", ""Min · 1 BB"", ""Pot · 4 BB""]",Min · 1 BB,raise,100,1790779056441,True,True,True,1790779062662,1790779049721,6720,6221,,False,False
PlMiosUXOX3jddmqtCqgK3g7,hlIl7pRgsO1ntgR2XOUxWkRw,294,3,flop,3,1,"[{""type"": ""luna_attempt"", ""handOrdinal"": 294, ""decisionOrdinal"": 3, ""street"": ""flop"", ""visibleLegalButtonLabels"": [""Fold"", ""Call 1 BB"", ""Min · 3 BB"", ""Pot · 10 BB"", ""Jam · 18 BB""], ""attemptedButtonLabel"": ""Call 1 BB"", ""attemptedAtMs"": 1790779062662, ""lastRenderedAtMs"": 1790779056783}]","[""5d"", ""As""]","[""Ac"", ""4c"", ""2d""]","[{""name"": ""fold"", ""kind"": ""fold"", ""raiseTo"": null}, {""name"": ""call"", ""kind"": ""call"", ""raiseTo"": null}, {""name"": ""min"", ""kind"": ""raise"", ""raiseTo"": 300}, {""name"": ""pot"", ""kind"": ""raise"", ""raiseTo"": 1000}, {""name"": ""jam"", ""kind"": ""raise"", ""raiseTo"": 1800}]","[""Fold"", ""Call 1 BB"", ""Min · 3 BB"", ""Pot · 10 BB"", ""Jam · 18 BB""]",Call 1 BB,call,,1790779062662,True,True,True,1790779071087,1790779056783,5879,8425,,False,False
PlMiosUXOX3jddmqtCqgK3g7,hlIl7pRgsO1ntgR2XOUxWkRw,294,4,turn,4,1,"[{""type"": ""luna_attempt"", ""handOrdinal"": 294, ""decisionOrdinal"": 4, ""street"": ""turn"", ""visibleLegalButtonLabels"": [""check"", ""Min · 1 BB"", ""Pot · 8 BB"", ""Jam · 16 BB""], ""attemptedButtonLabel"": ""check"", ""attemptedAtMs"": 1790779071087, ""lastRenderedAtMs"": 1790779063020}]","[""5d"", ""As""]","[""Ac"", ""4c"", ""2d"", ""2c""]","[{""name"": ""check"", ""kind"": ""check"", ""raiseTo"": null}, {""name"": ""min"", ""kind"": ""raise"", ""raiseTo"": 100}, {""name"": ""pot"", ""kind"": ""raise"", ""raiseTo"": 800}, {""name"": ""jam"", ""kind"": ""raise"", ""raiseTo"": 1600}]","[""check"", ""Min · 1 BB"", ""Pot · 8 BB"", ""Jam · 16 BB""]",check,check,,1790779071087,True,True,True,1790779079422,1790779063020,8067,8335,,False,False
PlMiosUXOX3jddmqtCqgK3g7,hlIl7pRgsO1ntgR2XOUxWkRw,294,5,turn,5,1,"[{""type"": ""luna_attempt"", ""handOrdinal"": 294, ""decisionOrdinal"": 5, ""street"": ""turn"", ""visibleLegalButtonLabels"": [""Fold"", ""Call 1 BB"", ""Min · 2 BB"", ""Pot · 11 BB"", ""Jam · 16 BB""], ""attemptedButtonLabel"": ""Call 1 BB"", ""attemptedAtMs"": 1790779079422, ""lastRenderedAtMs"": 1790779071570}]","[""5d"", ""As""]","[""Ac"", ""4c"", ""2d"", ""2c""]","[{""name"": ""fold"", ""kind"": ""fold"", ""raiseTo"": null}, {""name"": ""call"", ""kind"": ""call"", ""raiseTo"": null}, {""name"": ""min"", ""kind"": ""raise"", ""raiseTo"": 200}, {""name"": ""pot"", ""kind"": ""raise"", ""raiseTo"": 1100}, {""name"": ""jam"", ""kind"": ""raise"", ""raiseTo"": 1600}]","[""Fold"", ""Call 1 BB"", ""Min · 2 BB"", ""Pot · 11 BB"", ""Jam · 16 BB""]",Call 1 BB,call,,1790779079422,True,True,True,1790779086545,1790779071570,7852,7123,,False,False
PlMiosUXOX3jddmqtCqgK3g7,hlIl7pRgsO1ntgR2XOUxWkRw,294,6,river,6,1,"[{""type"": ""luna_attempt"", ""handOrdinal"": 294, ""decisionOrdinal"": 6, ""street"": ""river"", ""visibleLegalButtonLabels"": [""check"", ""Min · 1 BB"", ""Pot · 10 BB"", ""Jam · 15 BB""], ""attemptedButtonLabel"": ""check"", ""attemptedAtMs"": 1790779086545, ""lastRenderedAtMs"": 1790779079905}]","[""5d"", ""As""]","[""Ac"", ""4c"", ""2d"", ""2c"", ""Jh""]","[{""name"": ""check"", ""kind"": ""check"", ""raiseTo"": null}, {""name"": ""min"", ""kind"": ""raise"", ""raiseTo"": 100}, {""name"": ""pot"", ""kind"": ""raise"", ""raiseTo"": 1000}, {""name"": ""jam"", ""kind"": ""raise"", ""raiseTo"": 1500}]","[""check"", ""Min · 1 BB"", ""Pot · 10 BB"", ""Jam · 15 BB""]",check,check,,1790779086545,True,True,True,1790779093154,1790779079905,6640,6609,,False,False
PlMiosUXOX3jddmqtCqgK3g7,hlIl7pRgsO1ntgR2XOUxWkRw,294,7,river,7,1,"[{""type"": ""luna_attempt"", ""handOrdinal"": 294, ""decisionOrdinal"": 7, ""street"": ""river"", ""visibleLegalButtonLabels"": [""Fold"", ""Call 1 BB"", ""Min · 2 BB"", ""Pot · 13 BB"", ""Jam · 15 BB""], ""attemptedButtonLabel"": ""Call 1 BB"", ""attemptedAtMs"": 1790779093154, ""lastRenderedAtMs"": 1790779086985}]","[""5d"", ""As""]","[""Ac"", ""4c"", ""2d"", ""2c"", ""Jh""]","[{""name"": ""fold"", ""kind"": ""fold"", ""raiseTo"": null}, {""name"": ""call"", ""kind"": ""call"", ""raiseTo"": null}, {""name"": ""min"", ""kind"": ""raise"", ""raiseTo"": 200}, {""name"": ""pot"", ""kind"": ""raise"", ""raiseTo"": 1300}, {""name"": ""jam"", ""kind"": ""raise"", ""raiseTo"": 1500}]","[""Fold"", ""Call 1 BB"", ""Min · 2 BB"", ""Pot · 13 BB"", ""Jam · 15 BB""]",Call 1 BB,call,,1790779093154,True,True,True,1790779099141,1790779086985,6169,5987,,False,False
PlMiosUXOX3jddmqtCqgK3g7,w9R3wIF2Y7AjBTTIMvcspxOp,295,1,preflop,1,1,"[{""type"": ""luna_attempt"", ""handOrdinal"": 295, ""decisionOrdinal"": 1, ""street"": ""preflop"", ""visibleLegalButtonLabels"": [""Fold"", ""Call 0.50 BB"", ""Min · 2 BB"", ""Pot · 3 BB""], ""attemptedButtonLabel"": ""Min · 2 BB"", ""attemptedAtMs"": 1790779104773, ""lastRenderedAtMs"": 1790779099462}]","[""2d"", ""2c""]",[],"[{""name"": ""fold"", ""kind"": ""fold"", ""raiseTo"": null}, {""name"": ""call"", ""kind"": ""call"", ""raiseTo"": null}, {""name"": ""min"", ""kind"": ""raise"", ""raiseTo"": 200}, {""name"": ""pot"", ""kind"": ""raise"", ""raiseTo"": 300}]","[""Fold"", ""Call 0.50 BB"", ""Min · 2 BB"", ""Pot · 3 BB""]",Min · 2 BB,raise,200,1790779104773,True,True,True,1790779113051,1790779099462,5311,8278,,False,False
PlMiosUXOX3jddmqtCqgK3g7,w9R3wIF2Y7AjBTTIMvcspxOp,295,2,flop,2,1,"[{""type"": ""luna_attempt"", ""handOrdinal"": 295, ""decisionOrdinal"": 2, ""street"": ""flop"", ""visibleLegalButtonLabels"": [""Fold"", ""Call 4 BB"", ""Min · 8 BB"", ""Pot · 16 BB"", ""Jam · 18 BB""], ""attemptedButtonLabel"": ""Fold"", ""attemptedAtMs"": 1790779113051, ""lastRenderedAtMs"": 1790779105126}]","[""2d"", ""2c""]","[""Jd"", ""8h"", ""6s""]","[{""name"": ""fold"", ""kind"": ""fold"", ""raiseTo"": null}, {""name"": ""call"", ""kind"": ""call"", ""raiseTo"": null}, {""name"": ""min"", ""kind"": ""raise"", ""raiseTo"": 800}, {""name"": ""pot"", ""kind"": ""raise"", ""raiseTo"": 1600}, {""name"": ""jam"", ""kind"": ""raise"", ""raiseTo"": 1800}]","[""Fold"", ""Call 4 BB"", ""Min · 8 BB"", ""Pot · 16 BB"", ""Jam · 18 BB""]",Fold,fold,,1790779113051,True,True,True,1790779118257,1790779105126,7925,5206,,False,False
PlMiosUXOX3jddmqtCqgK3g7,rtX14UT7rqP69e5Lud6YEJS9,296,1,preflop,1,1,"[{""type"": ""luna_attempt"", ""handOrdinal"": 296, ""decisionOrdinal"": 1, ""street"": ""preflop"", ""visibleLegalButtonLabels"": [""Fold"", ""Call 1 BB"", ""Min · 3 BB"", ""Pot · 6 BB""], ""attemptedButtonLabel"": ""Call 1 BB"", ""attemptedAtMs"": 1790779125443, ""lastRenderedAtMs"": 1790779118610}]","[""Jc"", ""3c""]",[],"[{""name"": ""fold"", ""kind"": ""fold"", ""raiseTo"": null}, {""name"": ""call"", ""kind"": ""call"", ""raiseTo"": null}, {""name"": ""min"", ""kind"": ""raise"", ""raiseTo"": 300}, {""name"": ""pot"", ""kind"": ""raise"", ""raiseTo"": 600}]","[""Fold"", ""Call 1 BB"", ""Min · 3 BB"", ""Pot · 6 BB""]",Call 1 BB,call,,1790779125443,True,True,True,1790779131328,1790779118610,6833,5885,,False,False
PlMiosUXOX3jddmqtCqgK3g7,rtX14UT7rqP69e5Lud6YEJS9,296,2,flop,2,1,"[{""type"": ""luna_attempt"", ""handOrdinal"": 296, ""decisionOrdinal"": 2, ""street"": ""flop"", ""visibleLegalButtonLabels"": [""check"", ""Min · 1 BB"", ""Pot · 4 BB""], ""attemptedButtonLabel"": ""check"", ""attemptedAtMs"": 1790779131328, ""lastRenderedAtMs"": 1790779125724}]","[""Jc"", ""3c""]","[""Jh"", ""Qd"", ""5s""]","[{""name"": ""check"", ""kind"": ""check"", ""raiseTo"": null}, {""name"": ""min"", ""kind"": ""raise"", ""raiseTo"": 100}, {""name"": ""pot"", ""kind"": ""raise"", ""raiseTo"": 400}]","[""check"", ""Min · 1 BB"", ""Pot · 4 BB""]",check,check,,1790779131328,True,True,True,1790779138570,1790779125724,5604,7242,,False,False
PlMiosUXOX3jddmqtCqgK3g7,rtX14UT7rqP69e5Lud6YEJS9,296,3,flop,3,1,"[{""type"": ""luna_attempt"", ""handOrdinal"": 296, ""decisionOrdinal"": 3, ""street"": ""flop"", ""visibleLegalButtonLabels"": [""Fold"", ""Call 4 BB"", ""Min · 8 BB"", ""Pot · 16 BB"", ""Jam · 18 BB""], ""attemptedButtonLabel"": ""Fold"", ""attemptedAtMs"": 1790779138571, ""lastRenderedAtMs"": 1790779131662}]","[""Jc"", ""3c""]","[""Jh"", ""Qd"", ""5s""]","[{""name"": ""fold"", ""kind"": ""fold"", ""raiseTo"": null}, {""name"": ""call"", ""kind"": ""call"", ""raiseTo"": null}, {""name"": ""min"", ""kind"": ""raise"", ""raiseTo"": 800}, {""name"": ""pot"", ""kind"": ""raise"", ""raiseTo"": 1600}, {""name"": ""jam"", ""kind"": ""raise"", ""raiseTo"": 1800}]","[""Fold"", ""Call 4 BB"", ""Min · 8 BB"", ""Pot · 16 BB"", ""Jam · 18 BB""]",Fold,fold,,1790779138571,True,True,True,1790779144449,1790779131662,6909,5878,,False,False
PlMiosUXOX3jddmqtCqgK3g7,JOhwxwgFx6SSxnp1LGcNZxSZ,297,1,preflop,1,1,"[{""type"": ""luna_attempt"", ""handOrdinal"": 297, ""decisionOrdinal"": 1, ""street"": ""preflop"", ""visibleLegalButtonLabels"": [""Fold"", ""Call 0.50 BB"", ""Min · 2 BB"", ""Pot · 3 BB""], ""attemptedButtonLabel"": ""Min · 2 BB"", ""attemptedAtMs"": 1790779150225, ""lastRenderedAtMs"": 1790779144761}]","[""Ts"", ""6s""]",[],"[{""name"": ""fold"", ""kind"": ""fold"", ""raiseTo"": null}, {""name"": ""call"", ""kind"": ""call"", ""raiseTo"": null}, {""name"": ""min"", ""kind"": ""raise"", ""raiseTo"": 200}, {""name"": ""pot"", ""kind"": ""raise"", ""raiseTo"": 300}]","[""Fold"", ""Call 0.50 BB"", ""Min · 2 BB"", ""Pot · 3 BB""]",Min · 2 BB,raise,200,1790779150225,True,True,True,1790779157505,1790779144761,5464,7280,,False,False
PlMiosUXOX3jddmqtCqgK3g7,4TRLqNLqxZOrswt2tM41dVmz,298,1,preflop,1,1,"[{""type"": ""luna_attempt"", ""handOrdinal"": 298, ""decisionOrdinal"": 1, ""street"": ""preflop"", ""visibleLegalButtonLabels"": [""check"", ""Min · 2 BB"", ""Pot · 3 BB""], ""attemptedButtonLabel"": ""check"", ""attemptedAtMs"": 1790779163436, ""lastRenderedAtMs"": 1790779157907}]","[""5h"", ""6d""]",[],"[{""name"": ""check"", ""kind"": ""check"", ""raiseTo"": null}, {""name"": ""min"", ""kind"": ""raise"", ""raiseTo"": 200}, {""name"": ""pot"", ""kind"": ""raise"", ""raiseTo"": 300}]","[""check"", ""Min · 2 BB"", ""Pot · 3 BB""]",check,check,,1790779163436,True,True,True,1790779171028,1790779157907,5529,7592,,False,False
PlMiosUXOX3jddmqtCqgK3g7,4TRLqNLqxZOrswt2tM41dVmz,298,2,flop,2,1,"[{""type"": ""luna_attempt"", ""handOrdinal"": 298, ""decisionOrdinal"": 2, ""street"": ""flop"", ""visibleLegalButtonLabels"": [""check"", ""Min · 1 BB"", ""Pot · 2 BB""], ""attemptedButtonLabel"": ""check"", ""attemptedAtMs"": 1790779171028, ""lastRenderedAtMs"": 1790779163763}]","[""5h"", ""6d""]","[""5s"", ""Kc"", ""9d""]","[{""name"": ""check"", ""kind"": ""check"", ""raiseTo"": null}, {""name"": ""min"", ""kind"": ""raise"", ""raiseTo"": 100}, {""name"": ""pot"", ""kind"": ""raise"", ""raiseTo"": 200}]","[""check"", ""Min · 1 BB"", ""Pot · 2 BB""]",check,check,,1790779171028,True,True,True,1790779178069,1790779163763,7265,7041,,False,False
PlMiosUXOX3jddmqtCqgK3g7,4TRLqNLqxZOrswt2tM41dVmz,298,3,flop,3,1,"[{""type"": ""luna_attempt"", ""handOrdinal"": 298, ""decisionOrdinal"": 3, ""street"": ""flop"", ""visibleLegalButtonLabels"": [""Fold"", ""Call 2 BB"", ""Min · 4 BB"", ""Pot · 8 BB""], ""attemptedButtonLabel"": ""Fold"", ""attemptedAtMs"": 1790779178069, ""lastRenderedAtMs"": 1790779171461}]","[""5h"", ""6d""]","[""5s"", ""Kc"", ""9d""]","[{""name"": ""fold"", ""kind"": ""fold"", ""raiseTo"": null}, {""name"": ""call"", ""kind"": ""call"", ""raiseTo"": null}, {""name"": ""min"", ""kind"": ""raise"", ""raiseTo"": 400}, {""name"": ""pot"", ""kind"": ""raise"", ""raiseTo"": 800}]","[""Fold"", ""Call 2 BB"", ""Min · 4 BB"", ""Pot · 8 BB""]",Fold,fold,,1790779178069,True,True,True,1790779183506,1790779171461,6608,5437,,False,False
PlMiosUXOX3jddmqtCqgK3g7,hqW4CexAVSIAttdwdOKCrZMs,299,1,preflop,1,1,"[{""type"": ""luna_attempt"", ""handOrdinal"": 299, ""decisionOrdinal"": 1, ""street"": ""preflop"", ""visibleLegalButtonLabels"": [""Fold"", ""Call 0.50 BB"", ""Min · 2 BB"", ""Pot · 3 BB""], ""attemptedButtonLabel"": ""Min · 2 BB"", ""attemptedAtMs"": 1790779190160, ""lastRenderedAtMs"": 1790779183886}]","[""3h"", ""Qc""]",[],"[{""name"": ""fold"", ""kind"": ""fold"", ""raiseTo"": null}, {""name"": ""call"", ""kind"": ""call"", ""raiseTo"": null}, {""name"": ""min"", ""kind"": ""raise"", ""raiseTo"": 200}, {""name"": ""pot"", ""kind"": ""raise"", ""raiseTo"": 300}]","[""Fold"", ""Call 0.50 BB"", ""Min · 2 BB"", ""Pot · 3 BB""]",Min · 2 BB,raise,200,1790779190160,True,True,True,1790779195519,1790779183886,6274,5359,,False,False
PlMiosUXOX3jddmqtCqgK3g7,YFLT6pBWvyAaXR1TiU-Zkq_9,301,1,preflop,1,1,"[{""type"": ""luna_attempt"", ""handOrdinal"": 301, ""decisionOrdinal"": 1, ""street"": ""preflop"", ""visibleLegalButtonLabels"": [""Fold"", ""Call 0.50 BB"", ""Min · 2 BB"", ""Pot · 3 BB""], ""attemptedButtonLabel"": ""Min · 2 BB"", ""attemptedAtMs"": 1790779206619, ""lastRenderedAtMs"": 1790779201166}]","[""2s"", ""2c""]",[],"[{""name"": ""fold"", ""kind"": ""fold"", ""raiseTo"": null}, {""name"": ""call"", ""kind"": ""call"", ""raiseTo"": null}, {""name"": ""min"", ""kind"": ""raise"", ""raiseTo"": 200}, {""name"": ""pot"", ""kind"": ""raise"", ""raiseTo"": 300}]","[""Fold"", ""Call 0.50 BB"", ""Min · 2 BB"", ""Pot · 3 BB""]",Min · 2 BB,raise,200,1790779206619,True,True,True,1790779215249,1790779201166,5453,8630,,False,False
PlMiosUXOX3jddmqtCqgK3g7,YFLT6pBWvyAaXR1TiU-Zkq_9,301,2,flop,2,1,"[{""type"": ""luna_attempt"", ""handOrdinal"": 301, ""decisionOrdinal"": 2, ""street"": ""flop"", ""visibleLegalButtonLabels"": [""Fold"", ""Call 1 BB"", ""Min · 2 BB"", ""Pot · 7 BB""], ""attemptedButtonLabel"": ""Fold"", ""attemptedAtMs"": 1790779215249, ""lastRenderedAtMs"": 1790779206946}]","[""2s"", ""2c""]","[""6d"", ""7d"", ""Kd""]","[{""name"": ""fold"", ""kind"": ""fold"", ""raiseTo"": null}, {""name"": ""call"", ""kind"": ""call"", ""raiseTo"": null}, {""name"": ""min"", ""kind"": ""raise"", ""raiseTo"": 200}, {""name"": ""pot"", ""kind"": ""raise"", ""raiseTo"": 700}]","[""Fold"", ""Call 1 BB"", ""Min · 2 BB"", ""Pot · 7 BB""]",Fold,fold,,1790779215249,True,True,True,1790779221701,1790779206946,8303,6452,,False,False
PlMiosUXOX3jddmqtCqgK3g7,cbe_kcIt0mxHwEO4EHg4iYlz,302,1,preflop,1,1,"[{""type"": ""luna_attempt"", ""handOrdinal"": 302, ""decisionOrdinal"": 1, ""street"": ""preflop"", ""visibleLegalButtonLabels"": [""check"", ""Min · 2 BB"", ""Pot · 3 BB""], ""attemptedButtonLabel"": ""Min · 2 BB"", ""attemptedAtMs"": 1790779229028, ""lastRenderedAtMs"": 1790779222022}]","[""Qc"", ""As""]",[],"[{""name"": ""check"", ""kind"": ""check"", ""raiseTo"": null}, {""name"": ""min"", ""kind"": ""raise"", ""raiseTo"": 200}, {""name"": ""pot"", ""kind"": ""raise"", ""raiseTo"": 300}]","[""check"", ""Min · 2 BB"", ""Pot · 3 BB""]",Min · 2 BB,raise,200,1790779229028,True,True,True,1790779237415,1790779222022,7006,8387,,False,False
PlMiosUXOX3jddmqtCqgK3g7,cbe_kcIt0mxHwEO4EHg4iYlz,302,2,flop,2,1,"[{""type"": ""luna_attempt"", ""handOrdinal"": 302, ""decisionOrdinal"": 2, ""street"": ""flop"", ""visibleLegalButtonLabels"": [""check"", ""Min · 1 BB"", ""Pot · 4 BB""], ""attemptedButtonLabel"": ""Min · 1 BB"", ""attemptedAtMs"": 1790779237415, ""lastRenderedAtMs"": 1790779229502}]","[""Qc"", ""As""]","[""5c"", ""8s"", ""2s""]","[{""name"": ""check"", ""kind"": ""check"", ""raiseTo"": null}, {""name"": ""min"", ""kind"": ""raise"", ""raiseTo"": 100}, {""name"": ""pot"", ""kind"": ""raise"", ""raiseTo"": 400}]","[""check"", ""Min · 1 BB"", ""Pot · 4 BB""]",Min · 1 BB,raise,100,1790779237415,True,True,True,1790779245999,1790779229502,7913,8584,,False,False
PlMiosUXOX3jddmqtCqgK3g7,cbe_kcIt0mxHwEO4EHg4iYlz,302,3,turn,3,1,"[{""type"": ""luna_attempt"", ""handOrdinal"": 302, ""decisionOrdinal"": 3, ""street"": ""turn"", ""visibleLegalButtonLabels"": [""check"", ""Min · 1 BB"", ""Pot · 6 BB""], ""attemptedButtonLabel"": ""check"", ""attemptedAtMs"": 1790779245999, ""lastRenderedAtMs"": 1790779237824}]","[""Qc"", ""As""]","[""5c"", ""8s"", ""2s"", ""4d""]","[{""name"": ""check"", ""kind"": ""check"", ""raiseTo"": null}, {""name"": ""min"", ""kind"": ""raise"", ""raiseTo"": 100}, {""name"": ""pot"", ""kind"": ""raise"", ""raiseTo"": 600}]","[""check"", ""Min · 1 BB"", ""Pot · 6 BB""]",check,check,,1790779245999,True,True,True,1790779251880,1790779237824,8175,5881,,False,False
PlMiosUXOX3jddmqtCqgK3g7,cbe_kcIt0mxHwEO4EHg4iYlz,302,4,turn,4,1,"[{""type"": ""luna_attempt"", ""handOrdinal"": 302, ""decisionOrdinal"": 4, ""street"": ""turn"", ""visibleLegalButtonLabels"": [""Fold"", ""Call 6 BB"", ""Min · 12 BB"", ""Pot · 17 BB""], ""attemptedButtonLabel"": ""Fold"", ""attemptedAtMs"": 1790779251880, ""lastRenderedAtMs"": 1790779246330}]","[""Qc"", ""As""]","[""5c"", ""8s"", ""2s"", ""4d""]","[{""name"": ""fold"", ""kind"": ""fold"", ""raiseTo"": null}, {""name"": ""call"", ""kind"": ""call"", ""raiseTo"": null}, {""name"": ""min"", ""kind"": ""raise"", ""raiseTo"": 1200}, {""name"": ""pot"", ""kind"": ""raise"", ""raiseTo"": 1700}]","[""Fold"", ""Call 6 BB"", ""Min · 12 BB"", ""Pot · 17 BB""]",Fold,fold,,1790779251880,True,True,True,1790779258805,1790779246330,5550,6925,,False,False
PlMiosUXOX3jddmqtCqgK3g7,hJklR6GoE4iLctXcpsktaDKv,303,1,preflop,1,1,"[{""type"": ""luna_attempt"", ""handOrdinal"": 303, ""decisionOrdinal"": 1, ""street"": ""preflop"", ""visibleLegalButtonLabels"": [""Fold"", ""Call 0.50 BB"", ""Min · 2 BB"", ""Pot · 3 BB""], ""attemptedButtonLabel"": ""Fold"", ""attemptedAtMs"": 1790779266094, ""lastRenderedAtMs"": 1790779259174}]","[""3c"", ""6s""]",[],"[{""name"": ""fold"", ""kind"": ""fold"", ""raiseTo"": null}, {""name"": ""call"", ""kind"": ""call"", ""raiseTo"": null}, {""name"": ""min"", ""kind"": ""raise"", ""raiseTo"": 200}, {""name"": ""pot"", ""kind"": ""raise"", ""raiseTo"": 300}]","[""Fold"", ""Call 0.50 BB"", ""Min · 2 BB"", ""Pot · 3 BB""]",Fold,fold,,1790779266094,True,True,True,1790779274360,1790779259174,6920,8266,,False,False
PlMiosUXOX3jddmqtCqgK3g7,b6JkahE5WA4XN_QOiPa0EqeT,304,1,preflop,1,1,"[{""type"": ""luna_attempt"", ""handOrdinal"": 304, ""decisionOrdinal"": 1, ""street"": ""preflop"", ""visibleLegalButtonLabels"": [""Fold"", ""Call 1 BB"", ""Min · 3 BB"", ""Pot · 6 BB""], ""attemptedButtonLabel"": ""Call 1 BB"", ""attemptedAtMs"": 1790779281902, ""lastRenderedAtMs"": 1790779274755}]","[""7s"", ""Ac""]",[],"[{""name"": ""fold"", ""kind"": ""fold"", ""raiseTo"": null}, {""name"": ""call"", ""kind"": ""call"", ""raiseTo"": null}, {""name"": ""min"", ""kind"": ""raise"", ""raiseTo"": 300}, {""name"": ""pot"", ""kind"": ""raise"", ""raiseTo"": 600}]","[""Fold"", ""Call 1 BB"", ""Min · 3 BB"", ""Pot · 6 BB""]",Call 1 BB,call,,1790779281902,True,True,True,1790779287951,1790779274755,7147,6049,,False,False
PlMiosUXOX3jddmqtCqgK3g7,b6JkahE5WA4XN_QOiPa0EqeT,304,2,flop,2,1,"[{""type"": ""luna_attempt"", ""handOrdinal"": 304, ""decisionOrdinal"": 2, ""street"": ""flop"", ""visibleLegalButtonLabels"": [""check"", ""Min · 1 BB"", ""Pot · 4 BB""], ""attemptedButtonLabel"": ""check"", ""attemptedAtMs"": 1790779287951, ""lastRenderedAtMs"": 1790779282351}]","[""7s"", ""Ac""]","[""8s"", ""8d"", ""4c""]","[{""name"": ""check"", ""kind"": ""check"", ""raiseTo"": null}, {""name"": ""min"", ""kind"": ""raise"", ""raiseTo"": 100}, {""name"": ""pot"", ""kind"": ""raise"", ""raiseTo"": 400}]","[""check"", ""Min · 1 BB"", ""Pot · 4 BB""]",check,check,,1790779287951,True,True,True,1790779294731,1790779282351,5600,6780,,False,False
PlMiosUXOX3jddmqtCqgK3g7,b6JkahE5WA4XN_QOiPa0EqeT,304,3,turn,3,1,"[{""type"": ""luna_attempt"", ""handOrdinal"": 304, ""decisionOrdinal"": 3, ""street"": ""turn"", ""visibleLegalButtonLabels"": [""check"", ""Min · 1 BB"", ""Pot · 4 BB""], ""attemptedButtonLabel"": ""Min · 1 BB"", ""attemptedAtMs"": 1790779294731, ""lastRenderedAtMs"": 1790779288418}]","[""7s"", ""Ac""]","[""8s"", ""8d"", ""4c"", ""Ad""]","[{""name"": ""check"", ""kind"": ""check"", ""raiseTo"": null}, {""name"": ""min"", ""kind"": ""raise"", ""raiseTo"": 100}, {""name"": ""pot"", ""kind"": ""raise"", ""raiseTo"": 400}]","[""check"", ""Min · 1 BB"", ""Pot · 4 BB""]",Min · 1 BB,raise,100,1790779294731,True,True,True,1790779303603,1790779288418,6313,8872,,False,False
PlMiosUXOX3jddmqtCqgK3g7,b6JkahE5WA4XN_QOiPa0EqeT,304,4,river,4,1,"[{""type"": ""luna_attempt"", ""handOrdinal"": 304, ""decisionOrdinal"": 4, ""street"": ""river"", ""visibleLegalButtonLabels"": [""check"", ""Min · 1 BB"", ""Pot · 6 BB""], ""attemptedButtonLabel"": ""Min · 1 BB"", ""attemptedAtMs"": 1790779303603, ""lastRenderedAtMs"": 1790779295197}]","[""7s"", ""Ac""]","[""8s"", ""8d"", ""4c"", ""Ad"", ""Th""]","[{""name"": ""check"", ""kind"": ""check"", ""raiseTo"": null}, {""name"": ""min"", ""kind"": ""raise"", ""raiseTo"": 100}, {""name"": ""pot"", ""kind"": ""raise"", ""raiseTo"": 600}]","[""check"", ""Min · 1 BB"", ""Pot · 6 BB""]",Min · 1 BB,raise,100,1790779303603,True,True,True,1790779314564,1790779295197,8406,10961,,False,False
PlMiosUXOX3jddmqtCqgK3g7,b6JkahE5WA4XN_QOiPa0EqeT,304,5,river,5,1,"[{""type"": ""luna_attempt"", ""handOrdinal"": 304, ""decisionOrdinal"": 5, ""street"": ""river"", ""visibleLegalButtonLabels"": [""Fold"", ""Call 16 BB""], ""attemptedButtonLabel"": ""Fold"", ""attemptedAtMs"": 1790779314564, ""lastRenderedAtMs"": 1790779303979}]","[""7s"", ""Ac""]","[""8s"", ""8d"", ""4c"", ""Ad"", ""Th""]","[{""name"": ""fold"", ""kind"": ""fold"", ""raiseTo"": null}, {""name"": ""call"", ""kind"": ""call"", ""raiseTo"": null}]","[""Fold"", ""Call 16 BB""]",Fold,fold,,1790779314564,True,True,True,1790779319845,1790779303979,10585,5281,,False,False
PlMiosUXOX3jddmqtCqgK3g7,mzxkIqHCkFRt9QGjmxIh7ecy,305,1,preflop,1,1,"[{""type"": ""luna_attempt"", ""handOrdinal"": 305, ""decisionOrdinal"": 1, ""street"": ""preflop"", ""visibleLegalButtonLabels"": [""Fold"", ""Call 0.50 BB"", ""Min · 2 BB"", ""Pot · 3 BB""], ""attemptedButtonLabel"": ""Min · 2 BB"", ""attemptedAtMs"": 1790779332266, ""lastRenderedAtMs"": 1790779320193}]","[""As"", ""7h""]",[],"[{""name"": ""fold"", ""kind"": ""fold"", ""raiseTo"": null}, {""name"": ""call"", ""kind"": ""call"", ""raiseTo"": null}, {""name"": ""min"", ""kind"": ""raise"", ""raiseTo"": 200}, {""name"": ""pot"", ""kind"": ""raise"", ""raiseTo"": 300}]","[""Fold"", ""Call 0.50 BB"", ""Min · 2 BB"", ""Pot · 3 BB""]",Min · 2 BB,raise,200,1790779332266,True,True,True,1790779339276,1790779320193,12073,7010,,False,False
PlMiosUXOX3jddmqtCqgK3g7,mzxkIqHCkFRt9QGjmxIh7ecy,305,2,flop,2,1,"[{""type"": ""luna_attempt"", ""handOrdinal"": 305, ""decisionOrdinal"": 2, ""street"": ""flop"", ""visibleLegalButtonLabels"": [""Fold"", ""Call 1 BB"", ""Min · 2 BB"", ""Pot · 7 BB""], ""attemptedButtonLabel"": ""Call 1 BB"", ""attemptedAtMs"": 1790779339276, ""lastRenderedAtMs"": 1790779332564}]","[""As"", ""7h""]","[""6d"", ""Ac"", ""4s""]","[{""name"": ""fold"", ""kind"": ""fold"", ""raiseTo"": null}, {""name"": ""call"", ""kind"": ""call"", ""raiseTo"": null}, {""name"": ""min"", ""kind"": ""raise"", ""raiseTo"": 200}, {""name"": ""pot"", ""kind"": ""raise"", ""raiseTo"": 700}]","[""Fold"", ""Call 1 BB"", ""Min · 2 BB"", ""Pot · 7 BB""]",Call 1 BB,call,,1790779339276,True,True,True,1790779345429,1790779332564,6712,6153,,False,False
PlMiosUXOX3jddmqtCqgK3g7,mzxkIqHCkFRt9QGjmxIh7ecy,305,3,turn,3,1,"[{""type"": ""luna_attempt"", ""handOrdinal"": 305, ""decisionOrdinal"": 3, ""street"": ""turn"", ""visibleLegalButtonLabels"": [""Fold"", ""Call 6 BB"", ""Min · 12 BB"", ""Pot · 17 BB""], ""attemptedButtonLabel"": ""Fold"", ""attemptedAtMs"": 1790779345429, ""lastRenderedAtMs"": 1790779339721}]","[""As"", ""7h""]","[""6d"", ""Ac"", ""4s"", ""Td""]","[{""name"": ""fold"", ""kind"": ""fold"", ""raiseTo"": null}, {""name"": ""call"", ""kind"": ""call"", ""raiseTo"": null}, {""name"": ""min"", ""kind"": ""raise"", ""raiseTo"": 1200}, {""name"": ""pot"", ""kind"": ""raise"", ""raiseTo"": 1700}]","[""Fold"", ""Call 6 BB"", ""Min · 12 BB"", ""Pot · 17 BB""]",Fold,fold,,1790779345429,True,True,True,1790779350656,1790779339721,5708,5227,,False,False
PlMiosUXOX3jddmqtCqgK3g7,gnrg9_-a7Ez8SdCKzhjU-UDe,306,1,preflop,1,1,"[{""type"": ""luna_attempt"", ""handOrdinal"": 306, ""decisionOrdinal"": 1, ""street"": ""preflop"", ""visibleLegalButtonLabels"": [""Fold"", ""Call 2 BB"", ""Min · 5 BB"", ""Pot · 9 BB""], ""attemptedButtonLabel"": ""Call 2 BB"", ""attemptedAtMs"": 1790779357099, ""lastRenderedAtMs"": 1790779351050}]","[""Qc"", ""8c""]",[],"[{""name"": ""fold"", ""kind"": ""fold"", ""raiseTo"": null}, {""name"": ""call"", ""kind"": ""call"", ""raiseTo"": null}, {""name"": ""min"", ""kind"": ""raise"", ""raiseTo"": 500}, {""name"": ""pot"", ""kind"": ""raise"", ""raiseTo"": 900}]","[""Fold"", ""Call 2 BB"", ""Min · 5 BB"", ""Pot · 9 BB""]",Call 2 BB,call,,1790779357099,True,True,True,1790779363649,1790779351050,6049,6550,,False,False
PlMiosUXOX3jddmqtCqgK3g7,gnrg9_-a7Ez8SdCKzhjU-UDe,306,2,flop,2,1,"[{""type"": ""luna_attempt"", ""handOrdinal"": 306, ""decisionOrdinal"": 2, ""street"": ""flop"", ""visibleLegalButtonLabels"": [""check"", ""Min · 1 BB"", ""Pot · 6 BB""], ""attemptedButtonLabel"": ""check"", ""attemptedAtMs"": 1790779363649, ""lastRenderedAtMs"": 1790779357419}]","[""Qc"", ""8c""]","[""Js"", ""6h"", ""Td""]","[{""name"": ""check"", ""kind"": ""check"", ""raiseTo"": null}, {""name"": ""min"", ""kind"": ""raise"", ""raiseTo"": 100}, {""name"": ""pot"", ""kind"": ""raise"", ""raiseTo"": 600}]","[""check"", ""Min · 1 BB"", ""Pot · 6 BB""]",check,check,,1790779363649,True,True,True,1790779370604,1790779357419,6230,6955,,False,False
PlMiosUXOX3jddmqtCqgK3g7,gnrg9_-a7Ez8SdCKzhjU-UDe,306,3,turn,3,1,"[{""type"": ""luna_attempt"", ""handOrdinal"": 306, ""decisionOrdinal"": 3, ""street"": ""turn"", ""visibleLegalButtonLabels"": [""check"", ""Min · 1 BB"", ""Pot · 6 BB""], ""attemptedButtonLabel"": ""check"", ""attemptedAtMs"": 1790779370604, ""lastRenderedAtMs"": 1790779363994}]","[""Qc"", ""8c""]","[""Js"", ""6h"", ""Td"", ""Tc""]","[{""name"": ""check"", ""kind"": ""check"", ""raiseTo"": null}, {""name"": ""min"", ""kind"": ""raise"", ""raiseTo"": 100}, {""name"": ""pot"", ""kind"": ""raise"", ""raiseTo"": 600}]","[""check"", ""Min · 1 BB"", ""Pot · 6 BB""]",check,check,,1790779370604,True,True,True,1790779378374,1790779363994,6610,7770,,False,False
PlMiosUXOX3jddmqtCqgK3g7,gnrg9_-a7Ez8SdCKzhjU-UDe,306,4,turn,4,1,"[{""type"": ""luna_attempt"", ""handOrdinal"": 306, ""decisionOrdinal"": 4, ""street"": ""turn"", ""visibleLegalButtonLabels"": [""Fold"", ""Call 1 BB"", ""Min · 2 BB"", ""Pot · 9 BB"", ""Jam · 17 BB""], ""attemptedButtonLabel"": ""Call 1 BB"", ""attemptedAtMs"": 1790779378374, ""lastRenderedAtMs"": 1790779370962}]","[""Qc"", ""8c""]","[""Js"", ""6h"", ""Td"", ""Tc""]","[{""name"": ""fold"", ""kind"": ""fold"", ""raiseTo"": null}, {""name"": ""call"", ""kind"": ""call"", ""raiseTo"": null}, {""name"": ""min"", ""kind"": ""raise"", ""raiseTo"": 200}, {""name"": ""pot"", ""kind"": ""raise"", ""raiseTo"": 900}, {""name"": ""jam"", ""kind"": ""raise"", ""raiseTo"": 1700}]","[""Fold"", ""Call 1 BB"", ""Min · 2 BB"", ""Pot · 9 BB"", ""Jam · 17 BB""]",Call 1 BB,call,,1790779378374,True,True,True,1790779388798,1790779370962,7412,10424,,False,False
PlMiosUXOX3jddmqtCqgK3g7,gnrg9_-a7Ez8SdCKzhjU-UDe,306,5,river,5,1,"[{""type"": ""luna_attempt"", ""handOrdinal"": 306, ""decisionOrdinal"": 5, ""street"": ""river"", ""visibleLegalButtonLabels"": [""check"", ""Min · 1 BB"", ""Pot · 8 BB"", ""Jam · 16 BB""], ""attemptedButtonLabel"": ""Min · 1 BB"", ""attemptedAtMs"": 1790779388798, ""lastRenderedAtMs"": 1790779378787}]","[""Qc"", ""8c""]","[""Js"", ""6h"", ""Td"", ""Tc"", ""9h""]","[{""name"": ""check"", ""kind"": ""check"", ""raiseTo"": null}, {""name"": ""min"", ""kind"": ""raise"", ""raiseTo"": 100}, {""name"": ""pot"", ""kind"": ""raise"", ""raiseTo"": 800}, {""name"": ""jam"", ""kind"": ""raise"", ""raiseTo"": 1600}]","[""check"", ""Min · 1 BB"", ""Pot · 8 BB"", ""Jam · 16 BB""]",Min · 1 BB,raise,100,1790779388798,True,True,True,1790779394275,1790779378787,10011,5477,,False,False
PlMiosUXOX3jddmqtCqgK3g7,U0Q84_syabXOHWEwQ0yfX-Sd,307,1,preflop,1,1,"[{""type"": ""luna_attempt"", ""handOrdinal"": 307, ""decisionOrdinal"": 1, ""street"": ""preflop"", ""visibleLegalButtonLabels"": [""Fold"", ""Call 0.50 BB"", ""Min · 2 BB"", ""Pot · 3 BB""], ""attemptedButtonLabel"": ""Min · 2 BB"", ""attemptedAtMs"": 1790779401887, ""lastRenderedAtMs"": 1790779394566}]","[""2s"", ""Qs""]",[],"[{""name"": ""fold"", ""kind"": ""fold"", ""raiseTo"": null}, {""name"": ""call"", ""kind"": ""call"", ""raiseTo"": null}, {""name"": ""min"", ""kind"": ""raise"", ""raiseTo"": 200}, {""name"": ""pot"", ""kind"": ""raise"", ""raiseTo"": 300}]","[""Fold"", ""Call 0.50 BB"", ""Min · 2 BB"", ""Pot · 3 BB""]",Min · 2 BB,raise,200,1790779401887,True,True,True,1790779411216,1790779394566,7321,9329,,False,False
PlMiosUXOX3jddmqtCqgK3g7,U0Q84_syabXOHWEwQ0yfX-Sd,307,2,flop,2,1,"[{""type"": ""luna_attempt"", ""handOrdinal"": 307, ""decisionOrdinal"": 2, ""street"": ""flop"", ""visibleLegalButtonLabels"": [""Fold"", ""Call 1 BB"", ""Min · 2 BB"", ""Pot · 7 BB""], ""attemptedButtonLabel"": ""Min · 2 BB"", ""attemptedAtMs"": 1790779411216, ""lastRenderedAtMs"": 1790779402364}]","[""2s"", ""Qs""]","[""2c"", ""Qd"", ""Qc""]","[{""name"": ""fold"", ""kind"": ""fold"", ""raiseTo"": null}, {""name"": ""call"", ""kind"": ""call"", ""raiseTo"": null}, {""name"": ""min"", ""kind"": ""raise"", ""raiseTo"": 200}, {""name"": ""pot"", ""kind"": ""raise"", ""raiseTo"": 700}]","[""Fold"", ""Call 1 BB"", ""Min · 2 BB"", ""Pot · 7 BB""]",Min · 2 BB,raise,200,1790779411216,True,True,True,1790779418138,1790779402364,8852,6922,,False,False
PlMiosUXOX3jddmqtCqgK3g7,U0Q84_syabXOHWEwQ0yfX-Sd,307,3,flop,3,1,"[{""type"": ""luna_attempt"", ""handOrdinal"": 307, ""decisionOrdinal"": 3, ""street"": ""flop"", ""visibleLegalButtonLabels"": [""Fold"", ""Call 1 BB"", ""Min · 4 BB"", ""Pot · 13 BB"", ""Jam · 18 BB""], ""attemptedButtonLabel"": ""Min · 4 BB"", ""attemptedAtMs"": 1790779418138, ""lastRenderedAtMs"": 1790779411572}]","[""2s"", ""Qs""]","[""2c"", ""Qd"", ""Qc""]","[{""name"": ""fold"", ""kind"": ""fold"", ""raiseTo"": null}, {""name"": ""call"", ""kind"": ""call"", ""raiseTo"": null}, {""name"": ""min"", ""kind"": ""raise"", ""raiseTo"": 400}, {""name"": ""pot"", ""kind"": ""raise"", ""raiseTo"": 1300}, {""name"": ""jam"", ""kind"": ""raise"", ""raiseTo"": 1800}]","[""Fold"", ""Call 1 BB"", ""Min · 4 BB"", ""Pot · 13 BB"", ""Jam · 18 BB""]",Min · 4 BB,raise,400,1790779418138,True,True,True,1790779438514,1790779411572,6566,20376,,False,False
PlMiosUXOX3jddmqtCqgK3g7,U0Q84_syabXOHWEwQ0yfX-Sd,307,4,flop,4,1,"[{""type"": ""luna_attempt"", ""handOrdinal"": 307, ""decisionOrdinal"": 4, ""street"": ""flop"", ""visibleLegalButtonLabels"": [""Fold"", ""Call 1 BB"", ""Min · 6 BB"", ""Pot · 18 BB""], ""attemptedButtonLabel"": ""Min · 6 BB"", ""attemptedAtMs"": 1790779438514, ""lastRenderedAtMs"": 1790779418431}]","[""2s"", ""Qs""]","[""2c"", ""Qd"", ""Qc""]","[{""name"": ""fold"", ""kind"": ""fold"", ""raiseTo"": null}, {""name"": ""call"", ""kind"": ""call"", ""raiseTo"": null}, {""name"": ""min"", ""kind"": ""raise"", ""raiseTo"": 600}, {""name"": ""pot"", ""kind"": ""raise"", ""raiseTo"": 1800}]","[""Fold"", ""Call 1 BB"", ""Min · 6 BB"", ""Pot · 18 BB""]",Min · 6 BB,raise,600,1790779438514,True,True,True,1790779451848,1790779418431,20083,13334,,False,False
PlMiosUXOX3jddmqtCqgK3g7,U0Q84_syabXOHWEwQ0yfX-Sd,307,5,turn,5,1,"[{""type"": ""luna_attempt"", ""handOrdinal"": 307, ""decisionOrdinal"": 5, ""street"": ""turn"", ""visibleLegalButtonLabels"": [""check"", ""Min · 1 BB"", ""Pot · 12 BB""], ""attemptedButtonLabel"": ""Pot · 12 BB"", ""attemptedAtMs"": 1790779451848, ""lastRenderedAtMs"": 1790779438877}]","[""2s"", ""Qs""]","[""2c"", ""Qd"", ""Qc"", ""2d""]","[{""name"": ""check"", ""kind"": ""check"", ""raiseTo"": null}, {""name"": ""min"", ""kind"": ""raise"", ""raiseTo"": 100}, {""name"": ""pot"", ""kind"": ""raise"", ""raiseTo"": 1200}]","[""check"", ""Min · 1 BB"", ""Pot · 12 BB""]",Pot · 12 BB,raise,1200,1790779451848,True,True,True,1790779458165,1790779438877,12971,6317,,False,False
PlMiosUXOX3jddmqtCqgK3g7,BfjcwX2wf_2JKNXPayyOwfiO,308,1,preflop,1,1,"[{""type"": ""luna_attempt"", ""handOrdinal"": 308, ""decisionOrdinal"": 1, ""street"": ""preflop"", ""visibleLegalButtonLabels"": [""Fold"", ""Call 1 BB"", ""Min · 3 BB"", ""Pot · 6 BB""], ""attemptedButtonLabel"": ""Fold"", ""attemptedAtMs"": 1790779465061, ""lastRenderedAtMs"": 1790779458531}]","[""7h"", ""2h""]",[],"[{""name"": ""fold"", ""kind"": ""fold"", ""raiseTo"": null}, {""name"": ""call"", ""kind"": ""call"", ""raiseTo"": null}, {""name"": ""min"", ""kind"": ""raise"", ""raiseTo"": 300}, {""name"": ""pot"", ""kind"": ""raise"", ""raiseTo"": 600}]","[""Fold"", ""Call 1 BB"", ""Min · 3 BB"", ""Pot · 6 BB""]",Fold,fold,,1790779465061,True,True,True,1790779471165,1790779458531,6530,6104,,False,False
PlMiosUXOX3jddmqtCqgK3g7,xicsehZPZbPUfRGsqvUv5v-j,309,1,preflop,1,1,"[{""type"": ""luna_attempt"", ""handOrdinal"": 309, ""decisionOrdinal"": 1, ""street"": ""preflop"", ""visibleLegalButtonLabels"": [""Fold"", ""Call 0.50 BB"", ""Min · 2 BB"", ""Pot · 3 BB""], ""attemptedButtonLabel"": ""Fold"", ""attemptedAtMs"": 1790779477074, ""lastRenderedAtMs"": 1790779471560}]","[""4h"", ""8c""]",[],"[{""name"": ""fold"", ""kind"": ""fold"", ""raiseTo"": null}, {""name"": ""call"", ""kind"": ""call"", ""raiseTo"": null}, {""name"": ""min"", ""kind"": ""raise"", ""raiseTo"": 200}, {""name"": ""pot"", ""kind"": ""raise"", ""raiseTo"": 300}]","[""Fold"", ""Call 0.50 BB"", ""Min · 2 BB"", ""Pot · 3 BB""]",Fold,fold,,1790779477074,True,True,True,1790779482650,1790779471560,5514,5576,,False,False
PlMiosUXOX3jddmqtCqgK3g7,vuS1DgMuyaTpUMoP-mWc49jM,311,1,preflop,1,1,"[{""type"": ""luna_attempt"", ""handOrdinal"": 311, ""decisionOrdinal"": 1, ""street"": ""preflop"", ""visibleLegalButtonLabels"": [""Fold"", ""Call 0.50 BB"", ""Min · 2 BB"", ""Pot · 3 BB""], ""attemptedButtonLabel"": ""Fold"", ""attemptedAtMs"": 1790779495646, ""lastRenderedAtMs"": 1790779490264}]","[""3c"", ""8d""]",[],"[{""name"": ""fold"", ""kind"": ""fold"", ""raiseTo"": null}, {""name"": ""call"", ""kind"": ""call"", ""raiseTo"": null}, {""name"": ""min"", ""kind"": ""raise"", ""raiseTo"": 200}, {""name"": ""pot"", ""kind"": ""raise"", ""raiseTo"": 300}]","[""Fold"", ""Call 0.50 BB"", ""Min · 2 BB"", ""Pot · 3 BB""]",Fold,fold,,1790779495646,True,True,True,1790779501084,1790779490264,5382,5438,,False,False
PlMiosUXOX3jddmqtCqgK3g7,zdMiaBMTKBjLP5qLdGJVuvY7,312,1,preflop,1,1,"[{""type"": ""luna_attempt"", ""handOrdinal"": 312, ""decisionOrdinal"": 1, ""street"": ""preflop"", ""visibleLegalButtonLabels"": [""check"", ""Min · 2 BB"", ""Pot · 3 BB""], ""attemptedButtonLabel"": ""check"", ""attemptedAtMs"": 1790779506665, ""lastRenderedAtMs"": 1790779501413}]","[""7h"", ""3h""]",[],"[{""name"": ""check"", ""kind"": ""check"", ""raiseTo"": null}, {""name"": ""min"", ""kind"": ""raise"", ""raiseTo"": 200}, {""name"": ""pot"", ""kind"": ""raise"", ""raiseTo"": 300}]","[""check"", ""Min · 2 BB"", ""Pot · 3 BB""]",check,check,,1790779506665,True,True,True,1790779512212,1790779501413,5252,5547,,False,False
PlMiosUXOX3jddmqtCqgK3g7,zdMiaBMTKBjLP5qLdGJVuvY7,312,2,flop,2,1,"[{""type"": ""luna_attempt"", ""handOrdinal"": 312, ""decisionOrdinal"": 2, ""street"": ""flop"", ""visibleLegalButtonLabels"": [""check"", ""Min · 1 BB"", ""Pot · 2 BB""], ""attemptedButtonLabel"": ""check"", ""attemptedAtMs"": 1790779512212, ""lastRenderedAtMs"": 1790779507114}]","[""7h"", ""3h""]","[""2d"", ""Td"", ""8h""]","[{""name"": ""check"", ""kind"": ""check"", ""raiseTo"": null}, {""name"": ""min"", ""kind"": ""raise"", ""raiseTo"": 100}, {""name"": ""pot"", ""kind"": ""raise"", ""raiseTo"": 200}]","[""check"", ""Min · 1 BB"", ""Pot · 2 BB""]",check,check,,1790779512212,True,True,True,1790779518041,1790779507114,5098,5829,,False,False
PlMiosUXOX3jddmqtCqgK3g7,zdMiaBMTKBjLP5qLdGJVuvY7,312,3,flop,3,1,"[{""type"": ""luna_attempt"", ""handOrdinal"": 312, ""decisionOrdinal"": 3, ""street"": ""flop"", ""visibleLegalButtonLabels"": [""Fold"", ""Call 1 BB"", ""Min · 2 BB"", ""Pot · 5 BB""], ""attemptedButtonLabel"": ""Fold"", ""attemptedAtMs"": 1790779518041, ""lastRenderedAtMs"": 1790779512618}]","[""7h"", ""3h""]","[""2d"", ""Td"", ""8h""]","[{""name"": ""fold"", ""kind"": ""fold"", ""raiseTo"": null}, {""name"": ""call"", ""kind"": ""call"", ""raiseTo"": null}, {""name"": ""min"", ""kind"": ""raise"", ""raiseTo"": 200}, {""name"": ""pot"", ""kind"": ""raise"", ""raiseTo"": 500}]","[""Fold"", ""Call 1 BB"", ""Min · 2 BB"", ""Pot · 5 BB""]",Fold,fold,,1790779518041,True,True,True,1790779523496,1790779512618,5423,5455,,False,False
PlMiosUXOX3jddmqtCqgK3g7,OMJKxXEDTivXWFW-KhKjTKs4,313,1,preflop,1,1,"[{""type"": ""luna_attempt"", ""handOrdinal"": 313, ""decisionOrdinal"": 1, ""street"": ""preflop"", ""visibleLegalButtonLabels"": [""Fold"", ""Call 0.50 BB"", ""Min · 2 BB"", ""Pot · 3 BB""], ""attemptedButtonLabel"": ""Min · 2 BB"", ""attemptedAtMs"": 1790779532077, ""lastRenderedAtMs"": 1790779523899}]","[""Th"", ""Tc""]",[],"[{""name"": ""fold"", ""kind"": ""fold"", ""raiseTo"": null}, {""name"": ""call"", ""kind"": ""call"", ""raiseTo"": null}, {""name"": ""min"", ""kind"": ""raise"", ""raiseTo"": 200}, {""name"": ""pot"", ""kind"": ""raise"", ""raiseTo"": 300}]","[""Fold"", ""Call 0.50 BB"", ""Min · 2 BB"", ""Pot · 3 BB""]",Min · 2 BB,raise,200,1790779532077,True,True,True,,1790779523899,8178,,,False,False
PlMiosUXOX3jddmqtCqgK3g7,-VvRYeTW7q3L0XHZeLWorDOe,314,1,preflop,1,1,"[{""type"": ""luna_attempt"", ""handOrdinal"": 314, ""decisionOrdinal"": 1, ""street"": ""preflop"", ""visibleLegalButtonLabels"": [""check"", ""Min · 2 BB"", ""Pot · 3 BB""], ""attemptedButtonLabel"": ""Min · 2 BB"", ""attemptedAtMs"": 1790779577524, ""lastRenderedAtMs"": 1790779560999}]","[""9h"", ""Ks""]",[],"[{""name"": ""check"", ""kind"": ""check"", ""raiseTo"": null}, {""name"": ""min"", ""kind"": ""raise"", ""raiseTo"": 200}, {""name"": ""pot"", ""kind"": ""raise"", ""raiseTo"": 300}]","[""check"", ""Min · 2 BB"", ""Pot · 3 BB""]",Min · 2 BB,raise,200,1790779577524,True,True,True,1790779577753,1790779560999,16525,229,,False,False
PlMiosUXOX3jddmqtCqgK3g7,-VvRYeTW7q3L0XHZeLWorDOe,314,2,preflop,2,1,"[{""type"": ""luna_attempt"", ""handOrdinal"": 314, ""decisionOrdinal"": 2, ""street"": ""preflop"", ""visibleLegalButtonLabels"": [""Fold"", ""Call 4 BB"", ""Min · 10 BB"", ""Pot · 18 BB"", ""Jam · 20 BB""], ""attemptedButtonLabel"": ""Fold"", ""attemptedAtMs"": 1790779586316, ""lastRenderedAtMs"": 1790779577839}]","[""9h"", ""Ks""]",[],"[{""name"": ""fold"", ""kind"": ""fold"", ""raiseTo"": null}, {""name"": ""call"", ""kind"": ""call"", ""raiseTo"": null}, {""name"": ""min"", ""kind"": ""raise"", ""raiseTo"": 1000}, {""name"": ""pot"", ""kind"": ""raise"", ""raiseTo"": 1800}, {""name"": ""jam"", ""kind"": ""raise"", ""raiseTo"": 2000}]","[""Fold"", ""Call 4 BB"", ""Min · 10 BB"", ""Pot · 18 BB"", ""Jam · 20 BB""]",Fold,fold,,1790779586316,True,True,True,1790779586655,1790779577839,8477,339,,False,False
PlMiosUXOX3jddmqtCqgK3g7,sm83bMdnBPiOVs5gfyIcROoQ,315,1,preflop,1,1,"[{""type"": ""luna_attempt"", ""handOrdinal"": 315, ""decisionOrdinal"": 1, ""street"": ""preflop"", ""visibleLegalButtonLabels"": [""Fold"", ""Call 0.50 BB"", ""Min · 2 BB"", ""Pot · 3 BB""], ""attemptedButtonLabel"": ""Min · 2 BB"", ""attemptedAtMs"": 1790779598053, ""lastRenderedAtMs"": 1790779592406}]","[""4c"", ""Kh""]",[],"[{""name"": ""fold"", ""kind"": ""fold"", ""raiseTo"": null}, {""name"": ""call"", ""kind"": ""call"", ""raiseTo"": null}, {""name"": ""min"", ""kind"": ""raise"", ""raiseTo"": 200}, {""name"": ""pot"", ""kind"": ""raise"", ""raiseTo"": 300}]","[""Fold"", ""Call 0.50 BB"", ""Min · 2 BB"", ""Pot · 3 BB""]",Min · 2 BB,raise,200,1790779598053,True,True,True,1790779598377,1790779592406,5647,324,,False,False
PlMiosUXOX3jddmqtCqgK3g7,sm83bMdnBPiOVs5gfyIcROoQ,315,2,flop,2,1,"[{""type"": ""luna_attempt"", ""handOrdinal"": 315, ""decisionOrdinal"": 2, ""street"": ""flop"", ""visibleLegalButtonLabels"": [""check"", ""Min · 1 BB"", ""Pot · 4 BB""], ""attemptedButtonLabel"": ""check"", ""attemptedAtMs"": 1790779604249, ""lastRenderedAtMs"": 1790779598467}]","[""4c"", ""Kh""]","[""Kc"", ""Ah"", ""8c""]","[{""name"": ""check"", ""kind"": ""check"", ""raiseTo"": null}, {""name"": ""min"", ""kind"": ""raise"", ""raiseTo"": 100}, {""name"": ""pot"", ""kind"": ""raise"", ""raiseTo"": 400}]","[""check"", ""Min · 1 BB"", ""Pot · 4 BB""]",check,check,,1790779604249,True,True,True,1790779604648,1790779598467,5782,399,,False,False
PlMiosUXOX3jddmqtCqgK3g7,sm83bMdnBPiOVs5gfyIcROoQ,315,3,turn,3,1,"[{""type"": ""luna_attempt"", ""handOrdinal"": 315, ""decisionOrdinal"": 3, ""street"": ""turn"", ""visibleLegalButtonLabels"": [""Fold"", ""Call 4 BB"", ""Min · 8 BB"", ""Pot · 16 BB"", ""Jam · 18 BB""], ""attemptedButtonLabel"": ""Call 4 BB"", ""attemptedAtMs"": 1790779612956, ""lastRenderedAtMs"": 1790779604730}]","[""4c"", ""Kh""]","[""Kc"", ""Ah"", ""8c"", ""As""]","[{""name"": ""fold"", ""kind"": ""fold"", ""raiseTo"": null}, {""name"": ""call"", ""kind"": ""call"", ""raiseTo"": null}, {""name"": ""min"", ""kind"": ""raise"", ""raiseTo"": 800}, {""name"": ""pot"", ""kind"": ""raise"", ""raiseTo"": 1600}, {""name"": ""jam"", ""kind"": ""raise"", ""raiseTo"": 1800}]","[""Fold"", ""Call 4 BB"", ""Min · 8 BB"", ""Pot · 16 BB"", ""Jam · 18 BB""]",Call 4 BB,call,,1790779612956,True,True,True,1790779613215,1790779604730,8226,259,,False,False
PlMiosUXOX3jddmqtCqgK3g7,sm83bMdnBPiOVs5gfyIcROoQ,315,4,river,4,1,"[{""type"": ""luna_attempt"", ""handOrdinal"": 315, ""decisionOrdinal"": 4, ""street"": ""river"", ""visibleLegalButtonLabels"": [""check"", ""Min · 1 BB"", ""Pot · 12 BB"", ""Jam · 14 BB""], ""attemptedButtonLabel"": ""check"", ""attemptedAtMs"": 1790779626613, ""lastRenderedAtMs"": 1790779613293}]","[""4c"", ""Kh""]","[""Kc"", ""Ah"", ""8c"", ""As"", ""8s""]","[{""name"": ""check"", ""kind"": ""check"", ""raiseTo"": null}, {""name"": ""min"", ""kind"": ""raise"", ""raiseTo"": 100}, {""name"": ""pot"", ""kind"": ""raise"", ""raiseTo"": 1200}, {""name"": ""jam"", ""kind"": ""raise"", ""raiseTo"": 1400}]","[""check"", ""Min · 1 BB"", ""Pot · 12 BB"", ""Jam · 14 BB""]",check,check,,1790779626613,True,True,True,1790779627016,1790779613293,13320,403,,False,False
PlMiosUXOX3jddmqtCqgK3g7,NTvdVzFSRw1VDFYfBH4nb71f,316,1,preflop,1,1,"[{""type"": ""luna_attempt"", ""handOrdinal"": 316, ""decisionOrdinal"": 1, ""street"": ""preflop"", ""visibleLegalButtonLabels"": [""Fold"", ""Call 1 BB"", ""Min · 3 BB"", ""Pot · 6 BB""], ""attemptedButtonLabel"": ""Fold"", ""attemptedAtMs"": 1790779638486, ""lastRenderedAtMs"": 1790779632353}]","[""7c"", ""3h""]",[],"[{""name"": ""fold"", ""kind"": ""fold"", ""raiseTo"": null}, {""name"": ""call"", ""kind"": ""call"", ""raiseTo"": null}, {""name"": ""min"", ""kind"": ""raise"", ""raiseTo"": 300}, {""name"": ""pot"", ""kind"": ""raise"", ""raiseTo"": 600}]","[""Fold"", ""Call 1 BB"", ""Min · 3 BB"", ""Pot · 6 BB""]",Fold,fold,,1790779638486,True,True,True,1790779638731,1790779632353,6133,245,,False,False
PlMiosUXOX3jddmqtCqgK3g7,HEW6hoz2tbLpP8ZWNCMK2pOG,317,1,preflop,1,1,"[{""type"": ""luna_attempt"", ""handOrdinal"": 317, ""decisionOrdinal"": 1, ""street"": ""preflop"", ""visibleLegalButtonLabels"": [""Fold"", ""Call 0.50 BB"", ""Min · 2 BB"", ""Pot · 3 BB""], ""attemptedButtonLabel"": ""Call 0.50 BB"", ""attemptedAtMs"": 1790779648498, ""lastRenderedAtMs"": 1790779642466}]","[""Ks"", ""3c""]",[],"[{""name"": ""fold"", ""kind"": ""fold"", ""raiseTo"": null}, {""name"": ""call"", ""kind"": ""call"", ""raiseTo"": null}, {""name"": ""min"", ""kind"": ""raise"", ""raiseTo"": 200}, {""name"": ""pot"", ""kind"": ""raise"", ""raiseTo"": 300}]","[""Fold"", ""Call 0.50 BB"", ""Min · 2 BB"", ""Pot · 3 BB""]",Call 0.50 BB,call,,1790779648498,True,True,True,1790779648741,1790779642466,6032,243,,False,False
PlMiosUXOX3jddmqtCqgK3g7,HEW6hoz2tbLpP8ZWNCMK2pOG,317,2,flop,2,1,"[{""type"": ""luna_attempt"", ""handOrdinal"": 317, ""decisionOrdinal"": 2, ""street"": ""flop"", ""visibleLegalButtonLabels"": [""check"", ""Min · 1 BB"", ""Pot · 2 BB""], ""attemptedButtonLabel"": ""check"", ""attemptedAtMs"": 1790779656601, ""lastRenderedAtMs"": 1790779648840}]","[""Ks"", ""3c""]","[""8d"", ""2h"", ""Jh""]","[{""name"": ""check"", ""kind"": ""check"", ""raiseTo"": null}, {""name"": ""min"", ""kind"": ""raise"", ""raiseTo"": 100}, {""name"": ""pot"", ""kind"": ""raise"", ""raiseTo"": 200}]","[""check"", ""Min · 1 BB"", ""Pot · 2 BB""]",check,check,,1790779656601,True,True,True,1790779656824,1790779648840,7761,223,,False,False
PlMiosUXOX3jddmqtCqgK3g7,HEW6hoz2tbLpP8ZWNCMK2pOG,317,3,turn,3,1,"[{""type"": ""luna_attempt"", ""handOrdinal"": 317, ""decisionOrdinal"": 3, ""street"": ""turn"", ""visibleLegalButtonLabels"": [""check"", ""Min · 1 BB"", ""Pot · 2 BB""], ""attemptedButtonLabel"": ""check"", ""attemptedAtMs"": 1790779664812, ""lastRenderedAtMs"": 1790779656945}]","[""Ks"", ""3c""]","[""8d"", ""2h"", ""Jh"", ""3d""]","[{""name"": ""check"", ""kind"": ""check"", ""raiseTo"": null}, {""name"": ""min"", ""kind"": ""raise"", ""raiseTo"": 100}, {""name"": ""pot"", ""kind"": ""raise"", ""raiseTo"": 200}]","[""check"", ""Min · 1 BB"", ""Pot · 2 BB""]",check,check,,1790779664812,True,True,True,1790779665162,1790779656945,7867,350,,False,False
PlMiosUXOX3jddmqtCqgK3g7,HEW6hoz2tbLpP8ZWNCMK2pOG,317,4,river,4,1,"[{""type"": ""luna_attempt"", ""handOrdinal"": 317, ""decisionOrdinal"": 4, ""street"": ""river"", ""visibleLegalButtonLabels"": [""check"", ""Min · 1 BB"", ""Pot · 2 BB""], ""attemptedButtonLabel"": ""check"", ""attemptedAtMs"": 1790779674517, ""lastRenderedAtMs"": 1790779665234}]","[""Ks"", ""3c""]","[""8d"", ""2h"", ""Jh"", ""3d"", ""Td""]","[{""name"": ""check"", ""kind"": ""check"", ""raiseTo"": null}, {""name"": ""min"", ""kind"": ""raise"", ""raiseTo"": 100}, {""name"": ""pot"", ""kind"": ""raise"", ""raiseTo"": 200}]","[""check"", ""Min · 1 BB"", ""Pot · 2 BB""]",check,check,,1790779674517,True,True,True,1790779674770,1790779665234,9283,253,,False,False
PlMiosUXOX3jddmqtCqgK3g7,n0frzYW_Nfh1b8HQkuQJpJTl,318,1,preflop,1,1,"[{""type"": ""luna_attempt"", ""handOrdinal"": 318, ""decisionOrdinal"": 1, ""street"": ""preflop"", ""visibleLegalButtonLabels"": [""Fold"", ""Call 2 BB"", ""Min · 5 BB"", ""Pot · 9 BB""], ""attemptedButtonLabel"": ""Fold"", ""attemptedAtMs"": 1790779685916, ""lastRenderedAtMs"": 1790779681150}]","[""3h"", ""7s""]",[],"[{""name"": ""fold"", ""kind"": ""fold"", ""raiseTo"": null}, {""name"": ""call"", ""kind"": ""call"", ""raiseTo"": null}, {""name"": ""min"", ""kind"": ""raise"", ""raiseTo"": 500}, {""name"": ""pot"", ""kind"": ""raise"", ""raiseTo"": 900}]","[""Fold"", ""Call 2 BB"", ""Min · 5 BB"", ""Pot · 9 BB""]",Fold,fold,,1790779685916,True,True,True,1790779686324,1790779681150,4766,408,,False,False
PlMiosUXOX3jddmqtCqgK3g7,cpQ3QWBNy8kw8URO85hSOtwI,319,1,preflop,1,1,"[{""type"": ""luna_attempt"", ""handOrdinal"": 319, ""decisionOrdinal"": 1, ""street"": ""preflop"", ""visibleLegalButtonLabels"": [""Fold"", ""Call 0.50 BB"", ""Min · 2 BB"", ""Pot · 3 BB""], ""attemptedButtonLabel"": ""Call 0.50 BB"", ""attemptedAtMs"": 1790779696462, ""lastRenderedAtMs"": 1790779690358}]","[""2d"", ""9d""]",[],"[{""name"": ""fold"", ""kind"": ""fold"", ""raiseTo"": null}, {""name"": ""call"", ""kind"": ""call"", ""raiseTo"": null}, {""name"": ""min"", ""kind"": ""raise"", ""raiseTo"": 200}, {""name"": ""pot"", ""kind"": ""raise"", ""raiseTo"": 300}]","[""Fold"", ""Call 0.50 BB"", ""Min · 2 BB"", ""Pot · 3 BB""]",Call 0.50 BB,call,,1790779696462,True,True,True,1790779696786,1790779690358,6104,324,,False,False
PlMiosUXOX3jddmqtCqgK3g7,cpQ3QWBNy8kw8URO85hSOtwI,319,2,flop,2,1,"[{""type"": ""luna_attempt"", ""handOrdinal"": 319, ""decisionOrdinal"": 2, ""street"": ""flop"", ""visibleLegalButtonLabels"": [""Fold"", ""Call 1 BB"", ""Min · 2 BB"", ""Pot · 5 BB""], ""attemptedButtonLabel"": ""Call 1 BB"", ""attemptedAtMs"": 1790779703165, ""lastRenderedAtMs"": 1790779696933}]","[""2d"", ""9d""]","[""Kd"", ""7c"", ""7d""]","[{""name"": ""fold"", ""kind"": ""fold"", ""raiseTo"": null}, {""name"": ""call"", ""kind"": ""call"", ""raiseTo"": null}, {""name"": ""min"", ""kind"": ""raise"", ""raiseTo"": 200}, {""name"": ""pot"", ""kind"": ""raise"", ""raiseTo"": 500}]","[""Fold"", ""Call 1 BB"", ""Min · 2 BB"", ""Pot · 5 BB""]",Call 1 BB,call,,1790779703165,True,True,True,1790779703448,1790779696933,6232,283,,False,False
PlMiosUXOX3jddmqtCqgK3g7,cpQ3QWBNy8kw8URO85hSOtwI,319,3,turn,3,1,"[{""type"": ""luna_attempt"", ""handOrdinal"": 319, ""decisionOrdinal"": 3, ""street"": ""turn"", ""visibleLegalButtonLabels"": [""check"", ""Min · 1 BB"", ""Pot · 4 BB""], ""attemptedButtonLabel"": ""check"", ""attemptedAtMs"": 1790779709059, ""lastRenderedAtMs"": 1790779703535}]","[""2d"", ""9d""]","[""Kd"", ""7c"", ""7d"", ""8h""]","[{""name"": ""check"", ""kind"": ""check"", ""raiseTo"": null}, {""name"": ""min"", ""kind"": ""raise"", ""raiseTo"": 100}, {""name"": ""pot"", ""kind"": ""raise"", ""raiseTo"": 400}]","[""check"", ""Min · 1 BB"", ""Pot · 4 BB""]",check,check,,1790779709059,True,True,True,1790779709425,1790779703535,5524,366,,False,False
PlMiosUXOX3jddmqtCqgK3g7,cpQ3QWBNy8kw8URO85hSOtwI,319,4,river,4,1,"[{""type"": ""luna_attempt"", ""handOrdinal"": 319, ""decisionOrdinal"": 4, ""street"": ""river"", ""visibleLegalButtonLabels"": [""check"", ""Min · 1 BB"", ""Pot · 4 BB""], ""attemptedButtonLabel"": ""Min · 1 BB"", ""attemptedAtMs"": 1790779716764, ""lastRenderedAtMs"": 1790779709506}]","[""2d"", ""9d""]","[""Kd"", ""7c"", ""7d"", ""8h"", ""Kh""]","[{""name"": ""check"", ""kind"": ""check"", ""raiseTo"": null}, {""name"": ""min"", ""kind"": ""raise"", ""raiseTo"": 100}, {""name"": ""pot"", ""kind"": ""raise"", ""raiseTo"": 400}]","[""check"", ""Min · 1 BB"", ""Pot · 4 BB""]",Min · 1 BB,raise,100,1790779716764,True,True,True,1790779717017,1790779709506,7258,253,,False,False
PlMiosUXOX3jddmqtCqgK3g7,0pule9DrfRi29iBIPjb465Ex,320,1,preflop,1,1,"[{""type"": ""luna_attempt"", ""handOrdinal"": 320, ""decisionOrdinal"": 1, ""street"": ""preflop"", ""visibleLegalButtonLabels"": [""check"", ""Min · 2 BB"", ""Pot · 3 BB""], ""attemptedButtonLabel"": ""check"", ""attemptedAtMs"": 1790779724439, ""lastRenderedAtMs"": 1790779719631}]","[""9c"", ""3s""]",[],"[{""name"": ""check"", ""kind"": ""check"", ""raiseTo"": null}, {""name"": ""min"", ""kind"": ""raise"", ""raiseTo"": 200}, {""name"": ""pot"", ""kind"": ""raise"", ""raiseTo"": 300}]","[""check"", ""Min · 2 BB"", ""Pot · 3 BB""]",check,check,,1790779724439,True,True,True,1790779724676,1790779719631,4808,237,,False,False
PlMiosUXOX3jddmqtCqgK3g7,0pule9DrfRi29iBIPjb465Ex,320,2,flop,2,1,"[{""type"": ""luna_attempt"", ""handOrdinal"": 320, ""decisionOrdinal"": 2, ""street"": ""flop"", ""visibleLegalButtonLabels"": [""check"", ""Min · 1 BB"", ""Pot · 2 BB""], ""attemptedButtonLabel"": ""Min · 1 BB"", ""attemptedAtMs"": 1790779733297, ""lastRenderedAtMs"": 1790779724786}]","[""9c"", ""3s""]","[""6s"", ""7s"", ""8c""]","[{""name"": ""check"", ""kind"": ""check"", ""raiseTo"": null}, {""name"": ""min"", ""kind"": ""raise"", ""raiseTo"": 100}, {""name"": ""pot"", ""kind"": ""raise"", ""raiseTo"": 200}]","[""check"", ""Min · 1 BB"", ""Pot · 2 BB""]",Min · 1 BB,raise,100,1790779733297,True,True,True,1790779733597,1790779724786,8511,300,,False,False
PlMiosUXOX3jddmqtCqgK3g7,0pule9DrfRi29iBIPjb465Ex,320,3,turn,3,1,"[{""type"": ""luna_attempt"", ""handOrdinal"": 320, ""decisionOrdinal"": 3, ""street"": ""turn"", ""visibleLegalButtonLabels"": [""check"", ""Min · 1 BB"", ""Pot · 4 BB""], ""attemptedButtonLabel"": ""check"", ""attemptedAtMs"": 1790779742482, ""lastRenderedAtMs"": 1790779733693}]","[""9c"", ""3s""]","[""6s"", ""7s"", ""8c"", ""6d""]","[{""name"": ""check"", ""kind"": ""check"", ""raiseTo"": null}, {""name"": ""min"", ""kind"": ""raise"", ""raiseTo"": 100}, {""name"": ""pot"", ""kind"": ""raise"", ""raiseTo"": 400}]","[""check"", ""Min · 1 BB"", ""Pot · 4 BB""]",check,check,,1790779742482,True,True,True,1790779742807,1790779733693,8789,325,,False,False
PlMiosUXOX3jddmqtCqgK3g7,0pule9DrfRi29iBIPjb465Ex,320,4,turn,4,1,"[{""type"": ""luna_attempt"", ""handOrdinal"": 320, ""decisionOrdinal"": 4, ""street"": ""turn"", ""visibleLegalButtonLabels"": [""Fold"", ""Call 1 BB"", ""Min · 2 BB"", ""Pot · 7 BB""], ""attemptedButtonLabel"": ""Call 1 BB"", ""attemptedAtMs"": 1790779749356, ""lastRenderedAtMs"": 1790779742892}]","[""9c"", ""3s""]","[""6s"", ""7s"", ""8c"", ""6d""]","[{""name"": ""fold"", ""kind"": ""fold"", ""raiseTo"": null}, {""name"": ""call"", ""kind"": ""call"", ""raiseTo"": null}, {""name"": ""min"", ""kind"": ""raise"", ""raiseTo"": 200}, {""name"": ""pot"", ""kind"": ""raise"", ""raiseTo"": 700}]","[""Fold"", ""Call 1 BB"", ""Min · 2 BB"", ""Pot · 7 BB""]",Call 1 BB,call,,1790779749356,True,True,True,1790779749643,1790779742892,6464,287,,False,False
PlMiosUXOX3jddmqtCqgK3g7,0pule9DrfRi29iBIPjb465Ex,320,5,river,5,1,"[{""type"": ""luna_attempt"", ""handOrdinal"": 320, ""decisionOrdinal"": 5, ""street"": ""river"", ""visibleLegalButtonLabels"": [""check"", ""Min · 1 BB"", ""Pot · 6 BB""], ""attemptedButtonLabel"": ""Pot · 6 BB"", ""attemptedAtMs"": 1790779759762, ""lastRenderedAtMs"": 1790779749724}]","[""9c"", ""3s""]","[""6s"", ""7s"", ""8c"", ""6d"", ""Tc""]","[{""name"": ""check"", ""kind"": ""check"", ""raiseTo"": null}, {""name"": ""min"", ""kind"": ""raise"", ""raiseTo"": 100}, {""name"": ""pot"", ""kind"": ""raise"", ""raiseTo"": 600}]","[""check"", ""Min · 1 BB"", ""Pot · 6 BB""]",Pot · 6 BB,raise,600,1790779759762,True,True,True,1790779760044,1790779749724,10038,282,,False,False
PlMiosUXOX3jddmqtCqgK3g7,0pule9DrfRi29iBIPjb465Ex,320,6,river,6,1,"[{""type"": ""luna_attempt"", ""handOrdinal"": 320, ""decisionOrdinal"": 6, ""street"": ""river"", ""visibleLegalButtonLabels"": [""Fold"", ""Call 11 BB""], ""attemptedButtonLabel"": ""Call 11 BB"", ""attemptedAtMs"": 1790779769484, ""lastRenderedAtMs"": 1790779760123}]","[""9c"", ""3s""]","[""6s"", ""7s"", ""8c"", ""6d"", ""Tc""]","[{""name"": ""fold"", ""kind"": ""fold"", ""raiseTo"": null}, {""name"": ""call"", ""kind"": ""call"", ""raiseTo"": null}]","[""Fold"", ""Call 11 BB""]",Call 11 BB,call,,1790779769484,True,True,True,1790779769871,1790779760123,9361,387,,False,False
PlMiosUXOX3jddmqtCqgK3g7,Vo6BxnrkG-3mCAJIt79SUd9L,321,1,preflop,1,1,"[{""type"": ""luna_attempt"", ""handOrdinal"": 321, ""decisionOrdinal"": 1, ""street"": ""preflop"", ""visibleLegalButtonLabels"": [""Fold"", ""Call 0.50 BB"", ""Min · 2 BB"", ""Pot · 3 BB""], ""attemptedButtonLabel"": ""Min · 2 BB"", ""attemptedAtMs"": 1790779778892, ""lastRenderedAtMs"": 1790779773491}]","[""Ts"", ""Ks""]",[],"[{""name"": ""fold"", ""kind"": ""fold"", ""raiseTo"": null}, {""name"": ""call"", ""kind"": ""call"", ""raiseTo"": null}, {""name"": ""min"", ""kind"": ""raise"", ""raiseTo"": 200}, {""name"": ""pot"", ""kind"": ""raise"", ""raiseTo"": 300}]","[""Fold"", ""Call 0.50 BB"", ""Min · 2 BB"", ""Pot · 3 BB""]",Min · 2 BB,raise,200,1790779778892,True,True,True,1790779779285,1790779773491,5401,393,,False,False
PlMiosUXOX3jddmqtCqgK3g7,_UAYeJnlW2ZSIqCPpDvNy_Ve,322,1,preflop,1,1,"[{""type"": ""luna_attempt"", ""handOrdinal"": 322, ""decisionOrdinal"": 1, ""street"": ""preflop"", ""visibleLegalButtonLabels"": [""Fold"", ""Call 2 BB"", ""Min · 5 BB"", ""Pot · 9 BB""], ""attemptedButtonLabel"": ""Fold"", ""attemptedAtMs"": 1790779789888, ""lastRenderedAtMs"": 1790779784425}]","[""9h"", ""8d""]",[],"[{""name"": ""fold"", ""kind"": ""fold"", ""raiseTo"": null}, {""name"": ""call"", ""kind"": ""call"", ""raiseTo"": null}, {""name"": ""min"", ""kind"": ""raise"", ""raiseTo"": 500}, {""name"": ""pot"", ""kind"": ""raise"", ""raiseTo"": 900}]","[""Fold"", ""Call 2 BB"", ""Min · 5 BB"", ""Pot · 9 BB""]",Fold,fold,,1790779789888,True,True,True,1790779790108,1790779784425,5463,220,,False,False
PlMiosUXOX3jddmqtCqgK3g7,LcxOuSsE9AtDEblm9mrUf_dv,323,1,preflop,1,1,"[{""type"": ""luna_attempt"", ""handOrdinal"": 323, ""decisionOrdinal"": 1, ""street"": ""preflop"", ""visibleLegalButtonLabels"": [""Fold"", ""Call 0.50 BB"", ""Min · 2 BB"", ""Pot · 3 BB""], ""attemptedButtonLabel"": ""Min · 2 BB"", ""attemptedAtMs"": 1790779798968, ""lastRenderedAtMs"": 1790779793734}]","[""6d"", ""Kh""]",[],"[{""name"": ""fold"", ""kind"": ""fold"", ""raiseTo"": null}, {""name"": ""call"", ""kind"": ""call"", ""raiseTo"": null}, {""name"": ""min"", ""kind"": ""raise"", ""raiseTo"": 200}, {""name"": ""pot"", ""kind"": ""raise"", ""raiseTo"": 300}]","[""Fold"", ""Call 0.50 BB"", ""Min · 2 BB"", ""Pot · 3 BB""]",Min · 2 BB,raise,200,1790779798968,True,True,True,1790779799213,1790779793734,5234,245,,False,False
PlMiosUXOX3jddmqtCqgK3g7,xEpjci7z_Rjk63K29v4Me7TF,324,1,preflop,1,1,"[{""type"": ""luna_attempt"", ""handOrdinal"": 324, ""decisionOrdinal"": 1, ""street"": ""preflop"", ""visibleLegalButtonLabels"": [""Fold"", ""Call 1 BB"", ""Min · 3 BB"", ""Pot · 6 BB""], ""attemptedButtonLabel"": ""Call 1 BB"", ""attemptedAtMs"": 1790779809491, ""lastRenderedAtMs"": 1790779802433}]","[""4s"", ""5s""]",[],"[{""name"": ""fold"", ""kind"": ""fold"", ""raiseTo"": null}, {""name"": ""call"", ""kind"": ""call"", ""raiseTo"": null}, {""name"": ""min"", ""kind"": ""raise"", ""raiseTo"": 300}, {""name"": ""pot"", ""kind"": ""raise"", ""raiseTo"": 600}]","[""Fold"", ""Call 1 BB"", ""Min · 3 BB"", ""Pot · 6 BB""]",Call 1 BB,call,,1790779809491,True,True,True,1790779809727,1790779802433,7058,236,,False,False
PlMiosUXOX3jddmqtCqgK3g7,xEpjci7z_Rjk63K29v4Me7TF,324,2,flop,2,1,"[{""type"": ""luna_attempt"", ""handOrdinal"": 324, ""decisionOrdinal"": 2, ""street"": ""flop"", ""visibleLegalButtonLabels"": [""check"", ""Min · 1 BB"", ""Pot · 4 BB""], ""attemptedButtonLabel"": ""check"", ""attemptedAtMs"": 1790779815332, ""lastRenderedAtMs"": 1790779809812}]","[""4s"", ""5s""]","[""Tc"", ""Kc"", ""Td""]","[{""name"": ""check"", ""kind"": ""check"", ""raiseTo"": null}, {""name"": ""min"", ""kind"": ""raise"", ""raiseTo"": 100}, {""name"": ""pot"", ""kind"": ""raise"", ""raiseTo"": 400}]","[""check"", ""Min · 1 BB"", ""Pot · 4 BB""]",check,check,,1790779815332,True,True,True,1790779815700,1790779809812,5520,368,,False,False
PlMiosUXOX3jddmqtCqgK3g7,xEpjci7z_Rjk63K29v4Me7TF,324,3,turn,3,1,"[{""type"": ""luna_attempt"", ""handOrdinal"": 324, ""decisionOrdinal"": 3, ""street"": ""turn"", ""visibleLegalButtonLabels"": [""check"", ""Min · 1 BB"", ""Pot · 4 BB""], ""attemptedButtonLabel"": ""check"", ""attemptedAtMs"": 1790779822033, ""lastRenderedAtMs"": 1790779815781}]","[""4s"", ""5s""]","[""Tc"", ""Kc"", ""Td"", ""Kh""]","[{""name"": ""check"", ""kind"": ""check"", ""raiseTo"": null}, {""name"": ""min"", ""kind"": ""raise"", ""raiseTo"": 100}, {""name"": ""pot"", ""kind"": ""raise"", ""raiseTo"": 400}]","[""check"", ""Min · 1 BB"", ""Pot · 4 BB""]",check,check,,1790779822033,True,True,True,1790779822273,1790779815781,6252,240,,False,False
PlMiosUXOX3jddmqtCqgK3g7,xEpjci7z_Rjk63K29v4Me7TF,324,4,river,4,1,"[{""type"": ""luna_attempt"", ""handOrdinal"": 324, ""decisionOrdinal"": 4, ""street"": ""river"", ""visibleLegalButtonLabels"": [""check"", ""Min · 1 BB"", ""Pot · 4 BB""], ""attemptedButtonLabel"": ""check"", ""attemptedAtMs"": 1790779829562, ""lastRenderedAtMs"": 1790779822370}]","[""4s"", ""5s""]","[""Tc"", ""Kc"", ""Td"", ""Kh"", ""Js""]","[{""name"": ""check"", ""kind"": ""check"", ""raiseTo"": null}, {""name"": ""min"", ""kind"": ""raise"", ""raiseTo"": 100}, {""name"": ""pot"", ""kind"": ""raise"", ""raiseTo"": 400}]","[""check"", ""Min · 1 BB"", ""Pot · 4 BB""]",check,check,,1790779829562,True,True,True,1790779829855,1790779822370,7192,293,,False,False
PlMiosUXOX3jddmqtCqgK3g7,xEpjci7z_Rjk63K29v4Me7TF,324,5,river,5,1,"[{""type"": ""luna_attempt"", ""handOrdinal"": 324, ""decisionOrdinal"": 5, ""street"": ""river"", ""visibleLegalButtonLabels"": [""Fold"", ""Call 1 BB"", ""Min · 2 BB"", ""Pot · 7 BB""], ""attemptedButtonLabel"": ""Fold"", ""attemptedAtMs"": 1790779839551, ""lastRenderedAtMs"": 1790779829912}]","[""4s"", ""5s""]","[""Tc"", ""Kc"", ""Td"", ""Kh"", ""Js""]","[{""name"": ""fold"", ""kind"": ""fold"", ""raiseTo"": null}, {""name"": ""call"", ""kind"": ""call"", ""raiseTo"": null}, {""name"": ""min"", ""kind"": ""raise"", ""raiseTo"": 200}, {""name"": ""pot"", ""kind"": ""raise"", ""raiseTo"": 700}]","[""Fold"", ""Call 1 BB"", ""Min · 2 BB"", ""Pot · 7 BB""]",Fold,fold,,1790779839551,True,True,True,1790779839769,1790779829912,9639,218,,False,False
PlMiosUXOX3jddmqtCqgK3g7,93N3dI4QJ8Y_vUg20hB-q_2Q,325,1,preflop,1,1,"[{""type"": ""luna_attempt"", ""handOrdinal"": 325, ""decisionOrdinal"": 1, ""street"": ""preflop"", ""visibleLegalButtonLabels"": [""Fold"", ""Call 0.50 BB"", ""Min · 2 BB"", ""Pot · 3 BB""], ""attemptedButtonLabel"": ""Min · 2 BB"", ""attemptedAtMs"": 1790779848959, ""lastRenderedAtMs"": 1790779843793}]","[""Qs"", ""2c""]",[],"[{""name"": ""fold"", ""kind"": ""fold"", ""raiseTo"": null}, {""name"": ""call"", ""kind"": ""call"", ""raiseTo"": null}, {""name"": ""min"", ""kind"": ""raise"", ""raiseTo"": 200}, {""name"": ""pot"", ""kind"": ""raise"", ""raiseTo"": 300}]","[""Fold"", ""Call 0.50 BB"", ""Min · 2 BB"", ""Pot · 3 BB""]",Min · 2 BB,raise,200,1790779848959,True,True,True,1790779849167,1790779843793,5166,208,,False,False
PlMiosUXOX3jddmqtCqgK3g7,93N3dI4QJ8Y_vUg20hB-q_2Q,325,2,preflop,2,1,"[{""type"": ""luna_attempt"", ""handOrdinal"": 325, ""decisionOrdinal"": 2, ""street"": ""preflop"", ""visibleLegalButtonLabels"": [""Fold"", ""Call 4 BB"", ""Min · 10 BB"", ""Pot · 18 BB"", ""Jam · 20 BB""], ""attemptedButtonLabel"": ""Fold"", ""attemptedAtMs"": 1790779854774, ""lastRenderedAtMs"": 1790779849265}]","[""Qs"", ""2c""]",[],"[{""name"": ""fold"", ""kind"": ""fold"", ""raiseTo"": null}, {""name"": ""call"", ""kind"": ""call"", ""raiseTo"": null}, {""name"": ""min"", ""kind"": ""raise"", ""raiseTo"": 1000}, {""name"": ""pot"", ""kind"": ""raise"", ""raiseTo"": 1800}, {""name"": ""jam"", ""kind"": ""raise"", ""raiseTo"": 2000}]","[""Fold"", ""Call 4 BB"", ""Min · 10 BB"", ""Pot · 18 BB"", ""Jam · 20 BB""]",Fold,fold,,1790779854774,True,True,True,1790779855104,1790779849265,5509,330,,False,False
PlMiosUXOX3jddmqtCqgK3g7,3PCEl9qsy2F6WYA-KnH4PjRB,326,1,preflop,1,1,"[{""type"": ""luna_attempt"", ""handOrdinal"": 326, ""decisionOrdinal"": 1, ""street"": ""preflop"", ""visibleLegalButtonLabels"": [""check"", ""Min · 2 BB"", ""Pot · 3 BB""], ""attemptedButtonLabel"": ""check"", ""attemptedAtMs"": 1790779863589, ""lastRenderedAtMs"": 1790779858626}]","[""9c"", ""2h""]",[],"[{""name"": ""check"", ""kind"": ""check"", ""raiseTo"": null}, {""name"": ""min"", ""kind"": ""raise"", ""raiseTo"": 200}, {""name"": ""pot"", ""kind"": ""raise"", ""raiseTo"": 300}]","[""check"", ""Min · 2 BB"", ""Pot · 3 BB""]",check,check,,1790779863589,True,True,True,1790779863813,1790779858626,4963,224,,False,False
PlMiosUXOX3jddmqtCqgK3g7,3PCEl9qsy2F6WYA-KnH4PjRB,326,2,flop,2,1,"[{""type"": ""luna_attempt"", ""handOrdinal"": 326, ""decisionOrdinal"": 2, ""street"": ""flop"", ""visibleLegalButtonLabels"": [""check"", ""Min · 1 BB"", ""Pot · 2 BB""], ""attemptedButtonLabel"": ""Min · 1 BB"", ""attemptedAtMs"": 1790779870544, ""lastRenderedAtMs"": 1790779863894}]","[""9c"", ""2h""]","[""8s"", ""9d"", ""3d""]","[{""name"": ""check"", ""kind"": ""check"", ""raiseTo"": null}, {""name"": ""min"", ""kind"": ""raise"", ""raiseTo"": 100}, {""name"": ""pot"", ""kind"": ""raise"", ""raiseTo"": 200}]","[""check"", ""Min · 1 BB"", ""Pot · 2 BB""]",Min · 1 BB,raise,100,1790779870544,True,True,True,1790779870886,1790779863894,6650,342,,False,False
PlMiosUXOX3jddmqtCqgK3g7,uInk7_tUtNEtzVhzQWOdBOc9,327,1,preflop,1,1,"[{""type"": ""luna_attempt"", ""handOrdinal"": 327, ""decisionOrdinal"": 1, ""street"": ""preflop"", ""visibleLegalButtonLabels"": [""Fold"", ""Call 0.50 BB"", ""Min · 2 BB"", ""Pot · 3 BB""], ""attemptedButtonLabel"": ""Min · 2 BB"", ""attemptedAtMs"": 1790779880197, ""lastRenderedAtMs"": 1790779874919}]","[""3c"", ""Qh""]",[],"[{""name"": ""fold"", ""kind"": ""fold"", ""raiseTo"": null}, {""name"": ""call"", ""kind"": ""call"", ""raiseTo"": null}, {""name"": ""min"", ""kind"": ""raise"", ""raiseTo"": 200}, {""name"": ""pot"", ""kind"": ""raise"", ""raiseTo"": 300}]","[""Fold"", ""Call 0.50 BB"", ""Min · 2 BB"", ""Pot · 3 BB""]",Min · 2 BB,raise,200,1790779880197,True,True,True,1790779880500,1790779874919,5278,303,,False,False
PlMiosUXOX3jddmqtCqgK3g7,uInk7_tUtNEtzVhzQWOdBOc9,327,2,flop,2,1,"[{""type"": ""luna_attempt"", ""handOrdinal"": 327, ""decisionOrdinal"": 2, ""street"": ""flop"", ""visibleLegalButtonLabels"": [""check"", ""Min · 1 BB"", ""Pot · 4 BB""], ""attemptedButtonLabel"": ""Min · 1 BB"", ""attemptedAtMs"": 1790779886802, ""lastRenderedAtMs"": 1790779880585}]","[""3c"", ""Qh""]","[""7h"", ""As"", ""7c""]","[{""name"": ""check"", ""kind"": ""check"", ""raiseTo"": null}, {""name"": ""min"", ""kind"": ""raise"", ""raiseTo"": 100}, {""name"": ""pot"", ""kind"": ""raise"", ""raiseTo"": 400}]","[""check"", ""Min · 1 BB"", ""Pot · 4 BB""]",Min · 1 BB,raise,100,1790779886802,True,True,True,1790779887075,1790779880585,6217,273,,False,False
PlMiosUXOX3jddmqtCqgK3g7,uInk7_tUtNEtzVhzQWOdBOc9,327,3,flop,3,1,"[{""type"": ""luna_attempt"", ""handOrdinal"": 327, ""decisionOrdinal"": 3, ""street"": ""flop"", ""visibleLegalButtonLabels"": [""Fold"", ""Call 6 BB"", ""Min · 13 BB"", ""Pot · 18 BB""], ""attemptedButtonLabel"": ""Fold"", ""attemptedAtMs"": 1790779892799, ""lastRenderedAtMs"": 1790779887161}]","[""3c"", ""Qh""]","[""7h"", ""As"", ""7c""]","[{""name"": ""fold"", ""kind"": ""fold"", ""raiseTo"": null}, {""name"": ""call"", ""kind"": ""call"", ""raiseTo"": null}, {""name"": ""min"", ""kind"": ""raise"", ""raiseTo"": 1300}, {""name"": ""pot"", ""kind"": ""raise"", ""raiseTo"": 1800}]","[""Fold"", ""Call 6 BB"", ""Min · 13 BB"", ""Pot · 18 BB""]",Fold,fold,,1790779892799,True,True,True,1790779893015,1790779887161,5638,216,,False,False
PlMiosUXOX3jddmqtCqgK3g7,viHoHz0Ao1VZBgIiAyonKZww,328,1,preflop,1,1,"[{""type"": ""luna_attempt"", ""handOrdinal"": 328, ""decisionOrdinal"": 1, ""street"": ""preflop"", ""visibleLegalButtonLabels"": [""Fold"", ""Call 2 BB"", ""Min · 5 BB"", ""Pot · 9 BB""], ""attemptedButtonLabel"": ""Call 2 BB"", ""attemptedAtMs"": 1790779902474, ""lastRenderedAtMs"": 1790779895962}]","[""Tc"", ""Qd""]",[],"[{""name"": ""fold"", ""kind"": ""fold"", ""raiseTo"": null}, {""name"": ""call"", ""kind"": ""call"", ""raiseTo"": null}, {""name"": ""min"", ""kind"": ""raise"", ""raiseTo"": 500}, {""name"": ""pot"", ""kind"": ""raise"", ""raiseTo"": 900}]","[""Fold"", ""Call 2 BB"", ""Min · 5 BB"", ""Pot · 9 BB""]",Call 2 BB,call,,1790779902474,True,True,True,1790779902862,1790779895962,6512,388,,False,False
PlMiosUXOX3jddmqtCqgK3g7,viHoHz0Ao1VZBgIiAyonKZww,328,2,flop,2,1,"[{""type"": ""luna_attempt"", ""handOrdinal"": 328, ""decisionOrdinal"": 2, ""street"": ""flop"", ""visibleLegalButtonLabels"": [""check"", ""Min · 1 BB"", ""Pot · 6 BB""], ""attemptedButtonLabel"": ""check"", ""attemptedAtMs"": 1790779908580, ""lastRenderedAtMs"": 1790779902949}]","[""Tc"", ""Qd""]","[""Qs"", ""Ad"", ""6h""]","[{""name"": ""check"", ""kind"": ""check"", ""raiseTo"": null}, {""name"": ""min"", ""kind"": ""raise"", ""raiseTo"": 100}, {""name"": ""pot"", ""kind"": ""raise"", ""raiseTo"": 600}]","[""check"", ""Min · 1 BB"", ""Pot · 6 BB""]",check,check,,1790779908580,True,True,True,1790779908792,1790779902949,5631,212,,False,False
PlMiosUXOX3jddmqtCqgK3g7,viHoHz0Ao1VZBgIiAyonKZww,328,3,turn,3,1,"[{""type"": ""luna_attempt"", ""handOrdinal"": 328, ""decisionOrdinal"": 3, ""street"": ""turn"", ""visibleLegalButtonLabels"": [""check"", ""Min · 1 BB"", ""Pot · 6 BB""], ""attemptedButtonLabel"": ""Min · 1 BB"", ""attemptedAtMs"": 1790779915143, ""lastRenderedAtMs"": 1790779908904}]","[""Tc"", ""Qd""]","[""Qs"", ""Ad"", ""6h"", ""2s""]","[{""name"": ""check"", ""kind"": ""check"", ""raiseTo"": null}, {""name"": ""min"", ""kind"": ""raise"", ""raiseTo"": 100}, {""name"": ""pot"", ""kind"": ""raise"", ""raiseTo"": 600}]","[""check"", ""Min · 1 BB"", ""Pot · 6 BB""]",Min · 1 BB,raise,100,1790779915143,True,True,True,1790779915519,1790779908904,6239,376,,False,False
PlMiosUXOX3jddmqtCqgK3g7,viHoHz0Ao1VZBgIiAyonKZww,328,4,river,4,1,"[{""type"": ""luna_attempt"", ""handOrdinal"": 328, ""decisionOrdinal"": 4, ""street"": ""river"", ""visibleLegalButtonLabels"": [""check"", ""Min · 1 BB"", ""Pot · 8 BB"", ""Jam · 16 BB""], ""attemptedButtonLabel"": ""check"", ""attemptedAtMs"": 1790779924108, ""lastRenderedAtMs"": 1790779915610}]","[""Tc"", ""Qd""]","[""Qs"", ""Ad"", ""6h"", ""2s"", ""8s""]","[{""name"": ""check"", ""kind"": ""check"", ""raiseTo"": null}, {""name"": ""min"", ""kind"": ""raise"", ""raiseTo"": 100}, {""name"": ""pot"", ""kind"": ""raise"", ""raiseTo"": 800}, {""name"": ""jam"", ""kind"": ""raise"", ""raiseTo"": 1600}]","[""check"", ""Min · 1 BB"", ""Pot · 8 BB"", ""Jam · 16 BB""]",check,check,,1790779924108,True,True,True,1790779924320,1790779915610,8498,212,,False,False
PlMiosUXOX3jddmqtCqgK3g7,J3fZUdV0hHacT4zTMYkO_dDZ,329,1,preflop,1,1,"[{""type"": ""luna_attempt"", ""handOrdinal"": 329, ""decisionOrdinal"": 1, ""street"": ""preflop"", ""visibleLegalButtonLabels"": [""Fold"", ""Call 0.50 BB"", ""Min · 2 BB"", ""Pot · 3 BB""], ""attemptedButtonLabel"": ""Min · 2 BB"", ""attemptedAtMs"": 1790779932462, ""lastRenderedAtMs"": 1790779927265}]","[""7d"", ""9d""]",[],"[{""name"": ""fold"", ""kind"": ""fold"", ""raiseTo"": null}, {""name"": ""call"", ""kind"": ""call"", ""raiseTo"": null}, {""name"": ""min"", ""kind"": ""raise"", ""raiseTo"": 200}, {""name"": ""pot"", ""kind"": ""raise"", ""raiseTo"": 300}]","[""Fold"", ""Call 0.50 BB"", ""Min · 2 BB"", ""Pot · 3 BB""]",Min · 2 BB,raise,200,1790779932462,True,True,True,1790779932842,1790779927265,5197,380,,False,False
PlMiosUXOX3jddmqtCqgK3g7,J3fZUdV0hHacT4zTMYkO_dDZ,329,2,flop,2,1,"[{""type"": ""luna_attempt"", ""handOrdinal"": 329, ""decisionOrdinal"": 2, ""street"": ""flop"", ""visibleLegalButtonLabels"": [""check"", ""Min · 1 BB"", ""Pot · 4 BB""], ""attemptedButtonLabel"": ""Min · 1 BB"", ""attemptedAtMs"": 1790779943143, ""lastRenderedAtMs"": 1790779932927}]","[""7d"", ""9d""]","[""Jc"", ""Qd"", ""5d""]","[{""name"": ""check"", ""kind"": ""check"", ""raiseTo"": null}, {""name"": ""min"", ""kind"": ""raise"", ""raiseTo"": 100}, {""name"": ""pot"", ""kind"": ""raise"", ""raiseTo"": 400}]","[""check"", ""Min · 1 BB"", ""Pot · 4 BB""]",Min · 1 BB,raise,100,1790779943143,True,True,True,1790779943473,1790779932927,10216,330,,False,False
PlMiosUXOX3jddmqtCqgK3g7,J3fZUdV0hHacT4zTMYkO_dDZ,329,3,turn,3,1,"[{""type"": ""luna_attempt"", ""handOrdinal"": 329, ""decisionOrdinal"": 3, ""street"": ""turn"", ""visibleLegalButtonLabels"": [""check"", ""Min · 1 BB"", ""Pot · 6 BB""], ""attemptedButtonLabel"": ""Pot · 6 BB"", ""attemptedAtMs"": 1790779950457, ""lastRenderedAtMs"": 1790779943555}]","[""7d"", ""9d""]","[""Jc"", ""Qd"", ""5d"", ""As""]","[{""name"": ""check"", ""kind"": ""check"", ""raiseTo"": null}, {""name"": ""min"", ""kind"": ""raise"", ""raiseTo"": 100}, {""name"": ""pot"", ""kind"": ""raise"", ""raiseTo"": 600}]","[""check"", ""Min · 1 BB"", ""Pot · 6 BB""]",Pot · 6 BB,raise,600,1790779950457,True,True,True,1790779950657,1790779943555,6902,200,,False,False
PlMiosUXOX3jddmqtCqgK3g7,jNMk7USBNxzd9w0JMHN6c2wx,331,1,preflop,1,1,"[{""type"": ""luna_attempt"", ""handOrdinal"": 331, ""decisionOrdinal"": 1, ""street"": ""preflop"", ""visibleLegalButtonLabels"": [""Fold"", ""Call 0.50 BB"", ""Min · 2 BB"", ""Pot · 3 BB""], ""attemptedButtonLabel"": ""Min · 2 BB"", ""attemptedAtMs"": 1790779965068, ""lastRenderedAtMs"": 1790779959495}]","[""Jh"", ""4h""]",[],"[{""name"": ""fold"", ""kind"": ""fold"", ""raiseTo"": null}, {""name"": ""call"", ""kind"": ""call"", ""raiseTo"": null}, {""name"": ""min"", ""kind"": ""raise"", ""raiseTo"": 200}, {""name"": ""pot"", ""kind"": ""raise"", ""raiseTo"": 300}]","[""Fold"", ""Call 0.50 BB"", ""Min · 2 BB"", ""Pot · 3 BB""]",Min · 2 BB,raise,200,1790779965068,True,True,True,1790779965299,1790779959495,5573,231,,False,False
PlMiosUXOX3jddmqtCqgK3g7,PmF6_AeJnuMt5KMHffGfnbOL,332,1,preflop,1,1,"[{""type"": ""luna_attempt"", ""handOrdinal"": 332, ""decisionOrdinal"": 1, ""street"": ""preflop"", ""visibleLegalButtonLabels"": [""check"", ""Min · 2 BB"", ""Pot · 3 BB""], ""attemptedButtonLabel"": ""check"", ""attemptedAtMs"": 1790779975637, ""lastRenderedAtMs"": 1790779970165}]","[""5c"", ""7d""]",[],"[{""name"": ""check"", ""kind"": ""check"", ""raiseTo"": null}, {""name"": ""min"", ""kind"": ""raise"", ""raiseTo"": 200}, {""name"": ""pot"", ""kind"": ""raise"", ""raiseTo"": 300}]","[""check"", ""Min · 2 BB"", ""Pot · 3 BB""]",check,check,,1790779975637,True,True,True,1790779975960,1790779970165,5472,323,,False,False
PlMiosUXOX3jddmqtCqgK3g7,PmF6_AeJnuMt5KMHffGfnbOL,332,2,flop,2,1,"[{""type"": ""luna_attempt"", ""handOrdinal"": 332, ""decisionOrdinal"": 2, ""street"": ""flop"", ""visibleLegalButtonLabels"": [""check"", ""Min · 1 BB"", ""Pot · 2 BB""], ""attemptedButtonLabel"": ""Min · 1 BB"", ""attemptedAtMs"": 1790779982602, ""lastRenderedAtMs"": 1790779976019}]","[""5c"", ""7d""]","[""Qs"", ""5d"", ""3c""]","[{""name"": ""check"", ""kind"": ""check"", ""raiseTo"": null}, {""name"": ""min"", ""kind"": ""raise"", ""raiseTo"": 100}, {""name"": ""pot"", ""kind"": ""raise"", ""raiseTo"": 200}]","[""check"", ""Min · 1 BB"", ""Pot · 2 BB""]",Min · 1 BB,raise,100,1790779982602,True,True,True,1790779982938,1790779976019,6583,336,,False,False
PlMiosUXOX3jddmqtCqgK3g7,owXKPUhie6rCzO2ke1L3-Gva,333,1,preflop,1,1,"[{""type"": ""luna_attempt"", ""handOrdinal"": 333, ""decisionOrdinal"": 1, ""street"": ""preflop"", ""visibleLegalButtonLabels"": [""Fold"", ""Call 0.50 BB"", ""Min · 2 BB"", ""Pot · 3 BB""], ""attemptedButtonLabel"": ""Min · 2 BB"", ""attemptedAtMs"": 1790779992382, ""lastRenderedAtMs"": 1790779987064}]","[""Qc"", ""8d""]",[],"[{""name"": ""fold"", ""kind"": ""fold"", ""raiseTo"": null}, {""name"": ""call"", ""kind"": ""call"", ""raiseTo"": null}, {""name"": ""min"", ""kind"": ""raise"", ""raiseTo"": 200}, {""name"": ""pot"", ""kind"": ""raise"", ""raiseTo"": 300}]","[""Fold"", ""Call 0.50 BB"", ""Min · 2 BB"", ""Pot · 3 BB""]",Min · 2 BB,raise,200,1790779992382,True,True,True,1790779992730,1790779987064,5318,348,,False,False
PlMiosUXOX3jddmqtCqgK3g7,owXKPUhie6rCzO2ke1L3-Gva,333,2,flop,2,1,"[{""type"": ""luna_attempt"", ""handOrdinal"": 333, ""decisionOrdinal"": 2, ""street"": ""flop"", ""visibleLegalButtonLabels"": [""check"", ""Min · 1 BB"", ""Pot · 4 BB""], ""attemptedButtonLabel"": ""Min · 1 BB"", ""attemptedAtMs"": 1790779998629, ""lastRenderedAtMs"": 1790779992836}]","[""Qc"", ""8d""]","[""3s"", ""2d"", ""2c""]","[{""name"": ""check"", ""kind"": ""check"", ""raiseTo"": null}, {""name"": ""min"", ""kind"": ""raise"", ""raiseTo"": 100}, {""name"": ""pot"", ""kind"": ""raise"", ""raiseTo"": 400}]","[""check"", ""Min · 1 BB"", ""Pot · 4 BB""]",Min · 1 BB,raise,100,1790779998629,True,True,True,1790779999024,1790779992836,5793,395,,False,False
PlMiosUXOX3jddmqtCqgK3g7,owXKPUhie6rCzO2ke1L3-Gva,333,3,turn,3,1,"[{""type"": ""luna_attempt"", ""handOrdinal"": 333, ""decisionOrdinal"": 3, ""street"": ""turn"", ""visibleLegalButtonLabels"": [""Fold"", ""Call 1 BB"", ""Min · 2 BB"", ""Pot · 9 BB"", ""Jam · 17 BB""], ""attemptedButtonLabel"": ""Call 1 BB"", ""attemptedAtMs"": 1790780005752, ""lastRenderedAtMs"": 1790779999105}]","[""Qc"", ""8d""]","[""3s"", ""2d"", ""2c"", ""6h""]","[{""name"": ""fold"", ""kind"": ""fold"", ""raiseTo"": null}, {""name"": ""call"", ""kind"": ""call"", ""raiseTo"": null}, {""name"": ""min"", ""kind"": ""raise"", ""raiseTo"": 200}, {""name"": ""pot"", ""kind"": ""raise"", ""raiseTo"": 900}, {""name"": ""jam"", ""kind"": ""raise"", ""raiseTo"": 1700}]","[""Fold"", ""Call 1 BB"", ""Min · 2 BB"", ""Pot · 9 BB"", ""Jam · 17 BB""]",Call 1 BB,call,,1790780005752,True,True,True,1790780006016,1790779999105,6647,264,,False,False
PlMiosUXOX3jddmqtCqgK3g7,owXKPUhie6rCzO2ke1L3-Gva,333,4,river,4,1,"[{""type"": ""luna_attempt"", ""handOrdinal"": 333, ""decisionOrdinal"": 4, ""street"": ""river"", ""visibleLegalButtonLabels"": [""check"", ""Min · 1 BB"", ""Pot · 8 BB"", ""Jam · 16 BB""], ""attemptedButtonLabel"": ""Min · 1 BB"", ""attemptedAtMs"": 1790780013389, ""lastRenderedAtMs"": 1790780006101}]","[""Qc"", ""8d""]","[""3s"", ""2d"", ""2c"", ""6h"", ""9h""]","[{""name"": ""check"", ""kind"": ""check"", ""raiseTo"": null}, {""name"": ""min"", ""kind"": ""raise"", ""raiseTo"": 100}, {""name"": ""pot"", ""kind"": ""raise"", ""raiseTo"": 800}, {""name"": ""jam"", ""kind"": ""raise"", ""raiseTo"": 1600}]","[""check"", ""Min · 1 BB"", ""Pot · 8 BB"", ""Jam · 16 BB""]",Min · 1 BB,raise,100,1790780013389,True,True,True,1790780013712,1790780006101,7288,323,,False,False
PlMiosUXOX3jddmqtCqgK3g7,owXKPUhie6rCzO2ke1L3-Gva,333,5,river,5,1,"[{""type"": ""luna_attempt"", ""handOrdinal"": 333, ""decisionOrdinal"": 5, ""street"": ""river"", ""visibleLegalButtonLabels"": [""Fold"", ""Call 1 BB"", ""Min · 3 BB"", ""Pot · 14 BB"", ""Jam · 16 BB""], ""attemptedButtonLabel"": ""Call 1 BB"", ""attemptedAtMs"": 1790780024871, ""lastRenderedAtMs"": 1790780013795}]","[""Qc"", ""8d""]","[""3s"", ""2d"", ""2c"", ""6h"", ""9h""]","[{""name"": ""fold"", ""kind"": ""fold"", ""raiseTo"": null}, {""name"": ""call"", ""kind"": ""call"", ""raiseTo"": null}, {""name"": ""min"", ""kind"": ""raise"", ""raiseTo"": 300}, {""name"": ""pot"", ""kind"": ""raise"", ""raiseTo"": 1400}, {""name"": ""jam"", ""kind"": ""raise"", ""raiseTo"": 1600}]","[""Fold"", ""Call 1 BB"", ""Min · 3 BB"", ""Pot · 14 BB"", ""Jam · 16 BB""]",Call 1 BB,call,,1790780024871,True,True,True,1790780025162,1790780013795,11076,291,,False,False
PlMiosUXOX3jddmqtCqgK3g7,WUqjHCp70HUDMdXvaZ7_-9aZ,335,1,preflop,1,1,"[{""type"": ""luna_attempt"", ""handOrdinal"": 335, ""decisionOrdinal"": 1, ""street"": ""preflop"", ""visibleLegalButtonLabels"": [""Fold"", ""Call 0.50 BB"", ""Min · 2 BB"", ""Pot · 3 BB""], ""attemptedButtonLabel"": ""Min · 2 BB"", ""attemptedAtMs"": 1790780038221, ""lastRenderedAtMs"": 1790780033041}]","[""Jd"", ""6d""]",[],"[{""name"": ""fold"", ""kind"": ""fold"", ""raiseTo"": null}, {""name"": ""call"", ""kind"": ""call"", ""raiseTo"": null}, {""name"": ""min"", ""kind"": ""raise"", ""raiseTo"": 200}, {""name"": ""pot"", ""kind"": ""raise"", ""raiseTo"": 300}]","[""Fold"", ""Call 0.50 BB"", ""Min · 2 BB"", ""Pot · 3 BB""]",Min · 2 BB,raise,200,1790780038221,True,True,True,1790780038566,1790780033041,5180,345,,False,False
PlMiosUXOX3jddmqtCqgK3g7,4HeetAUh2VwqwaB006foBoUi,336,1,preflop,1,1,"[{""type"": ""luna_attempt"", ""handOrdinal"": 336, ""decisionOrdinal"": 1, ""street"": ""preflop"", ""visibleLegalButtonLabels"": [""Fold"", ""Call 1 BB"", ""Min · 3 BB"", ""Pot · 6 BB""], ""attemptedButtonLabel"": ""Call 1 BB"", ""attemptedAtMs"": 1790780047121, ""lastRenderedAtMs"": 1790780041594}]","[""8c"", ""8d""]",[],"[{""name"": ""fold"", ""kind"": ""fold"", ""raiseTo"": null}, {""name"": ""call"", ""kind"": ""call"", ""raiseTo"": null}, {""name"": ""min"", ""kind"": ""raise"", ""raiseTo"": 300}, {""name"": ""pot"", ""kind"": ""raise"", ""raiseTo"": 600}]","[""Fold"", ""Call 1 BB"", ""Min · 3 BB"", ""Pot · 6 BB""]",Call 1 BB,call,,1790780047121,True,True,True,1790780047304,1790780041594,5527,183,,False,False
PlMiosUXOX3jddmqtCqgK3g7,4HeetAUh2VwqwaB006foBoUi,336,2,flop,2,1,"[{""type"": ""luna_attempt"", ""handOrdinal"": 336, ""decisionOrdinal"": 2, ""street"": ""flop"", ""visibleLegalButtonLabels"": [""check"", ""Min · 1 BB"", ""Pot · 4 BB""], ""attemptedButtonLabel"": ""Min · 1 BB"", ""attemptedAtMs"": 1790780053270, ""lastRenderedAtMs"": 1790780047401}]","[""8c"", ""8d""]","[""3s"", ""3d"", ""4d""]","[{""name"": ""check"", ""kind"": ""check"", ""raiseTo"": null}, {""name"": ""min"", ""kind"": ""raise"", ""raiseTo"": 100}, {""name"": ""pot"", ""kind"": ""raise"", ""raiseTo"": 400}]","[""check"", ""Min · 1 BB"", ""Pot · 4 BB""]",Min · 1 BB,raise,100,1790780053270,True,True,True,1790780053567,1790780047401,5869,297,,False,False
PlMiosUXOX3jddmqtCqgK3g7,4HeetAUh2VwqwaB006foBoUi,336,3,turn,3,1,"[{""type"": ""luna_attempt"", ""handOrdinal"": 336, ""decisionOrdinal"": 3, ""street"": ""turn"", ""visibleLegalButtonLabels"": [""check"", ""Min · 1 BB"", ""Pot · 6 BB""], ""attemptedButtonLabel"": ""check"", ""attemptedAtMs"": 1790780060718, ""lastRenderedAtMs"": 1790780053675}]","[""8c"", ""8d""]","[""3s"", ""3d"", ""4d"", ""Kd""]","[{""name"": ""check"", ""kind"": ""check"", ""raiseTo"": null}, {""name"": ""min"", ""kind"": ""raise"", ""raiseTo"": 100}, {""name"": ""pot"", ""kind"": ""raise"", ""raiseTo"": 600}]","[""check"", ""Min · 1 BB"", ""Pot · 6 BB""]",check,check,,1790780060718,True,True,True,1790780061040,1790780053675,7043,322,,False,False
PlMiosUXOX3jddmqtCqgK3g7,4HeetAUh2VwqwaB006foBoUi,336,4,turn,4,1,"[{""type"": ""luna_attempt"", ""handOrdinal"": 336, ""decisionOrdinal"": 4, ""street"": ""turn"", ""visibleLegalButtonLabels"": [""Fold"", ""Call 1 BB"", ""Min · 2 BB"", ""Pot · 9 BB"", ""Jam · 17 BB""], ""attemptedButtonLabel"": ""Call 1 BB"", ""attemptedAtMs"": 1790780069052, ""lastRenderedAtMs"": 1790780061070}]","[""8c"", ""8d""]","[""3s"", ""3d"", ""4d"", ""Kd""]","[{""name"": ""fold"", ""kind"": ""fold"", ""raiseTo"": null}, {""name"": ""call"", ""kind"": ""call"", ""raiseTo"": null}, {""name"": ""min"", ""kind"": ""raise"", ""raiseTo"": 200}, {""name"": ""pot"", ""kind"": ""raise"", ""raiseTo"": 900}, {""name"": ""jam"", ""kind"": ""raise"", ""raiseTo"": 1700}]","[""Fold"", ""Call 1 BB"", ""Min · 2 BB"", ""Pot · 9 BB"", ""Jam · 17 BB""]",Call 1 BB,call,,1790780069052,True,True,True,1790780069330,1790780061070,7982,278,,False,False
PlMiosUXOX3jddmqtCqgK3g7,4HeetAUh2VwqwaB006foBoUi,336,5,river,5,1,"[{""type"": ""luna_attempt"", ""handOrdinal"": 336, ""decisionOrdinal"": 5, ""street"": ""river"", ""visibleLegalButtonLabels"": [""check"", ""Min · 1 BB"", ""Pot · 8 BB"", ""Jam · 16 BB""], ""attemptedButtonLabel"": ""check"", ""attemptedAtMs"": 1790780077147, ""lastRenderedAtMs"": 1790780069430}]","[""8c"", ""8d""]","[""3s"", ""3d"", ""4d"", ""Kd"", ""As""]","[{""name"": ""check"", ""kind"": ""check"", ""raiseTo"": null}, {""name"": ""min"", ""kind"": ""raise"", ""raiseTo"": 100}, {""name"": ""pot"", ""kind"": ""raise"", ""raiseTo"": 800}, {""name"": ""jam"", ""kind"": ""raise"", ""raiseTo"": 1600}]","[""check"", ""Min · 1 BB"", ""Pot · 8 BB"", ""Jam · 16 BB""]",check,check,,1790780077147,True,True,True,1790780077512,1790780069430,7717,365,,False,False
PlMiosUXOX3jddmqtCqgK3g7,4HeetAUh2VwqwaB006foBoUi,336,6,river,6,1,"[{""type"": ""luna_attempt"", ""handOrdinal"": 336, ""decisionOrdinal"": 6, ""street"": ""river"", ""visibleLegalButtonLabels"": [""Fold"", ""Call 16 BB""], ""attemptedButtonLabel"": ""Fold"", ""attemptedAtMs"": 1790780083483, ""lastRenderedAtMs"": 1790780077610}]","[""8c"", ""8d""]","[""3s"", ""3d"", ""4d"", ""Kd"", ""As""]","[{""name"": ""fold"", ""kind"": ""fold"", ""raiseTo"": null}, {""name"": ""call"", ""kind"": ""call"", ""raiseTo"": null}]","[""Fold"", ""Call 16 BB""]",Fold,fold,,1790780083483,True,True,True,1790780083686,1790780077610,5873,203,,False,False
PlMiosUXOX3jddmqtCqgK3g7,KC5oJ0qlCFvRYLKlwJqqve9V,337,1,preflop,1,1,"[{""type"": ""luna_attempt"", ""handOrdinal"": 337, ""decisionOrdinal"": 1, ""street"": ""preflop"", ""visibleLegalButtonLabels"": [""Fold"", ""Call 0.50 BB"", ""Min · 2 BB"", ""Pot · 3 BB""], ""attemptedButtonLabel"": ""Call 0.50 BB"", ""attemptedAtMs"": 1790780093946, ""lastRenderedAtMs"": 1790780087204}]","[""3s"", ""5c""]",[],"[{""name"": ""fold"", ""kind"": ""fold"", ""raiseTo"": null}, {""name"": ""call"", ""kind"": ""call"", ""raiseTo"": null}, {""name"": ""min"", ""kind"": ""raise"", ""raiseTo"": 200}, {""name"": ""pot"", ""kind"": ""raise"", ""raiseTo"": 300}]","[""Fold"", ""Call 0.50 BB"", ""Min · 2 BB"", ""Pot · 3 BB""]",Call 0.50 BB,call,,1790780093946,True,True,True,1790780094208,1790780087204,6742,262,,False,False
PlMiosUXOX3jddmqtCqgK3g7,KC5oJ0qlCFvRYLKlwJqqve9V,337,2,flop,2,1,"[{""type"": ""luna_attempt"", ""handOrdinal"": 337, ""decisionOrdinal"": 2, ""street"": ""flop"", ""visibleLegalButtonLabels"": [""check"", ""Min · 1 BB"", ""Pot · 2 BB""], ""attemptedButtonLabel"": ""check"", ""attemptedAtMs"": 1790780099990, ""lastRenderedAtMs"": 1790780094270}]","[""3s"", ""5c""]","[""Th"", ""5d"", ""6h""]","[{""name"": ""check"", ""kind"": ""check"", ""raiseTo"": null}, {""name"": ""min"", ""kind"": ""raise"", ""raiseTo"": 100}, {""name"": ""pot"", ""kind"": ""raise"", ""raiseTo"": 200}]","[""check"", ""Min · 1 BB"", ""Pot · 2 BB""]",check,check,,1790780099990,True,True,True,1790780100233,1790780094270,5720,243,,False,False
PlMiosUXOX3jddmqtCqgK3g7,KC5oJ0qlCFvRYLKlwJqqve9V,337,3,turn,3,1,"[{""type"": ""luna_attempt"", ""handOrdinal"": 337, ""decisionOrdinal"": 3, ""street"": ""turn"", ""visibleLegalButtonLabels"": [""check"", ""Min · 1 BB"", ""Pot · 2 BB""], ""attemptedButtonLabel"": ""Pot · 2 BB"", ""attemptedAtMs"": 1790780107610, ""lastRenderedAtMs"": 1790780100330}]","[""3s"", ""5c""]","[""Th"", ""5d"", ""6h"", ""5s""]","[{""name"": ""check"", ""kind"": ""check"", ""raiseTo"": null}, {""name"": ""min"", ""kind"": ""raise"", ""raiseTo"": 100}, {""name"": ""pot"", ""kind"": ""raise"", ""raiseTo"": 200}]","[""check"", ""Min · 1 BB"", ""Pot · 2 BB""]",Pot · 2 BB,raise,200,1790780107610,True,True,True,1790780107933,1790780100330,7280,323,,False,False
PlMiosUXOX3jddmqtCqgK3g7,KC5oJ0qlCFvRYLKlwJqqve9V,337,4,turn,4,1,"[{""type"": ""luna_attempt"", ""handOrdinal"": 337, ""decisionOrdinal"": 4, ""street"": ""turn"", ""visibleLegalButtonLabels"": [""Fold"", ""Call 2 BB"", ""Min · 6 BB"", ""Pot · 14 BB"", ""Jam · 19 BB""], ""attemptedButtonLabel"": ""Call 2 BB"", ""attemptedAtMs"": 1790780116698, ""lastRenderedAtMs"": 1790780108027}]","[""3s"", ""5c""]","[""Th"", ""5d"", ""6h"", ""5s""]","[{""name"": ""fold"", ""kind"": ""fold"", ""raiseTo"": null}, {""name"": ""call"", ""kind"": ""call"", ""raiseTo"": null}, {""name"": ""min"", ""kind"": ""raise"", ""raiseTo"": 600}, {""name"": ""pot"", ""kind"": ""raise"", ""raiseTo"": 1400}, {""name"": ""jam"", ""kind"": ""raise"", ""raiseTo"": 1900}]","[""Fold"", ""Call 2 BB"", ""Min · 6 BB"", ""Pot · 14 BB"", ""Jam · 19 BB""]",Call 2 BB,call,,1790780116698,True,True,True,1790780117020,1790780108027,8671,322,,False,False
PlMiosUXOX3jddmqtCqgK3g7,KC5oJ0qlCFvRYLKlwJqqve9V,337,5,river,5,1,"[{""type"": ""luna_attempt"", ""handOrdinal"": 337, ""decisionOrdinal"": 5, ""street"": ""river"", ""visibleLegalButtonLabels"": [""check"", ""Min · 1 BB"", ""Pot · 10 BB"", ""Jam · 15 BB""], ""attemptedButtonLabel"": ""check"", ""attemptedAtMs"": 1790780125457, ""lastRenderedAtMs"": 1790780117115}]","[""3s"", ""5c""]","[""Th"", ""5d"", ""6h"", ""5s"", ""9c""]","[{""name"": ""check"", ""kind"": ""check"", ""raiseTo"": null}, {""name"": ""min"", ""kind"": ""raise"", ""raiseTo"": 100}, {""name"": ""pot"", ""kind"": ""raise"", ""raiseTo"": 1000}, {""name"": ""jam"", ""kind"": ""raise"", ""raiseTo"": 1500}]","[""check"", ""Min · 1 BB"", ""Pot · 10 BB"", ""Jam · 15 BB""]",check,check,,1790780125457,True,True,True,1790780125809,1790780117115,8342,352,,False,False
PlMiosUXOX3jddmqtCqgK3g7,vHu-5V6VZzO9am__3LnIt8yU,339,1,preflop,1,1,"[{""type"": ""luna_attempt"", ""handOrdinal"": 339, ""decisionOrdinal"": 1, ""street"": ""preflop"", ""visibleLegalButtonLabels"": [""Fold"", ""Call 0.50 BB"", ""Min · 2 BB"", ""Pot · 3 BB""], ""attemptedButtonLabel"": ""Min · 2 BB"", ""attemptedAtMs"": 1790780137960, ""lastRenderedAtMs"": 1790780132277}]","[""Th"", ""4h""]",[],"[{""name"": ""fold"", ""kind"": ""fold"", ""raiseTo"": null}, {""name"": ""call"", ""kind"": ""call"", ""raiseTo"": null}, {""name"": ""min"", ""kind"": ""raise"", ""raiseTo"": 200}, {""name"": ""pot"", ""kind"": ""raise"", ""raiseTo"": 300}]","[""Fold"", ""Call 0.50 BB"", ""Min · 2 BB"", ""Pot · 3 BB""]",Min · 2 BB,raise,200,1790780137960,True,True,True,1790780138176,1790780132277,5683,216,,False,False
PlMiosUXOX3jddmqtCqgK3g7,vHu-5V6VZzO9am__3LnIt8yU,339,2,flop,2,1,"[{""type"": ""luna_attempt"", ""handOrdinal"": 339, ""decisionOrdinal"": 2, ""street"": ""flop"", ""visibleLegalButtonLabels"": [""Fold"", ""Call 1 BB"", ""Min · 2 BB"", ""Pot · 7 BB""], ""attemptedButtonLabel"": ""Fold"", ""attemptedAtMs"": 1790780145434, ""lastRenderedAtMs"": 1790780138218}]","[""Th"", ""4h""]","[""5c"", ""Qd"", ""3c""]","[{""name"": ""fold"", ""kind"": ""fold"", ""raiseTo"": null}, {""name"": ""call"", ""kind"": ""call"", ""raiseTo"": null}, {""name"": ""min"", ""kind"": ""raise"", ""raiseTo"": 200}, {""name"": ""pot"", ""kind"": ""raise"", ""raiseTo"": 700}]","[""Fold"", ""Call 1 BB"", ""Min · 2 BB"", ""Pot · 7 BB""]",Fold,fold,,1790780145434,True,True,True,1790780145711,1790780138218,7216,277,,False,False
PlMiosUXOX3jddmqtCqgK3g7,X7boTgq9ZnnDTbo_2KdqkkSE,340,1,preflop,1,1,"[{""type"": ""luna_attempt"", ""handOrdinal"": 340, ""decisionOrdinal"": 1, ""street"": ""preflop"", ""visibleLegalButtonLabels"": [""Fold"", ""Call 1 BB"", ""Min · 3 BB"", ""Pot · 6 BB""], ""attemptedButtonLabel"": ""Call 1 BB"", ""attemptedAtMs"": 1790780155017, ""lastRenderedAtMs"": 1790780149353}]","[""7s"", ""5s""]",[],"[{""name"": ""fold"", ""kind"": ""fold"", ""raiseTo"": null}, {""name"": ""call"", ""kind"": ""call"", ""raiseTo"": null}, {""name"": ""min"", ""kind"": ""raise"", ""raiseTo"": 300}, {""name"": ""pot"", ""kind"": ""raise"", ""raiseTo"": 600}]","[""Fold"", ""Call 1 BB"", ""Min · 3 BB"", ""Pot · 6 BB""]",Call 1 BB,call,,1790780155017,True,True,True,1790780155282,1790780149353,5664,265,,False,False
PlMiosUXOX3jddmqtCqgK3g7,X7boTgq9ZnnDTbo_2KdqkkSE,340,2,flop,2,1,"[{""type"": ""luna_attempt"", ""handOrdinal"": 340, ""decisionOrdinal"": 2, ""street"": ""flop"", ""visibleLegalButtonLabels"": [""check"", ""Min · 1 BB"", ""Pot · 4 BB""], ""attemptedButtonLabel"": ""check"", ""attemptedAtMs"": 1790780162443, ""lastRenderedAtMs"": 1790780155337}]","[""7s"", ""5s""]","[""8d"", ""Js"", ""2c""]","[{""name"": ""check"", ""kind"": ""check"", ""raiseTo"": null}, {""name"": ""min"", ""kind"": ""raise"", ""raiseTo"": 100}, {""name"": ""pot"", ""kind"": ""raise"", ""raiseTo"": 400}]","[""check"", ""Min · 1 BB"", ""Pot · 4 BB""]",check,check,,1790780162443,True,True,True,1790780162829,1790780155337,7106,386,,False,False
PlMiosUXOX3jddmqtCqgK3g7,X7boTgq9ZnnDTbo_2KdqkkSE,340,3,flop,3,1,"[{""type"": ""luna_attempt"", ""handOrdinal"": 340, ""decisionOrdinal"": 3, ""street"": ""flop"", ""visibleLegalButtonLabels"": [""Fold"", ""Call 1 BB"", ""Min · 2 BB"", ""Pot · 7 BB""], ""attemptedButtonLabel"": ""Fold"", ""attemptedAtMs"": 1790780168773, ""lastRenderedAtMs"": 1790780162907}]","[""7s"", ""5s""]","[""8d"", ""Js"", ""2c""]","[{""name"": ""fold"", ""kind"": ""fold"", ""raiseTo"": null}, {""name"": ""call"", ""kind"": ""call"", ""raiseTo"": null}, {""name"": ""min"", ""kind"": ""raise"", ""raiseTo"": 200}, {""name"": ""pot"", ""kind"": ""raise"", ""raiseTo"": 700}]","[""Fold"", ""Call 1 BB"", ""Min · 2 BB"", ""Pot · 7 BB""]",Fold,fold,,1790780168773,True,True,True,1790780169063,1790780162907,5866,290,,False,False
PlMiosUXOX3jddmqtCqgK3g7,LOg_W9tzrIK5o08N917kyhZ6,341,1,preflop,1,1,"[{""type"": ""luna_attempt"", ""handOrdinal"": 341, ""decisionOrdinal"": 1, ""street"": ""preflop"", ""visibleLegalButtonLabels"": [""Fold"", ""Call 0.50 BB"", ""Min · 2 BB"", ""Pot · 3 BB""], ""attemptedButtonLabel"": ""Min · 2 BB"", ""attemptedAtMs"": 1790780178731, ""lastRenderedAtMs"": 1790780172287}]","[""Qd"", ""Jh""]",[],"[{""name"": ""fold"", ""kind"": ""fold"", ""raiseTo"": null}, {""name"": ""call"", ""kind"": ""call"", ""raiseTo"": null}, {""name"": ""min"", ""kind"": ""raise"", ""raiseTo"": 200}, {""name"": ""pot"", ""kind"": ""raise"", ""raiseTo"": 300}]","[""Fold"", ""Call 0.50 BB"", ""Min · 2 BB"", ""Pot · 3 BB""]",Min · 2 BB,raise,200,1790780178731,True,True,True,1790780178954,1790780172287,6444,223,,False,False
PlMiosUXOX3jddmqtCqgK3g7,Rqguhxmfpax29eMu215pfAuW,342,1,preflop,1,1,"[{""type"": ""luna_attempt"", ""handOrdinal"": 342, ""decisionOrdinal"": 1, ""street"": ""preflop"", ""visibleLegalButtonLabels"": [""Fold"", ""Call 2 BB"", ""Min · 5 BB"", ""Pot · 9 BB""], ""attemptedButtonLabel"": ""Call 2 BB"", ""attemptedAtMs"": 1790780188594, ""lastRenderedAtMs"": 1790780182792}]","[""Jh"", ""Qc""]",[],"[{""name"": ""fold"", ""kind"": ""fold"", ""raiseTo"": null}, {""name"": ""call"", ""kind"": ""call"", ""raiseTo"": null}, {""name"": ""min"", ""kind"": ""raise"", ""raiseTo"": 500}, {""name"": ""pot"", ""kind"": ""raise"", ""raiseTo"": 900}]","[""Fold"", ""Call 2 BB"", ""Min · 5 BB"", ""Pot · 9 BB""]",Call 2 BB,call,,1790780188594,True,True,True,1790780188985,1790780182792,5802,391,,False,False
PlMiosUXOX3jddmqtCqgK3g7,Rqguhxmfpax29eMu215pfAuW,342,2,flop,2,1,"[{""type"": ""luna_attempt"", ""handOrdinal"": 342, ""decisionOrdinal"": 2, ""street"": ""flop"", ""visibleLegalButtonLabels"": [""check"", ""Min · 1 BB"", ""Pot · 6 BB""], ""attemptedButtonLabel"": ""check"", ""attemptedAtMs"": 1790780196515, ""lastRenderedAtMs"": 1790780189050}]","[""Jh"", ""Qc""]","[""8s"", ""Ad"", ""Th""]","[{""name"": ""check"", ""kind"": ""check"", ""raiseTo"": null}, {""name"": ""min"", ""kind"": ""raise"", ""raiseTo"": 100}, {""name"": ""pot"", ""kind"": ""raise"", ""raiseTo"": 600}]","[""check"", ""Min · 1 BB"", ""Pot · 6 BB""]",check,check,,1790780196515,True,True,True,1790780196865,1790780189050,7465,350,,False,False
PlMiosUXOX3jddmqtCqgK3g7,Rqguhxmfpax29eMu215pfAuW,342,3,flop,3,1,"[{""type"": ""luna_attempt"", ""handOrdinal"": 342, ""decisionOrdinal"": 3, ""street"": ""flop"", ""visibleLegalButtonLabels"": [""Fold"", ""Call 1 BB"", ""Min · 2 BB"", ""Pot · 9 BB""], ""attemptedButtonLabel"": ""Call 1 BB"", ""attemptedAtMs"": 1790780203826, ""lastRenderedAtMs"": 1790780196950}]","[""Jh"", ""Qc""]","[""8s"", ""Ad"", ""Th""]","[{""name"": ""fold"", ""kind"": ""fold"", ""raiseTo"": null}, {""name"": ""call"", ""kind"": ""call"", ""raiseTo"": null}, {""name"": ""min"", ""kind"": ""raise"", ""raiseTo"": 200}, {""name"": ""pot"", ""kind"": ""raise"", ""raiseTo"": 900}, {""name"": ""jam"", ""kind"": ""raise"", ""raiseTo"": 1700}]","[""Fold"", ""Call 1 BB"", ""Min · 2 BB"", ""Pot · 9 BB""]",Call 1 BB,call,,1790780203826,True,True,True,1790780204062,1790780196950,6876,236,,False,False
PlMiosUXOX3jddmqtCqgK3g7,Rqguhxmfpax29eMu215pfAuW,342,4,turn,4,1,"[{""type"": ""luna_attempt"", ""handOrdinal"": 342, ""decisionOrdinal"": 4, ""street"": ""turn"", ""visibleLegalButtonLabels"": [""check"", ""Min · 1 BB"", ""Pot · 8 BB"", ""Jam · 16 BB""], ""attemptedButtonLabel"": ""check"", ""attemptedAtMs"": 1790780211358, ""lastRenderedAtMs"": 1790780204903}]","[""Jh"", ""Qc""]","[""8s"", ""Ad"", ""Th"", ""2h""]","[{""name"": ""check"", ""kind"": ""check"", ""raiseTo"": null}, {""name"": ""min"", ""kind"": ""raise"", ""raiseTo"": 100}, {""name"": ""pot"", ""kind"": ""raise"", ""raiseTo"": 800}, {""name"": ""jam"", ""kind"": ""raise"", ""raiseTo"": 1600}]","[""check"", ""Min · 1 BB"", ""Pot · 8 BB"", ""Jam · 16 BB""]",check,check,,1790780211358,True,True,True,1790780211613,1790780204903,6455,255,,False,False
PlMiosUXOX3jddmqtCqgK3g7,Rqguhxmfpax29eMu215pfAuW,342,5,turn,5,1,"[{""type"": ""luna_attempt"", ""handOrdinal"": 342, ""decisionOrdinal"": 5, ""street"": ""turn"", ""visibleLegalButtonLabels"": [""Fold"", ""Call 8 BB"", ""Min · 16 BB""], ""attemptedButtonLabel"": ""Fold"", ""attemptedAtMs"": 1790780218769, ""lastRenderedAtMs"": 1790780211705}]","[""Jh"", ""Qc""]","[""8s"", ""Ad"", ""Th"", ""2h""]","[{""name"": ""fold"", ""kind"": ""fold"", ""raiseTo"": null}, {""name"": ""call"", ""kind"": ""call"", ""raiseTo"": null}, {""name"": ""min"", ""kind"": ""raise"", ""raiseTo"": 1600}]","[""Fold"", ""Call 8 BB"", ""Min · 16 BB""]",Fold,fold,,1790780218769,True,True,True,1790780219040,1790780211705,7064,271,,False,False
PlMiosUXOX3jddmqtCqgK3g7,-OYHAP4X14P4k_WqfC0tiNjY,343,1,preflop,1,1,"[{""type"": ""luna_attempt"", ""handOrdinal"": 343, ""decisionOrdinal"": 1, ""street"": ""preflop"", ""visibleLegalButtonLabels"": [""Fold"", ""Call 0.50 BB"", ""Min · 2 BB"", ""Pot · 3 BB""], ""attemptedButtonLabel"": ""Min · 2 BB"", ""attemptedAtMs"": 1790780228115, ""lastRenderedAtMs"": 1790780222457}]","[""Kh"", ""7c""]",[],"[{""name"": ""fold"", ""kind"": ""fold"", ""raiseTo"": null}, {""name"": ""call"", ""kind"": ""call"", ""raiseTo"": null}, {""name"": ""min"", ""kind"": ""raise"", ""raiseTo"": 200}, {""name"": ""pot"", ""kind"": ""raise"", ""raiseTo"": 300}]","[""Fold"", ""Call 0.50 BB"", ""Min · 2 BB"", ""Pot · 3 BB""]",Min · 2 BB,raise,200,1790780228115,True,True,True,1790780228322,1790780222457,5658,207,,False,False
PlMiosUXOX3jddmqtCqgK3g7,-OYHAP4X14P4k_WqfC0tiNjY,343,2,preflop,2,1,"[{""type"": ""luna_attempt"", ""handOrdinal"": 343, ""decisionOrdinal"": 2, ""street"": ""preflop"", ""visibleLegalButtonLabels"": [""Fold"", ""Call 1 BB"", ""Min · 4 BB"", ""Pot · 9 BB""], ""attemptedButtonLabel"": ""Call 1 BB"", ""attemptedAtMs"": 1790780236714, ""lastRenderedAtMs"": 1790780228415}]","[""Kh"", ""7c""]",[],"[{""name"": ""fold"", ""kind"": ""fold"", ""raiseTo"": null}, {""name"": ""call"", ""kind"": ""call"", ""raiseTo"": null}, {""name"": ""min"", ""kind"": ""raise"", ""raiseTo"": 400}, {""name"": ""pot"", ""kind"": ""raise"", ""raiseTo"": 900}]","[""Fold"", ""Call 1 BB"", ""Min · 4 BB"", ""Pot · 9 BB""]",Call 1 BB,call,,1790780236714,True,True,True,1790780236977,1790780228415,8299,263,,False,False
PlMiosUXOX3jddmqtCqgK3g7,-OYHAP4X14P4k_WqfC0tiNjY,343,3,flop,3,1,"[{""type"": ""luna_attempt"", ""handOrdinal"": 343, ""decisionOrdinal"": 3, ""street"": ""flop"", ""visibleLegalButtonLabels"": [""Fold"", ""Call 1 BB"", ""Min · 2 BB"", ""Pot · 9 BB"", ""Jam · 17 BB""], ""attemptedButtonLabel"": ""Call 1 BB"", ""attemptedAtMs"": 1790780244147, ""lastRenderedAtMs"": 1790780237062}]","[""Kh"", ""7c""]","[""Qh"", ""3h"", ""5h""]","[{""name"": ""fold"", ""kind"": ""fold"", ""raiseTo"": null}, {""name"": ""call"", ""kind"": ""call"", ""raiseTo"": null}, {""name"": ""min"", ""kind"": ""raise"", ""raiseTo"": 200}, {""name"": ""pot"", ""kind"": ""raise"", ""raiseTo"": 900}, {""name"": ""jam"", ""kind"": ""raise"", ""raiseTo"": 1700}]","[""Fold"", ""Call 1 BB"", ""Min · 2 BB"", ""Pot · 9 BB"", ""Jam · 17 BB""]",Call 1 BB,fold,,1790780244147,False,True,True,1790780244369,1790780237062,7085,222,,False,False
PlMiosUXOX3jddmqtCqgK3g7,2K009N2pRjUeZWFajJwaW6e_,344,1,preflop,1,1,"[{""type"": ""luna_attempt"", ""handOrdinal"": 344, ""decisionOrdinal"": 1, ""street"": ""preflop"", ""visibleLegalButtonLabels"": [""check"", ""Min · 2 BB"", ""Pot · 3 BB""], ""attemptedButtonLabel"": ""check"", ""attemptedAtMs"": 1790780265041, ""lastRenderedAtMs"": 1790780258208}]","[""5c"", ""9c""]",[],"[{""name"": ""check"", ""kind"": ""check"", ""raiseTo"": null}, {""name"": ""min"", ""kind"": ""raise"", ""raiseTo"": 200}, {""name"": ""pot"", ""kind"": ""raise"", ""raiseTo"": 300}]","[""check"", ""Min · 2 BB"", ""Pot · 3 BB""]",check,check,,1790780265041,True,True,True,1790780265266,1790780258208,6833,225,,False,False
PlMiosUXOX3jddmqtCqgK3g7,2K009N2pRjUeZWFajJwaW6e_,344,2,flop,2,1,"[{""type"": ""luna_attempt"", ""handOrdinal"": 344, ""decisionOrdinal"": 2, ""street"": ""flop"", ""visibleLegalButtonLabels"": [""check"", ""Min · 1 BB"", ""Pot · 2 BB""], ""attemptedButtonLabel"": ""check"", ""attemptedAtMs"": 1790780271096, ""lastRenderedAtMs"": 1790780265306}]","[""5c"", ""9c""]","[""7s"", ""Qd"", ""Kh""]","[{""name"": ""check"", ""kind"": ""check"", ""raiseTo"": null}, {""name"": ""min"", ""kind"": ""raise"", ""raiseTo"": 100}, {""name"": ""pot"", ""kind"": ""raise"", ""raiseTo"": 200}]","[""check"", ""Min · 1 BB"", ""Pot · 2 BB""]",check,check,,1790780271096,True,True,True,1790780271409,1790780265306,5790,313,,False,False
PlMiosUXOX3jddmqtCqgK3g7,2K009N2pRjUeZWFajJwaW6e_,344,3,flop,3,1,"[{""type"": ""luna_attempt"", ""handOrdinal"": 344, ""decisionOrdinal"": 3, ""street"": ""flop"", ""visibleLegalButtonLabels"": [""Fold"", ""Call 2 BB"", ""Min · 4 BB"", ""Pot · 8 BB""], ""attemptedButtonLabel"": ""Fold"", ""attemptedAtMs"": 1790780279165, ""lastRenderedAtMs"": 1790780271462}]","[""5c"", ""9c""]","[""7s"", ""Qd"", ""Kh""]","[{""name"": ""fold"", ""kind"": ""fold"", ""raiseTo"": null}, {""name"": ""call"", ""kind"": ""call"", ""raiseTo"": null}, {""name"": ""min"", ""kind"": ""raise"", ""raiseTo"": 400}, {""name"": ""pot"", ""kind"": ""raise"", ""raiseTo"": 800}]","[""Fold"", ""Call 2 BB"", ""Min · 4 BB"", ""Pot · 8 BB""]",Fold,fold,,1790780279165,True,True,True,1790780279464,1790780271462,7703,299,,False,False
PlMiosUXOX3jddmqtCqgK3g7,uyAMBnl_16lUiSIhT7bEf_Ib,345,1,preflop,1,1,"[{""type"": ""luna_attempt"", ""handOrdinal"": 345, ""decisionOrdinal"": 1, ""street"": ""preflop"", ""visibleLegalButtonLabels"": [""Fold"", ""Call 0.50 BB"", ""Min · 2 BB"", ""Pot · 3 BB""], ""attemptedButtonLabel"": ""Min · 2 BB"", ""attemptedAtMs"": 1790780288503, ""lastRenderedAtMs"": 1790780282888}]","[""Jd"", ""3s""]",[],"[{""name"": ""fold"", ""kind"": ""fold"", ""raiseTo"": null}, {""name"": ""call"", ""kind"": ""call"", ""raiseTo"": null}, {""name"": ""min"", ""kind"": ""raise"", ""raiseTo"": 200}, {""name"": ""pot"", ""kind"": ""raise"", ""raiseTo"": 300}]","[""Fold"", ""Call 0.50 BB"", ""Min · 2 BB"", ""Pot · 3 BB""]",Min · 2 BB,raise,200,1790780288503,True,True,True,1790780288878,1790780282888,5615,375,,False,False
PlMiosUXOX3jddmqtCqgK3g7,uyAMBnl_16lUiSIhT7bEf_Ib,345,2,flop,2,1,"[{""type"": ""luna_attempt"", ""handOrdinal"": 345, ""decisionOrdinal"": 2, ""street"": ""flop"", ""visibleLegalButtonLabels"": [""check"", ""Min · 1 BB"", ""Pot · 4 BB""], ""attemptedButtonLabel"": ""check"", ""attemptedAtMs"": 1790780297139, ""lastRenderedAtMs"": 1790780288961}]","[""Jd"", ""3s""]","[""9s"", ""Qs"", ""5d""]","[{""name"": ""check"", ""kind"": ""check"", ""raiseTo"": null}, {""name"": ""min"", ""kind"": ""raise"", ""raiseTo"": 100}, {""name"": ""pot"", ""kind"": ""raise"", ""raiseTo"": 400}]","[""check"", ""Min · 1 BB"", ""Pot · 4 BB""]",check,check,,1790780297139,True,True,True,1790780297446,1790780288961,8178,307,,False,False
PlMiosUXOX3jddmqtCqgK3g7,uyAMBnl_16lUiSIhT7bEf_Ib,345,3,turn,3,1,"[{""type"": ""luna_attempt"", ""handOrdinal"": 345, ""decisionOrdinal"": 3, ""street"": ""turn"", ""visibleLegalButtonLabels"": [""Fold"", ""Call 1 BB"", ""Min · 2 BB"", ""Pot · 7 BB""], ""attemptedButtonLabel"": ""Call 1 BB"", ""attemptedAtMs"": 1790780305363, ""lastRenderedAtMs"": 1790780297561}]","[""Jd"", ""3s""]","[""9s"", ""Qs"", ""5d"", ""As""]","[{""name"": ""fold"", ""kind"": ""fold"", ""raiseTo"": null}, {""name"": ""call"", ""kind"": ""call"", ""raiseTo"": null}, {""name"": ""min"", ""kind"": ""raise"", ""raiseTo"": 200}, {""name"": ""pot"", ""kind"": ""raise"", ""raiseTo"": 700}]","[""Fold"", ""Call 1 BB"", ""Min · 2 BB"", ""Pot · 7 BB""]",Call 1 BB,call,,1790780305363,True,True,True,1790780305680,1790780297561,7802,317,,False,False
PlMiosUXOX3jddmqtCqgK3g7,uyAMBnl_16lUiSIhT7bEf_Ib,345,4,river,4,1,"[{""type"": ""luna_attempt"", ""handOrdinal"": 345, ""decisionOrdinal"": 4, ""street"": ""river"", ""visibleLegalButtonLabels"": [""check"", ""Min · 1 BB"", ""Pot · 6 BB""], ""attemptedButtonLabel"": ""check"", ""attemptedAtMs"": 1790780312341, ""lastRenderedAtMs"": 1790780305748}]","[""Jd"", ""3s""]","[""9s"", ""Qs"", ""5d"", ""As"", ""2d""]","[{""name"": ""check"", ""kind"": ""check"", ""raiseTo"": null}, {""name"": ""min"", ""kind"": ""raise"", ""raiseTo"": 100}, {""name"": ""pot"", ""kind"": ""raise"", ""raiseTo"": 600}]","[""check"", ""Min · 1 BB"", ""Pot · 6 BB""]",check,check,,1790780312341,True,True,True,1790780312653,1790780305748,6593,312,,False,False
PlMiosUXOX3jddmqtCqgK3g7,K8BzUDiqp_N8UICT9Y7AcCI2,346,1,preflop,1,1,"[{""type"": ""luna_attempt"", ""handOrdinal"": 346, ""decisionOrdinal"": 1, ""street"": ""preflop"", ""visibleLegalButtonLabels"": [""check"", ""Min · 2 BB"", ""Pot · 3 BB""], ""attemptedButtonLabel"": ""Pot · 3 BB"", ""attemptedAtMs"": 1790780324121, ""lastRenderedAtMs"": 1790780318308}]","[""Ad"", ""Ah""]",[],"[{""name"": ""check"", ""kind"": ""check"", ""raiseTo"": null}, {""name"": ""min"", ""kind"": ""raise"", ""raiseTo"": 200}, {""name"": ""pot"", ""kind"": ""raise"", ""raiseTo"": 300}]","[""check"", ""Min · 2 BB"", ""Pot · 3 BB""]",Pot · 3 BB,raise,300,1790780324121,True,True,True,1790780324382,1790780318308,5813,261,,False,False
PlMiosUXOX3jddmqtCqgK3g7,K8BzUDiqp_N8UICT9Y7AcCI2,346,2,preflop,2,1,"[{""type"": ""luna_attempt"", ""handOrdinal"": 346, ""decisionOrdinal"": 2, ""street"": ""preflop"", ""visibleLegalButtonLabels"": [""Fold"", ""Call 2 BB"", ""Min · 7 BB"", ""Pot · 15 BB"", ""Jam · 20 BB""], ""attemptedButtonLabel"": ""Min · 7 BB"", ""attemptedAtMs"": 1790780330549, ""lastRenderedAtMs"": 1790780324466}]","[""Ad"", ""Ah""]",[],"[{""name"": ""fold"", ""kind"": ""fold"", ""raiseTo"": null}, {""name"": ""call"", ""kind"": ""call"", ""raiseTo"": null}, {""name"": ""min"", ""kind"": ""raise"", ""raiseTo"": 700}, {""name"": ""pot"", ""kind"": ""raise"", ""raiseTo"": 1500}, {""name"": ""jam"", ""kind"": ""raise"", ""raiseTo"": 2000}]","[""Fold"", ""Call 2 BB"", ""Min · 7 BB"", ""Pot · 15 BB"", ""Jam · 20 BB""]",Min · 7 BB,raise,700,1790780330549,True,True,True,1790780330845,1790780324466,6083,296,,False,False
PlMiosUXOX3jddmqtCqgK3g7,K8BzUDiqp_N8UICT9Y7AcCI2,346,3,flop,3,1,"[{""type"": ""luna_attempt"", ""handOrdinal"": 346, ""decisionOrdinal"": 3, ""street"": ""flop"", ""visibleLegalButtonLabels"": [""check"", ""Min · 1 BB"", ""Pot · 13 BB""], ""attemptedButtonLabel"": ""Min · 1 BB"", ""attemptedAtMs"": 1790780338544, ""lastRenderedAtMs"": 1790780330943}]","[""Ad"", ""Ah""]","[""Qd"", ""6s"", ""3s""]","[{""name"": ""check"", ""kind"": ""check"", ""raiseTo"": null}, {""name"": ""min"", ""kind"": ""raise"", ""raiseTo"": 100}, {""name"": ""pot"", ""kind"": ""raise"", ""raiseTo"": 1300}]","[""check"", ""Min · 1 BB"", ""Pot · 13 BB""]",Min · 1 BB,raise,100,1790780338544,True,True,True,1790780338851,1790780330943,7601,307,,False,False
PlMiosUXOX3jddmqtCqgK3g7,K8BzUDiqp_N8UICT9Y7AcCI2,346,4,turn,4,1,"[{""type"": ""luna_attempt"", ""handOrdinal"": 346, ""decisionOrdinal"": 4, ""street"": ""turn"", ""visibleLegalButtonLabels"": [""check"", ""Min · 1 BB"", ""Pot · 12 BB""], ""attemptedButtonLabel"": ""Pot · 12 BB"", ""attemptedAtMs"": 1790780345952, ""lastRenderedAtMs"": 1790780338937}]","[""Ad"", ""Ah""]","[""Qd"", ""6s"", ""3s"", ""4h""]","[{""name"": ""check"", ""kind"": ""check"", ""raiseTo"": null}, {""name"": ""min"", ""kind"": ""raise"", ""raiseTo"": 100}, {""name"": ""pot"", ""kind"": ""raise"", ""raiseTo"": 1200}]","[""check"", ""Min · 1 BB"", ""Pot · 12 BB""]",Pot · 12 BB,raise,1200,1790780345952,True,True,True,1790780346344,1790780338937,7015,392,,False,False
PlMiosUXOX3jddmqtCqgK3g7,q64IDnskZfP4-SUzEecxuawx,347,1,preflop,1,1,"[{""type"": ""luna_attempt"", ""handOrdinal"": 347, ""decisionOrdinal"": 1, ""street"": ""preflop"", ""visibleLegalButtonLabels"": [""Fold"", ""Call 0.50 BB"", ""Min · 2 BB"", ""Pot · 3 BB""], ""attemptedButtonLabel"": ""Min · 2 BB"", ""attemptedAtMs"": 1790780358969, ""lastRenderedAtMs"": 1790780350367}]","[""Jd"", ""5s""]",[],"[{""name"": ""fold"", ""kind"": ""fold"", ""raiseTo"": null}, {""name"": ""call"", ""kind"": ""call"", ""raiseTo"": null}, {""name"": ""min"", ""kind"": ""raise"", ""raiseTo"": 200}, {""name"": ""pot"", ""kind"": ""raise"", ""raiseTo"": 300}]","[""Fold"", ""Call 0.50 BB"", ""Min · 2 BB"", ""Pot · 3 BB""]",Min · 2 BB,raise,200,1790780358969,True,True,True,1790780359272,1790780350367,8602,303,,False,False
PlMiosUXOX3jddmqtCqgK3g7,cDLltCrSksQJ6kwMZeyZpjVV,349,1,preflop,1,1,"[{""type"": ""luna_attempt"", ""handOrdinal"": 349, ""decisionOrdinal"": 1, ""street"": ""preflop"", ""visibleLegalButtonLabels"": [""Fold"", ""Call 0.50 BB"", ""Min · 2 BB"", ""Pot · 3 BB""], ""attemptedButtonLabel"": ""Min · 2 BB"", ""attemptedAtMs"": 1790780371781, ""lastRenderedAtMs"": 1790780366037}]","[""2d"", ""Kc""]",[],"[{""name"": ""fold"", ""kind"": ""fold"", ""raiseTo"": null}, {""name"": ""call"", ""kind"": ""call"", ""raiseTo"": null}, {""name"": ""min"", ""kind"": ""raise"", ""raiseTo"": 200}, {""name"": ""pot"", ""kind"": ""raise"", ""raiseTo"": 300}]","[""Fold"", ""Call 0.50 BB"", ""Min · 2 BB"", ""Pot · 3 BB""]",Min · 2 BB,raise,200,1790780371781,True,True,True,1790780372129,1790780366037,5744,348,,False,False
PlMiosUXOX3jddmqtCqgK3g7,cDLltCrSksQJ6kwMZeyZpjVV,349,2,preflop,2,1,"[{""type"": ""luna_attempt"", ""handOrdinal"": 349, ""decisionOrdinal"": 2, ""street"": ""preflop"", ""visibleLegalButtonLabels"": [""Fold"", ""Call 1 BB"", ""Min · 4 BB"", ""Pot · 9 BB""], ""attemptedButtonLabel"": ""Fold"", ""attemptedAtMs"": 1790780378697, ""lastRenderedAtMs"": 1790780372208}]","[""2d"", ""Kc""]",[],"[{""name"": ""fold"", ""kind"": ""fold"", ""raiseTo"": null}, {""name"": ""call"", ""kind"": ""call"", ""raiseTo"": null}, {""name"": ""min"", ""kind"": ""raise"", ""raiseTo"": 400}, {""name"": ""pot"", ""kind"": ""raise"", ""raiseTo"": 900}]","[""Fold"", ""Call 1 BB"", ""Min · 4 BB"", ""Pot · 9 BB""]",Fold,fold,,1790780378697,True,True,True,1790780379001,1790780372208,6489,304,,False,False
PlMiosUXOX3jddmqtCqgK3g7,5vmpnzD1Wcf4c_sEdk9-X9NF,350,1,preflop,1,1,"[{""type"": ""luna_attempt"", ""handOrdinal"": 350, ""decisionOrdinal"": 1, ""street"": ""preflop"", ""visibleLegalButtonLabels"": [""Fold"", ""Call 2 BB"", ""Min · 5 BB"", ""Pot · 9 BB""], ""attemptedButtonLabel"": ""Fold"", ""attemptedAtMs"": 1790780388407, ""lastRenderedAtMs"": 1790780382631}]","[""Td"", ""3c""]",[],"[{""name"": ""fold"", ""kind"": ""fold"", ""raiseTo"": null}, {""name"": ""call"", ""kind"": ""call"", ""raiseTo"": null}, {""name"": ""min"", ""kind"": ""raise"", ""raiseTo"": 500}, {""name"": ""pot"", ""kind"": ""raise"", ""raiseTo"": 900}]","[""Fold"", ""Call 2 BB"", ""Min · 5 BB"", ""Pot · 9 BB""]",Fold,fold,,1790780388407,True,True,True,1790780388715,1790780382631,5776,308,,False,False
PlMiosUXOX3jddmqtCqgK3g7,nOV-B8_YFCljQCosH1Qr7T3_,351,1,preflop,1,1,"[{""type"": ""luna_attempt"", ""handOrdinal"": 351, ""decisionOrdinal"": 1, ""street"": ""preflop"", ""visibleLegalButtonLabels"": [""Fold"", ""Call 0.50 BB"", ""Min · 2 BB"", ""Pot · 3 BB""], ""attemptedButtonLabel"": ""Min · 2 BB"", ""attemptedAtMs"": 1790780399290, ""lastRenderedAtMs"": 1790780393452}]","[""Td"", ""9s""]",[],"[{""name"": ""fold"", ""kind"": ""fold"", ""raiseTo"": null}, {""name"": ""call"", ""kind"": ""call"", ""raiseTo"": null}, {""name"": ""min"", ""kind"": ""raise"", ""raiseTo"": 200}, {""name"": ""pot"", ""kind"": ""raise"", ""raiseTo"": 300}]","[""Fold"", ""Call 0.50 BB"", ""Min · 2 BB"", ""Pot · 3 BB""]",Min · 2 BB,raise,200,1790780399290,True,True,True,1790780399538,1790780393452,5838,248,,False,False
PlMiosUXOX3jddmqtCqgK3g7,nOV-B8_YFCljQCosH1Qr7T3_,351,2,preflop,2,1,"[{""type"": ""luna_attempt"", ""handOrdinal"": 351, ""decisionOrdinal"": 2, ""street"": ""pre-flop"", ""visibleLegalButtonLabels"": [""Fold"", ""Call 4BB"", ""Min 10BB"", ""Pot 18BB"", ""Jam 20BB""], ""attemptedButtonLabel"": ""Fold"", ""attemptedAtMs"": 1790780449753, ""lastRenderedAtMs"": 1790780399619}]","[""Td"", ""9s""]",[],"[{""name"": ""fold"", ""kind"": ""fold"", ""raiseTo"": null}, {""name"": ""call"", ""kind"": ""call"", ""raiseTo"": null}, {""name"": ""min"", ""kind"": ""raise"", ""raiseTo"": 1000}, {""name"": ""pot"", ""kind"": ""raise"", ""raiseTo"": 1800}, {""name"": ""jam"", ""kind"": ""raise"", ""raiseTo"": 2000}]","[""Fold"", ""Call 4BB"", ""Min 10BB"", ""Pot 18BB"", ""Jam 20BB""]",Fold,fold,,1790780449753,True,True,True,1790780466570,1790780399619,50134,16817,,False,False
PlMiosUXOX3jddmqtCqgK3g7,b9iCXTyYMEowpNS10Tnq3Cdg,352,1,preflop,1,1,"[{""type"": ""luna_attempt"", ""handOrdinal"": 352, ""decisionOrdinal"": 1, ""street"": ""pre-flop"", ""visibleLegalButtonLabels"": [""Fold"", ""Call 2 BB"", ""Min · 5 BB"", ""Pot · 9 BB""], ""attemptedButtonLabel"": ""Call 2 BB"", ""attemptedAtMs"": 1790781681943, ""lastRenderedAtMs"": 1790781676243}]","[""Ac"", ""7h""]",[],"[{""name"": ""fold"", ""kind"": ""fold"", ""raiseTo"": null}, {""name"": ""call"", ""kind"": ""call"", ""raiseTo"": null}, {""name"": ""min"", ""kind"": ""raise"", ""raiseTo"": 500}, {""name"": ""pot"", ""kind"": ""raise"", ""raiseTo"": 900}]","[""Fold"", ""Call 2 BB"", ""Min · 5 BB"", ""Pot · 9 BB""]",Call 2 BB,call,,1790781681943,True,True,True,1790781686423,1790781676243,5700,4480,,False,False
PlMiosUXOX3jddmqtCqgK3g7,b9iCXTyYMEowpNS10Tnq3Cdg,352,2,flop,2,1,"[{""type"": ""luna_attempt"", ""handOrdinal"": 352, ""decisionOrdinal"": 2, ""street"": ""flop"", ""visibleLegalButtonLabels"": [""check"", ""Min · 1 BB"", ""Pot · 6 BB""], ""attemptedButtonLabel"": ""check"", ""attemptedAtMs"": 1790781690718, ""lastRenderedAtMs"": 1790781682229}]","[""Ac"", ""7h""]","[""2c"", ""3h"", ""6h""]","[{""name"": ""check"", ""kind"": ""check"", ""raiseTo"": null}, {""name"": ""min"", ""kind"": ""raise"", ""raiseTo"": 100}, {""name"": ""pot"", ""kind"": ""raise"", ""raiseTo"": 600}]","[""check"", ""Min · 1 BB"", ""Pot · 6 BB""]",check,check,,1790781690718,True,True,True,1790781695857,1790781682229,8489,5139,,False,False
PlMiosUXOX3jddmqtCqgK3g7,b9iCXTyYMEowpNS10Tnq3Cdg,352,3,turn,3,1,"[{""type"": ""luna_attempt"", ""handOrdinal"": 352, ""decisionOrdinal"": 3, ""street"": ""turn"", ""visibleLegalButtonLabels"": [""check"", ""Min · 1 BB"", ""Pot · 6 BB""], ""attemptedButtonLabel"": ""check"", ""attemptedAtMs"": 1790781704157, ""lastRenderedAtMs"": 1790781698922}]","[""Ac"", ""7h""]","[""2c"", ""3h"", ""6h"", ""5d""]","[{""name"": ""check"", ""kind"": ""check"", ""raiseTo"": null}, {""name"": ""min"", ""kind"": ""raise"", ""raiseTo"": 100}, {""name"": ""pot"", ""kind"": ""raise"", ""raiseTo"": 600}]","[""check"", ""Min · 1 BB"", ""Pot · 6 BB""]",check,check,,1790781704157,True,True,True,1790781712546,1790781698922,5235,8389,,False,False
PlMiosUXOX3jddmqtCqgK3g7,b9iCXTyYMEowpNS10Tnq3Cdg,352,4,turn,4,1,"[{""type"": ""luna_attempt"", ""handOrdinal"": 352, ""decisionOrdinal"": 4, ""street"": ""turn"", ""visibleLegalButtonLabels"": [""Fold"", ""Call 1 BB"", ""Min · 2 BB"", ""Pot · 9 BB"", ""Jam · 17 BB""], ""attemptedButtonLabel"": ""Call 1 BB"", ""attemptedAtMs"": 1790781712547, ""lastRenderedAtMs"": 1790781704470}]","[""Ac"", ""7h""]","[""2c"", ""3h"", ""6h"", ""5d""]","[{""name"": ""fold"", ""kind"": ""fold"", ""raiseTo"": null}, {""name"": ""call"", ""kind"": ""call"", ""raiseTo"": null}, {""name"": ""min"", ""kind"": ""raise"", ""raiseTo"": 200}, {""name"": ""pot"", ""kind"": ""raise"", ""raiseTo"": 900}, {""name"": ""jam"", ""kind"": ""raise"", ""raiseTo"": 1700}]","[""Fold"", ""Call 1 BB"", ""Min · 2 BB"", ""Pot · 9 BB"", ""Jam · 17 BB""]",Call 1 BB,call,,1790781712547,True,True,True,1790781720094,1790781704470,8077,7547,,False,False
PlMiosUXOX3jddmqtCqgK3g7,b9iCXTyYMEowpNS10Tnq3Cdg,352,5,river,5,1,"[{""type"": ""luna_attempt"", ""handOrdinal"": 352, ""decisionOrdinal"": 5, ""street"": ""river"", ""visibleLegalButtonLabels"": [""check"", ""Min · 1 BB"", ""Pot · 8 BB"", ""Jam · 16 BB""], ""attemptedButtonLabel"": ""check"", ""attemptedAtMs"": 1790781720094, ""lastRenderedAtMs"": 1790781712966}]","[""Ac"", ""7h""]","[""2c"", ""3h"", ""6h"", ""5d"", ""Qd""]","[{""name"": ""check"", ""kind"": ""check"", ""raiseTo"": null}, {""name"": ""min"", ""kind"": ""raise"", ""raiseTo"": 100}, {""name"": ""pot"", ""kind"": ""raise"", ""raiseTo"": 800}, {""name"": ""jam"", ""kind"": ""raise"", ""raiseTo"": 1600}]","[""check"", ""Min · 1 BB"", ""Pot · 8 BB"", ""Jam · 16 BB""]",check,check,,1790781720094,True,True,True,1790781728231,1790781712966,7128,8137,,False,False
PlMiosUXOX3jddmqtCqgK3g7,b9iCXTyYMEowpNS10Tnq3Cdg,352,6,river,6,1,"[{""type"": ""luna_attempt"", ""handOrdinal"": 352, ""decisionOrdinal"": 6, ""street"": ""river"", ""visibleLegalButtonLabels"": [""Fold"", ""Call 1 BB"", ""Min · 2 BB"", ""Pot · 11 BB"", ""Jam · 16 BB""], ""attemptedButtonLabel"": ""Call 1 BB"", ""attemptedAtMs"": 1790781728231, ""lastRenderedAtMs"": 1790781720449}]","[""Ac"", ""7h""]","[""2c"", ""3h"", ""6h"", ""5d"", ""Qd""]","[{""name"": ""fold"", ""kind"": ""fold"", ""raiseTo"": null}, {""name"": ""call"", ""kind"": ""call"", ""raiseTo"": null}, {""name"": ""min"", ""kind"": ""raise"", ""raiseTo"": 200}, {""name"": ""pot"", ""kind"": ""raise"", ""raiseTo"": 1100}, {""name"": ""jam"", ""kind"": ""raise"", ""raiseTo"": 1600}]","[""Fold"", ""Call 1 BB"", ""Min · 2 BB"", ""Pot · 11 BB"", ""Jam · 16 BB""]",Call 1 BB,call,,1790781728231,True,True,True,1790781733842,1790781720449,7782,5611,,False,False
PlMiosUXOX3jddmqtCqgK3g7,_jbumAdHGMSqow_u-GN6QMwQ,353,1,preflop,1,1,"[{""type"": ""luna_attempt"", ""handOrdinal"": 353, ""decisionOrdinal"": 1, ""street"": ""pre-flop"", ""visibleLegalButtonLabels"": [""Fold"", ""Call 0.50 BB"", ""Min · 2 BB"", ""Pot · 3 BB""], ""attemptedButtonLabel"": ""Call 0.50 BB"", ""attemptedAtMs"": 1790781741367, ""lastRenderedAtMs"": 1790781734098}]","[""8h"", ""9d""]",[],"[{""name"": ""fold"", ""kind"": ""fold"", ""raiseTo"": null}, {""name"": ""call"", ""kind"": ""call"", ""raiseTo"": null}, {""name"": ""min"", ""kind"": ""raise"", ""raiseTo"": 200}, {""name"": ""pot"", ""kind"": ""raise"", ""raiseTo"": 300}]","[""Fold"", ""Call 0.50 BB"", ""Min · 2 BB"", ""Pot · 3 BB""]",Call 0.50 BB,call,,1790781741367,True,True,True,1790781747996,1790781734098,7269,6629,,False,False
PlMiosUXOX3jddmqtCqgK3g7,_jbumAdHGMSqow_u-GN6QMwQ,353,2,preflop,2,1,"[{""type"": ""luna_attempt"", ""handOrdinal"": 353, ""decisionOrdinal"": 2, ""street"": ""pre-flop"", ""visibleLegalButtonLabels"": [""Fold"", ""Call 1 BB"", ""Min · 3 BB"", ""Pot · 6 BB""], ""attemptedButtonLabel"": ""Call 1 BB"", ""attemptedAtMs"": 1790781747996, ""lastRenderedAtMs"": 1790781741773}]","[""8h"", ""9d""]",[],"[{""name"": ""fold"", ""kind"": ""fold"", ""raiseTo"": null}, {""name"": ""call"", ""kind"": ""call"", ""raiseTo"": null}, {""name"": ""min"", ""kind"": ""raise"", ""raiseTo"": 300}, {""name"": ""pot"", ""kind"": ""raise"", ""raiseTo"": 600}]","[""Fold"", ""Call 1 BB"", ""Min · 3 BB"", ""Pot · 6 BB""]",Call 1 BB,call,,1790781747996,True,True,True,1790781760028,1790781741773,6223,12032,,False,False
PlMiosUXOX3jddmqtCqgK3g7,_jbumAdHGMSqow_u-GN6QMwQ,353,3,flop,3,1,"[{""type"": ""luna_attempt"", ""handOrdinal"": 353, ""decisionOrdinal"": 3, ""street"": ""flop"", ""visibleLegalButtonLabels"": [""Fold"", ""Call 1 BB"", ""Min · 2 BB"", ""Pot · 7 BB""], ""attemptedButtonLabel"": ""Fold"", ""attemptedAtMs"": 1790781760028, ""lastRenderedAtMs"": 1790781754583}]","[""8h"", ""9d""]","[""Ah"", ""5s"", ""Kh""]","[{""name"": ""fold"", ""kind"": ""fold"", ""raiseTo"": null}, {""name"": ""call"", ""kind"": ""call"", ""raiseTo"": null}, {""name"": ""min"", ""kind"": ""raise"", ""raiseTo"": 200}, {""name"": ""pot"", ""kind"": ""raise"", ""raiseTo"": 700}]","[""Fold"", ""Call 1 BB"", ""Min · 2 BB"", ""Pot · 7 BB""]",Fold,fold,,1790781760028,True,True,True,1790781764430,1790781754583,5445,4402,,False,False
PlMiosUXOX3jddmqtCqgK3g7,hCb43RE5oFhUIYhezSVVA8J5,354,1,preflop,1,1,"[{""type"": ""luna_attempt"", ""handOrdinal"": 354, ""decisionOrdinal"": 1, ""street"": ""pre-flop"", ""visibleLegalButtonLabels"": [""Fold"", ""Call 2 BB"", ""Min · 5 BB"", ""Pot · 9 BB""], ""attemptedButtonLabel"": ""Call 2 BB"", ""attemptedAtMs"": 1790781772884, ""lastRenderedAtMs"": 1790781764778}]","[""Qh"", ""8c""]",[],"[{""name"": ""fold"", ""kind"": ""fold"", ""raiseTo"": null}, {""name"": ""call"", ""kind"": ""call"", ""raiseTo"": null}, {""name"": ""min"", ""kind"": ""raise"", ""raiseTo"": 500}, {""name"": ""pot"", ""kind"": ""raise"", ""raiseTo"": 900}]","[""Fold"", ""Call 2 BB"", ""Min · 5 BB"", ""Pot · 9 BB""]",Call 2 BB,call,,1790781772884,True,True,True,1790781779169,1790781764778,8106,6285,,False,False
PlMiosUXOX3jddmqtCqgK3g7,hCb43RE5oFhUIYhezSVVA8J5,354,2,flop,2,1,"[{""type"": ""luna_attempt"", ""handOrdinal"": 354, ""decisionOrdinal"": 2, ""street"": ""flop"", ""visibleLegalButtonLabels"": [""check"", ""Min · 1 BB"", ""Pot · 6 BB""], ""attemptedButtonLabel"": ""check"", ""attemptedAtMs"": 1790781779169, ""lastRenderedAtMs"": 1790781773229}]","[""Qh"", ""8c""]","[""Qs"", ""7s"", ""9h""]","[{""name"": ""check"", ""kind"": ""check"", ""raiseTo"": null}, {""name"": ""min"", ""kind"": ""raise"", ""raiseTo"": 100}, {""name"": ""pot"", ""kind"": ""raise"", ""raiseTo"": 600}]","[""check"", ""Min · 1 BB"", ""Pot · 6 BB""]",check,check,,1790781779169,True,True,True,1790781790236,1790781773229,5940,11067,,False,False
PlMiosUXOX3jddmqtCqgK3g7,hCb43RE5oFhUIYhezSVVA8J5,354,3,turn,3,1,"[{""type"": ""luna_attempt"", ""handOrdinal"": 354, ""decisionOrdinal"": 3, ""street"": ""turn"", ""visibleLegalButtonLabels"": [""check"", ""Min · 1 BB"", ""Pot · 6 BB""], ""attemptedButtonLabel"": ""check"", ""attemptedAtMs"": 1790781790236, ""lastRenderedAtMs"": 1790781781838}]","[""Qh"", ""8c""]","[""Qs"", ""7s"", ""9h"", ""Jd""]","[{""name"": ""check"", ""kind"": ""check"", ""raiseTo"": null}, {""name"": ""min"", ""kind"": ""raise"", ""raiseTo"": 100}, {""name"": ""pot"", ""kind"": ""raise"", ""raiseTo"": 600}]","[""check"", ""Min · 1 BB"", ""Pot · 6 BB""]",check,check,,1790781790236,True,True,True,1790781800514,1790781781838,8398,10278,,False,False
PlMiosUXOX3jddmqtCqgK3g7,hCb43RE5oFhUIYhezSVVA8J5,354,4,river,4,1,"[{""type"": ""luna_attempt"", ""handOrdinal"": 354, ""decisionOrdinal"": 4, ""street"": ""river"", ""visibleLegalButtonLabels"": [""check"", ""Min · 1 BB"", ""Pot · 6 BB""], ""attemptedButtonLabel"": ""check"", ""attemptedAtMs"": 1790781800514, ""lastRenderedAtMs"": 1790781794374}]","[""Qh"", ""8c""]","[""Qs"", ""7s"", ""9h"", ""Jd"", ""Ks""]","[{""name"": ""check"", ""kind"": ""check"", ""raiseTo"": null}, {""name"": ""min"", ""kind"": ""raise"", ""raiseTo"": 100}, {""name"": ""pot"", ""kind"": ""raise"", ""raiseTo"": 600}]","[""check"", ""Min · 1 BB"", ""Pot · 6 BB""]",check,check,,1790781800514,True,True,True,1790781806734,1790781794374,6140,6220,,False,False
PlMiosUXOX3jddmqtCqgK3g7,whxPju2WJ1vn7pNbW8WX32iz,355,1,preflop,1,1,"[{""type"": ""luna_attempt"", ""handOrdinal"": 355, ""decisionOrdinal"": 1, ""street"": ""pre-flop"", ""visibleLegalButtonLabels"": [""Fold"", ""Call 0.50 BB"", ""Min · 2 BB"", ""Pot · 3 BB""], ""attemptedButtonLabel"": ""Min · 2 BB"", ""attemptedAtMs"": 1790781812340, ""lastRenderedAtMs"": 1790781807114}]","[""Kh"", ""Jc""]",[],"[{""name"": ""fold"", ""kind"": ""fold"", ""raiseTo"": null}, {""name"": ""call"", ""kind"": ""call"", ""raiseTo"": null}, {""name"": ""min"", ""kind"": ""raise"", ""raiseTo"": 200}, {""name"": ""pot"", ""kind"": ""raise"", ""raiseTo"": 300}]","[""Fold"", ""Call 0.50 BB"", ""Min · 2 BB"", ""Pot · 3 BB""]",Min · 2 BB,raise,200,1790781812340,True,True,True,1790781820624,1790781807114,5226,8284,,False,False
PlMiosUXOX3jddmqtCqgK3g7,whxPju2WJ1vn7pNbW8WX32iz,355,2,preflop,2,1,"[{""type"": ""luna_attempt"", ""handOrdinal"": 355, ""decisionOrdinal"": 2, ""street"": ""pre-flop"", ""visibleLegalButtonLabels"": [""Fold"", ""Call 1 BB"", ""Min · 4 BB"", ""Pot · 9 BB""], ""attemptedButtonLabel"": ""Call 1 BB"", ""attemptedAtMs"": 1790781820624, ""lastRenderedAtMs"": 1790781812765}]","[""Kh"", ""Jc""]",[],"[{""name"": ""fold"", ""kind"": ""fold"", ""raiseTo"": null}, {""name"": ""call"", ""kind"": ""call"", ""raiseTo"": null}, {""name"": ""min"", ""kind"": ""raise"", ""raiseTo"": 400}, {""name"": ""pot"", ""kind"": ""raise"", ""raiseTo"": 900}]","[""Fold"", ""Call 1 BB"", ""Min · 4 BB"", ""Pot · 9 BB""]",Call 1 BB,call,,1790781820624,True,True,True,1790781829978,1790781812765,7859,9354,,False,False
PlMiosUXOX3jddmqtCqgK3g7,whxPju2WJ1vn7pNbW8WX32iz,355,3,flop,3,1,"[{""type"": ""luna_attempt"", ""handOrdinal"": 355, ""decisionOrdinal"": 3, ""street"": ""flop"", ""visibleLegalButtonLabels"": [""Fold"", ""Call 1 BB"", ""Min · 2 BB"", ""Pot · 9 BB"", ""Jam · 17 BB""], ""attemptedButtonLabel"": ""Call 1 BB"", ""attemptedAtMs"": 1790781829978, ""lastRenderedAtMs"": 1790781824240}]","[""Kh"", ""Jc""]","[""2c"", ""Jh"", ""As""]","[{""name"": ""fold"", ""kind"": ""fold"", ""raiseTo"": null}, {""name"": ""call"", ""kind"": ""call"", ""raiseTo"": null}, {""name"": ""min"", ""kind"": ""raise"", ""raiseTo"": 200}, {""name"": ""pot"", ""kind"": ""raise"", ""raiseTo"": 900}, {""name"": ""jam"", ""kind"": ""raise"", ""raiseTo"": 1700}]","[""Fold"", ""Call 1 BB"", ""Min · 2 BB"", ""Pot · 9 BB"", ""Jam · 17 BB""]",Call 1 BB,call,,1790781829978,True,True,True,1790781837445,1790781824240,5738,7467,,False,False
PlMiosUXOX3jddmqtCqgK3g7,whxPju2WJ1vn7pNbW8WX32iz,355,4,turn,4,1,"[{""type"": ""luna_attempt"", ""handOrdinal"": 355, ""decisionOrdinal"": 4, ""street"": ""turn"", ""visibleLegalButtonLabels"": [""check"", ""Min · 1 BB"", ""Pot · 8 BB"", ""Jam · 16 BB""], ""attemptedButtonLabel"": ""check"", ""attemptedAtMs"": 1790781837445, ""lastRenderedAtMs"": 1790781830400}]","[""Kh"", ""Jc""]","[""2c"", ""Jh"", ""As"", ""7c""]","[{""name"": ""check"", ""kind"": ""check"", ""raiseTo"": null}, {""name"": ""min"", ""kind"": ""raise"", ""raiseTo"": 100}, {""name"": ""pot"", ""kind"": ""raise"", ""raiseTo"": 800}, {""name"": ""jam"", ""kind"": ""raise"", ""raiseTo"": 1600}]","[""check"", ""Min · 1 BB"", ""Pot · 8 BB"", ""Jam · 16 BB""]",check,check,,1790781837445,True,True,True,1790781847215,1790781830400,7045,9770,,False,False
PlMiosUXOX3jddmqtCqgK3g7,whxPju2WJ1vn7pNbW8WX32iz,355,5,river,5,1,"[{""type"": ""luna_attempt"", ""handOrdinal"": 355, ""decisionOrdinal"": 5, ""street"": ""river"", ""visibleLegalButtonLabels"": [""check"", ""Min · 1 BB"", ""Pot · 8 BB"", ""Jam · 16 BB""], ""attemptedButtonLabel"": ""check"", ""attemptedAtMs"": 1790781847215, ""lastRenderedAtMs"": 1790781840415}]","[""Kh"", ""Jc""]","[""2c"", ""Jh"", ""As"", ""7c"", ""3h""]","[{""name"": ""check"", ""kind"": ""check"", ""raiseTo"": null}, {""name"": ""min"", ""kind"": ""raise"", ""raiseTo"": 100}, {""name"": ""pot"", ""kind"": ""raise"", ""raiseTo"": 800}, {""name"": ""jam"", ""kind"": ""raise"", ""raiseTo"": 1600}]","[""check"", ""Min · 1 BB"", ""Pot · 8 BB"", ""Jam · 16 BB""]",check,check,,1790781847215,True,True,True,1790781851411,1790781840415,6800,4196,,False,False
PlMiosUXOX3jddmqtCqgK3g7,_BcJVHDoZpXeVN4CuSPWduQm,357,1,preflop,1,1,"[{""type"": ""luna_attempt"", ""handOrdinal"": 357, ""decisionOrdinal"": 1, ""street"": ""pre-flop"", ""visibleLegalButtonLabels"": [""Fold"", ""Call 0.50 BB"", ""Min · 2 BB"", ""Pot · 3 BB""], ""attemptedButtonLabel"": ""Call 0.50 BB"", ""attemptedAtMs"": 1790781859089, ""lastRenderedAtMs"": 1790781854693}]","[""Js"", ""5d""]",[],"[{""name"": ""fold"", ""kind"": ""fold"", ""raiseTo"": null}, {""name"": ""call"", ""kind"": ""call"", ""raiseTo"": null}, {""name"": ""min"", ""kind"": ""raise"", ""raiseTo"": 200}, {""name"": ""pot"", ""kind"": ""raise"", ""raiseTo"": 300}]","[""Fold"", ""Call 0.50 BB"", ""Min · 2 BB"", ""Pot · 3 BB""]",Call 0.50 BB,call,,1790781859089,True,True,True,1790781865708,1790781854693,4396,6619,,False,False
PlMiosUXOX3jddmqtCqgK3g7,_BcJVHDoZpXeVN4CuSPWduQm,357,2,flop,2,1,"[{""type"": ""luna_attempt"", ""handOrdinal"": 357, ""decisionOrdinal"": 2, ""street"": ""flop"", ""visibleLegalButtonLabels"": [""check"", ""Min · 1 BB"", ""Pot · 2 BB""], ""attemptedButtonLabel"": ""check"", ""attemptedAtMs"": 1790781865708, ""lastRenderedAtMs"": 1790781859426}]","[""Js"", ""5d""]","[""Ah"", ""Kh"", ""8s""]","[{""name"": ""check"", ""kind"": ""check"", ""raiseTo"": null}, {""name"": ""min"", ""kind"": ""raise"", ""raiseTo"": 100}, {""name"": ""pot"", ""kind"": ""raise"", ""raiseTo"": 200}]","[""check"", ""Min · 1 BB"", ""Pot · 2 BB""]",check,check,,1790781865708,True,True,True,1790781875869,1790781859426,6282,10161,,False,False
PlMiosUXOX3jddmqtCqgK3g7,_BcJVHDoZpXeVN4CuSPWduQm,357,3,turn,3,1,"[{""type"": ""luna_attempt"", ""handOrdinal"": 357, ""decisionOrdinal"": 3, ""street"": ""turn"", ""visibleLegalButtonLabels"": [""check"", ""Min · 1 BB"", ""Pot · 2 BB""], ""attemptedButtonLabel"": ""Min · 1 BB"", ""attemptedAtMs"": 1790781875869, ""lastRenderedAtMs"": 1790781868713}]","[""Js"", ""5d""]","[""Ah"", ""Kh"", ""8s"", ""Ac""]","[{""name"": ""check"", ""kind"": ""check"", ""raiseTo"": null}, {""name"": ""min"", ""kind"": ""raise"", ""raiseTo"": 100}, {""name"": ""pot"", ""kind"": ""raise"", ""raiseTo"": 200}]","[""check"", ""Min · 1 BB"", ""Pot · 2 BB""]",Min · 1 BB,raise,100,1790781875869,True,True,True,1790781880461,1790781868713,7156,4592,,False,False
PlMiosUXOX3jddmqtCqgK3g7,2sA3IakBCoHdAT_-7Y8pWCxi,359,1,preflop,1,1,"[{""type"": ""luna_attempt"", ""handOrdinal"": 359, ""decisionOrdinal"": 1, ""street"": ""pre-flop"", ""visibleLegalButtonLabels"": [""Fold"", ""Call 0.50 BB"", ""Min · 2 BB"", ""Pot · 3 BB""], ""attemptedButtonLabel"": ""Min · 2 BB"", ""attemptedAtMs"": 1790781887837, ""lastRenderedAtMs"": 1790781883443}]","[""As"", ""5h""]",[],"[{""name"": ""fold"", ""kind"": ""fold"", ""raiseTo"": null}, {""name"": ""call"", ""kind"": ""call"", ""raiseTo"": null}, {""name"": ""min"", ""kind"": ""raise"", ""raiseTo"": 200}, {""name"": ""pot"", ""kind"": ""raise"", ""raiseTo"": 300}]","[""Fold"", ""Call 0.50 BB"", ""Min · 2 BB"", ""Pot · 3 BB""]",Min · 2 BB,raise,200,1790781887837,True,True,True,1790781895054,1790781883443,4394,7217,,False,False
PlMiosUXOX3jddmqtCqgK3g7,2sA3IakBCoHdAT_-7Y8pWCxi,359,2,preflop,2,1,"[{""type"": ""luna_attempt"", ""handOrdinal"": 359, ""decisionOrdinal"": 2, ""street"": ""pre-flop"", ""visibleLegalButtonLabels"": [""Fold"", ""Call 1 BB"", ""Min · 4 BB"", ""Pot · 9 BB""], ""attemptedButtonLabel"": ""Call 1 BB"", ""attemptedAtMs"": 1790781895054, ""lastRenderedAtMs"": 1790781888190}]","[""As"", ""5h""]",[],"[{""name"": ""fold"", ""kind"": ""fold"", ""raiseTo"": null}, {""name"": ""call"", ""kind"": ""call"", ""raiseTo"": null}, {""name"": ""min"", ""kind"": ""raise"", ""raiseTo"": 400}, {""name"": ""pot"", ""kind"": ""raise"", ""raiseTo"": 900}]","[""Fold"", ""Call 1 BB"", ""Min · 4 BB"", ""Pot · 9 BB""]",Call 1 BB,call,,1790781895054,True,True,True,1790781901312,1790781888190,6864,6258,,False,False
PlMiosUXOX3jddmqtCqgK3g7,2sA3IakBCoHdAT_-7Y8pWCxi,359,3,flop,3,1,"[{""type"": ""luna_attempt"", ""handOrdinal"": 359, ""decisionOrdinal"": 3, ""street"": ""flop"", ""visibleLegalButtonLabels"": [""check"", ""Min · 1 BB"", ""Pot · 6 BB""], ""attemptedButtonLabel"": ""check"", ""attemptedAtMs"": 1790781901312, ""lastRenderedAtMs"": 1790781895383}]","[""As"", ""5h""]","[""5d"", ""Th"", ""Ks""]","[{""name"": ""check"", ""kind"": ""check"", ""raiseTo"": null}, {""name"": ""min"", ""kind"": ""raise"", ""raiseTo"": 100}, {""name"": ""pot"", ""kind"": ""raise"", ""raiseTo"": 600}]","[""check"", ""Min · 1 BB"", ""Pot · 6 BB""]",check,check,,1790781901312,True,True,True,1790781908489,1790781895383,5929,7177,,False,False
PlMiosUXOX3jddmqtCqgK3g7,2sA3IakBCoHdAT_-7Y8pWCxi,359,4,turn,4,1,"[{""type"": ""luna_attempt"", ""handOrdinal"": 359, ""decisionOrdinal"": 4, ""street"": ""turn"", ""visibleLegalButtonLabels"": [""Fold"", ""Call 1 BB"", ""Min · 2 BB"", ""Pot · 9 BB"", ""Jam · 17 BB""], ""attemptedButtonLabel"": ""Call 1 BB"", ""attemptedAtMs"": 1790781908489, ""lastRenderedAtMs"": 1790781901627}]","[""As"", ""5h""]","[""5d"", ""Th"", ""Ks"", ""9s""]","[{""name"": ""fold"", ""kind"": ""fold"", ""raiseTo"": null}, {""name"": ""call"", ""kind"": ""call"", ""raiseTo"": null}, {""name"": ""min"", ""kind"": ""raise"", ""raiseTo"": 200}, {""name"": ""pot"", ""kind"": ""raise"", ""raiseTo"": 900}, {""name"": ""jam"", ""kind"": ""raise"", ""raiseTo"": 1700}]","[""Fold"", ""Call 1 BB"", ""Min · 2 BB"", ""Pot · 9 BB"", ""Jam · 17 BB""]",Call 1 BB,call,,1790781908489,True,True,True,1790781918515,1790781901627,6862,10026,,False,False
PlMiosUXOX3jddmqtCqgK3g7,2sA3IakBCoHdAT_-7Y8pWCxi,359,5,river,5,1,"[{""type"": ""luna_attempt"", ""handOrdinal"": 359, ""decisionOrdinal"": 5, ""street"": ""river"", ""visibleLegalButtonLabels"": [""Fold"", ""Call 8 BB"", ""Min · 16 BB""], ""attemptedButtonLabel"": ""Fold"", ""attemptedAtMs"": 1790781918515, ""lastRenderedAtMs"": 1790781912944}]","[""As"", ""5h""]","[""5d"", ""Th"", ""Ks"", ""9s"", ""2s""]","[{""name"": ""fold"", ""kind"": ""fold"", ""raiseTo"": null}, {""name"": ""call"", ""kind"": ""call"", ""raiseTo"": null}, {""name"": ""min"", ""kind"": ""raise"", ""raiseTo"": 1600}]","[""Fold"", ""Call 8 BB"", ""Min · 16 BB""]",Fold,fold,,1790781918515,True,True,True,1790781923153,1790781912944,5571,4638,,False,False
PlMiosUXOX3jddmqtCqgK3g7,OvUuCYq5vTUB7BwA98u3xNnp,360,1,preflop,1,1,"[{""type"": ""luna_attempt"", ""handOrdinal"": 360, ""decisionOrdinal"": 1, ""street"": ""pre-flop"", ""visibleLegalButtonLabels"": [""check"", ""Min · 2 BB"", ""Pot · 3 BB""], ""attemptedButtonLabel"": ""check"", ""attemptedAtMs"": 1790781928693, ""lastRenderedAtMs"": 1790781923494}]","[""8d"", ""6c""]",[],"[{""name"": ""check"", ""kind"": ""check"", ""raiseTo"": null}, {""name"": ""min"", ""kind"": ""raise"", ""raiseTo"": 200}, {""name"": ""pot"", ""kind"": ""raise"", ""raiseTo"": 300}]","[""check"", ""Min · 2 BB"", ""Pot · 3 BB""]",check,check,,1790781928693,True,True,True,1790781935255,1790781923494,5199,6562,,False,False
PlMiosUXOX3jddmqtCqgK3g7,OvUuCYq5vTUB7BwA98u3xNnp,360,2,flop,2,1,"[{""type"": ""luna_attempt"", ""handOrdinal"": 360, ""decisionOrdinal"": 2, ""street"": ""flop"", ""visibleLegalButtonLabels"": [""check"", ""Min · 1 BB"", ""Pot · 2 BB""], ""attemptedButtonLabel"": ""check"", ""attemptedAtMs"": 1790781935255, ""lastRenderedAtMs"": 1790781929176}]","[""8d"", ""6c""]","[""Ks"", ""Qd"", ""Ac""]","[{""name"": ""check"", ""kind"": ""check"", ""raiseTo"": null}, {""name"": ""min"", ""kind"": ""raise"", ""raiseTo"": 100}, {""name"": ""pot"", ""kind"": ""raise"", ""raiseTo"": 200}]","[""check"", ""Min · 1 BB"", ""Pot · 2 BB""]",check,check,,1790781935255,True,True,True,1790781944615,1790781929176,6079,9360,,False,False
PlMiosUXOX3jddmqtCqgK3g7,OvUuCYq5vTUB7BwA98u3xNnp,360,3,turn,3,1,"[{""type"": ""luna_attempt"", ""handOrdinal"": 360, ""decisionOrdinal"": 3, ""street"": ""turn"", ""visibleLegalButtonLabels"": [""check"", ""Min · 1 BB"", ""Pot · 2 BB""], ""attemptedButtonLabel"": ""check"", ""attemptedAtMs"": 1790781944615, ""lastRenderedAtMs"": 1790781938932}]","[""8d"", ""6c""]","[""Ks"", ""Qd"", ""Ac"", ""9d""]","[{""name"": ""check"", ""kind"": ""check"", ""raiseTo"": null}, {""name"": ""min"", ""kind"": ""raise"", ""raiseTo"": 100}, {""name"": ""pot"", ""kind"": ""raise"", ""raiseTo"": 200}]","[""check"", ""Min · 1 BB"", ""Pot · 2 BB""]",check,check,,1790781944615,True,True,True,1790781951262,1790781938932,5683,6647,,False,False
PlMiosUXOX3jddmqtCqgK3g7,OvUuCYq5vTUB7BwA98u3xNnp,360,4,turn,4,1,"[{""type"": ""luna_attempt"", ""handOrdinal"": 360, ""decisionOrdinal"": 4, ""street"": ""turn"", ""visibleLegalButtonLabels"": [""Fold"", ""Call 1 BB"", ""Min · 2 BB"", ""Pot · 5 BB""], ""attemptedButtonLabel"": ""Fold"", ""attemptedAtMs"": 1790781951262, ""lastRenderedAtMs"": 1790781944961}]","[""8d"", ""6c""]","[""Ks"", ""Qd"", ""Ac"", ""9d""]","[{""name"": ""fold"", ""kind"": ""fold"", ""raiseTo"": null}, {""name"": ""call"", ""kind"": ""call"", ""raiseTo"": null}, {""name"": ""min"", ""kind"": ""raise"", ""raiseTo"": 200}, {""name"": ""pot"", ""kind"": ""raise"", ""raiseTo"": 500}]","[""Fold"", ""Call 1 BB"", ""Min · 2 BB"", ""Pot · 5 BB""]",Fold,fold,,1790781951262,True,True,True,1790781955210,1790781944961,6301,3948,,False,False
PlMiosUXOX3jddmqtCqgK3g7,t1p7zdrEWJXLwd4bNQCHwFCo,361,1,preflop,1,1,"[{""type"": ""luna_attempt"", ""handOrdinal"": 361, ""decisionOrdinal"": 1, ""street"": ""pre-flop"", ""visibleLegalButtonLabels"": [""Fold"", ""Call 0.50 BB"", ""Min · 2 BB"", ""Pot · 3 BB""], ""attemptedButtonLabel"": ""Min · 2 BB"", ""attemptedAtMs"": 1790781959328, ""lastRenderedAtMs"": 1790781955488}]","[""8d"", ""Kh""]",[],"[{""name"": ""fold"", ""kind"": ""fold"", ""raiseTo"": null}, {""name"": ""call"", ""kind"": ""call"", ""raiseTo"": null}, {""name"": ""min"", ""kind"": ""raise"", ""raiseTo"": 200}, {""name"": ""pot"", ""kind"": ""raise"", ""raiseTo"": 300}]","[""Fold"", ""Call 0.50 BB"", ""Min · 2 BB"", ""Pot · 3 BB""]",Min · 2 BB,raise,200,1790781959328,True,True,True,1790781965652,1790781955488,3840,6324,,False,False
PlMiosUXOX3jddmqtCqgK3g7,t1p7zdrEWJXLwd4bNQCHwFCo,361,2,preflop,2,1,"[{""type"": ""luna_attempt"", ""handOrdinal"": 361, ""decisionOrdinal"": 2, ""street"": ""pre-flop"", ""visibleLegalButtonLabels"": [""Fold"", ""Call 4 BB"", ""Min · 10 BB"", ""Pot · 18 BB"", ""Jam · 20 BB""], ""attemptedButtonLabel"": ""Fold"", ""attemptedAtMs"": 1790781965652, ""lastRenderedAtMs"": 1790781959675}]","[""8d"", ""Kh""]",[],"[{""name"": ""fold"", ""kind"": ""fold"", ""raiseTo"": null}, {""name"": ""call"", ""kind"": ""call"", ""raiseTo"": null}, {""name"": ""min"", ""kind"": ""raise"", ""raiseTo"": 1000}, {""name"": ""pot"", ""kind"": ""raise"", ""raiseTo"": 1800}, {""name"": ""jam"", ""kind"": ""raise"", ""raiseTo"": 2000}]","[""Fold"", ""Call 4 BB"", ""Min · 10 BB"", ""Pot · 18 BB"", ""Jam · 20 BB""]",Fold,fold,,1790781965652,True,True,True,1790781971227,1790781959675,5977,5575,,False,False
PlMiosUXOX3jddmqtCqgK3g7,nvcq316_IxJNMP2f2vCYpyEW,363,1,preflop,1,1,"[{""type"": ""luna_attempt"", ""handOrdinal"": 363, ""decisionOrdinal"": 1, ""street"": ""pre-flop"", ""visibleLegalButtonLabels"": [""Fold"", ""Call 0.50 BB"", ""Min · 2 BB"", ""Pot · 3 BB""], ""attemptedButtonLabel"": ""Min · 2 BB"", ""attemptedAtMs"": 1790781983339, ""lastRenderedAtMs"": 1790781974220}]","[""Ac"", ""Qs""]",[],"[{""name"": ""fold"", ""kind"": ""fold"", ""raiseTo"": null}, {""name"": ""call"", ""kind"": ""call"", ""raiseTo"": null}, {""name"": ""min"", ""kind"": ""raise"", ""raiseTo"": 200}, {""name"": ""pot"", ""kind"": ""raise"", ""raiseTo"": 300}]","[""Fold"", ""Call 0.50 BB"", ""Min · 2 BB"", ""Pot · 3 BB""]",Min · 2 BB,raise,200,1790781983339,True,True,True,1790781992398,1790781974220,9119,9059,,False,False
PlMiosUXOX3jddmqtCqgK3g7,nvcq316_IxJNMP2f2vCYpyEW,363,2,flop,2,1,"[{""type"": ""luna_attempt"", ""handOrdinal"": 363, ""decisionOrdinal"": 2, ""street"": ""flop"", ""visibleLegalButtonLabels"": [""check"", ""Min · 1 BB"", ""Pot · 4 BB""], ""attemptedButtonLabel"": ""Min · 1 BB"", ""attemptedAtMs"": 1790781992398, ""lastRenderedAtMs"": 1790781983637}]","[""Ac"", ""Qs""]","[""Kc"", ""2d"", ""Jh""]","[{""name"": ""check"", ""kind"": ""check"", ""raiseTo"": null}, {""name"": ""min"", ""kind"": ""raise"", ""raiseTo"": 100}, {""name"": ""pot"", ""kind"": ""raise"", ""raiseTo"": 400}]","[""check"", ""Min · 1 BB"", ""Pot · 4 BB""]",Min · 1 BB,raise,100,1790781992398,True,True,True,1790781996704,1790781983637,8761,4306,,False,False
PlMiosUXOX3jddmqtCqgK3g7,P4sfj169o8cDmdmp_-n8icRN,365,1,preflop,1,1,"[{""type"": ""luna_attempt"", ""handOrdinal"": 365, ""decisionOrdinal"": 1, ""street"": ""pre-flop"", ""visibleLegalButtonLabels"": [""Fold"", ""Call 0.50 BB"", ""Min · 2 BB"", ""Pot · 3 BB""], ""attemptedButtonLabel"": ""Fold"", ""attemptedAtMs"": 1790782004914, ""lastRenderedAtMs"": 1790781999950}]","[""7c"", ""4d""]",[],"[{""name"": ""fold"", ""kind"": ""fold"", ""raiseTo"": null}, {""name"": ""call"", ""kind"": ""call"", ""raiseTo"": null}, {""name"": ""min"", ""kind"": ""raise"", ""raiseTo"": 200}, {""name"": ""pot"", ""kind"": ""raise"", ""raiseTo"": 300}]","[""Fold"", ""Call 0.50 BB"", ""Min · 2 BB"", ""Pot · 3 BB""]",Fold,fold,,1790782004914,True,True,True,1790782010408,1790781999950,4964,5494,,False,False
PlMiosUXOX3jddmqtCqgK3g7,Bpawjmd-pRrvPVlamOaIfgAg,367,1,preflop,1,1,"[{""type"": ""luna_attempt"", ""handOrdinal"": 367, ""decisionOrdinal"": 1, ""street"": ""pre-flop"", ""visibleLegalButtonLabels"": [""Fold"", ""Call 0.50 BB"", ""Min · 2 BB"", ""Pot · 3 BB""], ""attemptedButtonLabel"": ""Call 0.50 BB"", ""attemptedAtMs"": 1790782020955, ""lastRenderedAtMs"": 1790782016756}]","[""6h"", ""2h""]",[],"[{""name"": ""fold"", ""kind"": ""fold"", ""raiseTo"": null}, {""name"": ""call"", ""kind"": ""call"", ""raiseTo"": null}, {""name"": ""min"", ""kind"": ""raise"", ""raiseTo"": 200}, {""name"": ""pot"", ""kind"": ""raise"", ""raiseTo"": 300}]","[""Fold"", ""Call 0.50 BB"", ""Min · 2 BB"", ""Pot · 3 BB""]",Call 0.50 BB,call,,1790782020955,True,True,True,1790782028760,1790782016756,4199,7805,,False,False
PlMiosUXOX3jddmqtCqgK3g7,Bpawjmd-pRrvPVlamOaIfgAg,367,2,flop,2,1,"[{""type"": ""luna_attempt"", ""handOrdinal"": 367, ""decisionOrdinal"": 2, ""street"": ""flop"", ""visibleLegalButtonLabels"": [""check"", ""Min · 1 BB"", ""Pot · 2 BB""], ""attemptedButtonLabel"": ""Min · 1 BB"", ""attemptedAtMs"": 1790782028760, ""lastRenderedAtMs"": 1790782021276}]","[""6h"", ""2h""]","[""4d"", ""3h"", ""Ac""]","[{""name"": ""check"", ""kind"": ""check"", ""raiseTo"": null}, {""name"": ""min"", ""kind"": ""raise"", ""raiseTo"": 100}, {""name"": ""pot"", ""kind"": ""raise"", ""raiseTo"": 200}]","[""check"", ""Min · 1 BB"", ""Pot · 2 BB""]",Min · 1 BB,raise,100,1790782028760,True,True,True,1790782046171,1790782021276,7484,17411,,False,False
PlMiosUXOX3jddmqtCqgK3g7,Bpawjmd-pRrvPVlamOaIfgAg,367,3,turn,3,1,"[{""type"": ""luna_attempt"", ""handOrdinal"": 367, ""decisionOrdinal"": 3, ""street"": ""turn"", ""visibleLegalButtonLabels"": [""Fold"", ""Call 1 BB"", ""Min · 2 BB"", ""Pot · 7 BB""], ""attemptedButtonLabel"": ""Pot · 7 BB"", ""attemptedAtMs"": 1790782046171, ""lastRenderedAtMs"": 1790782036343}]","[""6h"", ""2h""]","[""4d"", ""3h"", ""Ac"", ""5c""]","[{""name"": ""fold"", ""kind"": ""fold"", ""raiseTo"": null}, {""name"": ""call"", ""kind"": ""call"", ""raiseTo"": null}, {""name"": ""min"", ""kind"": ""raise"", ""raiseTo"": 200}, {""name"": ""pot"", ""kind"": ""raise"", ""raiseTo"": 700}]","[""Fold"", ""Call 1 BB"", ""Min · 2 BB"", ""Pot · 7 BB""]",Pot · 7 BB,raise,700,1790782046171,True,True,True,1790782062377,1790782036343,9828,16206,,False,False
PlMiosUXOX3jddmqtCqgK3g7,Bpawjmd-pRrvPVlamOaIfgAg,367,4,river,4,1,"[{""type"": ""luna_attempt"", ""handOrdinal"": 367, ""decisionOrdinal"": 4, ""street"": ""river"", ""visibleLegalButtonLabels"": [""check"", ""Min · 1 BB"", ""Pot · 11 BB""], ""attemptedButtonLabel"": ""check"", ""attemptedAtMs"": 1790782062377, ""lastRenderedAtMs"": 1790782046643}]","[""6h"", ""2h""]","[""4d"", ""3h"", ""Ac"", ""5c"", ""7c""]","[{""name"": ""check"", ""kind"": ""check"", ""raiseTo"": null}, {""name"": ""min"", ""kind"": ""raise"", ""raiseTo"": 100}, {""name"": ""pot"", ""kind"": ""raise"", ""raiseTo"": 1100}]","[""check"", ""Min · 1 BB"", ""Pot · 11 BB""]",check,check,,1790782062377,True,True,True,1790782067230,1790782046643,15734,4853,,False,False
PlMiosUXOX3jddmqtCqgK3g7,g8O0kab3uXruV-p3_i2rcRBH,368,1,preflop,1,1,"[{""type"": ""luna_attempt"", ""handOrdinal"": 368, ""decisionOrdinal"": 1, ""street"": ""pre-flop"", ""visibleLegalButtonLabels"": [""check"", ""Min · 2 BB"", ""Pot · 3 BB""], ""attemptedButtonLabel"": ""check"", ""attemptedAtMs"": 1790782071559, ""lastRenderedAtMs"": 1790782067622}]","[""Qd"", ""9c""]",[],"[{""name"": ""check"", ""kind"": ""check"", ""raiseTo"": null}, {""name"": ""min"", ""kind"": ""raise"", ""raiseTo"": 200}, {""name"": ""pot"", ""kind"": ""raise"", ""raiseTo"": 300}]","[""check"", ""Min · 2 BB"", ""Pot · 3 BB""]",check,check,,1790782071559,True,True,True,1790782078422,1790782067622,3937,6863,,False,False
PlMiosUXOX3jddmqtCqgK3g7,g8O0kab3uXruV-p3_i2rcRBH,368,2,flop,2,1,"[{""type"": ""luna_attempt"", ""handOrdinal"": 368, ""decisionOrdinal"": 2, ""street"": ""flop"", ""visibleLegalButtonLabels"": [""check"", ""Min · 1 BB"", ""Pot · 2 BB""], ""attemptedButtonLabel"": ""check"", ""attemptedAtMs"": 1790782078422, ""lastRenderedAtMs"": 1790782071859}]","[""Qd"", ""9c""]","[""3h"", ""6d"", ""Jh""]","[{""name"": ""check"", ""kind"": ""check"", ""raiseTo"": null}, {""name"": ""min"", ""kind"": ""raise"", ""raiseTo"": 100}, {""name"": ""pot"", ""kind"": ""raise"", ""raiseTo"": 200}]","[""check"", ""Min · 1 BB"", ""Pot · 2 BB""]",check,check,,1790782078422,True,True,True,1790782084611,1790782071859,6563,6189,,False,False
PlMiosUXOX3jddmqtCqgK3g7,g8O0kab3uXruV-p3_i2rcRBH,368,3,flop,3,1,"[{""type"": ""luna_attempt"", ""handOrdinal"": 368, ""decisionOrdinal"": 3, ""street"": ""flop"", ""visibleLegalButtonLabels"": [""Fold"", ""Call 2 BB"", ""Min · 4 BB"", ""Pot · 8 BB""], ""attemptedButtonLabel"": ""Fold"", ""attemptedAtMs"": 1790782084611, ""lastRenderedAtMs"": 1790782078739}]","[""Qd"", ""9c""]","[""3h"", ""6d"", ""Jh""]","[{""name"": ""fold"", ""kind"": ""fold"", ""raiseTo"": null}, {""name"": ""call"", ""kind"": ""call"", ""raiseTo"": null}, {""name"": ""min"", ""kind"": ""raise"", ""raiseTo"": 400}, {""name"": ""pot"", ""kind"": ""raise"", ""raiseTo"": 800}]","[""Fold"", ""Call 2 BB"", ""Min · 4 BB"", ""Pot · 8 BB""]",Fold,fold,,1790782084611,True,True,True,1790782088551,1790782078739,5872,3940,,False,False
PlMiosUXOX3jddmqtCqgK3g7,1Tsentpcw6qjAiFt_vg9W7XU,369,1,preflop,1,1,"[{""type"": ""luna_attempt"", ""handOrdinal"": 369, ""decisionOrdinal"": 1, ""street"": ""pre-flop"", ""visibleLegalButtonLabels"": [""Fold"", ""Call 0.50 BB"", ""Min · 2 BB"", ""Pot · 3 BB""], ""attemptedButtonLabel"": ""Call 0.50 BB"", ""attemptedAtMs"": 1790782092907, ""lastRenderedAtMs"": 1790782088852}]","[""8d"", ""4d""]",[],"[{""name"": ""fold"", ""kind"": ""fold"", ""raiseTo"": null}, {""name"": ""call"", ""kind"": ""call"", ""raiseTo"": null}, {""name"": ""min"", ""kind"": ""raise"", ""raiseTo"": 200}, {""name"": ""pot"", ""kind"": ""raise"", ""raiseTo"": 300}]","[""Fold"", ""Call 0.50 BB"", ""Min · 2 BB"", ""Pot · 3 BB""]",Call 0.50 BB,call,,1790782092907,True,True,True,1790782099377,1790782088852,4055,6470,,False,False
PlMiosUXOX3jddmqtCqgK3g7,1Tsentpcw6qjAiFt_vg9W7XU,369,2,preflop,2,1,"[{""type"": ""luna_attempt"", ""handOrdinal"": 369, ""decisionOrdinal"": 2, ""street"": ""pre-flop"", ""visibleLegalButtonLabels"": [""Fold"", ""Call 1 BB"", ""Min · 3 BB"", ""Pot · 6 BB""], ""attemptedButtonLabel"": ""Call 1 BB"", ""attemptedAtMs"": 1790782099377, ""lastRenderedAtMs"": 1790782093199}]","[""8d"", ""4d""]",[],"[{""name"": ""fold"", ""kind"": ""fold"", ""raiseTo"": null}, {""name"": ""call"", ""kind"": ""call"", ""raiseTo"": null}, {""name"": ""min"", ""kind"": ""raise"", ""raiseTo"": 300}, {""name"": ""pot"", ""kind"": ""raise"", ""raiseTo"": 600}]","[""Fold"", ""Call 1 BB"", ""Min · 3 BB"", ""Pot · 6 BB""]",Call 1 BB,call,,1790782099377,True,True,True,1790782110589,1790782093199,6178,11212,,False,False
PlMiosUXOX3jddmqtCqgK3g7,1Tsentpcw6qjAiFt_vg9W7XU,369,3,flop,3,1,"[{""type"": ""luna_attempt"", ""handOrdinal"": 369, ""decisionOrdinal"": 3, ""street"": ""flop"", ""visibleLegalButtonLabels"": [""Fold"", ""Call 1 BB"", ""Min · 2 BB"", ""Pot · 7 BB""], ""attemptedButtonLabel"": ""Fold"", ""attemptedAtMs"": 1790782110589, ""lastRenderedAtMs"": 1790782105046}]","[""8d"", ""4d""]","[""9d"", ""Qs"", ""3h""]","[{""name"": ""fold"", ""kind"": ""fold"", ""raiseTo"": null}, {""name"": ""call"", ""kind"": ""call"", ""raiseTo"": null}, {""name"": ""min"", ""kind"": ""raise"", ""raiseTo"": 200}, {""name"": ""pot"", ""kind"": ""raise"", ""raiseTo"": 700}]","[""Fold"", ""Call 1 BB"", ""Min · 2 BB"", ""Pot · 7 BB""]",Fold,fold,,1790782110589,True,True,True,1790782114474,1790782105046,5543,3885,,False,False
PlMiosUXOX3jddmqtCqgK3g7,9LlE2VaA7RsSI8G6HW7Ra_o8,370,1,preflop,1,1,"[{""type"": ""luna_attempt"", ""handOrdinal"": 370, ""decisionOrdinal"": 1, ""street"": ""pre-flop"", ""visibleLegalButtonLabels"": [""check"", ""Min · 2 BB"", ""Pot · 3 BB""], ""attemptedButtonLabel"": ""check"", ""attemptedAtMs"": 1790782118825, ""lastRenderedAtMs"": 1790782114806}]","[""6c"", ""4s""]",[],"[{""name"": ""check"", ""kind"": ""check"", ""raiseTo"": null}, {""name"": ""min"", ""kind"": ""raise"", ""raiseTo"": 200}, {""name"": ""pot"", ""kind"": ""raise"", ""raiseTo"": 300}]","[""check"", ""Min · 2 BB"", ""Pot · 3 BB""]",check,check,,1790782118825,True,True,True,1790782125715,1790782114806,4019,6890,,False,False
PlMiosUXOX3jddmqtCqgK3g7,9LlE2VaA7RsSI8G6HW7Ra_o8,370,2,flop,2,1,"[{""type"": ""luna_attempt"", ""handOrdinal"": 370, ""decisionOrdinal"": 2, ""street"": ""flop"", ""visibleLegalButtonLabels"": [""check"", ""Min · 1 BB"", ""Pot · 2 BB""], ""attemptedButtonLabel"": ""Min · 1 BB"", ""attemptedAtMs"": 1790782125715, ""lastRenderedAtMs"": 1790782119160}]","[""6c"", ""4s""]","[""6d"", ""5s"", ""3c""]","[{""name"": ""check"", ""kind"": ""check"", ""raiseTo"": null}, {""name"": ""min"", ""kind"": ""raise"", ""raiseTo"": 100}, {""name"": ""pot"", ""kind"": ""raise"", ""raiseTo"": 200}]","[""check"", ""Min · 1 BB"", ""Pot · 2 BB""]",Min · 1 BB,raise,100,1790782125715,True,True,True,1790782134679,1790782119160,6555,8964,,False,False
PlMiosUXOX3jddmqtCqgK3g7,9LlE2VaA7RsSI8G6HW7Ra_o8,370,3,turn,3,1,"[{""type"": ""luna_attempt"", ""handOrdinal"": 370, ""decisionOrdinal"": 3, ""street"": ""turn"", ""visibleLegalButtonLabels"": [""check"", ""Min · 1 BB"", ""Pot · 4 BB""], ""attemptedButtonLabel"": ""check"", ""attemptedAtMs"": 1790782134679, ""lastRenderedAtMs"": 1790782129196}]","[""6c"", ""4s""]","[""6d"", ""5s"", ""3c"", ""Kc""]","[{""name"": ""check"", ""kind"": ""check"", ""raiseTo"": null}, {""name"": ""min"", ""kind"": ""raise"", ""raiseTo"": 100}, {""name"": ""pot"", ""kind"": ""raise"", ""raiseTo"": 400}]","[""check"", ""Min · 1 BB"", ""Pot · 4 BB""]",check,check,,1790782134679,True,True,True,1790782141876,1790782129196,5483,7197,,False,False
PlMiosUXOX3jddmqtCqgK3g7,9LlE2VaA7RsSI8G6HW7Ra_o8,370,4,turn,4,1,"[{""type"": ""luna_attempt"", ""handOrdinal"": 370, ""decisionOrdinal"": 4, ""street"": ""turn"", ""visibleLegalButtonLabels"": [""Fold"", ""Call 1 BB"", ""Min · 2 BB"", ""Pot · 7 BB""], ""attemptedButtonLabel"": ""Call 1 BB"", ""attemptedAtMs"": 1790782141876, ""lastRenderedAtMs"": 1790782135060}]","[""6c"", ""4s""]","[""6d"", ""5s"", ""3c"", ""Kc""]","[{""name"": ""fold"", ""kind"": ""fold"", ""raiseTo"": null}, {""name"": ""call"", ""kind"": ""call"", ""raiseTo"": null}, {""name"": ""min"", ""kind"": ""raise"", ""raiseTo"": 200}, {""name"": ""pot"", ""kind"": ""raise"", ""raiseTo"": 700}]","[""Fold"", ""Call 1 BB"", ""Min · 2 BB"", ""Pot · 7 BB""]",Call 1 BB,call,,1790782141876,True,True,True,1790782152027,1790782135060,6816,10151,,False,False
PlMiosUXOX3jddmqtCqgK3g7,9LlE2VaA7RsSI8G6HW7Ra_o8,370,5,river,5,1,"[{""type"": ""luna_attempt"", ""handOrdinal"": 370, ""decisionOrdinal"": 5, ""street"": ""river"", ""visibleLegalButtonLabels"": [""check"", ""Min · 1 BB"", ""Pot · 6 BB""], ""attemptedButtonLabel"": ""Min · 1 BB"", ""attemptedAtMs"": 1790782152027, ""lastRenderedAtMs"": 1790782142940}]","[""6c"", ""4s""]","[""6d"", ""5s"", ""3c"", ""Kc"", ""6h""]","[{""name"": ""check"", ""kind"": ""check"", ""raiseTo"": null}, {""name"": ""min"", ""kind"": ""raise"", ""raiseTo"": 100}, {""name"": ""pot"", ""kind"": ""raise"", ""raiseTo"": 600}]","[""check"", ""Min · 1 BB"", ""Pot · 6 BB""]",Min · 1 BB,raise,100,1790782152027,True,True,True,1790782156779,1790782142940,9087,4752,,False,False
PlMiosUXOX3jddmqtCqgK3g7,Upw9bCWTQF39b1xj2I63UJnr,371,1,preflop,1,1,"[{""type"": ""luna_attempt"", ""handOrdinal"": 371, ""decisionOrdinal"": 1, ""street"": ""pre-flop"", ""visibleLegalButtonLabels"": [""Fold"", ""Call 0.50 BB"", ""Min · 2 BB"", ""Pot · 3 BB""], ""attemptedButtonLabel"": ""Call 0.50 BB"", ""attemptedAtMs"": 1790782161490, ""lastRenderedAtMs"": 1790782157092}]","[""5c"", ""4d""]",[],"[{""name"": ""fold"", ""kind"": ""fold"", ""raiseTo"": null}, {""name"": ""call"", ""kind"": ""call"", ""raiseTo"": null}, {""name"": ""min"", ""kind"": ""raise"", ""raiseTo"": 200}, {""name"": ""pot"", ""kind"": ""raise"", ""raiseTo"": 300}]","[""Fold"", ""Call 0.50 BB"", ""Min · 2 BB"", ""Pot · 3 BB""]",Call 0.50 BB,call,,1790782161490,True,True,True,1790782170722,1790782157092,4398,9232,,False,False
PlMiosUXOX3jddmqtCqgK3g7,Upw9bCWTQF39b1xj2I63UJnr,371,2,flop,2,1,"[{""type"": ""luna_attempt"", ""handOrdinal"": 371, ""decisionOrdinal"": 2, ""street"": ""flop"", ""visibleLegalButtonLabels"": [""Fold"", ""Call 1 BB"", ""Min · 2 BB"", ""Pot · 5 BB""], ""attemptedButtonLabel"": ""Call 1 BB"", ""attemptedAtMs"": 1790782170722, ""lastRenderedAtMs"": 1790782161807}]","[""5c"", ""4d""]","[""9s"", ""5d"", ""8c""]","[{""name"": ""fold"", ""kind"": ""fold"", ""raiseTo"": null}, {""name"": ""call"", ""kind"": ""call"", ""raiseTo"": null}, {""name"": ""min"", ""kind"": ""raise"", ""raiseTo"": 200}, {""name"": ""pot"", ""kind"": ""raise"", ""raiseTo"": 500}]","[""Fold"", ""Call 1 BB"", ""Min · 2 BB"", ""Pot · 5 BB""]",Call 1 BB,call,,1790782170722,True,True,True,1790782179137,1790782161807,8915,8415,,False,False
PlMiosUXOX3jddmqtCqgK3g7,Upw9bCWTQF39b1xj2I63UJnr,371,3,turn,3,1,"[{""type"": ""luna_attempt"", ""handOrdinal"": 371, ""decisionOrdinal"": 3, ""street"": ""turn"", ""visibleLegalButtonLabels"": [""check"", ""Min · 1 BB"", ""Pot · 4 BB""], ""attemptedButtonLabel"": ""Min · 1 BB"", ""attemptedAtMs"": 1790782179137, ""lastRenderedAtMs"": 1790782171027}]","[""5c"", ""4d""]","[""9s"", ""5d"", ""8c"", ""2h""]","[{""name"": ""check"", ""kind"": ""check"", ""raiseTo"": null}, {""name"": ""min"", ""kind"": ""raise"", ""raiseTo"": 100}, {""name"": ""pot"", ""kind"": ""raise"", ""raiseTo"": 400}]","[""check"", ""Min · 1 BB"", ""Pot · 4 BB""]",Min · 1 BB,raise,100,1790782179137,True,True,True,1790782194817,1790782171027,8110,15680,,False,False
PlMiosUXOX3jddmqtCqgK3g7,Upw9bCWTQF39b1xj2I63UJnr,371,4,river,4,1,"[{""type"": ""luna_attempt"", ""handOrdinal"": 371, ""decisionOrdinal"": 4, ""street"": ""river"", ""visibleLegalButtonLabels"": [""check"", ""Min · 1 BB"", ""Pot · 6 BB""], ""attemptedButtonLabel"": ""check"", ""attemptedAtMs"": 1790782194817, ""lastRenderedAtMs"": 1790782188601}]","[""5c"", ""4d""]","[""9s"", ""5d"", ""8c"", ""2h"", ""6h""]","[{""name"": ""check"", ""kind"": ""check"", ""raiseTo"": null}, {""name"": ""min"", ""kind"": ""raise"", ""raiseTo"": 100}, {""name"": ""pot"", ""kind"": ""raise"", ""raiseTo"": 600}]","[""check"", ""Min · 1 BB"", ""Pot · 6 BB""]",check,check,,1790782194817,True,True,True,1790782199570,1790782188601,6216,4753,,False,False
PlMiosUXOX3jddmqtCqgK3g7,YZ4pbZ-L8Um3HLMHYKsO67kI,372,1,preflop,1,1,"[{""type"": ""luna_attempt"", ""handOrdinal"": 372, ""decisionOrdinal"": 1, ""street"": ""pre-flop"", ""visibleLegalButtonLabels"": [""Fold"", ""Call 1 BB"", ""Min · 3 BB"", ""Pot · 6 BB""], ""attemptedButtonLabel"": ""Fold"", ""attemptedAtMs"": 1790782205642, ""lastRenderedAtMs"": 1790782199964}]","[""5c"", ""7d""]",[],"[{""name"": ""fold"", ""kind"": ""fold"", ""raiseTo"": null}, {""name"": ""call"", ""kind"": ""call"", ""raiseTo"": null}, {""name"": ""min"", ""kind"": ""raise"", ""raiseTo"": 300}, {""name"": ""pot"", ""kind"": ""raise"", ""raiseTo"": 600}]","[""Fold"", ""Call 1 BB"", ""Min · 3 BB"", ""Pot · 6 BB""]",Fold,fold,,1790782205642,True,True,True,1790782210095,1790782199964,5678,4453,,False,False
PlMiosUXOX3jddmqtCqgK3g7,LKR39tGA8EkT88tP860212zq,373,1,preflop,1,1,"[{""type"": ""luna_attempt"", ""handOrdinal"": 373, ""decisionOrdinal"": 1, ""street"": ""pre-flop"", ""visibleLegalButtonLabels"": [""Fold"", ""Call 0.50 BB"", ""Min · 2 BB"", ""Pot · 3 BB""], ""attemptedButtonLabel"": ""Call 0.50 BB"", ""attemptedAtMs"": 1790782215513, ""lastRenderedAtMs"": 1790782210509}]","[""7s"", ""3s""]",[],"[{""name"": ""fold"", ""kind"": ""fold"", ""raiseTo"": null}, {""name"": ""call"", ""kind"": ""call"", ""raiseTo"": null}, {""name"": ""min"", ""kind"": ""raise"", ""raiseTo"": 200}, {""name"": ""pot"", ""kind"": ""raise"", ""raiseTo"": 300}]","[""Fold"", ""Call 0.50 BB"", ""Min · 2 BB"", ""Pot · 3 BB""]",Call 0.50 BB,call,,1790782215513,True,True,True,1790782225344,1790782210509,5004,9831,,False,False
PlMiosUXOX3jddmqtCqgK3g7,LKR39tGA8EkT88tP860212zq,373,2,flop,2,1,"[{""type"": ""luna_attempt"", ""handOrdinal"": 373, ""decisionOrdinal"": 2, ""street"": ""flop"", ""visibleLegalButtonLabels"": [""Fold"", ""Call 1 BB"", ""Min · 2 BB"", ""Pot · 5 BB""], ""attemptedButtonLabel"": ""Fold"", ""attemptedAtMs"": 1790782225344, ""lastRenderedAtMs"": 1790782215955}]","[""7s"", ""3s""]","[""5s"", ""Jd"", ""5d""]","[{""name"": ""fold"", ""kind"": ""fold"", ""raiseTo"": null}, {""name"": ""call"", ""kind"": ""call"", ""raiseTo"": null}, {""name"": ""min"", ""kind"": ""raise"", ""raiseTo"": 200}, {""name"": ""pot"", ""kind"": ""raise"", ""raiseTo"": 500}]","[""Fold"", ""Call 1 BB"", ""Min · 2 BB"", ""Pot · 5 BB""]",Fold,fold,,1790782225344,True,True,True,1790782229422,1790782215955,9389,4078,,False,False
PlMiosUXOX3jddmqtCqgK3g7,yEJPJDgWWsXF8Qjm6JMRNWPH,374,1,preflop,1,1,"[{""type"": ""luna_attempt"", ""handOrdinal"": 374, ""decisionOrdinal"": 1, ""street"": ""pre-flop"", ""visibleLegalButtonLabels"": [""check"", ""Min · 2 BB"", ""Pot · 3 BB""], ""attemptedButtonLabel"": ""check"", ""attemptedAtMs"": 1790782233776, ""lastRenderedAtMs"": 1790782229740}]","[""2d"", ""6d""]",[],"[{""name"": ""check"", ""kind"": ""check"", ""raiseTo"": null}, {""name"": ""min"", ""kind"": ""raise"", ""raiseTo"": 200}, {""name"": ""pot"", ""kind"": ""raise"", ""raiseTo"": 300}]","[""check"", ""Min · 2 BB"", ""Pot · 3 BB""]",check,check,,1790782233776,True,True,True,1790782240154,1790782229740,4036,6378,,False,False
PlMiosUXOX3jddmqtCqgK3g7,yEJPJDgWWsXF8Qjm6JMRNWPH,374,2,flop,2,1,"[{""type"": ""luna_attempt"", ""handOrdinal"": 374, ""decisionOrdinal"": 2, ""street"": ""flop"", ""visibleLegalButtonLabels"": [""check"", ""Min · 1 BB"", ""Pot · 2 BB""], ""attemptedButtonLabel"": ""check"", ""attemptedAtMs"": 1790782240154, ""lastRenderedAtMs"": 1790782234089}]","[""2d"", ""6d""]","[""6s"", ""As"", ""Kh""]","[{""name"": ""check"", ""kind"": ""check"", ""raiseTo"": null}, {""name"": ""min"", ""kind"": ""raise"", ""raiseTo"": 100}, {""name"": ""pot"", ""kind"": ""raise"", ""raiseTo"": 200}]","[""check"", ""Min · 1 BB"", ""Pot · 2 BB""]",check,check,,1790782240154,True,True,True,1790782250618,1790782234089,6065,10464,,False,False
PlMiosUXOX3jddmqtCqgK3g7,yEJPJDgWWsXF8Qjm6JMRNWPH,374,3,turn,3,1,"[{""type"": ""luna_attempt"", ""handOrdinal"": 374, ""decisionOrdinal"": 3, ""street"": ""turn"", ""visibleLegalButtonLabels"": [""check"", ""Min · 1 BB"", ""Pot · 2 BB""], ""attemptedButtonLabel"": ""check"", ""attemptedAtMs"": 1790782250618, ""lastRenderedAtMs"": 1790782243924}]","[""2d"", ""6d""]","[""6s"", ""As"", ""Kh"", ""Kc""]","[{""name"": ""check"", ""kind"": ""check"", ""raiseTo"": null}, {""name"": ""min"", ""kind"": ""raise"", ""raiseTo"": 100}, {""name"": ""pot"", ""kind"": ""raise"", ""raiseTo"": 200}]","[""check"", ""Min · 1 BB"", ""Pot · 2 BB""]",check,check,,1790782250618,True,True,True,1790782258638,1790782243924,6694,8020,,False,False
PlMiosUXOX3jddmqtCqgK3g7,yEJPJDgWWsXF8Qjm6JMRNWPH,374,4,turn,4,1,"[{""type"": ""luna_attempt"", ""handOrdinal"": 374, ""decisionOrdinal"": 4, ""street"": ""turn"", ""visibleLegalButtonLabels"": [""Fold"", ""Call 1 BB"", ""Min · 2 BB"", ""Pot · 5 BB""], ""attemptedButtonLabel"": ""Call 1 BB"", ""attemptedAtMs"": 1790782258638, ""lastRenderedAtMs"": 1790782251029}]","[""2d"", ""6d""]","[""6s"", ""As"", ""Kh"", ""Kc""]","[{""name"": ""fold"", ""kind"": ""fold"", ""raiseTo"": null}, {""name"": ""call"", ""kind"": ""call"", ""raiseTo"": null}, {""name"": ""min"", ""kind"": ""raise"", ""raiseTo"": 200}, {""name"": ""pot"", ""kind"": ""raise"", ""raiseTo"": 500}]","[""Fold"", ""Call 1 BB"", ""Min · 2 BB"", ""Pot · 5 BB""]",Call 1 BB,call,,1790782258638,True,True,True,1790782266845,1790782251029,7609,8207,,False,False
PlMiosUXOX3jddmqtCqgK3g7,yEJPJDgWWsXF8Qjm6JMRNWPH,374,5,river,5,1,"[{""type"": ""luna_attempt"", ""handOrdinal"": 374, ""decisionOrdinal"": 5, ""street"": ""river"", ""visibleLegalButtonLabels"": [""check"", ""Min · 1 BB"", ""Pot · 4 BB""], ""attemptedButtonLabel"": ""check"", ""attemptedAtMs"": 1790782266845, ""lastRenderedAtMs"": 1790782258928}]","[""2d"", ""6d""]","[""6s"", ""As"", ""Kh"", ""Kc"", ""3h""]","[{""name"": ""check"", ""kind"": ""check"", ""raiseTo"": null}, {""name"": ""min"", ""kind"": ""raise"", ""raiseTo"": 100}, {""name"": ""pot"", ""kind"": ""raise"", ""raiseTo"": 400}]","[""check"", ""Min · 1 BB"", ""Pot · 4 BB""]",check,check,,1790782266845,True,True,True,1790782271224,1790782258928,7917,4379,,False,False
PlMiosUXOX3jddmqtCqgK3g7,BLYzkLjShJaFH4xYNlDZjkI0,375,1,preflop,1,1,"[{""type"": ""luna_attempt"", ""handOrdinal"": 375, ""decisionOrdinal"": 1, ""street"": ""pre-flop"", ""visibleLegalButtonLabels"": [""Fold"", ""Call 0.50 BB"", ""Min · 2 BB"", ""Pot · 3 BB""], ""attemptedButtonLabel"": ""Call 0.50 BB"", ""attemptedAtMs"": 1790782275847, ""lastRenderedAtMs"": 1790782271512}]","[""3s"", ""6c""]",[],"[{""name"": ""fold"", ""kind"": ""fold"", ""raiseTo"": null}, {""name"": ""call"", ""kind"": ""call"", ""raiseTo"": null}, {""name"": ""min"", ""kind"": ""raise"", ""raiseTo"": 200}, {""name"": ""pot"", ""kind"": ""raise"", ""raiseTo"": 300}]","[""Fold"", ""Call 0.50 BB"", ""Min · 2 BB"", ""Pot · 3 BB""]",Call 0.50 BB,call,,1790782275847,True,True,True,1790782281954,1790782271512,4335,6107,,False,False
PlMiosUXOX3jddmqtCqgK3g7,BLYzkLjShJaFH4xYNlDZjkI0,375,2,preflop,2,1,"[{""type"": ""luna_attempt"", ""handOrdinal"": 375, ""decisionOrdinal"": 2, ""street"": ""pre-flop"", ""visibleLegalButtonLabels"": [""Fold"", ""Call 1 BB"", ""Min · 3 BB"", ""Pot · 6 BB""], ""attemptedButtonLabel"": ""Fold"", ""attemptedAtMs"": 1790782281954, ""lastRenderedAtMs"": 1790782276260}]","[""3s"", ""6c""]",[],"[{""name"": ""fold"", ""kind"": ""fold"", ""raiseTo"": null}, {""name"": ""call"", ""kind"": ""call"", ""raiseTo"": null}, {""name"": ""min"", ""kind"": ""raise"", ""raiseTo"": 300}, {""name"": ""pot"", ""kind"": ""raise"", ""raiseTo"": 600}]","[""Fold"", ""Call 1 BB"", ""Min · 3 BB"", ""Pot · 6 BB""]",Fold,fold,,1790782281954,True,True,True,1790782285944,1790782276260,5694,3990,,False,False
PlMiosUXOX3jddmqtCqgK3g7,vQ2SIb4eq87AFhLi_ZI9itsV,376,1,preflop,1,1,"[{""type"": ""luna_attempt"", ""handOrdinal"": 376, ""decisionOrdinal"": 1, ""street"": ""pre-flop"", ""visibleLegalButtonLabels"": [""check"", ""Min · 2 BB"", ""Pot · 3 BB""], ""attemptedButtonLabel"": ""check"", ""attemptedAtMs"": 1790782290837, ""lastRenderedAtMs"": 1790782286279}]","[""9s"", ""6h""]",[],"[{""name"": ""check"", ""kind"": ""check"", ""raiseTo"": null}, {""name"": ""min"", ""kind"": ""raise"", ""raiseTo"": 200}, {""name"": ""pot"", ""kind"": ""raise"", ""raiseTo"": 300}]","[""check"", ""Min · 2 BB"", ""Pot · 3 BB""]",check,check,,1790782290837,True,True,True,1790782303518,1790782286279,4558,12681,,False,False
PlMiosUXOX3jddmqtCqgK3g7,vQ2SIb4eq87AFhLi_ZI9itsV,376,2,flop,2,1,"[{""type"": ""luna_attempt"", ""handOrdinal"": 376, ""decisionOrdinal"": 2, ""street"": ""flop"", ""visibleLegalButtonLabels"": [""check"", ""Min · 1 BB"", ""Pot · 2 BB""], ""attemptedButtonLabel"": ""check"", ""attemptedAtMs"": 1790782303518, ""lastRenderedAtMs"": 1790782292346}]","[""9s"", ""6h""]","[""3c"", ""Ks"", ""Ts""]","[{""name"": ""check"", ""kind"": ""check"", ""raiseTo"": null}, {""name"": ""min"", ""kind"": ""raise"", ""raiseTo"": 100}, {""name"": ""pot"", ""kind"": ""raise"", ""raiseTo"": 200}]","[""check"", ""Min · 1 BB"", ""Pot · 2 BB""]",check,check,,1790782303518,True,True,True,1790782310747,1790782292346,11172,7229,,False,False
PlMiosUXOX3jddmqtCqgK3g7,vQ2SIb4eq87AFhLi_ZI9itsV,376,3,flop,3,1,"[{""type"": ""luna_attempt"", ""handOrdinal"": 376, ""decisionOrdinal"": 3, ""street"": ""flop"", ""visibleLegalButtonLabels"": [""Fold"", ""Call 2 BB"", ""Min · 4 BB"", ""Pot · 8 BB""], ""attemptedButtonLabel"": ""Fold"", ""attemptedAtMs"": 1790782310747, ""lastRenderedAtMs"": 1790782303908}]","[""9s"", ""6h""]","[""3c"", ""Ks"", ""Ts""]","[{""name"": ""fold"", ""kind"": ""fold"", ""raiseTo"": null}, {""name"": ""call"", ""kind"": ""call"", ""raiseTo"": null}, {""name"": ""min"", ""kind"": ""raise"", ""raiseTo"": 400}, {""name"": ""pot"", ""kind"": ""raise"", ""raiseTo"": 800}]","[""Fold"", ""Call 2 BB"", ""Min · 4 BB"", ""Pot · 8 BB""]",Fold,fold,,1790782310747,True,True,True,1790782317340,1790782303908,6839,6593,,False,False
PlMiosUXOX3jddmqtCqgK3g7,dTqzko7AaMdvuUgjPcb3_klq,377,1,preflop,1,1,"[{""type"": ""luna_attempt"", ""handOrdinal"": 377, ""decisionOrdinal"": 1, ""street"": ""pre-flop"", ""visibleLegalButtonLabels"": [""Fold"", ""Call 0.50 BB"", ""Min · 2 BB"", ""Pot · 3 BB""], ""attemptedButtonLabel"": ""Call 0.50 BB"", ""attemptedAtMs"": 1790782324749, ""lastRenderedAtMs"": 1790782317658}]","[""5c"", ""8d""]",[],"[{""name"": ""fold"", ""kind"": ""fold"", ""raiseTo"": null}, {""name"": ""call"", ""kind"": ""call"", ""raiseTo"": null}, {""name"": ""min"", ""kind"": ""raise"", ""raiseTo"": 200}, {""name"": ""pot"", ""kind"": ""raise"", ""raiseTo"": 300}]","[""Fold"", ""Call 0.50 BB"", ""Min · 2 BB"", ""Pot · 3 BB""]",Call 0.50 BB,call,,1790782324749,True,True,True,1790782333665,1790782317658,7091,8916,,False,False
PlMiosUXOX3jddmqtCqgK3g7,dTqzko7AaMdvuUgjPcb3_klq,377,2,flop,2,1,"[{""type"": ""luna_attempt"", ""handOrdinal"": 377, ""decisionOrdinal"": 2, ""street"": ""flop"", ""visibleLegalButtonLabels"": [""check"", ""Min · 1 BB"", ""Pot · 2 BB""], ""attemptedButtonLabel"": ""check"", ""attemptedAtMs"": 1790782333665, ""lastRenderedAtMs"": 1790782324998}]","[""5c"", ""8d""]","[""7c"", ""Ad"", ""2c""]","[{""name"": ""check"", ""kind"": ""check"", ""raiseTo"": null}, {""name"": ""min"", ""kind"": ""raise"", ""raiseTo"": 100}, {""name"": ""pot"", ""kind"": ""raise"", ""raiseTo"": 200}]","[""check"", ""Min · 1 BB"", ""Pot · 2 BB""]",check,check,,1790782333665,True,True,True,1790782344871,1790782324998,8667,11206,,False,False
PlMiosUXOX3jddmqtCqgK3g7,dTqzko7AaMdvuUgjPcb3_klq,377,3,turn,3,1,"[{""type"": ""luna_attempt"", ""handOrdinal"": 377, ""decisionOrdinal"": 3, ""street"": ""turn"", ""visibleLegalButtonLabels"": [""check"", ""Min · 1 BB"", ""Pot · 2 BB""], ""attemptedButtonLabel"": ""Min · 1 BB"", ""attemptedAtMs"": 1790782344871, ""lastRenderedAtMs"": 1790782338902}]","[""5c"", ""8d""]","[""7c"", ""Ad"", ""2c"", ""4h""]","[{""name"": ""check"", ""kind"": ""check"", ""raiseTo"": null}, {""name"": ""min"", ""kind"": ""raise"", ""raiseTo"": 100}, {""name"": ""pot"", ""kind"": ""raise"", ""raiseTo"": 200}]","[""check"", ""Min · 1 BB"", ""Pot · 2 BB""]",Min · 1 BB,raise,100,1790782344871,True,True,True,1790782360168,1790782338902,5969,15297,,False,False
PlMiosUXOX3jddmqtCqgK3g7,dTqzko7AaMdvuUgjPcb3_klq,377,4,river,4,1,"[{""type"": ""luna_attempt"", ""handOrdinal"": 377, ""decisionOrdinal"": 4, ""street"": ""river"", ""visibleLegalButtonLabels"": [""Fold"", ""Call 1 BB"", ""Min · 2 BB"", ""Pot · 7 BB""], ""attemptedButtonLabel"": ""Fold"", ""attemptedAtMs"": 1790782360168, ""lastRenderedAtMs"": 1790782353049}]","[""5c"", ""8d""]","[""7c"", ""Ad"", ""2c"", ""4h"", ""3s""]","[{""name"": ""fold"", ""kind"": ""fold"", ""raiseTo"": null}, {""name"": ""call"", ""kind"": ""call"", ""raiseTo"": null}, {""name"": ""min"", ""kind"": ""raise"", ""raiseTo"": 200}, {""name"": ""pot"", ""kind"": ""raise"", ""raiseTo"": 700}]","[""Fold"", ""Call 1 BB"", ""Min · 2 BB"", ""Pot · 7 BB""]",Fold,fold,,1790782360168,True,True,True,1790782365040,1790782353049,7119,4872,,False,False
PlMiosUXOX3jddmqtCqgK3g7,az6wnqof7WM4H8gYXzy60ktc,378,1,preflop,1,1,"[{""type"": ""luna_attempt"", ""handOrdinal"": 378, ""decisionOrdinal"": 1, ""street"": ""pre-flop"", ""visibleLegalButtonLabels"": [""Fold"", ""Call 2 BB"", ""Min · 5 BB"", ""Pot · 9 BB""], ""attemptedButtonLabel"": ""Call 2 BB"", ""attemptedAtMs"": 1790782370325, ""lastRenderedAtMs"": 1790782365310}]","[""8s"", ""6s""]",[],"[{""name"": ""fold"", ""kind"": ""fold"", ""raiseTo"": null}, {""name"": ""call"", ""kind"": ""call"", ""raiseTo"": null}, {""name"": ""min"", ""kind"": ""raise"", ""raiseTo"": 500}, {""name"": ""pot"", ""kind"": ""raise"", ""raiseTo"": 900}]","[""Fold"", ""Call 2 BB"", ""Min · 5 BB"", ""Pot · 9 BB""]",Call 2 BB,call,,1790782370325,True,True,True,1790782377046,1790782365310,5015,6721,,False,False
PlMiosUXOX3jddmqtCqgK3g7,az6wnqof7WM4H8gYXzy60ktc,378,2,flop,2,1,"[{""type"": ""luna_attempt"", ""handOrdinal"": 378, ""decisionOrdinal"": 2, ""street"": ""flop"", ""visibleLegalButtonLabels"": [""check"", ""Min · 1 BB"", ""Pot · 6 BB""], ""attemptedButtonLabel"": ""check"", ""attemptedAtMs"": 1790782377046, ""lastRenderedAtMs"": 1790782370713}]","[""8s"", ""6s""]","[""Kc"", ""8c"", ""Jc""]","[{""name"": ""check"", ""kind"": ""check"", ""raiseTo"": null}, {""name"": ""min"", ""kind"": ""raise"", ""raiseTo"": 100}, {""name"": ""pot"", ""kind"": ""raise"", ""raiseTo"": 600}]","[""check"", ""Min · 1 BB"", ""Pot · 6 BB""]",check,check,,1790782377046,True,True,True,1790782385903,1790782370713,6333,8857,,False,False
PlMiosUXOX3jddmqtCqgK3g7,az6wnqof7WM4H8gYXzy60ktc,378,3,flop,3,1,"[{""type"": ""luna_attempt"", ""handOrdinal"": 378, ""decisionOrdinal"": 3, ""street"": ""flop"", ""visibleLegalButtonLabels"": [""Fold"", ""Call 1 BB"", ""Min · 2 BB"", ""Pot · 9 BB"", ""Jam · 17 BB""], ""attemptedButtonLabel"": ""Call 1 BB"", ""attemptedAtMs"": 1790782385903, ""lastRenderedAtMs"": 1790782377443}]","[""8s"", ""6s""]","[""Kc"", ""8c"", ""Jc""]","[{""name"": ""fold"", ""kind"": ""fold"", ""raiseTo"": null}, {""name"": ""call"", ""kind"": ""call"", ""raiseTo"": null}, {""name"": ""min"", ""kind"": ""raise"", ""raiseTo"": 200}, {""name"": ""pot"", ""kind"": ""raise"", ""raiseTo"": 900}, {""name"": ""jam"", ""kind"": ""raise"", ""raiseTo"": 1700}]","[""Fold"", ""Call 1 BB"", ""Min · 2 BB"", ""Pot · 9 BB"", ""Jam · 17 BB""]",Call 1 BB,call,,1790782385903,True,True,True,1790782396404,1790782377443,8460,10501,,False,False
PlMiosUXOX3jddmqtCqgK3g7,az6wnqof7WM4H8gYXzy60ktc,378,4,turn,4,1,"[{""type"": ""luna_attempt"", ""handOrdinal"": 378, ""decisionOrdinal"": 4, ""street"": ""turn"", ""visibleLegalButtonLabels"": [""check"", ""Min · 1 BB"", ""Pot · 8 BB"", ""Jam · 16 BB""], ""attemptedButtonLabel"": ""check"", ""attemptedAtMs"": 1790782396404, ""lastRenderedAtMs"": 1790782390012}]","[""8s"", ""6s""]","[""Kc"", ""8c"", ""Jc"", ""Jd""]","[{""name"": ""check"", ""kind"": ""check"", ""raiseTo"": null}, {""name"": ""min"", ""kind"": ""raise"", ""raiseTo"": 100}, {""name"": ""pot"", ""kind"": ""raise"", ""raiseTo"": 800}, {""name"": ""jam"", ""kind"": ""raise"", ""raiseTo"": 1600}]","[""check"", ""Min · 1 BB"", ""Pot · 8 BB"", ""Jam · 16 BB""]",check,check,,1790782396404,True,True,True,1790782404302,1790782390012,6392,7898,,False,False
PlMiosUXOX3jddmqtCqgK3g7,az6wnqof7WM4H8gYXzy60ktc,378,5,turn,5,1,"[{""type"": ""luna_attempt"", ""handOrdinal"": 378, ""decisionOrdinal"": 5, ""street"": ""turn"", ""visibleLegalButtonLabels"": [""Fold"", ""Call 1 BB"", ""Min · 2 BB"", ""Pot · 11 BB"", ""Jam · 16 BB""], ""attemptedButtonLabel"": ""Call 1 BB"", ""attemptedAtMs"": 1790782404302, ""lastRenderedAtMs"": 1790782396798}]","[""8s"", ""6s""]","[""Kc"", ""8c"", ""Jc"", ""Jd""]","[{""name"": ""fold"", ""kind"": ""fold"", ""raiseTo"": null}, {""name"": ""call"", ""kind"": ""call"", ""raiseTo"": null}, {""name"": ""min"", ""kind"": ""raise"", ""raiseTo"": 200}, {""name"": ""pot"", ""kind"": ""raise"", ""raiseTo"": 1100}, {""name"": ""jam"", ""kind"": ""raise"", ""raiseTo"": 1600}]","[""Fold"", ""Call 1 BB"", ""Min · 2 BB"", ""Pot · 11 BB"", ""Jam · 16 BB""]",Call 1 BB,call,,1790782404302,True,True,True,1790782422277,1790782396798,7504,17975,,False,False
PlMiosUXOX3jddmqtCqgK3g7,az6wnqof7WM4H8gYXzy60ktc,378,6,river,6,1,"[{""type"": ""luna_attempt"", ""handOrdinal"": 378, ""decisionOrdinal"": 6, ""street"": ""river"", ""visibleLegalButtonLabels"": [""check"", ""Min · 1 BB"", ""Pot · 10 BB"", ""Jam · 15 BB""], ""attemptedButtonLabel"": ""check"", ""attemptedAtMs"": 1790782422277, ""lastRenderedAtMs"": 1790782404810}]","[""8s"", ""6s""]","[""Kc"", ""8c"", ""Jc"", ""Jd"", ""Jh""]","[{""name"": ""check"", ""kind"": ""check"", ""raiseTo"": null}, {""name"": ""min"", ""kind"": ""raise"", ""raiseTo"": 100}, {""name"": ""pot"", ""kind"": ""raise"", ""raiseTo"": 1000}, {""name"": ""jam"", ""kind"": ""raise"", ""raiseTo"": 1500}]","[""check"", ""Min · 1 BB"", ""Pot · 10 BB"", ""Jam · 15 BB""]",check,check,,1790782422277,True,True,True,1790782438997,1790782404810,17467,16720,,False,False
PlMiosUXOX3jddmqtCqgK3g7,az6wnqof7WM4H8gYXzy60ktc,378,7,river,7,1,"[{""type"": ""luna_attempt"", ""handOrdinal"": 378, ""decisionOrdinal"": 7, ""street"": ""river"", ""visibleLegalButtonLabels"": [""Fold"", ""Call 15 BB""], ""attemptedButtonLabel"": ""Fold"", ""attemptedAtMs"": 1790782438997, ""lastRenderedAtMs"": 1790782422652}]","[""8s"", ""6s""]","[""Kc"", ""8c"", ""Jc"", ""Jd"", ""Jh""]","[{""name"": ""fold"", ""kind"": ""fold"", ""raiseTo"": null}, {""name"": ""call"", ""kind"": ""call"", ""raiseTo"": null}]","[""Fold"", ""Call 15 BB""]",Fold,fold,,1790782438997,True,True,True,1790782445666,1790782422652,16345,6669,,False,False
PlMiosUXOX3jddmqtCqgK3g7,Bug5_FX4h6_HJyRFWh6nqVBk,379,1,preflop,1,1,"[{""type"": ""luna_attempt"", ""handOrdinal"": 379, ""decisionOrdinal"": 1, ""street"": ""pre-flop"", ""visibleLegalButtonLabels"": [""Fold"", ""Call 0.50 BB"", ""Min · 2 BB"", ""Pot · 3 BB""], ""attemptedButtonLabel"": ""Fold"", ""attemptedAtMs"": 1790782451709, ""lastRenderedAtMs"": 1790782446016}]","[""3h"", ""4c""]",[],"[{""name"": ""fold"", ""kind"": ""fold"", ""raiseTo"": null}, {""name"": ""call"", ""kind"": ""call"", ""raiseTo"": null}, {""name"": ""min"", ""kind"": ""raise"", ""raiseTo"": 200}, {""name"": ""pot"", ""kind"": ""raise"", ""raiseTo"": 300}]","[""Fold"", ""Call 0.50 BB"", ""Min · 2 BB"", ""Pot · 3 BB""]",Fold,fold,,1790782451709,True,True,True,1790782456146,1790782446016,5693,4437,,False,False
PlMiosUXOX3jddmqtCqgK3g7,pRdGY8OEu3XcQ1P0et9mpCpH,381,1,preflop,1,1,"[{""type"": ""luna_attempt"", ""handOrdinal"": 381, ""decisionOrdinal"": 1, ""street"": ""pre-flop"", ""visibleLegalButtonLabels"": [""Fold"", ""Call 0.50 BB"", ""Min · 2 BB"", ""Pot · 3 BB""], ""attemptedButtonLabel"": ""Min · 2 BB"", ""attemptedAtMs"": 1790782467937, ""lastRenderedAtMs"": 1790782462961}]","[""9d"", ""9s""]",[],"[{""name"": ""fold"", ""kind"": ""fold"", ""raiseTo"": null}, {""name"": ""call"", ""kind"": ""call"", ""raiseTo"": null}, {""name"": ""min"", ""kind"": ""raise"", ""raiseTo"": 200}, {""name"": ""pot"", ""kind"": ""raise"", ""raiseTo"": 300}]","[""Fold"", ""Call 0.50 BB"", ""Min · 2 BB"", ""Pot · 3 BB""]",Min · 2 BB,raise,200,1790782467937,True,True,True,1790782474929,1790782462961,4976,6992,,False,False
PlMiosUXOX3jddmqtCqgK3g7,pRdGY8OEu3XcQ1P0et9mpCpH,381,2,flop,2,1,"[{""type"": ""luna_attempt"", ""handOrdinal"": 381, ""decisionOrdinal"": 2, ""street"": ""flop"", ""visibleLegalButtonLabels"": [""check"", ""Min · 1 BB"", ""Pot · 4 BB""], ""attemptedButtonLabel"": ""Min · 1 BB"", ""attemptedAtMs"": 1790782474929, ""lastRenderedAtMs"": 1790782468216}]","[""9d"", ""9s""]","[""5c"", ""5h"", ""Js""]","[{""name"": ""check"", ""kind"": ""check"", ""raiseTo"": null}, {""name"": ""min"", ""kind"": ""raise"", ""raiseTo"": 100}, {""name"": ""pot"", ""kind"": ""raise"", ""raiseTo"": 400}]","[""check"", ""Min · 1 BB"", ""Pot · 4 BB""]",Min · 1 BB,raise,100,1790782474929,True,True,True,1790782487148,1790782468216,6713,12219,,False,False
PlMiosUXOX3jddmqtCqgK3g7,pRdGY8OEu3XcQ1P0et9mpCpH,381,3,turn,3,1,"[{""type"": ""luna_attempt"", ""handOrdinal"": 381, ""decisionOrdinal"": 3, ""street"": ""turn"", ""visibleLegalButtonLabels"": [""check"", ""Min · 1 BB"", ""Pot · 6 BB""], ""attemptedButtonLabel"": ""Min · 1 BB"", ""attemptedAtMs"": 1790782487148, ""lastRenderedAtMs"": 1790782480921}]","[""9d"", ""9s""]","[""5c"", ""5h"", ""Js"", ""8c""]","[{""name"": ""check"", ""kind"": ""check"", ""raiseTo"": null}, {""name"": ""min"", ""kind"": ""raise"", ""raiseTo"": 100}, {""name"": ""pot"", ""kind"": ""raise"", ""raiseTo"": 600}]","[""check"", ""Min · 1 BB"", ""Pot · 6 BB""]",Min · 1 BB,raise,100,1790782487148,True,True,True,1790782497203,1790782480921,6227,10055,,False,False
PlMiosUXOX3jddmqtCqgK3g7,pRdGY8OEu3XcQ1P0et9mpCpH,381,4,river,4,1,"[{""type"": ""luna_attempt"", ""handOrdinal"": 381, ""decisionOrdinal"": 4, ""street"": ""river"", ""visibleLegalButtonLabels"": [""Fold"", ""Call 1 BB"", ""Min · 2 BB"", ""Pot · 11 BB"", ""Jam · 16 BB""], ""attemptedButtonLabel"": ""Call 1 BB"", ""attemptedAtMs"": 1790782497203, ""lastRenderedAtMs"": 1790782487456}]","[""9d"", ""9s""]","[""5c"", ""5h"", ""Js"", ""8c"", ""Qh""]","[{""name"": ""fold"", ""kind"": ""fold"", ""raiseTo"": null}, {""name"": ""call"", ""kind"": ""call"", ""raiseTo"": null}, {""name"": ""min"", ""kind"": ""raise"", ""raiseTo"": 200}, {""name"": ""pot"", ""kind"": ""raise"", ""raiseTo"": 1100}, {""name"": ""jam"", ""kind"": ""raise"", ""raiseTo"": 1600}]","[""Fold"", ""Call 1 BB"", ""Min · 2 BB"", ""Pot · 11 BB"", ""Jam · 16 BB""]",Call 1 BB,call,,1790782497203,True,True,True,1790782502990,1790782487456,9747,5787,,False,False
PlMiosUXOX3jddmqtCqgK3g7,TqPsQOfm9fV8xiIqOB9ZhmNo,382,1,preflop,1,1,"[{""type"": ""luna_attempt"", ""handOrdinal"": 382, ""decisionOrdinal"": 1, ""street"": ""pre-flop"", ""visibleLegalButtonLabels"": [""Fold"", ""Call 2 BB"", ""Min · 5 BB"", ""Pot · 9 BB""], ""attemptedButtonLabel"": ""Call 2 BB"", ""attemptedAtMs"": 1790782507916, ""lastRenderedAtMs"": 1790782503355}]","[""8h"", ""7h""]",[],"[{""name"": ""fold"", ""kind"": ""fold"", ""raiseTo"": null}, {""name"": ""call"", ""kind"": ""call"", ""raiseTo"": null}, {""name"": ""min"", ""kind"": ""raise"", ""raiseTo"": 500}, {""name"": ""pot"", ""kind"": ""raise"", ""raiseTo"": 900}]","[""Fold"", ""Call 2 BB"", ""Min · 5 BB"", ""Pot · 9 BB""]",Call 2 BB,call,,1790782507916,True,True,True,1790782518287,1790782503355,4561,10371,,False,False
PlMiosUXOX3jddmqtCqgK3g7,TqPsQOfm9fV8xiIqOB9ZhmNo,382,2,flop,2,1,"[{""type"": ""luna_attempt"", ""handOrdinal"": 382, ""decisionOrdinal"": 2, ""street"": ""flop"", ""visibleLegalButtonLabels"": [""check"", ""Min · 1 BB"", ""Pot · 6 BB""], ""attemptedButtonLabel"": ""Min · 1 BB"", ""attemptedAtMs"": 1790782518287, ""lastRenderedAtMs"": 1790782508186}]","[""8h"", ""7h""]","[""8s"", ""7c"", ""2c""]","[{""name"": ""check"", ""kind"": ""check"", ""raiseTo"": null}, {""name"": ""min"", ""kind"": ""raise"", ""raiseTo"": 100}, {""name"": ""pot"", ""kind"": ""raise"", ""raiseTo"": 600}]","[""check"", ""Min · 1 BB"", ""Pot · 6 BB""]",Min · 1 BB,raise,100,1790782518287,True,True,True,1790782529694,1790782508186,10101,11407,,False,False
PlMiosUXOX3jddmqtCqgK3g7,TqPsQOfm9fV8xiIqOB9ZhmNo,382,3,flop,3,1,"[{""type"": ""luna_attempt"", ""handOrdinal"": 382, ""decisionOrdinal"": 3, ""street"": ""flop"", ""visibleLegalButtonLabels"": [""Fold"", ""Call 8 BB"", ""Min · 17 BB""], ""attemptedButtonLabel"": ""Call 8 BB"", ""attemptedAtMs"": 1790782529694, ""lastRenderedAtMs"": 1790782518622}]","[""8h"", ""7h""]","[""8s"", ""7c"", ""2c""]","[{""name"": ""fold"", ""kind"": ""fold"", ""raiseTo"": null}, {""name"": ""call"", ""kind"": ""call"", ""raiseTo"": null}, {""name"": ""min"", ""kind"": ""raise"", ""raiseTo"": 1700}]","[""Fold"", ""Call 8 BB"", ""Min · 17 BB""]",Call 8 BB,call,,1790782529694,True,True,True,1790782548506,1790782518622,11072,18812,,False,False
PlMiosUXOX3jddmqtCqgK3g7,TqPsQOfm9fV8xiIqOB9ZhmNo,382,4,turn,4,1,"[{""type"": ""luna_attempt"", ""handOrdinal"": 382, ""decisionOrdinal"": 4, ""street"": ""turn"", ""visibleLegalButtonLabels"": [""check"", ""Min · 1 BB"", ""Pot · 8 BB""], ""attemptedButtonLabel"": ""Pot · 8 BB"", ""attemptedAtMs"": 1790782548506, ""lastRenderedAtMs"": 1790782542202}]","[""8h"", ""7h""]","[""8s"", ""7c"", ""2c"", ""5h""]","[{""name"": ""check"", ""kind"": ""check"", ""raiseTo"": null}, {""name"": ""min"", ""kind"": ""raise"", ""raiseTo"": 100}, {""name"": ""pot"", ""kind"": ""raise"", ""raiseTo"": 800}]","[""check"", ""Min · 1 BB"", ""Pot · 8 BB""]",Pot · 8 BB,raise,800,1790782548506,True,True,True,1790782553946,1790782542202,6304,5440,,False,False
PlMiosUXOX3jddmqtCqgK3g7,1dOSmi4RkhGrLCOeiaVDBX8A,383,1,preflop,1,1,"[{""type"": ""luna_attempt"", ""handOrdinal"": 383, ""decisionOrdinal"": 1, ""street"": ""pre-flop"", ""visibleLegalButtonLabels"": [""Fold"", ""Call 0.50 BB"", ""Min · 2 BB"", ""Pot · 3 BB""], ""attemptedButtonLabel"": ""Min · 2 BB"", ""attemptedAtMs"": 1790782558716, ""lastRenderedAtMs"": 1790782554377}]","[""4s"", ""Jc""]",[],"[{""name"": ""fold"", ""kind"": ""fold"", ""raiseTo"": null}, {""name"": ""call"", ""kind"": ""call"", ""raiseTo"": null}, {""name"": ""min"", ""kind"": ""raise"", ""raiseTo"": 200}, {""name"": ""pot"", ""kind"": ""raise"", ""raiseTo"": 300}]","[""Fold"", ""Call 0.50 BB"", ""Min · 2 BB"", ""Pot · 3 BB""]",Min · 2 BB,raise,200,1790782558716,True,True,True,1790782564851,1790782554377,4339,6135,,False,False
PlMiosUXOX3jddmqtCqgK3g7,1dOSmi4RkhGrLCOeiaVDBX8A,383,2,preflop,2,1,"[{""type"": ""luna_attempt"", ""handOrdinal"": 383, ""decisionOrdinal"": 2, ""street"": ""pre-flop"", ""visibleLegalButtonLabels"": [""Fold"", ""Call 4 BB"", ""Min · 10 BB"", ""Pot · 18 BB"", ""Jam · 20 BB""], ""attemptedButtonLabel"": ""Fold"", ""attemptedAtMs"": 1790782564852, ""lastRenderedAtMs"": 1790782559126}]","[""4s"", ""Jc""]",[],"[{""name"": ""fold"", ""kind"": ""fold"", ""raiseTo"": null}, {""name"": ""call"", ""kind"": ""call"", ""raiseTo"": null}, {""name"": ""min"", ""kind"": ""raise"", ""raiseTo"": 1000}, {""name"": ""pot"", ""kind"": ""raise"", ""raiseTo"": 1800}, {""name"": ""jam"", ""kind"": ""raise"", ""raiseTo"": 2000}]","[""Fold"", ""Call 4 BB"", ""Min · 10 BB"", ""Pot · 18 BB"", ""Jam · 20 BB""]",Fold,fold,,1790782564852,True,True,True,1790782571683,1790782559126,5726,6831,,False,False
PlMiosUXOX3jddmqtCqgK3g7,mDtQzdexpDDh1AdtBLn7wIVF,385,1,preflop,1,1,"[{""type"": ""luna_attempt"", ""handOrdinal"": 385, ""decisionOrdinal"": 1, ""street"": ""pre-flop"", ""visibleLegalButtonLabels"": [""Fold"", ""Call 0.50 BB"", ""Min · 2 BB"", ""Pot · 3 BB""], ""attemptedButtonLabel"": ""Call 0.50 BB"", ""attemptedAtMs"": 1790782580478, ""lastRenderedAtMs"": 1790782575413}]","[""9d"", ""4c""]",[],"[{""name"": ""fold"", ""kind"": ""fold"", ""raiseTo"": null}, {""name"": ""call"", ""kind"": ""call"", ""raiseTo"": null}, {""name"": ""min"", ""kind"": ""raise"", ""raiseTo"": 200}, {""name"": ""pot"", ""kind"": ""raise"", ""raiseTo"": 300}]","[""Fold"", ""Call 0.50 BB"", ""Min · 2 BB"", ""Pot · 3 BB""]",Call 0.50 BB,call,,1790782580478,True,True,True,1790782586956,1790782575413,5065,6478,,False,False
PlMiosUXOX3jddmqtCqgK3g7,mDtQzdexpDDh1AdtBLn7wIVF,385,2,preflop,2,1,"[{""type"": ""luna_attempt"", ""handOrdinal"": 385, ""decisionOrdinal"": 2, ""street"": ""pre-flop"", ""visibleLegalButtonLabels"": [""Fold"", ""Call 2 BB"", ""Min · 5 BB"", ""Pot · 9 BB""], ""attemptedButtonLabel"": ""Fold"", ""attemptedAtMs"": 1790782586956, ""lastRenderedAtMs"": 1790782580900}]","[""9d"", ""4c""]",[],"[{""name"": ""fold"", ""kind"": ""fold"", ""raiseTo"": null}, {""name"": ""call"", ""kind"": ""call"", ""raiseTo"": null}, {""name"": ""min"", ""kind"": ""raise"", ""raiseTo"": 500}, {""name"": ""pot"", ""kind"": ""raise"", ""raiseTo"": 900}]","[""Fold"", ""Call 2 BB"", ""Min · 5 BB"", ""Pot · 9 BB""]",Fold,fold,,1790782586956,True,True,True,1790782591997,1790782580900,6056,5041,,False,False
PlMiosUXOX3jddmqtCqgK3g7,3KdYR-WkmhID_dVNmHc7NUYE,386,1,preflop,1,1,"[{""type"": ""luna_attempt"", ""handOrdinal"": 386, ""decisionOrdinal"": 1, ""street"": ""pre-flop"", ""visibleLegalButtonLabels"": [""Fold"", ""Call 2 BB"", ""Min · 5 BB"", ""Pot · 9 BB""], ""attemptedButtonLabel"": ""Fold"", ""attemptedAtMs"": 1790782599614, ""lastRenderedAtMs"": 1790782592355}]","[""4s"", ""Kd""]",[],"[{""name"": ""fold"", ""kind"": ""fold"", ""raiseTo"": null}, {""name"": ""call"", ""kind"": ""call"", ""raiseTo"": null}, {""name"": ""min"", ""kind"": ""raise"", ""raiseTo"": 500}, {""name"": ""pot"", ""kind"": ""raise"", ""raiseTo"": 900}]","[""Fold"", ""Call 2 BB"", ""Min · 5 BB"", ""Pot · 9 BB""]",Fold,fold,,1790782599614,True,True,True,1790782604389,1790782592355,7259,4775,,False,False
PlMiosUXOX3jddmqtCqgK3g7,bzdDnoufE3xEOs9Y0W5BwePc,387,1,preflop,1,1,"[{""type"": ""luna_attempt"", ""handOrdinal"": 387, ""decisionOrdinal"": 1, ""street"": ""pre-flop"", ""visibleLegalButtonLabels"": [""Fold"", ""Call 0.50 BB"", ""Min · 2 BB"", ""Pot · 3 BB""], ""attemptedButtonLabel"": ""Min · 2 BB"", ""attemptedAtMs"": 1790782610079, ""lastRenderedAtMs"": 1790782604734}]","[""Qs"", ""8d""]",[],"[{""name"": ""fold"", ""kind"": ""fold"", ""raiseTo"": null}, {""name"": ""call"", ""kind"": ""call"", ""raiseTo"": null}, {""name"": ""min"", ""kind"": ""raise"", ""raiseTo"": 200}, {""name"": ""pot"", ""kind"": ""raise"", ""raiseTo"": 300}]","[""Fold"", ""Call 0.50 BB"", ""Min · 2 BB"", ""Pot · 3 BB""]",Min · 2 BB,raise,200,1790782610079,True,True,True,1790782617125,1790782604734,5345,7046,,False,False
PlMiosUXOX3jddmqtCqgK3g7,bzdDnoufE3xEOs9Y0W5BwePc,387,2,flop,2,1,"[{""type"": ""luna_attempt"", ""handOrdinal"": 387, ""decisionOrdinal"": 2, ""street"": ""flop"", ""visibleLegalButtonLabels"": [""check"", ""Min · 1 BB"", ""Pot · 4 BB""], ""attemptedButtonLabel"": ""Min · 1 BB"", ""attemptedAtMs"": 1790782617125, ""lastRenderedAtMs"": 1790782610371}]","[""Qs"", ""8d""]","[""As"", ""6d"", ""5d""]","[{""name"": ""check"", ""kind"": ""check"", ""raiseTo"": null}, {""name"": ""min"", ""kind"": ""raise"", ""raiseTo"": 100}, {""name"": ""pot"", ""kind"": ""raise"", ""raiseTo"": 400}]","[""check"", ""Min · 1 BB"", ""Pot · 4 BB""]",Min · 1 BB,raise,100,1790782617125,True,True,True,1790782622025,1790782610371,6754,4900,,False,False
PlMiosUXOX3jddmqtCqgK3g7,8S5BfvohJ2XWuCEJ25KMey6b,388,1,preflop,1,1,"[{""type"": ""luna_attempt"", ""handOrdinal"": 388, ""decisionOrdinal"": 1, ""street"": ""pre-flop"", ""visibleLegalButtonLabels"": [""check"", ""Min · 2 BB"", ""Pot · 3 BB""], ""attemptedButtonLabel"": ""check"", ""attemptedAtMs"": 1790782629689, ""lastRenderedAtMs"": 1790782622322}]","[""8d"", ""Kd""]",[],"[{""name"": ""check"", ""kind"": ""check"", ""raiseTo"": null}, {""name"": ""min"", ""kind"": ""raise"", ""raiseTo"": 200}, {""name"": ""pot"", ""kind"": ""raise"", ""raiseTo"": 300}]","[""check"", ""Min · 2 BB"", ""Pot · 3 BB""]",check,check,,1790782629689,True,True,True,1790782638264,1790782622322,7367,8575,,False,False
PlMiosUXOX3jddmqtCqgK3g7,8S5BfvohJ2XWuCEJ25KMey6b,388,2,flop,2,1,"[{""type"": ""luna_attempt"", ""handOrdinal"": 388, ""decisionOrdinal"": 2, ""street"": ""flop"", ""visibleLegalButtonLabels"": [""check"", ""Min · 1 BB"", ""Pot · 2 BB""], ""attemptedButtonLabel"": ""Pot · 2 BB"", ""attemptedAtMs"": 1790782638264, ""lastRenderedAtMs"": 1790782630017}]","[""8d"", ""Kd""]","[""4c"", ""Td"", ""9d""]","[{""name"": ""check"", ""kind"": ""check"", ""raiseTo"": null}, {""name"": ""min"", ""kind"": ""raise"", ""raiseTo"": 100}, {""name"": ""pot"", ""kind"": ""raise"", ""raiseTo"": 200}]","[""check"", ""Min · 1 BB"", ""Pot · 2 BB""]",Pot · 2 BB,raise,200,1790782638264,True,True,True,1790782643011,1790782630017,8247,4747,,False,False
PlMiosUXOX3jddmqtCqgK3g7,fcQsTzzHgsJGMvtaESqBg1Od,389,1,preflop,1,1,"[{""type"": ""luna_attempt"", ""handOrdinal"": 389, ""decisionOrdinal"": 1, ""street"": ""pre-flop"", ""visibleLegalButtonLabels"": [""Fold"", ""Call 0.50 BB"", ""Min · 2 BB"", ""Pot · 3 BB""], ""attemptedButtonLabel"": ""Fold"", ""attemptedAtMs"": 1790782648038, ""lastRenderedAtMs"": 1790782643467}]","[""4h"", ""2c""]",[],"[{""name"": ""fold"", ""kind"": ""fold"", ""raiseTo"": null}, {""name"": ""call"", ""kind"": ""call"", ""raiseTo"": null}, {""name"": ""min"", ""kind"": ""raise"", ""raiseTo"": 200}, {""name"": ""pot"", ""kind"": ""raise"", ""raiseTo"": 300}]","[""Fold"", ""Call 0.50 BB"", ""Min · 2 BB"", ""Pot · 3 BB""]",Fold,fold,,1790782648038,True,True,True,1790782652335,1790782643467,4571,4297,,False,False
PlMiosUXOX3jddmqtCqgK3g7,HAwrlUuEnYf8dpOjGxTqLvdg,390,1,preflop,1,1,"[{""type"": ""luna_attempt"", ""handOrdinal"": 390, ""decisionOrdinal"": 1, ""street"": ""pre-flop"", ""visibleLegalButtonLabels"": [""check"", ""Min · 2 BB"", ""Pot · 3 BB""], ""attemptedButtonLabel"": ""check"", ""attemptedAtMs"": 1790782657850, ""lastRenderedAtMs"": 1790782653040}]","[""8h"", ""9c""]",[],"[{""name"": ""check"", ""kind"": ""check"", ""raiseTo"": null}, {""name"": ""min"", ""kind"": ""raise"", ""raiseTo"": 200}, {""name"": ""pot"", ""kind"": ""raise"", ""raiseTo"": 300}]","[""check"", ""Min · 2 BB"", ""Pot · 3 BB""]",check,check,,1790782657850,True,True,True,1790782668918,1790782653040,4810,11068,,False,False
PlMiosUXOX3jddmqtCqgK3g7,HAwrlUuEnYf8dpOjGxTqLvdg,390,2,flop,2,1,"[{""type"": ""luna_attempt"", ""handOrdinal"": 390, ""decisionOrdinal"": 2, ""street"": ""flop"", ""visibleLegalButtonLabels"": [""check"", ""Min · 1 BB"", ""Pot · 2 BB""], ""attemptedButtonLabel"": ""check"", ""attemptedAtMs"": 1790782668918, ""lastRenderedAtMs"": 1790782660160}]","[""8h"", ""9c""]","[""2h"", ""7s"", ""4d""]","[{""name"": ""check"", ""kind"": ""check"", ""raiseTo"": null}, {""name"": ""min"", ""kind"": ""raise"", ""raiseTo"": 100}, {""name"": ""pot"", ""kind"": ""raise"", ""raiseTo"": 200}]","[""check"", ""Min · 1 BB"", ""Pot · 2 BB""]",check,check,,1790782668918,True,True,True,1790782677239,1790782660160,8758,8321,,False,False
PlMiosUXOX3jddmqtCqgK3g7,HAwrlUuEnYf8dpOjGxTqLvdg,390,3,flop,3,1,"[{""type"": ""luna_attempt"", ""handOrdinal"": 390, ""decisionOrdinal"": 3, ""street"": ""flop"", ""visibleLegalButtonLabels"": [""Fold"", ""Call 2 BB"", ""Min · 4 BB"", ""Pot · 8 BB""], ""attemptedButtonLabel"": ""Fold"", ""attemptedAtMs"": 1790782677239, ""lastRenderedAtMs"": 1790782669230}]","[""8h"", ""9c""]","[""2h"", ""7s"", ""4d""]","[{""name"": ""fold"", ""kind"": ""fold"", ""raiseTo"": null}, {""name"": ""call"", ""kind"": ""call"", ""raiseTo"": null}, {""name"": ""min"", ""kind"": ""raise"", ""raiseTo"": 400}, {""name"": ""pot"", ""kind"": ""raise"", ""raiseTo"": 800}]","[""Fold"", ""Call 2 BB"", ""Min · 4 BB"", ""Pot · 8 BB""]",Fold,fold,,1790782677239,True,True,True,1790782682071,1790782669230,8009,4832,,False,False
PlMiosUXOX3jddmqtCqgK3g7,X-HlrToI6J9sjTJ48VGpUHLQ,391,1,preflop,1,1,"[{""type"": ""luna_attempt"", ""handOrdinal"": 391, ""decisionOrdinal"": 1, ""street"": ""pre-flop"", ""visibleLegalButtonLabels"": [""Fold"", ""Call 0.50 BB"", ""Min · 2 BB"", ""Pot · 3 BB""], ""attemptedButtonLabel"": ""Min · 2 BB"", ""attemptedAtMs"": 1790782687185, ""lastRenderedAtMs"": 1790782682480}]","[""9h"", ""9c""]",[],"[{""name"": ""fold"", ""kind"": ""fold"", ""raiseTo"": null}, {""name"": ""call"", ""kind"": ""call"", ""raiseTo"": null}, {""name"": ""min"", ""kind"": ""raise"", ""raiseTo"": 200}, {""name"": ""pot"", ""kind"": ""raise"", ""raiseTo"": 300}]","[""Fold"", ""Call 0.50 BB"", ""Min · 2 BB"", ""Pot · 3 BB""]",Min · 2 BB,raise,200,1790782687185,True,True,True,1790782691812,1790782682480,4705,4627,,False,False
PlMiosUXOX3jddmqtCqgK3g7,l2KVqKd5T4hvp07cLFLFXOUr,392,1,preflop,1,1,"[{""type"": ""luna_attempt"", ""handOrdinal"": 392, ""decisionOrdinal"": 1, ""street"": ""pre-flop"", ""visibleLegalButtonLabels"": [""Fold"", ""Call 1 BB"", ""Min · 3 BB"", ""Pot · 6 BB""], ""attemptedButtonLabel"": ""Call 1 BB"", ""attemptedAtMs"": 1790782699980, ""lastRenderedAtMs"": 1790782692187}]","[""3h"", ""Qh""]",[],"[{""name"": ""fold"", ""kind"": ""fold"", ""raiseTo"": null}, {""name"": ""call"", ""kind"": ""call"", ""raiseTo"": null}, {""name"": ""min"", ""kind"": ""raise"", ""raiseTo"": 300}, {""name"": ""pot"", ""kind"": ""raise"", ""raiseTo"": 600}]","[""Fold"", ""Call 1 BB"", ""Min · 3 BB"", ""Pot · 6 BB""]",Call 1 BB,call,,1790782699980,True,True,True,1790782707460,1790782692187,7793,7480,,False,False
PlMiosUXOX3jddmqtCqgK3g7,l2KVqKd5T4hvp07cLFLFXOUr,392,2,flop,2,1,"[{""type"": ""luna_attempt"", ""handOrdinal"": 392, ""decisionOrdinal"": 2, ""street"": ""flop"", ""visibleLegalButtonLabels"": [""check"", ""Min · 1 BB"", ""Pot · 4 BB""], ""attemptedButtonLabel"": ""Min · 1 BB"", ""attemptedAtMs"": 1790782707460, ""lastRenderedAtMs"": 1790782700472}]","[""3h"", ""Qh""]","[""Qd"", ""7h"", ""6d""]","[{""name"": ""check"", ""kind"": ""check"", ""raiseTo"": null}, {""name"": ""min"", ""kind"": ""raise"", ""raiseTo"": 100}, {""name"": ""pot"", ""kind"": ""raise"", ""raiseTo"": 400}]","[""check"", ""Min · 1 BB"", ""Pot · 4 BB""]",Min · 1 BB,raise,100,1790782707460,True,True,True,1790782719247,1790782700472,6988,11787,,False,False
PlMiosUXOX3jddmqtCqgK3g7,l2KVqKd5T4hvp07cLFLFXOUr,392,3,turn,3,1,"[{""type"": ""luna_attempt"", ""handOrdinal"": 392, ""decisionOrdinal"": 3, ""street"": ""turn"", ""visibleLegalButtonLabels"": [""check"", ""Min · 1 BB"", ""Pot · 6 BB""], ""attemptedButtonLabel"": ""Min · 1 BB"", ""attemptedAtMs"": 1790782719247, ""lastRenderedAtMs"": 1790782712086}]","[""3h"", ""Qh""]","[""Qd"", ""7h"", ""6d"", ""2h""]","[{""name"": ""check"", ""kind"": ""check"", ""raiseTo"": null}, {""name"": ""min"", ""kind"": ""raise"", ""raiseTo"": 100}, {""name"": ""pot"", ""kind"": ""raise"", ""raiseTo"": 600}]","[""check"", ""Min · 1 BB"", ""Pot · 6 BB""]",Min · 1 BB,raise,100,1790782719247,True,True,True,1790782736741,1790782712086,7161,17494,,False,False
PlMiosUXOX3jddmqtCqgK3g7,l2KVqKd5T4hvp07cLFLFXOUr,392,4,river,4,1,"[{""type"": ""luna_attempt"", ""handOrdinal"": 392, ""decisionOrdinal"": 4, ""street"": ""river"", ""visibleLegalButtonLabels"": [""check"", ""Min · 1 BB"", ""Pot · 8 BB"", ""Jam · 16 BB""], ""attemptedButtonLabel"": ""check"", ""attemptedAtMs"": 1790782736741, ""lastRenderedAtMs"": 1790782728339}]","[""3h"", ""Qh""]","[""Qd"", ""7h"", ""6d"", ""2h"", ""8s""]","[{""name"": ""check"", ""kind"": ""check"", ""raiseTo"": null}, {""name"": ""min"", ""kind"": ""raise"", ""raiseTo"": 100}, {""name"": ""pot"", ""kind"": ""raise"", ""raiseTo"": 800}, {""name"": ""jam"", ""kind"": ""raise"", ""raiseTo"": 1600}]","[""check"", ""Min · 1 BB"", ""Pot · 8 BB"", ""Jam · 16 BB""]",check,check,,1790782736741,True,True,True,1790782741707,1790782728339,8402,4966,,False,False
PlMiosUXOX3jddmqtCqgK3g7,quuOOzu6c0X6WqJM5GNweZHd,393,1,preflop,1,1,"[{""type"": ""luna_attempt"", ""handOrdinal"": 393, ""decisionOrdinal"": 1, ""street"": ""pre-flop"", ""visibleLegalButtonLabels"": [""Fold"", ""Call 0.50 BB"", ""Min · 2 BB"", ""Pot · 3 BB""], ""attemptedButtonLabel"": ""Min · 2 BB"", ""attemptedAtMs"": 1790782747215, ""lastRenderedAtMs"": 1790782742032}]","[""Qd"", ""4d""]",[],"[{""name"": ""fold"", ""kind"": ""fold"", ""raiseTo"": null}, {""name"": ""call"", ""kind"": ""call"", ""raiseTo"": null}, {""name"": ""min"", ""kind"": ""raise"", ""raiseTo"": 200}, {""name"": ""pot"", ""kind"": ""raise"", ""raiseTo"": 300}]","[""Fold"", ""Call 0.50 BB"", ""Min · 2 BB"", ""Pot · 3 BB""]",Min · 2 BB,raise,200,1790782747215,True,True,True,1790782755943,1790782742032,5183,8728,,False,False
PlMiosUXOX3jddmqtCqgK3g7,quuOOzu6c0X6WqJM5GNweZHd,393,2,flop,2,1,"[{""type"": ""luna_attempt"", ""handOrdinal"": 393, ""decisionOrdinal"": 2, ""street"": ""flop"", ""visibleLegalButtonLabels"": [""check"", ""Min · 1 BB"", ""Pot · 4 BB""], ""attemptedButtonLabel"": ""Min · 1 BB"", ""attemptedAtMs"": 1790782755943, ""lastRenderedAtMs"": 1790782747672}]","[""Qd"", ""4d""]","[""Jh"", ""Kc"", ""8d""]","[{""name"": ""check"", ""kind"": ""check"", ""raiseTo"": null}, {""name"": ""min"", ""kind"": ""raise"", ""raiseTo"": 100}, {""name"": ""pot"", ""kind"": ""raise"", ""raiseTo"": 400}]","[""check"", ""Min · 1 BB"", ""Pot · 4 BB""]",Min · 1 BB,raise,100,1790782755943,True,True,True,1790782768477,1790782747672,8271,12534,,False,False
PlMiosUXOX3jddmqtCqgK3g7,quuOOzu6c0X6WqJM5GNweZHd,393,3,turn,3,1,"[{""type"": ""luna_attempt"", ""handOrdinal"": 393, ""decisionOrdinal"": 3, ""street"": ""turn"", ""visibleLegalButtonLabels"": [""Fold"", ""Call 1 BB"", ""Min · 2 BB"", ""Pot · 9 BB"", ""Jam · 17 BB""], ""attemptedButtonLabel"": ""Call 1 BB"", ""attemptedAtMs"": 1790782768477, ""lastRenderedAtMs"": 1790782756403}]","[""Qd"", ""4d""]","[""Jh"", ""Kc"", ""8d"", ""Ts""]","[{""name"": ""fold"", ""kind"": ""fold"", ""raiseTo"": null}, {""name"": ""call"", ""kind"": ""call"", ""raiseTo"": null}, {""name"": ""min"", ""kind"": ""raise"", ""raiseTo"": 200}, {""name"": ""pot"", ""kind"": ""raise"", ""raiseTo"": 900}, {""name"": ""jam"", ""kind"": ""raise"", ""raiseTo"": 1700}]","[""Fold"", ""Call 1 BB"", ""Min · 2 BB"", ""Pot · 9 BB"", ""Jam · 17 BB""]",Call 1 BB,call,,1790782768477,True,True,True,1790782776623,1790782756403,12074,8146,,False,False
PlMiosUXOX3jddmqtCqgK3g7,quuOOzu6c0X6WqJM5GNweZHd,393,4,river,4,1,"[{""type"": ""luna_attempt"", ""handOrdinal"": 393, ""decisionOrdinal"": 4, ""street"": ""river"", ""visibleLegalButtonLabels"": [""Fold"", ""Call 1 BB"", ""Min · 2 BB"", ""Pot · 11 BB"", ""Jam · 16 BB""], ""attemptedButtonLabel"": ""Fold"", ""attemptedAtMs"": 1790782776623, ""lastRenderedAtMs"": 1790782768864}]","[""Qd"", ""4d""]","[""Jh"", ""Kc"", ""8d"", ""Ts"", ""7d""]","[{""name"": ""fold"", ""kind"": ""fold"", ""raiseTo"": null}, {""name"": ""call"", ""kind"": ""call"", ""raiseTo"": null}, {""name"": ""min"", ""kind"": ""raise"", ""raiseTo"": 200}, {""name"": ""pot"", ""kind"": ""raise"", ""raiseTo"": 1100}, {""name"": ""jam"", ""kind"": ""raise"", ""raiseTo"": 1600}]","[""Fold"", ""Call 1 BB"", ""Min · 2 BB"", ""Pot · 11 BB"", ""Jam · 16 BB""]",Fold,fold,,1790782776623,True,True,True,1790782781744,1790782768864,7759,5121,,False,False
PlMiosUXOX3jddmqtCqgK3g7,JTwXJBKX7ZN5sqigqN8jHZcm,394,1,preflop,1,1,"[{""type"": ""luna_attempt"", ""handOrdinal"": 394, ""decisionOrdinal"": 1, ""street"": ""pre-flop"", ""visibleLegalButtonLabels"": [""Fold"", ""Call 1 BB"", ""Min · 3 BB"", ""Pot · 6 BB""], ""attemptedButtonLabel"": ""Fold"", ""attemptedAtMs"": 1790782787382, ""lastRenderedAtMs"": 1790782782070}]","[""2c"", ""Th""]",[],"[{""name"": ""fold"", ""kind"": ""fold"", ""raiseTo"": null}, {""name"": ""call"", ""kind"": ""call"", ""raiseTo"": null}, {""name"": ""min"", ""kind"": ""raise"", ""raiseTo"": 300}, {""name"": ""pot"", ""kind"": ""raise"", ""raiseTo"": 600}]","[""Fold"", ""Call 1 BB"", ""Min · 3 BB"", ""Pot · 6 BB""]",Fold,fold,,1790782787382,True,True,True,1790782792138,1790782782070,5312,4756,,False,False
PlMiosUXOX3jddmqtCqgK3g7,TzWvS1emQSqRshizKX5O8rKa,395,1,preflop,1,1,"[{""type"": ""luna_attempt"", ""handOrdinal"": 395, ""decisionOrdinal"": 1, ""street"": ""pre-flop"", ""visibleLegalButtonLabels"": [""Fold"", ""Call 0.50 BB"", ""Min · 2 BB"", ""Pot · 3 BB""], ""attemptedButtonLabel"": ""Call 0.50 BB"", ""attemptedAtMs"": 1790782797213, ""lastRenderedAtMs"": 1790782792504}]","[""6d"", ""8s""]",[],"[{""name"": ""fold"", ""kind"": ""fold"", ""raiseTo"": null}, {""name"": ""call"", ""kind"": ""call"", ""raiseTo"": null}, {""name"": ""min"", ""kind"": ""raise"", ""raiseTo"": 200}, {""name"": ""pot"", ""kind"": ""raise"", ""raiseTo"": 300}]","[""Fold"", ""Call 0.50 BB"", ""Min · 2 BB"", ""Pot · 3 BB""]",Call 0.50 BB,call,,1790782797213,True,True,True,1790782807669,1790782792504,4709,10456,,False,False
PlMiosUXOX3jddmqtCqgK3g7,TzWvS1emQSqRshizKX5O8rKa,395,2,flop,2,1,"[{""type"": ""luna_attempt"", ""handOrdinal"": 395, ""decisionOrdinal"": 2, ""street"": ""flop"", ""visibleLegalButtonLabels"": [""Fold"", ""Call 1 BB"", ""Min · 2 BB"", ""Pot · 5 BB""], ""attemptedButtonLabel"": ""Call 1 BB"", ""attemptedAtMs"": 1790782807669, ""lastRenderedAtMs"": 1790782797532}]","[""6d"", ""8s""]","[""7h"", ""9d"", ""6h""]","[{""name"": ""fold"", ""kind"": ""fold"", ""raiseTo"": null}, {""name"": ""call"", ""kind"": ""call"", ""raiseTo"": null}, {""name"": ""min"", ""kind"": ""raise"", ""raiseTo"": 200}, {""name"": ""pot"", ""kind"": ""raise"", ""raiseTo"": 500}]","[""Fold"", ""Call 1 BB"", ""Min · 2 BB"", ""Pot · 5 BB""]",Call 1 BB,call,,1790782807669,True,True,True,1790782822804,1790782797532,10137,15135,,False,False
PlMiosUXOX3jddmqtCqgK3g7,TzWvS1emQSqRshizKX5O8rKa,395,3,turn,3,1,"[{""type"": ""luna_attempt"", ""handOrdinal"": 395, ""decisionOrdinal"": 3, ""street"": ""turn"", ""visibleLegalButtonLabels"": [""check"", ""Min · 1 BB"", ""Pot · 4 BB""], ""attemptedButtonLabel"": ""Pot · 4 BB"", ""attemptedAtMs"": 1790782822804, ""lastRenderedAtMs"": 1790782816353}]","[""6d"", ""8s""]","[""7h"", ""9d"", ""6h"", ""Ts""]","[{""name"": ""check"", ""kind"": ""check"", ""raiseTo"": null}, {""name"": ""min"", ""kind"": ""raise"", ""raiseTo"": 100}, {""name"": ""pot"", ""kind"": ""raise"", ""raiseTo"": 400}]","[""check"", ""Min · 1 BB"", ""Pot · 4 BB""]",Pot · 4 BB,raise,400,1790782822804,True,True,True,1790782827783,1790782816353,6451,4979,,False,False
PlMiosUXOX3jddmqtCqgK3g7,Q8WDJO5hr889g4Aoe8RdU_ic,397,1,preflop,1,1,"[{""type"": ""luna_attempt"", ""handOrdinal"": 397, ""decisionOrdinal"": 1, ""street"": ""pre-flop"", ""visibleLegalButtonLabels"": [""Fold"", ""Call 0.50 BB"", ""Min · 2 BB"", ""Pot · 3 BB""], ""attemptedButtonLabel"": ""Min · 2 BB"", ""attemptedAtMs"": 1790782837404, ""lastRenderedAtMs"": 1790782831657}]","[""Qd"", ""8c""]",[],"[{""name"": ""fold"", ""kind"": ""fold"", ""raiseTo"": null}, {""name"": ""call"", ""kind"": ""call"", ""raiseTo"": null}, {""name"": ""min"", ""kind"": ""raise"", ""raiseTo"": 200}, {""name"": ""pot"", ""kind"": ""raise"", ""raiseTo"": 300}]","[""Fold"", ""Call 0.50 BB"", ""Min · 2 BB"", ""Pot · 3 BB""]",Min · 2 BB,raise,200,1790782837404,True,True,True,1790782848995,1790782831657,5747,11591,,False,False
PlMiosUXOX3jddmqtCqgK3g7,Q8WDJO5hr889g4Aoe8RdU_ic,397,2,flop,2,1,"[{""type"": ""luna_attempt"", ""handOrdinal"": 397, ""decisionOrdinal"": 2, ""street"": ""flop"", ""visibleLegalButtonLabels"": [""Fold"", ""Call 1 BB"", ""Min · 2 BB"", ""Pot · 7 BB""], ""attemptedButtonLabel"": ""Fold"", ""attemptedAtMs"": 1790782848996, ""lastRenderedAtMs"": 1790782840366}]","[""Qd"", ""8c""]","[""3d"", ""Td"", ""4d""]","[{""name"": ""fold"", ""kind"": ""fold"", ""raiseTo"": null}, {""name"": ""call"", ""kind"": ""call"", ""raiseTo"": null}, {""name"": ""min"", ""kind"": ""raise"", ""raiseTo"": 200}, {""name"": ""pot"", ""kind"": ""raise"", ""raiseTo"": 700}]","[""Fold"", ""Call 1 BB"", ""Min · 2 BB"", ""Pot · 7 BB""]",Fold,fold,,1790782848996,True,True,True,1790782854372,1790782840366,8630,5376,,False,False
PlMiosUXOX3jddmqtCqgK3g7,S9cfLhwpjnnXMwbo6BE_EYaM,398,1,preflop,1,1,"[{""type"": ""luna_attempt"", ""handOrdinal"": 398, ""decisionOrdinal"": 1, ""street"": ""pre-flop"", ""visibleLegalButtonLabels"": [""check"", ""Min · 2 BB"", ""Pot · 3 BB""], ""attemptedButtonLabel"": ""check"", ""attemptedAtMs"": 1790782860167, ""lastRenderedAtMs"": 1790782854721}]","[""7c"", ""Jh""]",[],"[{""name"": ""check"", ""kind"": ""check"", ""raiseTo"": null}, {""name"": ""min"", ""kind"": ""raise"", ""raiseTo"": 200}, {""name"": ""pot"", ""kind"": ""raise"", ""raiseTo"": 300}]","[""check"", ""Min · 2 BB"", ""Pot · 3 BB""]",check,check,,1790782860167,True,True,True,1790782869702,1790782854721,5446,9535,,False,False
PlMiosUXOX3jddmqtCqgK3g7,S9cfLhwpjnnXMwbo6BE_EYaM,398,2,flop,2,1,"[{""type"": ""luna_attempt"", ""handOrdinal"": 398, ""decisionOrdinal"": 2, ""street"": ""flop"", ""visibleLegalButtonLabels"": [""check"", ""Min · 1 BB"", ""Pot · 2 BB""], ""attemptedButtonLabel"": ""check"", ""attemptedAtMs"": 1790782869702, ""lastRenderedAtMs"": 1790782860453}]","[""7c"", ""Jh""]","[""Qs"", ""Qh"", ""2s""]","[{""name"": ""check"", ""kind"": ""check"", ""raiseTo"": null}, {""name"": ""min"", ""kind"": ""raise"", ""raiseTo"": 100}, {""name"": ""pot"", ""kind"": ""raise"", ""raiseTo"": 200}]","[""check"", ""Min · 1 BB"", ""Pot · 2 BB""]",check,check,,1790782869702,True,True,True,1790782879466,1790782860453,9249,9764,,False,False
PlMiosUXOX3jddmqtCqgK3g7,S9cfLhwpjnnXMwbo6BE_EYaM,398,3,flop,3,1,"[{""type"": ""luna_attempt"", ""handOrdinal"": 398, ""decisionOrdinal"": 3, ""street"": ""flop"", ""visibleLegalButtonLabels"": [""Fold"", ""Call 1 BB"", ""Min · 2 BB"", ""Pot · 5 BB""], ""attemptedButtonLabel"": ""Fold"", ""attemptedAtMs"": 1790782879466, ""lastRenderedAtMs"": 1790782870031}]","[""7c"", ""Jh""]","[""Qs"", ""Qh"", ""2s""]","[{""name"": ""fold"", ""kind"": ""fold"", ""raiseTo"": null}, {""name"": ""call"", ""kind"": ""call"", ""raiseTo"": null}, {""name"": ""min"", ""kind"": ""raise"", ""raiseTo"": 200}, {""name"": ""pot"", ""kind"": ""raise"", ""raiseTo"": 500}]","[""Fold"", ""Call 1 BB"", ""Min · 2 BB"", ""Pot · 5 BB""]",Fold,fold,,1790782879466,True,True,True,1790782885004,1790782870031,9435,5538,,False,False
PlMiosUXOX3jddmqtCqgK3g7,B_xTVsia5fQ3kkUpAhg8l5p6,399,1,preflop,1,1,"[{""type"": ""luna_attempt"", ""handOrdinal"": 399, ""decisionOrdinal"": 1, ""street"": ""pre-flop"", ""visibleLegalButtonLabels"": [""Fold"", ""Call 0.50 BB"", ""Min · 2 BB"", ""Pot · 3 BB""], ""attemptedButtonLabel"": ""Min · 2 BB"", ""attemptedAtMs"": 1790782892433, ""lastRenderedAtMs"": 1790782885405}]","[""Tc"", ""Ks""]",[],"[{""name"": ""fold"", ""kind"": ""fold"", ""raiseTo"": null}, {""name"": ""call"", ""kind"": ""call"", ""raiseTo"": null}, {""name"": ""min"", ""kind"": ""raise"", ""raiseTo"": 200}, {""name"": ""pot"", ""kind"": ""raise"", ""raiseTo"": 300}]","[""Fold"", ""Call 0.50 BB"", ""Min · 2 BB"", ""Pot · 3 BB""]",Min · 2 BB,raise,200,1790782892433,True,True,True,1790782907147,1790782885405,7028,14714,,False,False
PlMiosUXOX3jddmqtCqgK3g7,B_xTVsia5fQ3kkUpAhg8l5p6,399,2,flop,2,1,"[{""type"": ""luna_attempt"", ""handOrdinal"": 399, ""decisionOrdinal"": 2, ""street"": ""flop"", ""visibleLegalButtonLabels"": [""check"", ""Min · 1 BB"", ""Pot · 4 BB""], ""attemptedButtonLabel"": ""Min · 1 BB"", ""attemptedAtMs"": 1790782907147, ""lastRenderedAtMs"": 1790782892867}]","[""Tc"", ""Ks""]","[""2h"", ""9c"", ""6s""]","[{""name"": ""check"", ""kind"": ""check"", ""raiseTo"": null}, {""name"": ""min"", ""kind"": ""raise"", ""raiseTo"": 100}, {""name"": ""pot"", ""kind"": ""raise"", ""raiseTo"": 400}]","[""check"", ""Min · 1 BB"", ""Pot · 4 BB""]",Min · 1 BB,raise,100,1790782907147,True,True,True,1790782920039,1790782892867,14280,12892,,False,False
PlMiosUXOX3jddmqtCqgK3g7,WzBhvLx7noV71TWVL1sGLMK-,400,1,preflop,1,1,"[{""type"": ""luna_attempt"", ""hand"": 400, ""decision"": 1, ""street"": ""preflop"", ""legalButtonLabels"": [""Fold"", ""Call 2 BB"", ""Min · 5 BB"", ""Pot · 9 BB""], ""attemptedButtonLabel"": ""Call 2 BB"", ""attemptedAtMs"": 1790782997431, ""handOrdinal"": 400, ""decisionOrdinal"": 1, ""lastRenderedAtMs"": 1790782989860}]","[""9c"", ""8c""]",[],"[{""name"": ""fold"", ""kind"": ""fold"", ""raiseTo"": null}, {""name"": ""call"", ""kind"": ""call"", ""raiseTo"": null}, {""name"": ""min"", ""kind"": ""raise"", ""raiseTo"": 500}, {""name"": ""pot"", ""kind"": ""raise"", ""raiseTo"": 900}]","[""Fold"", ""Call 2 BB"", ""Min · 5 BB"", ""Pot · 9 BB""]",Call 2 BB,call,,1790782997431,True,True,True,1790782997635,1790782989860,7571,204,,False,False
PlMiosUXOX3jddmqtCqgK3g7,WzBhvLx7noV71TWVL1sGLMK-,400,2,flop,2,1,"[{""type"": ""luna_attempt"", ""hand"": 400, ""decision"": 2, ""street"": ""flop"", ""legalButtonLabels"": [""check"", ""Min · 1 BB"", ""Pot · 6 BB""], ""attemptedButtonLabel"": ""check"", ""attemptedAtMs"": 1790783006945, ""handOrdinal"": 400, ""decisionOrdinal"": 2, ""lastRenderedAtMs"": 1790782997695}]","[""9c"", ""8c""]","[""5d"", ""3d"", ""Ks""]","[{""name"": ""check"", ""kind"": ""check"", ""raiseTo"": null}, {""name"": ""min"", ""kind"": ""raise"", ""raiseTo"": 100}, {""name"": ""pot"", ""kind"": ""raise"", ""raiseTo"": 600}]","[""check"", ""Min · 1 BB"", ""Pot · 6 BB""]",check,check,,1790783006945,True,True,True,1790783007201,1790782997695,9250,256,,False,False
PlMiosUXOX3jddmqtCqgK3g7,WzBhvLx7noV71TWVL1sGLMK-,400,3,flop,3,1,"[{""type"": ""luna_attempt"", ""hand"": 400, ""decision"": 3, ""street"": ""flop"", ""legalButtonLabels"": [""Fold"", ""Call 1 BB"", ""Min · 2 BB"", ""Pot · 9 BB"", ""Jam · 17 BB""], ""attemptedButtonLabel"": ""Fold"", ""attemptedAtMs"": 1790783012337, ""handOrdinal"": 400, ""decisionOrdinal"": 3, ""lastRenderedAtMs"": 1790783007246}]","[""9c"", ""8c""]","[""5d"", ""3d"", ""Ks""]","[{""name"": ""fold"", ""kind"": ""fold"", ""raiseTo"": null}, {""name"": ""call"", ""kind"": ""call"", ""raiseTo"": null}, {""name"": ""min"", ""kind"": ""raise"", ""raiseTo"": 200}, {""name"": ""pot"", ""kind"": ""raise"", ""raiseTo"": 900}, {""name"": ""jam"", ""kind"": ""raise"", ""raiseTo"": 1700}]","[""Fold"", ""Call 1 BB"", ""Min · 2 BB"", ""Pot · 9 BB"", ""Jam · 17 BB""]",Fold,fold,,1790783012337,True,True,True,1790783012561,1790783007246,5091,224,,False,False
