below10,below100,below100_fraction,below10_fraction,cell,current,decisions,missing,panel,position,positive_mass,readout,seed,stage,street,zero,zero_fraction,zero_mass
5,75,0.0942211055276382,0.00628140703517588,A,796,796,,lbr,big_blind,,current,2026093001,primary,flop,0,0.0,
0,0,0.0,0.0,A,1024,1024,,lbr,big_blind,,current,2026093001,primary,preflop,0,0.0,
4,39,0.42391304347826086,0.043478260869565216,A,92,92,,lbr,big_blind,,current,2026093001,primary,river,0,0.0,
20,90,0.3448275862068966,0.07662835249042145,A,258,261,3,lbr,big_blind,,current,2026093001,primary,turn,3,0.011494252873563218,
9,71,0.11451612903225807,0.014516129032258065,A,620,620,,lbr,button,,current,2026093001,primary,flop,0,0.0,
0,12,0.007366482504604052,0.0,A,1629,1629,,lbr,button,,current,2026093001,primary,preflop,0,0.0,
19,62,0.5904761904761905,0.18095238095238095,A,101,105,4,lbr,button,,current,2026093001,primary,river,4,0.0380952380952381,
23,128,0.44755244755244755,0.08041958041958042,A,282,286,4,lbr,button,,current,2026093001,primary,turn,4,0.013986013986013986,
14,146,0.10310734463276836,0.009887005649717515,A,1416,1416,,lbr,overall,,current,2026093001,primary,flop,0,0.0,
0,12,0.004523181304183943,0.0,A,2653,2653,,lbr,overall,,current,2026093001,primary,preflop,0,0.0,
23,101,0.5126903553299492,0.116751269035533,A,193,197,4,lbr,overall,,current,2026093001,primary,river,4,0.02030456852791878,
43,218,0.39853747714808047,0.07861060329067641,A,540,547,7,lbr,overall,,current,2026093001,primary,turn,7,0.012797074954296161,
13,79,0.08633879781420765,0.014207650273224045,C,915,915,,lbr,big_blind,,current,2026093001,primary,flop,0,0.0,
0,0,0.0,0.0,C,1024,1024,,lbr,big_blind,,current,2026093001,primary,preflop,0,0.0,
0,13,0.1326530612244898,0.0,C,98,98,,lbr,big_blind,,current,2026093001,primary,river,0,0.0,
9,54,0.2317596566523605,0.03862660944206009,C,232,233,1,lbr,big_blind,,current,2026093001,primary,turn,1,0.004291845493562232,
6,59,0.08819133034379671,0.008968609865470852,C,668,669,1,lbr,button,,current,2026093001,primary,flop,1,0.0014947683109118087,
0,14,0.009265387160820648,0.0,C,1511,1511,,lbr,button,,current,2026093001,primary,preflop,0,0.0,
8,61,0.4178082191780822,0.0547945205479452,C,145,146,1,lbr,button,,current,2026093001,primary,river,1,0.00684931506849315,
19,109,0.3168604651162791,0.055232558139534885,C,344,344,,lbr,button,,current,2026093001,primary,turn,0,0.0,
19,138,0.08712121212121213,0.011994949494949494,C,1583,1584,1,lbr,overall,,current,2026093001,primary,flop,1,0.0006313131313131314,
0,14,0.005522682445759369,0.0,C,2535,2535,,lbr,overall,,current,2026093001,primary,preflop,0,0.0,
8,74,0.30327868852459017,0.03278688524590164,C,243,244,1,lbr,overall,,current,2026093001,primary,river,1,0.004098360655737705,
28,163,0.2824956672443674,0.04852686308492201,C,576,577,1,lbr,overall,,current,2026093001,primary,turn,1,0.0017331022530329288,
12,99,0.1166077738515901,0.014134275618374558,A,849,849,,lbr,big_blind,,current,2026093002,primary,flop,0,0.0,
0,0,0.0,0.0,A,1024,1024,,lbr,big_blind,,current,2026093002,primary,preflop,0,0.0,
10,42,0.5753424657534246,0.136986301369863,A,73,73,,lbr,big_blind,,current,2026093002,primary,river,0,0.0,
12,94,0.3745019920318725,0.04780876494023904,A,249,251,2,lbr,big_blind,,current,2026093002,primary,turn,2,0.00796812749003984,
9,69,0.12299465240641712,0.016042780748663103,A,560,561,1,lbr,button,,current,2026093002,primary,flop,1,0.0017825311942959,
0,9,0.005338078291814947,0.0,A,1686,1686,,lbr,button,,current,2026093002,primary,preflop,0,0.0,
16,55,0.5392156862745098,0.1568627450980392,A,98,102,4,lbr,button,,current,2026093002,primary,river,4,0.0392156862745098,
21,114,0.47107438016528924,0.08677685950413223,A,241,242,1,lbr,button,,current,2026093002,primary,turn,1,0.004132231404958678,
21,168,0.11914893617021277,0.014893617021276596,A,1409,1410,1,lbr,overall,,current,2026093002,primary,flop,1,0.0007092198581560284,
0,9,0.0033210332103321034,0.0,A,2710,2710,,lbr,overall,,current,2026093002,primary,preflop,0,0.0,
26,97,0.5542857142857143,0.14857142857142858,A,171,175,4,lbr,overall,,current,2026093002,primary,river,4,0.022857142857142857,
33,208,0.42190669371196754,0.06693711967545639,A,490,493,3,lbr,overall,,current,2026093002,primary,turn,3,0.006085192697768763,
7,77,0.09783989834815757,0.008894536213468869,C,786,787,1,lbr,big_blind,,current,2026093002,primary,flop,1,0.0012706480304955528,
0,4,0.00390625,0.0,C,1024,1024,,lbr,big_blind,,current,2026093002,primary,preflop,0,0.0,
0,13,0.15476190476190477,0.0,C,84,84,,lbr,big_blind,,current,2026093002,primary,river,0,0.0,
13,55,0.22357723577235772,0.052845528455284556,C,244,246,2,lbr,big_blind,,current,2026093002,primary,turn,2,0.008130081300813009,
4,47,0.07679738562091504,0.006535947712418301,C,611,612,1,lbr,button,,current,2026093002,primary,flop,1,0.0016339869281045752,
0,26,0.016613418530351438,0.0,C,1565,1565,,lbr,button,,current,2026093002,primary,preflop,0,0.0,
5,44,0.3728813559322034,0.0423728813559322,C,117,118,1,lbr,button,,current,2026093002,primary,river,1,0.00847457627118644,
15,93,0.3069306930693069,0.04950495049504951,C,302,303,1,lbr,button,,current,2026093002,primary,turn,1,0.0033003300330033004,
11,124,0.08863473909935668,0.007862759113652609,C,1397,1399,2,lbr,overall,,current,2026093002,primary,flop,2,0.0014295925661186562,
0,30,0.011587485515643106,0.0,C,2589,2589,,lbr,overall,,current,2026093002,primary,preflop,0,0.0,
5,57,0.28217821782178215,0.024752475247524754,C,201,202,1,lbr,overall,,current,2026093002,primary,river,1,0.0049504950495049506,
28,148,0.26958105646630237,0.051001821493624776,C,546,549,3,lbr,overall,,current,2026093002,primary,turn,3,0.00546448087431694,
8,71,0.08533653846153846,0.009615384615384616,A,832,832,,lbr,big_blind,,current,2026093003,primary,flop,0,0.0,
0,0,0.0,0.0,A,1024,1024,,lbr,big_blind,,current,2026093003,primary,preflop,0,0.0,
6,32,0.38095238095238093,0.07142857142857142,A,84,84,,lbr,big_blind,,current,2026093003,primary,river,0,0.0,
12,88,0.36666666666666664,0.05,A,239,240,1,lbr,big_blind,,current,2026093003,primary,turn,1,0.004166666666666667,
7,55,0.10166358595194085,0.012939001848428836,A,540,541,1,lbr,button,,current,2026093003,primary,flop,1,0.0018484288354898336,
0,4,0.002449479485609308,0.0,A,1633,1633,,lbr,button,,current,2026093003,primary,preflop,0,0.0,
8,46,0.5054945054945055,0.08791208791208792,A,89,91,2,lbr,button,,current,2026093003,primary,river,2,0.02197802197802198,
18,106,0.45493562231759654,0.07725321888412018,A,229,233,4,lbr,button,,current,2026093003,primary,turn,4,0.017167381974248927,
15,126,0.09176984705025491,0.010924981791697014,A,1372,1373,1,lbr,overall,,current,2026093003,primary,flop,1,0.0007283321194464676,
0,4,0.0015054572826496049,0.0,A,2657,2657,,lbr,overall,,current,2026093003,primary,preflop,0,0.0,
14,78,0.44571428571428573,0.08,A,173,175,2,lbr,overall,,current,2026093003,primary,river,2,0.011428571428571429,
30,194,0.41014799154334036,0.06342494714587738,A,468,473,5,lbr,overall,,current,2026093003,primary,turn,5,0.010570824524312896,
5,67,0.07553551296505073,0.005636978579481398,C,887,887,,lbr,big_blind,,current,2026093003,primary,flop,0,0.0,
0,0,0.0,0.0,C,1024,1024,,lbr,big_blind,,current,2026093003,primary,preflop,0,0.0,
1,16,0.17391304347826086,0.010869565217391304,C,92,92,,lbr,big_blind,,current,2026093003,primary,river,0,0.0,
8,51,0.18888888888888888,0.02962962962962963,C,270,270,,lbr,big_blind,,current,2026093003,primary,turn,0,0.0,
6,56,0.08284023668639054,0.008875739644970414,C,676,676,,lbr,button,,current,2026093003,primary,flop,0,0.0,
0,2,0.0013089005235602095,0.0,C,1528,1528,,lbr,button,,current,2026093003,primary,preflop,0,0.0,
9,37,0.36633663366336633,0.0891089108910891,C,98,101,3,lbr,button,,current,2026093003,primary,river,3,0.0297029702970297,
18,102,0.3554006968641115,0.0627177700348432,C,286,287,1,lbr,button,,current,2026093003,primary,turn,1,0.003484320557491289,
11,123,0.07869481765834933,0.007037747920665387,C,1563,1563,,lbr,overall,,current,2026093003,primary,flop,0,0.0,
0,2,0.0007836990595611285,0.0,C,2552,2552,,lbr,overall,,current,2026093003,primary,preflop,0,0.0,
10,53,0.27461139896373055,0.05181347150259067,C,190,193,3,lbr,overall,,current,2026093003,primary,river,3,0.015544041450777202,
26,153,0.2746858168761221,0.0466786355475763,C,556,557,1,lbr,overall,,current,2026093003,primary,turn,1,0.0017953321364452424,
0,8,0.047619047619047616,0.0,A,168,168,,loose_aggressive,big_blind,,current,2026093001,primary,flop,0,0.0,
0,13,0.05701754385964912,0.0,A,228,228,,loose_aggressive,big_blind,,current,2026093001,primary,preflop,0,0.0,
1,11,0.1774193548387097,0.016129032258064516,A,62,62,,loose_aggressive,big_blind,,current,2026093001,primary,river,0,0.0,
7,21,0.19090909090909092,0.06363636363636363,A,110,110,,loose_aggressive,big_blind,,current,2026093001,primary,turn,0,0.0,
3,13,0.06074766355140187,0.014018691588785047,A,214,214,,loose_aggressive,button,,current,2026093001,primary,flop,0,0.0,
0,2,0.00333889816360601,0.0,A,599,599,,loose_aggressive,button,,current,2026093001,primary,preflop,0,0.0,
4,28,0.4307692307692308,0.06153846153846154,A,63,65,2,loose_aggressive,button,,current,2026093001,primary,river,2,0.03076923076923077,
3,31,0.2540983606557377,0.02459016393442623,A,122,122,,loose_aggressive,button,,current,2026093001,primary,turn,0,0.0,
3,21,0.0549738219895288,0.007853403141361256,A,382,382,,loose_aggressive,overall,,current,2026093001,primary,flop,0,0.0,
0,15,0.018137847642079808,0.0,A,827,827,,loose_aggressive,overall,,current,2026093001,primary,preflop,0,0.0,
5,39,0.30708661417322836,0.03937007874015748,A,125,127,2,loose_aggressive,overall,,current,2026093001,primary,river,2,0.015748031496062992,
10,52,0.22413793103448276,0.04310344827586207,A,232,232,,loose_aggressive,overall,,current,2026093001,primary,turn,0,0.0,
0,9,0.05263157894736842,0.0,C,171,171,,loose_aggressive,big_blind,,current,2026093001,primary,flop,0,0.0,
0,12,0.05357142857142857,0.0,C,224,224,,loose_aggressive,big_blind,,current,2026093001,primary,preflop,0,0.0,
5,15,0.19736842105263158,0.06578947368421052,C,75,76,1,loose_aggressive,big_blind,,current,2026093001,primary,river,1,0.013157894736842105,
2,22,0.1732283464566929,0.015748031496062992,C,127,127,,loose_aggressive,big_blind,,current,2026093001,primary,turn,0,0.0,
1,16,0.06611570247933884,0.004132231404958678,C,242,242,,loose_aggressive,button,,current,2026093001,primary,flop,0,0.0,
0,2,0.0033500837520938024,0.0,C,597,597,,loose_aggressive,button,,current,2026093001,primary,preflop,0,0.0,
7,28,0.3181818181818182,0.07954545454545454,C,88,88,,loose_aggressive,button,,current,2026093001,primary,river,0,0.0,
7,35,0.22012578616352202,0.0440251572327044,C,157,159,2,loose_aggressive,button,,current,2026093001,primary,turn,2,0.012578616352201259,
1,25,0.06053268765133172,0.002421307506053269,C,413,413,,loose_aggressive,overall,,current,2026093001,primary,flop,0,0.0,
0,14,0.01705237515225335,0.0,C,821,821,,loose_aggressive,overall,,current,2026093001,primary,preflop,0,0.0,
12,43,0.2621951219512195,0.07317073170731707,C,163,164,1,loose_aggressive,overall,,current,2026093001,primary,river,1,0.006097560975609756,
9,57,0.1993006993006993,0.03146853146853147,C,284,286,2,loose_aggressive,overall,,current,2026093001,primary,turn,2,0.006993006993006993,
2,7,0.03910614525139665,0.0111731843575419,A,179,179,,loose_aggressive,big_blind,,current,2026093002,primary,flop,0,0.0,
0,12,0.05240174672489083,0.0,A,229,229,,loose_aggressive,big_blind,,current,2026093002,primary,preflop,0,0.0,
3,12,0.14457831325301204,0.03614457831325301,A,83,83,,loose_aggressive,big_blind,,current,2026093002,primary,river,0,0.0,
7,25,0.21367521367521367,0.05982905982905983,A,117,117,,loose_aggressive,big_blind,,current,2026093002,primary,turn,0,0.0,
2,12,0.05106382978723404,0.00851063829787234,A,235,235,,loose_aggressive,button,,current,2026093002,primary,flop,0,0.0,
0,9,0.014975041597337771,0.0,A,601,601,,loose_aggressive,button,,current,2026093002,primary,preflop,0,0.0,
2,29,0.3411764705882353,0.023529411764705882,A,85,85,,loose_aggressive,button,,current,2026093002,primary,river,0,0.0,
10,36,0.24,0.06666666666666667,A,149,150,1,loose_aggressive,button,,current,2026093002,primary,turn,1,0.006666666666666667,
4,19,0.04589371980676329,0.00966183574879227,A,414,414,,loose_aggressive,overall,,current,2026093002,primary,flop,0,0.0,
0,21,0.02530120481927711,0.0,A,830,830,,loose_aggressive,overall,,current,2026093002,primary,preflop,0,0.0,
5,41,0.24404761904761904,0.02976190476190476,A,168,168,,loose_aggressive,overall,,current,2026093002,primary,river,0,0.0,
17,61,0.22846441947565543,0.06367041198501873,A,266,267,1,loose_aggressive,overall,,current,2026093002,primary,turn,1,0.003745318352059925,
0,15,0.08021390374331551,0.0,C,187,187,,loose_aggressive,big_blind,,current,2026093002,primary,flop,0,0.0,
0,12,0.05263157894736842,0.0,C,228,228,,loose_aggressive,big_blind,,current,2026093002,primary,preflop,0,0.0,
2,16,0.18604651162790697,0.023255813953488372,C,86,86,,loose_aggressive,big_blind,,current,2026093002,primary,river,0,0.0,
0,14,0.11290322580645161,0.0,C,124,124,,loose_aggressive,big_blind,,current,2026093002,primary,turn,0,0.0,
2,18,0.07659574468085106,0.00851063829787234,C,235,235,,loose_aggressive,button,,current,2026093002,primary,flop,0,0.0,
0,3,0.005016722408026756,0.0,C,598,598,,loose_aggressive,button,,current,2026093002,primary,preflop,0,0.0,
3,25,0.3125,0.0375,C,79,80,1,loose_aggressive,button,,current,2026093002,primary,river,1,0.0125,
8,37,0.24342105263157895,0.05263157894736842,C,152,152,,loose_aggressive,button,,current,2026093002,primary,turn,0,0.0,
2,33,0.07819905213270142,0.004739336492890996,C,422,422,,loose_aggressive,overall,,current,2026093002,primary,flop,0,0.0,
0,15,0.018159806295399514,0.0,C,826,826,,loose_aggressive,overall,,current,2026093002,primary,preflop,0,0.0,
5,41,0.2469879518072289,0.030120481927710843,C,165,166,1,loose_aggressive,overall,,current,2026093002,primary,river,1,0.006024096385542169,
8,51,0.18478260869565216,0.028985507246376812,C,276,276,,loose_aggressive,overall,,current,2026093002,primary,turn,0,0.0,
0,7,0.037037037037037035,0.0,A,189,189,,loose_aggressive,big_blind,,current,2026093003,primary,flop,0,0.0,
0,11,0.04932735426008968,0.0,A,223,223,,loose_aggressive,big_blind,,current,2026093003,primary,preflop,0,0.0,
2,14,0.18181818181818182,0.025974025974025976,A,77,77,,loose_aggressive,big_blind,,current,2026093003,primary,river,0,0.0,
5,26,0.19402985074626866,0.03731343283582089,A,134,134,,loose_aggressive,big_blind,,current,2026093003,primary,turn,0,0.0,
2,12,0.05405405405405406,0.009009009009009009,A,222,222,,loose_aggressive,button,,current,2026093003,primary,flop,0,0.0,
0,4,0.006622516556291391,0.0,A,604,604,,loose_aggressive,button,,current,2026093003,primary,preflop,0,0.0,
9,35,0.4117647058823529,0.10588235294117647,A,85,85,,loose_aggressive,button,,current,2026093003,primary,river,0,0.0,
8,37,0.2846153846153846,0.06153846153846154,A,130,130,,loose_aggressive,button,,current,2026093003,primary,turn,0,0.0,
2,19,0.046228710462287104,0.004866180048661801,A,411,411,,loose_aggressive,overall,,current,2026093003,primary,flop,0,0.0,
0,15,0.018137847642079808,0.0,A,827,827,,loose_aggressive,overall,,current,2026093003,primary,preflop,0,0.0,
11,49,0.30246913580246915,0.06790123456790123,A,162,162,,loose_aggressive,overall,,current,2026093003,primary,river,0,0.0,
13,63,0.23863636363636365,0.04924242424242424,A,264,264,,loose_aggressive,overall,,current,2026093003,primary,turn,0,0.0,
2,12,0.06282722513089005,0.010471204188481676,C,191,191,,loose_aggressive,big_blind,,current,2026093003,primary,flop,0,0.0,
0,11,0.049107142857142856,0.0,C,224,224,,loose_aggressive,big_blind,,current,2026093003,primary,preflop,0,0.0,
3,13,0.18571428571428572,0.04285714285714286,C,69,70,1,loose_aggressive,big_blind,,current,2026093003,primary,river,1,0.014285714285714285,
4,18,0.1651376146788991,0.03669724770642202,C,109,109,,loose_aggressive,big_blind,,current,2026093003,primary,turn,0,0.0,
2,16,0.06349206349206349,0.007936507936507936,C,252,252,,loose_aggressive,button,,current,2026093003,primary,flop,0,0.0,
0,5,0.008278145695364239,0.0,C,604,604,,loose_aggressive,button,,current,2026093003,primary,preflop,0,0.0,
2,23,0.30666666666666664,0.02666666666666667,C,74,75,1,loose_aggressive,button,,current,2026093003,primary,river,1,0.013333333333333334,
8,33,0.2323943661971831,0.056338028169014086,C,142,142,,loose_aggressive,button,,current,2026093003,primary,turn,0,0.0,
4,28,0.06320541760722348,0.009029345372460496,C,443,443,,loose_aggressive,overall,,current,2026093003,primary,flop,0,0.0,
0,16,0.01932367149758454,0.0,C,828,828,,loose_aggressive,overall,,current,2026093003,primary,preflop,0,0.0,
5,36,0.2482758620689655,0.034482758620689655,C,143,145,2,loose_aggressive,overall,,current,2026093003,primary,river,2,0.013793103448275862,
12,51,0.20318725099601595,0.04780876494023904,C,251,251,,loose_aggressive,overall,,current,2026093003,primary,turn,0,0.0,
0,3,0.010452961672473868,0.0,A,287,287,,loose_passive,big_blind,,current,2026093001,primary,flop,0,0.0,
0,0,0.0,0.0,A,294,294,,loose_passive,big_blind,,current,2026093001,primary,preflop,0,0.0,
3,11,0.05314009661835749,0.014492753623188406,A,205,207,2,loose_passive,big_blind,,current,2026093001,primary,river,2,0.00966183574879227,
0,13,0.05803571428571429,0.0,A,224,224,,loose_passive,big_blind,,current,2026093001,primary,turn,0,0.0,
2,7,0.025547445255474453,0.0072992700729927005,A,272,274,2,loose_passive,button,,current,2026093001,primary,flop,2,0.0072992700729927005,
1,1,0.001937984496124031,0.001937984496124031,A,515,516,1,loose_passive,button,,current,2026093001,primary,preflop,1,0.001937984496124031,
11,47,0.2611111111111111,0.06111111111111111,A,178,180,2,loose_passive,button,,current,2026093001,primary,river,2,0.011111111111111112,
7,27,0.13106796116504854,0.03398058252427184,A,203,206,3,loose_passive,button,,current,2026093001,primary,turn,3,0.014563106796116505,
2,10,0.017825311942959002,0.0035650623885918,A,559,561,2,loose_passive,overall,,current,2026093001,primary,flop,2,0.0035650623885918,
1,1,0.0012345679012345679,0.0012345679012345679,A,809,810,1,loose_passive,overall,,current,2026093001,primary,preflop,1,0.0012345679012345679,
14,58,0.14987080103359174,0.03617571059431524,A,383,387,4,loose_passive,overall,,current,2026093001,primary,river,4,0.0103359173126615,
7,40,0.09302325581395349,0.01627906976744186,A,427,430,3,loose_passive,overall,,current,2026093001,primary,turn,3,0.0069767441860465115,
0,4,0.013986013986013986,0.0,C,286,286,,loose_passive,big_blind,,current,2026093001,primary,flop,0,0.0,
0,0,0.0,0.0,C,294,294,,loose_passive,big_blind,,current,2026093001,primary,preflop,0,0.0,
2,20,0.09090909090909091,0.00909090909090909,C,219,220,1,loose_passive,big_blind,,current,2026093001,primary,river,1,0.004545454545454545,
0,17,0.07083333333333333,0.0,C,240,240,,loose_passive,big_blind,,current,2026093001,primary,turn,0,0.0,
1,8,0.02909090909090909,0.0036363636363636364,C,274,275,1,loose_passive,button,,current,2026093001,primary,flop,1,0.0036363636363636364,
1,1,0.0019305019305019305,0.0019305019305019305,C,517,518,1,loose_passive,button,,current,2026093001,primary,preflop,1,0.0019305019305019305,
4,24,0.147239263803681,0.024539877300613498,C,161,163,2,loose_passive,button,,current,2026093001,primary,river,2,0.012269938650306749,
5,29,0.14646464646464646,0.025252525252525252,C,195,198,3,loose_passive,button,,current,2026093001,primary,turn,3,0.015151515151515152,
1,12,0.0213903743315508,0.0017825311942959,C,560,561,1,loose_passive,overall,,current,2026093001,primary,flop,1,0.0017825311942959,
1,1,0.0012315270935960591,0.0012315270935960591,C,811,812,1,loose_passive,overall,,current,2026093001,primary,preflop,1,0.0012315270935960591,
6,44,0.11488250652741515,0.015665796344647518,C,380,383,3,loose_passive,overall,,current,2026093001,primary,river,3,0.007832898172323759,
5,46,0.1050228310502283,0.01141552511415525,C,435,438,3,loose_passive,overall,,current,2026093001,primary,turn,3,0.00684931506849315,
0,3,0.010380622837370242,0.0,A,289,289,,loose_passive,big_blind,,current,2026093002,primary,flop,0,0.0,
0,0,0.0,0.0,A,294,294,,loose_passive,big_blind,,current,2026093002,primary,preflop,0,0.0,
3,11,0.0502283105022831,0.0136986301369863,A,218,219,1,loose_passive,big_blind,,current,2026093002,primary,river,1,0.0045662100456621,
2,16,0.06896551724137931,0.008620689655172414,A,231,232,1,loose_passive,big_blind,,current,2026093002,primary,turn,1,0.004310344827586207,
2,6,0.020202020202020204,0.006734006734006734,A,295,297,2,loose_passive,button,,current,2026093002,primary,flop,2,0.006734006734006734,
0,0,0.0,0.0,A,516,516,,loose_passive,button,,current,2026093002,primary,preflop,0,0.0,
9,35,0.18617021276595744,0.047872340425531915,A,187,188,1,loose_passive,button,,current,2026093002,primary,river,1,0.005319148936170213,
7,22,0.10232558139534884,0.03255813953488372,A,211,215,4,loose_passive,button,,current,2026093002,primary,turn,4,0.018604651162790697,
2,9,0.015358361774744027,0.0034129692832764505,A,584,586,2,loose_passive,overall,,current,2026093002,primary,flop,2,0.0034129692832764505,
0,0,0.0,0.0,A,810,810,,loose_passive,overall,,current,2026093002,primary,preflop,0,0.0,
12,46,0.11302211302211303,0.029484029484029485,A,405,407,2,loose_passive,overall,,current,2026093002,primary,river,2,0.004914004914004914,
9,38,0.08501118568232663,0.020134228187919462,A,442,447,5,loose_passive,overall,,current,2026093002,primary,turn,5,0.011185682326621925,
1,7,0.02464788732394366,0.0035211267605633804,C,283,284,1,loose_passive,big_blind,,current,2026093002,primary,flop,1,0.0035211267605633804,
0,0,0.0,0.0,C,294,294,,loose_passive,big_blind,,current,2026093002,primary,preflop,0,0.0,
1,8,0.0392156862745098,0.004901960784313725,C,203,204,1,loose_passive,big_blind,,current,2026093002,primary,river,1,0.004901960784313725,
2,11,0.04741379310344827,0.008620689655172414,C,231,232,1,loose_passive,big_blind,,current,2026093002,primary,turn,1,0.004310344827586207,
1,7,0.023972602739726026,0.003424657534246575,C,292,292,,loose_passive,button,,current,2026093002,primary,flop,0,0.0,
1,1,0.0019342359767891683,0.0019342359767891683,C,516,517,1,loose_passive,button,,current,2026093002,primary,preflop,1,0.0019342359767891683,
5,31,0.18562874251497005,0.029940119760479042,C,167,167,,loose_passive,button,,current,2026093002,primary,river,0,0.0,
9,33,0.16923076923076924,0.046153846153846156,C,189,195,6,loose_passive,button,,current,2026093002,primary,turn,6,0.03076923076923077,
2,14,0.024305555555555556,0.003472222222222222,C,575,576,1,loose_passive,overall,,current,2026093002,primary,flop,1,0.001736111111111111,
1,1,0.0012330456226880395,0.0012330456226880395,C,810,811,1,loose_passive,overall,,current,2026093002,primary,preflop,1,0.0012330456226880395,
6,39,0.10512129380053908,0.016172506738544475,C,370,371,1,loose_passive,overall,,current,2026093002,primary,river,1,0.0026954177897574125,
11,44,0.10304449648711944,0.02576112412177986,C,420,427,7,loose_passive,overall,,current,2026093002,primary,turn,7,0.01639344262295082,
0,3,0.01056338028169014,0.0,A,284,284,,loose_passive,big_blind,,current,2026093003,primary,flop,0,0.0,
0,0,0.0,0.0,A,294,294,,loose_passive,big_blind,,current,2026093003,primary,preflop,0,0.0,
3,8,0.03980099502487562,0.014925373134328358,A,200,201,1,loose_passive,big_blind,,current,2026093003,primary,river,1,0.004975124378109453,
1,14,0.061946902654867256,0.004424778761061947,A,225,226,1,loose_passive,big_blind,,current,2026093003,primary,turn,1,0.004424778761061947,
2,6,0.021739130434782608,0.007246376811594203,A,274,276,2,loose_passive,button,,current,2026093003,primary,flop,2,0.007246376811594203,
0,0,0.0,0.0,A,519,519,,loose_passive,button,,current,2026093003,primary,preflop,0,0.0,
12,43,0.25146198830409355,0.07017543859649122,A,166,171,5,loose_passive,button,,current,2026093003,primary,river,5,0.029239766081871343,
9,32,0.16080402010050251,0.04522613065326633,A,195,199,4,loose_passive,button,,current,2026093003,primary,turn,4,0.020100502512562814,
2,9,0.01607142857142857,0.0035714285714285713,A,558,560,2,loose_passive,overall,,current,2026093003,primary,flop,2,0.0035714285714285713,
0,0,0.0,0.0,A,813,813,,loose_passive,overall,,current,2026093003,primary,preflop,0,0.0,
15,51,0.13709677419354838,0.04032258064516129,A,366,372,6,loose_passive,overall,,current,2026093003,primary,river,6,0.016129032258064516,
10,46,0.10823529411764705,0.023529411764705882,A,420,425,5,loose_passive,overall,,current,2026093003,primary,turn,5,0.011764705882352941,
0,5,0.017605633802816902,0.0,C,284,284,,loose_passive,big_blind,,current,2026093003,primary,flop,0,0.0,
0,0,0.0,0.0,C,294,294,,loose_passive,big_blind,,current,2026093003,primary,preflop,0,0.0,
2,16,0.08040201005025126,0.010050251256281407,C,197,199,2,loose_passive,big_blind,,current,2026093003,primary,river,2,0.010050251256281407,
2,14,0.06306306306306306,0.009009009009009009,C,221,222,1,loose_passive,big_blind,,current,2026093003,primary,turn,1,0.0045045045045045045,
3,9,0.031141868512110725,0.010380622837370242,C,287,289,2,loose_passive,button,,current,2026093003,primary,flop,2,0.006920415224913495,
0,0,0.0,0.0,C,519,519,,loose_passive,button,,current,2026093003,primary,preflop,0,0.0,
5,36,0.19889502762430938,0.027624309392265192,C,181,181,,loose_passive,button,,current,2026093003,primary,river,0,0.0,
9,30,0.14705882352941177,0.04411764705882353,C,199,204,5,loose_passive,button,,current,2026093003,primary,turn,5,0.024509803921568627,
3,14,0.02443280977312391,0.005235602094240838,C,571,573,2,loose_passive,overall,,current,2026093003,primary,flop,2,0.0034904013961605585,
0,0,0.0,0.0,C,813,813,,loose_passive,overall,,current,2026093003,primary,preflop,0,0.0,
7,52,0.1368421052631579,0.018421052631578946,C,378,380,2,loose_passive,overall,,current,2026093003,primary,river,2,0.005263157894736842,
11,44,0.10328638497652583,0.025821596244131457,C,420,426,6,loose_passive,overall,,current,2026093003,primary,turn,6,0.014084507042253521,
53,324,0.11509769094138543,0.018827708703374777,A,2811,2815,4,native-pressure,big_blind,,current,2026093001,primary,flop,4,0.0014209591474245115,
29,769,0.2724052426496635,0.010272759475735034,A,2821,2823,2,native-pressure,big_blind,,current,2026093001,primary,preflop,2,0.0007084661707403471,
83,299,0.5173010380622838,0.14359861591695502,A,564,578,14,native-pressure,big_blind,,current,2026093001,primary,river,14,0.02422145328719723,
142,549,0.39725036179450074,0.10274963820549927,A,1364,1382,18,native-pressure,big_blind,,current,2026093001,primary,turn,18,0.013024602026049204,
38,185,0.12195121951219512,0.025049439683586024,A,1510,1517,7,native-pressure,button,,current,2026093001,primary,flop,7,0.004614370468029005,
72,546,0.13262084041777994,0.017488462472674278,A,4113,4117,4,native-pressure,button,,current,2026093001,primary,preflop,4,0.0009715812484819043,
73,273,0.5909090909090909,0.15800865800865802,A,451,462,11,native-pressure,button,,current,2026093001,primary,river,11,0.023809523809523808,
104,394,0.47815533980582525,0.1262135922330097,A,809,824,15,native-pressure,button,,current,2026093001,primary,turn,15,0.01820388349514563,
91,509,0.11749769159741459,0.02100646352723915,A,4321,4332,11,native-pressure,overall,,current,2026093001,primary,flop,11,0.0025392428439519853,
101,1315,0.18948126801152737,0.014553314121037464,A,6934,6940,6,native-pressure,overall,,current,2026093001,primary,preflop,6,0.0008645533141210375,
156,572,0.55,0.15,A,1015,1040,25,native-pressure,overall,,current,2026093001,primary,river,25,0.02403846153846154,
246,943,0.4274705349048051,0.1115140525838622,A,2173,2206,33,native-pressure,overall,,current,2026093001,primary,turn,33,0.014959202175883953,
38,281,0.10334681868333946,0.013975726369988967,C,2719,2719,,native-pressure,big_blind,,current,2026093001,primary,flop,0,0.0,
62,771,0.2735012415750266,0.02199361475700603,C,2818,2819,1,native-pressure,big_blind,,current,2026093001,primary,preflop,1,0.000354735721887194,
27,120,0.19047619047619047,0.04285714285714286,C,626,630,4,native-pressure,big_blind,,current,2026093001,primary,river,4,0.006349206349206349,
97,355,0.23825503355704697,0.06510067114093959,C,1470,1490,20,native-pressure,big_blind,,current,2026093001,primary,turn,20,0.013422818791946308,
27,197,0.13212608987256874,0.018108651911468814,C,1485,1491,6,native-pressure,button,,current,2026093001,primary,flop,6,0.004024144869215292,
38,689,0.16674733785091966,0.009196515004840271,C,4129,4132,3,native-pressure,button,,current,2026093001,primary,preflop,3,0.0007260406582768635,
20,207,0.42768595041322316,0.04132231404958678,C,483,484,1,native-pressure,button,,current,2026093001,primary,river,1,0.002066115702479339,
73,370,0.38461538461538464,0.07588357588357589,C,952,962,10,native-pressure,button,,current,2026093001,primary,turn,10,0.010395010395010396,
65,478,0.11353919239904989,0.015439429928741092,C,4204,4210,6,native-pressure,overall,,current,2026093001,primary,flop,6,0.0014251781472684087,
100,1460,0.21004172061573875,0.014386419220256078,C,6947,6951,4,native-pressure,overall,,current,2026093001,primary,preflop,4,0.0005754567688102431,
47,327,0.29353680430879714,0.0421903052064632,C,1109,1114,5,native-pressure,overall,,current,2026093001,primary,river,5,0.004488330341113106,
170,725,0.2956769983686786,0.06933115823817292,C,2422,2452,30,native-pressure,overall,,current,2026093001,primary,turn,30,0.012234910277324634,
44,257,0.11169056931768796,0.01912212081703607,A,2297,2301,4,native-pressure,big_blind,,current,2026093002,primary,flop,4,0.001738374619730552,
42,711,0.2554796981674452,0.015091627739849083,A,2783,2783,,native-pressure,big_blind,,current,2026093002,primary,preflop,0,0.0,
95,276,0.5009074410163339,0.1724137931034483,A,531,551,20,native-pressure,big_blind,,current,2026093002,primary,river,20,0.036297640653357534,
145,503,0.41570247933884297,0.11983471074380166,A,1192,1210,18,native-pressure,big_blind,,current,2026093002,primary,turn,18,0.01487603305785124,
48,248,0.17258176757132915,0.033402922755741124,A,1432,1437,5,native-pressure,button,,current,2026093002,primary,flop,5,0.003479471120389701,
73,571,0.1373917228103946,0.017564966313763235,A,4151,4156,5,native-pressure,button,,current,2026093002,primary,preflop,5,0.001203079884504331,
70,254,0.5347368421052632,0.14736842105263157,A,462,475,13,native-pressure,button,,current,2026093002,primary,river,13,0.02736842105263158,
86,375,0.3964059196617336,0.09090909090909091,A,929,946,17,native-pressure,button,,current,2026093002,primary,turn,17,0.017970401691331923,
92,505,0.13509898341359017,0.024612092027822365,A,3729,3738,9,native-pressure,overall,,current,2026093002,primary,flop,9,0.002407704654895666,
115,1282,0.18475284623144544,0.016572993226689724,A,6934,6939,5,native-pressure,overall,,current,2026093002,primary,preflop,5,0.0007205649228995533,
165,530,0.5165692007797271,0.1608187134502924,A,993,1026,33,native-pressure,overall,,current,2026093002,primary,river,33,0.03216374269005848,
231,878,0.4072356215213358,0.10714285714285714,A,2121,2156,35,native-pressure,overall,,current,2026093002,primary,turn,35,0.016233766233766232,
28,170,0.07388092133854846,0.012168622338113864,C,2300,2301,1,native-pressure,big_blind,,current,2026093002,primary,flop,1,0.000434593654932638,
91,731,0.2599573257467994,0.032361308677098154,C,2812,2812,,native-pressure,big_blind,,current,2026093002,primary,preflop,0,0.0,
10,79,0.1539961013645224,0.01949317738791423,C,513,513,,native-pressure,big_blind,,current,2026093002,primary,river,0,0.0,
52,278,0.23263598326359833,0.04351464435146443,C,1190,1195,5,native-pressure,big_blind,,current,2026093002,primary,turn,5,0.0041841004184100415,
22,221,0.1326530612244898,0.013205282112845138,C,1666,1666,,native-pressure,button,,current,2026093002,primary,flop,0,0.0,
49,584,0.1431021808380299,0.012006861063464836,C,4074,4081,7,native-pressure,button,,current,2026093002,primary,preflop,7,0.0017152658662092624,
22,170,0.34274193548387094,0.04435483870967742,C,493,496,3,native-pressure,button,,current,2026093002,primary,river,3,0.006048387096774193,
104,457,0.42630597014925375,0.09701492537313433,C,1049,1072,23,native-pressure,button,,current,2026093002,primary,turn,23,0.021455223880597014,
50,391,0.09856314595412151,0.012603982858583312,C,3966,3967,1,native-pressure,overall,,current,2026093002,primary,flop,1,0.00025207965717166626,
140,1315,0.19077324822283476,0.020310459886841725,C,6886,6893,7,native-pressure,overall,,current,2026093002,primary,preflop,7,0.0010155229943420861,
32,249,0.24677898909811694,0.031714568880079286,C,1006,1009,3,native-pressure,overall,,current,2026093002,primary,river,3,0.002973240832507433,
156,735,0.3242170269078077,0.06881340979267754,C,2239,2267,28,native-pressure,overall,,current,2026093002,primary,turn,28,0.012351124834583149,
42,304,0.11164157179581344,0.015424164524421594,A,2715,2723,8,native-pressure,big_blind,,current,2026093003,primary,flop,8,0.0029379360998898272,
56,626,0.23332090942974282,0.02087215803205367,A,2682,2683,1,native-pressure,big_blind,,current,2026093003,primary,preflop,1,0.0003727171077152441,
91,302,0.5451263537906137,0.16425992779783394,A,539,554,15,native-pressure,big_blind,,current,2026093003,primary,river,15,0.02707581227436823,
152,574,0.5161870503597122,0.1366906474820144,A,1090,1112,22,native-pressure,big_blind,,current,2026093003,primary,turn,22,0.019784172661870502,
22,220,0.14388489208633093,0.014388489208633094,A,1524,1529,5,native-pressure,button,,current,2026093003,primary,flop,5,0.0032701111837802484,
32,583,0.14184914841849147,0.007785888077858881,A,4109,4110,1,native-pressure,button,,current,2026093003,primary,preflop,1,0.00024330900243309004,
90,311,0.5695970695970696,0.16483516483516483,A,536,546,10,native-pressure,button,,current,2026093003,primary,river,10,0.018315018315018316,
117,456,0.4198895027624309,0.10773480662983426,A,1073,1086,13,native-pressure,button,,current,2026093003,primary,turn,13,0.011970534069981584,
64,524,0.12323612417685795,0.015051740357478834,A,4239,4252,13,native-pressure,overall,,current,2026093003,primary,flop,13,0.0030573847601128882,
88,1209,0.17797732960400411,0.012954511997644634,A,6791,6793,2,native-pressure,overall,,current,2026093003,primary,preflop,2,0.00029442072721919626,
181,613,0.5572727272727273,0.16454545454545455,A,1075,1100,25,native-pressure,overall,,current,2026093003,primary,river,25,0.022727272727272728,
269,1030,0.46860782529572337,0.12238398544131028,A,2163,2198,35,native-pressure,overall,,current,2026093003,primary,turn,35,0.01592356687898089,
40,220,0.08181480104127929,0.014875418371141688,C,2688,2689,1,native-pressure,big_blind,,current,2026093003,primary,flop,1,0.0003718854592785422,
33,660,0.2434526005164146,0.01217263002582073,C,2710,2711,1,native-pressure,big_blind,,current,2026093003,primary,preflop,1,0.00036886757654002215,
10,81,0.14542190305206462,0.017953321364452424,C,555,557,2,native-pressure,big_blind,,current,2026093003,primary,river,2,0.003590664272890485,
51,269,0.2215815485996705,0.042009884678747944,C,1210,1214,4,native-pressure,big_blind,,current,2026093003,primary,turn,4,0.0032948929159802307,
24,215,0.13174019607843138,0.014705882352941176,C,1630,1632,2,native-pressure,button,,current,2026093003,primary,flop,2,0.0012254901960784314,
40,642,0.15362526920315864,0.00957166786312515,C,4179,4179,,native-pressure,button,,current,2026093003,primary,preflop,0,0.0,
18,202,0.38996138996138996,0.03474903474903475,C,518,518,,native-pressure,button,,current,2026093003,primary,river,0,0.0,
80,408,0.4063745019920319,0.0796812749003984,C,995,1004,9,native-pressure,button,,current,2026093003,primary,turn,9,0.008964143426294821,
64,435,0.10067114093959731,0.014811386253182134,C,4318,4321,3,native-pressure,overall,,current,2026093003,primary,flop,3,0.0006942837306179125,
73,1302,0.18896952104499273,0.010595065312046445,C,6889,6890,1,native-pressure,overall,,current,2026093003,primary,preflop,1,0.00014513788098693758,
28,283,0.26325581395348835,0.026046511627906978,C,1073,1075,2,native-pressure,overall,,current,2026093003,primary,river,2,0.0018604651162790699,
131,677,0.30522993688007216,0.059062218214607755,C,2205,2218,13,native-pressure,overall,,current,2026093003,primary,turn,13,0.005861136158701533,
0,5,0.009765625,0.0,A,512,512,,passive,big_blind,,current,2026093001,primary,flop,0,0.0,
0,0,0.0,0.0,A,512,512,,passive,big_blind,,current,2026093001,primary,preflop,0,0.0,
2,33,0.06560636182902585,0.003976143141153081,A,503,503,,passive,big_blind,,current,2026093001,primary,river,0,0.0,
4,28,0.0546875,0.0078125,A,512,512,,passive,big_blind,,current,2026093001,primary,turn,0,0.0,
3,9,0.022670025188916875,0.007556675062972292,A,397,397,,passive,button,,current,2026093001,primary,flop,0,0.0,
0,0,0.0,0.0,A,512,512,,passive,button,,current,2026093001,primary,preflop,0,0.0,
23,122,0.3168831168831169,0.05974025974025974,A,380,385,5,passive,button,,current,2026093001,primary,river,5,0.012987012987012988,
7,51,0.12846347607052896,0.017632241813602016,A,397,397,,passive,button,,current,2026093001,primary,turn,0,0.0,
3,14,0.015401540154015401,0.0033003300330033004,A,909,909,,passive,overall,,current,2026093001,primary,flop,0,0.0,
0,0,0.0,0.0,A,1024,1024,,passive,overall,,current,2026093001,primary,preflop,0,0.0,
25,155,0.17454954954954954,0.028153153153153154,A,883,888,5,passive,overall,,current,2026093001,primary,river,5,0.00563063063063063,
11,79,0.08690869086908691,0.0121012101210121,A,909,909,,passive,overall,,current,2026093001,primary,turn,0,0.0,
0,6,0.01171875,0.0,C,512,512,,passive,big_blind,,current,2026093001,primary,flop,0,0.0,
0,0,0.0,0.0,C,512,512,,passive,big_blind,,current,2026093001,primary,preflop,0,0.0,
1,39,0.07677165354330709,0.001968503937007874,C,508,508,,passive,big_blind,,current,2026093001,primary,river,0,0.0,
2,36,0.0703125,0.00390625,C,511,512,1,passive,big_blind,,current,2026093001,primary,turn,1,0.001953125,
1,10,0.024630541871921183,0.0024630541871921183,C,406,406,,passive,button,,current,2026093001,primary,flop,0,0.0,
0,0,0.0,0.0,C,512,512,,passive,button,,current,2026093001,primary,preflop,0,0.0,
6,81,0.20351758793969849,0.01507537688442211,C,397,398,1,passive,button,,current,2026093001,primary,river,1,0.002512562814070352,
7,54,0.1330049261083744,0.017241379310344827,C,405,406,1,passive,button,,current,2026093001,primary,turn,1,0.0024630541871921183,
1,16,0.017429193899782137,0.0010893246187363835,C,918,918,,passive,overall,,current,2026093001,primary,flop,0,0.0,
0,0,0.0,0.0,C,1024,1024,,passive,overall,,current,2026093001,primary,preflop,0,0.0,
7,120,0.13245033112582782,0.00772626931567329,C,905,906,1,passive,overall,,current,2026093001,primary,river,1,0.0011037527593818985,
9,90,0.09803921568627451,0.00980392156862745,C,916,918,2,passive,overall,,current,2026093001,primary,turn,2,0.002178649237472767,
0,6,0.01171875,0.0,A,512,512,,passive,big_blind,,current,2026093002,primary,flop,0,0.0,
0,0,0.0,0.0,A,512,512,,passive,big_blind,,current,2026093002,primary,preflop,0,0.0,
2,36,0.07086614173228346,0.003937007874015748,A,508,508,,passive,big_blind,,current,2026093002,primary,river,0,0.0,
5,25,0.048828125,0.009765625,A,512,512,,passive,big_blind,,current,2026093002,primary,turn,0,0.0,
1,8,0.020151133501259445,0.0025188916876574307,A,397,397,,passive,button,,current,2026093002,primary,flop,0,0.0,
0,0,0.0,0.0,A,512,512,,passive,button,,current,2026093002,primary,preflop,0,0.0,
26,97,0.24808184143222506,0.06649616368286446,A,389,391,2,passive,button,,current,2026093002,primary,river,2,0.005115089514066497,
6,51,0.12846347607052896,0.015113350125944584,A,395,397,2,passive,button,,current,2026093002,primary,turn,2,0.005037783375314861,
1,14,0.015401540154015401,0.0011001100110011,A,909,909,,passive,overall,,current,2026093002,primary,flop,0,0.0,
0,0,0.0,0.0,A,1024,1024,,passive,overall,,current,2026093002,primary,preflop,0,0.0,
28,133,0.14794215795328142,0.03114571746384872,A,897,899,2,passive,overall,,current,2026093002,primary,river,2,0.002224694104560623,
11,76,0.08360836083608361,0.0121012101210121,A,907,909,2,passive,overall,,current,2026093002,primary,turn,2,0.0022002200220022,
0,11,0.021484375,0.0,C,512,512,,passive,big_blind,,current,2026093002,primary,flop,0,0.0,
0,0,0.0,0.0,C,512,512,,passive,big_blind,,current,2026093002,primary,preflop,0,0.0,
1,28,0.054901960784313725,0.00196078431372549,C,510,510,,passive,big_blind,,current,2026093002,primary,river,0,0.0,
4,32,0.0625,0.0078125,C,512,512,,passive,big_blind,,current,2026093002,primary,turn,0,0.0,
1,7,0.017811704834605598,0.002544529262086514,C,393,393,,passive,button,,current,2026093002,primary,flop,0,0.0,
0,0,0.0,0.0,C,512,512,,passive,button,,current,2026093002,primary,preflop,0,0.0,
7,62,0.16230366492146597,0.01832460732984293,C,382,382,,passive,button,,current,2026093002,primary,river,0,0.0,
5,50,0.1272264631043257,0.01272264631043257,C,393,393,,passive,button,,current,2026093002,primary,turn,0,0.0,
1,18,0.019889502762430938,0.0011049723756906078,C,905,905,,passive,overall,,current,2026093002,primary,flop,0,0.0,
0,0,0.0,0.0,C,1024,1024,,passive,overall,,current,2026093002,primary,preflop,0,0.0,
8,90,0.10089686098654709,0.008968609865470852,C,892,892,,passive,overall,,current,2026093002,primary,river,0,0.0,
9,82,0.09060773480662983,0.009944751381215469,C,905,905,,passive,overall,,current,2026093002,primary,turn,0,0.0,
0,5,0.009765625,0.0,A,512,512,,passive,big_blind,,current,2026093003,primary,flop,0,0.0,
0,0,0.0,0.0,A,512,512,,passive,big_blind,,current,2026093003,primary,preflop,0,0.0,
0,25,0.050100200400801605,0.0,A,499,499,,passive,big_blind,,current,2026093003,primary,river,0,0.0,
4,26,0.05078125,0.0078125,A,511,512,1,passive,big_blind,,current,2026093003,primary,turn,1,0.001953125,
2,8,0.020202020202020204,0.005050505050505051,A,395,396,1,passive,button,,current,2026093003,primary,flop,1,0.0025252525252525255,
0,0,0.0,0.0,A,512,512,,passive,button,,current,2026093003,primary,preflop,0,0.0,
23,126,0.33070866141732286,0.06036745406824147,A,378,381,3,passive,button,,current,2026093003,primary,river,3,0.007874015748031496,
12,59,0.14898989898989898,0.030303030303030304,A,396,396,,passive,button,,current,2026093003,primary,turn,0,0.0,
2,13,0.014317180616740088,0.0022026431718061676,A,907,908,1,passive,overall,,current,2026093003,primary,flop,1,0.0011013215859030838,
0,0,0.0,0.0,A,1024,1024,,passive,overall,,current,2026093003,primary,preflop,0,0.0,
23,151,0.1715909090909091,0.026136363636363635,A,877,880,3,passive,overall,,current,2026093003,primary,river,3,0.003409090909090909,
16,85,0.09361233480176212,0.01762114537444934,A,907,908,1,passive,overall,,current,2026093003,primary,turn,1,0.0011013215859030838,
0,7,0.013671875,0.0,C,512,512,,passive,big_blind,,current,2026093003,primary,flop,0,0.0,
0,0,0.0,0.0,C,512,512,,passive,big_blind,,current,2026093003,primary,preflop,0,0.0,
0,37,0.073558648111332,0.0,C,503,503,,passive,big_blind,,current,2026093003,primary,river,0,0.0,
5,28,0.0546875,0.009765625,C,512,512,,passive,big_blind,,current,2026093003,primary,turn,0,0.0,
1,7,0.017412935323383085,0.0024875621890547263,C,402,402,,passive,button,,current,2026093003,primary,flop,0,0.0,
0,0,0.0,0.0,C,512,512,,passive,button,,current,2026093003,primary,preflop,0,0.0,
7,73,0.19010416666666666,0.018229166666666668,C,381,384,3,passive,button,,current,2026093003,primary,river,3,0.0078125,
6,58,0.14427860696517414,0.014925373134328358,C,400,402,2,passive,button,,current,2026093003,primary,turn,2,0.004975124378109453,
1,14,0.015317286652078774,0.0010940919037199124,C,914,914,,passive,overall,,current,2026093003,primary,flop,0,0.0,
0,0,0.0,0.0,C,1024,1024,,passive,overall,,current,2026093003,primary,preflop,0,0.0,
7,110,0.12401352874859076,0.007891770011273957,C,884,887,3,passive,overall,,current,2026093003,primary,river,3,0.0033821871476888386,
11,86,0.09409190371991247,0.012035010940919038,C,912,914,2,passive,overall,,current,2026093003,primary,turn,2,0.002188183807439825,
22,22,0.28205128205128205,0.28205128205128205,A,56,78,22,pot_pressure,big_blind,,current,2026093001,primary,flop,22,0.28205128205128205,
45,50,0.45871559633027525,0.41284403669724773,A,64,109,45,pot_pressure,big_blind,,current,2026093001,primary,preflop,45,0.41284403669724773,
9,9,0.4090909090909091,0.4090909090909091,A,13,22,9,pot_pressure,big_blind,,current,2026093001,primary,river,9,0.4090909090909091,
13,13,0.3611111111111111,0.3611111111111111,A,23,36,13,pot_pressure,big_blind,,current,2026093001,primary,turn,13,0.3611111111111111,
49,56,0.35443037974683544,0.310126582278481,A,109,158,49,pot_pressure,button,,current,2026093001,primary,flop,49,0.310126582278481,
76,76,0.1288135593220339,0.1288135593220339,A,514,590,76,pot_pressure,button,,current,2026093001,primary,preflop,76,0.1288135593220339,
17,17,0.68,0.68,A,8,25,17,pot_pressure,button,,current,2026093001,primary,river,17,0.68,
26,28,0.4117647058823529,0.38235294117647056,A,42,68,26,pot_pressure,button,,current,2026093001,primary,turn,26,0.38235294117647056,
71,78,0.3305084745762712,0.3008474576271186,A,165,236,71,pot_pressure,overall,,current,2026093001,primary,flop,71,0.3008474576271186,
121,126,0.18025751072961374,0.17310443490701002,A,578,699,121,pot_pressure,overall,,current,2026093001,primary,preflop,121,0.17310443490701002,
26,26,0.5531914893617021,0.5531914893617021,A,21,47,26,pot_pressure,overall,,current,2026093001,primary,river,26,0.5531914893617021,
39,41,0.3942307692307692,0.375,A,65,104,39,pot_pressure,overall,,current,2026093001,primary,turn,39,0.375,
24,24,0.3037974683544304,0.3037974683544304,C,55,79,24,pot_pressure,big_blind,,current,2026093001,primary,flop,24,0.3037974683544304,
45,49,0.4537037037037037,0.4166666666666667,C,63,108,45,pot_pressure,big_blind,,current,2026093001,primary,preflop,45,0.4166666666666667,
6,8,0.32,0.24,C,19,25,6,pot_pressure,big_blind,,current,2026093001,primary,river,6,0.24,
7,8,0.2222222222222222,0.19444444444444445,C,29,36,7,pot_pressure,big_blind,,current,2026093001,primary,turn,7,0.19444444444444445,
60,66,0.36464088397790057,0.3314917127071823,C,121,181,60,pot_pressure,button,,current,2026093001,primary,flop,60,0.3314917127071823,
78,78,0.1319796954314721,0.1319796954314721,C,513,591,78,pot_pressure,button,,current,2026093001,primary,preflop,78,0.1319796954314721,
10,16,0.5925925925925926,0.37037037037037035,C,17,27,10,pot_pressure,button,,current,2026093001,primary,river,10,0.37037037037037035,
28,32,0.41025641025641024,0.358974358974359,C,53,78,25,pot_pressure,button,,current,2026093001,primary,turn,25,0.32051282051282054,
84,90,0.34615384615384615,0.3230769230769231,C,176,260,84,pot_pressure,overall,,current,2026093001,primary,flop,84,0.3230769230769231,
123,127,0.18168812589413447,0.1759656652360515,C,576,699,123,pot_pressure,overall,,current,2026093001,primary,preflop,123,0.1759656652360515,
16,24,0.46153846153846156,0.3076923076923077,C,36,52,16,pot_pressure,overall,,current,2026093001,primary,river,16,0.3076923076923077,
35,40,0.3508771929824561,0.30701754385964913,C,82,114,32,pot_pressure,overall,,current,2026093001,primary,turn,32,0.2807017543859649,
20,20,0.26666666666666666,0.26666666666666666,A,55,75,20,pot_pressure,big_blind,,current,2026093002,primary,flop,20,0.26666666666666666,
46,49,0.4537037037037037,0.42592592592592593,A,62,108,46,pot_pressure,big_blind,,current,2026093002,primary,preflop,46,0.42592592592592593,
7,7,0.2916666666666667,0.2916666666666667,A,17,24,7,pot_pressure,big_blind,,current,2026093002,primary,river,7,0.2916666666666667,
15,16,0.36363636363636365,0.3409090909090909,A,29,44,15,pot_pressure,big_blind,,current,2026093002,primary,turn,15,0.3409090909090909,
49,53,0.3081395348837209,0.28488372093023256,A,123,172,49,pot_pressure,button,,current,2026093002,primary,flop,49,0.28488372093023256,
78,78,0.13220338983050847,0.13220338983050847,A,512,590,78,pot_pressure,button,,current,2026093002,primary,preflop,78,0.13220338983050847,
18,18,0.6206896551724138,0.6206896551724138,A,11,29,18,pot_pressure,button,,current,2026093002,primary,river,18,0.6206896551724138,
34,34,0.43037974683544306,0.43037974683544306,A,45,79,34,pot_pressure,button,,current,2026093002,primary,turn,34,0.43037974683544306,
69,73,0.29554655870445345,0.2793522267206478,A,178,247,69,pot_pressure,overall,,current,2026093002,primary,flop,69,0.2793522267206478,
124,127,0.1819484240687679,0.17765042979942694,A,574,698,124,pot_pressure,overall,,current,2026093002,primary,preflop,124,0.17765042979942694,
25,25,0.4716981132075472,0.4716981132075472,A,28,53,25,pot_pressure,overall,,current,2026093002,primary,river,25,0.4716981132075472,
49,50,0.4065040650406504,0.3983739837398374,A,74,123,49,pot_pressure,overall,,current,2026093002,primary,turn,49,0.3983739837398374,
22,22,0.28205128205128205,0.28205128205128205,C,56,78,22,pot_pressure,big_blind,,current,2026093002,primary,flop,22,0.28205128205128205,
46,49,0.4537037037037037,0.42592592592592593,C,62,108,46,pot_pressure,big_blind,,current,2026093002,primary,preflop,46,0.42592592592592593,
8,8,0.27586206896551724,0.27586206896551724,C,21,29,8,pot_pressure,big_blind,,current,2026093002,primary,river,8,0.27586206896551724,
10,12,0.24,0.2,C,40,50,10,pot_pressure,big_blind,,current,2026093002,primary,turn,10,0.2,
48,51,0.3248407643312102,0.3057324840764331,C,109,157,48,pot_pressure,button,,current,2026093002,primary,flop,48,0.3057324840764331,
68,68,0.11683848797250859,0.11683848797250859,C,514,582,68,pot_pressure,button,,current,2026093002,primary,preflop,68,0.11683848797250859,
6,8,0.38095238095238093,0.2857142857142857,C,15,21,6,pot_pressure,button,,current,2026093002,primary,river,6,0.2857142857142857,
20,20,0.3448275862068966,0.3448275862068966,C,38,58,20,pot_pressure,button,,current,2026093002,primary,turn,20,0.3448275862068966,
70,73,0.31063829787234043,0.2978723404255319,C,165,235,70,pot_pressure,overall,,current,2026093002,primary,flop,70,0.2978723404255319,
114,117,0.16956521739130434,0.16521739130434782,C,576,690,114,pot_pressure,overall,,current,2026093002,primary,preflop,114,0.16521739130434782,
14,16,0.32,0.28,C,36,50,14,pot_pressure,overall,,current,2026093002,primary,river,14,0.28,
30,32,0.2962962962962963,0.2777777777777778,C,78,108,30,pot_pressure,overall,,current,2026093002,primary,turn,30,0.2777777777777778,
18,18,0.24,0.24,A,57,75,18,pot_pressure,big_blind,,current,2026093003,primary,flop,18,0.24,
45,49,0.4537037037037037,0.4166666666666667,A,63,108,45,pot_pressure,big_blind,,current,2026093003,primary,preflop,45,0.4166666666666667,
9,9,0.391304347826087,0.391304347826087,A,14,23,9,pot_pressure,big_blind,,current,2026093003,primary,river,9,0.391304347826087,
10,12,0.3333333333333333,0.2777777777777778,A,26,36,10,pot_pressure,big_blind,,current,2026093003,primary,turn,10,0.2777777777777778,
59,66,0.375,0.3352272727272727,A,117,176,59,pot_pressure,button,,current,2026093003,primary,flop,59,0.3352272727272727,
73,73,0.12457337883959044,0.12457337883959044,A,513,586,73,pot_pressure,button,,current,2026093003,primary,preflop,73,0.12457337883959044,
20,21,0.65625,0.625,A,13,32,19,pot_pressure,button,,current,2026093003,primary,river,19,0.59375,
32,32,0.43243243243243246,0.43243243243243246,A,42,74,32,pot_pressure,button,,current,2026093003,primary,turn,32,0.43243243243243246,
77,84,0.3346613545816733,0.30677290836653387,A,174,251,77,pot_pressure,overall,,current,2026093003,primary,flop,77,0.30677290836653387,
118,122,0.17579250720461095,0.17002881844380405,A,576,694,118,pot_pressure,overall,,current,2026093003,primary,preflop,118,0.17002881844380405,
29,30,0.5454545454545454,0.5272727272727272,A,27,55,28,pot_pressure,overall,,current,2026093003,primary,river,28,0.509090909090909,
42,44,0.4,0.38181818181818183,A,68,110,42,pot_pressure,overall,,current,2026093003,primary,turn,42,0.38181818181818183,
20,20,0.2702702702702703,0.2702702702702703,C,54,74,20,pot_pressure,big_blind,,current,2026093003,primary,flop,20,0.2702702702702703,
45,50,0.45871559633027525,0.41284403669724773,C,64,109,45,pot_pressure,big_blind,,current,2026093003,primary,preflop,45,0.41284403669724773,
6,7,0.3333333333333333,0.2857142857142857,C,15,21,6,pot_pressure,big_blind,,current,2026093003,primary,river,6,0.2857142857142857,
6,6,0.16216216216216217,0.16216216216216217,C,31,37,6,pot_pressure,big_blind,,current,2026093003,primary,turn,6,0.16216216216216217,
52,57,0.3352941176470588,0.3058823529411765,C,118,170,52,pot_pressure,button,,current,2026093003,primary,flop,52,0.3058823529411765,
78,78,0.13175675675675674,0.13175675675675674,C,514,592,78,pot_pressure,button,,current,2026093003,primary,preflop,78,0.13175675675675674,
10,15,0.6818181818181818,0.45454545454545453,C,12,22,10,pot_pressure,button,,current,2026093003,primary,river,10,0.45454545454545453,
25,27,0.47368421052631576,0.43859649122807015,C,35,57,22,pot_pressure,button,,current,2026093003,primary,turn,22,0.38596491228070173,
72,77,0.3155737704918033,0.29508196721311475,C,172,244,72,pot_pressure,overall,,current,2026093003,primary,flop,72,0.29508196721311475,
123,128,0.1825962910128388,0.1754636233951498,C,578,701,123,pot_pressure,overall,,current,2026093003,primary,preflop,123,0.1754636233951498,
16,22,0.5116279069767442,0.37209302325581395,C,27,43,16,pot_pressure,overall,,current,2026093003,primary,river,16,0.37209302325581395,
31,33,0.35106382978723405,0.32978723404255317,C,66,94,28,pot_pressure,overall,,current,2026093003,primary,turn,28,0.2978723404255319,
1,9,0.0196078431372549,0.002178649237472767,A,459,459,,selective-stackoff,big_blind,,current,2026093001,primary,flop,0,0.0,
0,3,0.005272407732864675,0.0,A,569,569,,selective-stackoff,big_blind,,current,2026093001,primary,preflop,0,0.0,
5,20,0.07092198581560284,0.01773049645390071,A,281,282,1,selective-stackoff,big_blind,,current,2026093001,primary,river,1,0.0035460992907801418,
2,13,0.04100946372239748,0.006309148264984227,A,317,317,,selective-stackoff,big_blind,,current,2026093001,primary,turn,0,0.0,
0,11,0.013431013431013432,0.0,A,819,819,,selective-stackoff,button,,current,2026093001,primary,flop,0,0.0,
0,0,0.0,0.0,A,2067,2067,,selective-stackoff,button,,current,2026093001,primary,preflop,0,0.0,
7,40,0.12903225806451613,0.02258064516129032,A,308,310,2,selective-stackoff,button,,current,2026093001,primary,river,2,0.0064516129032258064,
9,31,0.0640495867768595,0.01859504132231405,A,483,484,1,selective-stackoff,button,,current,2026093001,primary,turn,1,0.002066115702479339,
1,20,0.01564945226917058,0.000782472613458529,A,1278,1278,,selective-stackoff,overall,,current,2026093001,primary,flop,0,0.0,
0,3,0.0011380880121396055,0.0,A,2636,2636,,selective-stackoff,overall,,current,2026093001,primary,preflop,0,0.0,
12,60,0.10135135135135136,0.02027027027027027,A,589,592,3,selective-stackoff,overall,,current,2026093001,primary,river,3,0.005067567567567568,
11,44,0.05493133583021224,0.01373283395755306,A,800,801,1,selective-stackoff,overall,,current,2026093001,primary,turn,1,0.0012484394506866417,
1,6,0.012552301255230125,0.0020920502092050207,C,478,478,,selective-stackoff,big_blind,,current,2026093001,primary,flop,0,0.0,
0,3,0.005272407732864675,0.0,C,569,569,,selective-stackoff,big_blind,,current,2026093001,primary,preflop,0,0.0,
1,29,0.09090909090909091,0.003134796238244514,C,319,319,,selective-stackoff,big_blind,,current,2026093001,primary,river,0,0.0,
3,22,0.056555269922879174,0.007712082262210797,C,388,389,1,selective-stackoff,big_blind,,current,2026093001,primary,turn,1,0.002570694087403599,
1,14,0.016887816646562123,0.0012062726176115801,C,829,829,,selective-stackoff,button,,current,2026093001,primary,flop,0,0.0,
0,1,0.00048496605237633366,0.0,C,2062,2062,,selective-stackoff,button,,current,2026093001,primary,preflop,0,0.0,
5,47,0.1551155115511551,0.0165016501650165,C,302,303,1,selective-stackoff,button,,current,2026093001,primary,river,1,0.0033003300330033004,
2,31,0.060903732809430254,0.003929273084479371,C,509,509,,selective-stackoff,button,,current,2026093001,primary,turn,0,0.0,
2,20,0.015302218821729151,0.001530221882172915,C,1307,1307,,selective-stackoff,overall,,current,2026093001,primary,flop,0,0.0,
0,4,0.0015203344735841885,0.0,C,2631,2631,,selective-stackoff,overall,,current,2026093001,primary,preflop,0,0.0,
6,76,0.12218649517684887,0.00964630225080386,C,621,622,1,selective-stackoff,overall,,current,2026093001,primary,river,1,0.001607717041800643,
5,53,0.05902004454342984,0.005567928730512249,C,897,898,1,selective-stackoff,overall,,current,2026093001,primary,turn,1,0.0011135857461024498,
1,8,0.016771488469601678,0.0020964360587002098,A,477,477,,selective-stackoff,big_blind,,current,2026093002,primary,flop,0,0.0,
0,4,0.007017543859649123,0.0,A,570,570,,selective-stackoff,big_blind,,current,2026093002,primary,preflop,0,0.0,
0,20,0.06514657980456026,0.0,A,307,307,,selective-stackoff,big_blind,,current,2026093002,primary,river,0,0.0,
0,12,0.0326975476839237,0.0,A,367,367,,selective-stackoff,big_blind,,current,2026093002,primary,turn,0,0.0,
2,14,0.014736842105263158,0.002105263157894737,A,950,950,,selective-stackoff,button,,current,2026093002,primary,flop,0,0.0,
0,0,0.0,0.0,A,2069,2069,,selective-stackoff,button,,current,2026093002,primary,preflop,0,0.0,
11,50,0.11848341232227488,0.026066350710900472,A,421,422,1,selective-stackoff,button,,current,2026093002,primary,river,1,0.002369668246445498,
3,30,0.049586776859504134,0.0049586776859504135,A,604,605,1,selective-stackoff,button,,current,2026093002,primary,turn,1,0.001652892561983471,
3,22,0.015416958654519973,0.002102312543798178,A,1427,1427,,selective-stackoff,overall,,current,2026093002,primary,flop,0,0.0,
0,4,0.0015157256536566881,0.0,A,2639,2639,,selective-stackoff,overall,,current,2026093002,primary,preflop,0,0.0,
11,70,0.09602194787379972,0.015089163237311385,A,728,729,1,selective-stackoff,overall,,current,2026093002,primary,river,1,0.0013717421124828531,
3,42,0.043209876543209874,0.0030864197530864196,A,971,972,1,selective-stackoff,overall,,current,2026093002,primary,turn,1,0.00102880658436214,
1,8,0.017278617710583154,0.0021598272138228943,C,463,463,,selective-stackoff,big_blind,,current,2026093002,primary,flop,0,0.0,
0,6,0.01048951048951049,0.0,C,572,572,,selective-stackoff,big_blind,,current,2026093002,primary,preflop,0,0.0,
1,15,0.05263157894736842,0.0035087719298245615,C,285,285,,selective-stackoff,big_blind,,current,2026093002,primary,river,0,0.0,
1,13,0.038011695906432746,0.0029239766081871343,C,342,342,,selective-stackoff,big_blind,,current,2026093002,primary,turn,0,0.0,
1,16,0.01737242128121607,0.0010857763300760044,C,921,921,,selective-stackoff,button,,current,2026093002,primary,flop,0,0.0,
0,0,0.0,0.0,C,2066,2066,,selective-stackoff,button,,current,2026093002,primary,preflop,0,0.0,
8,49,0.15076923076923077,0.024615384615384615,C,324,325,1,selective-stackoff,button,,current,2026093002,primary,river,1,0.003076923076923077,
4,32,0.06680584551148225,0.008350730688935281,C,479,479,,selective-stackoff,button,,current,2026093002,primary,turn,0,0.0,
2,24,0.017341040462427744,0.001445086705202312,C,1384,1384,,selective-stackoff,overall,,current,2026093002,primary,flop,0,0.0,
0,6,0.002274450341167551,0.0,C,2638,2638,,selective-stackoff,overall,,current,2026093002,primary,preflop,0,0.0,
9,64,0.10491803278688525,0.014754098360655738,C,609,610,1,selective-stackoff,overall,,current,2026093002,primary,river,1,0.001639344262295082,
5,45,0.05481120584652863,0.0060901339829476245,C,821,821,,selective-stackoff,overall,,current,2026093002,primary,turn,0,0.0,
0,6,0.012684989429175475,0.0,A,473,473,,selective-stackoff,big_blind,,current,2026093003,primary,flop,0,0.0,
0,0,0.0,0.0,A,567,567,,selective-stackoff,big_blind,,current,2026093003,primary,preflop,0,0.0,
0,24,0.07947019867549669,0.0,A,302,302,,selective-stackoff,big_blind,,current,2026093003,primary,river,0,0.0,
0,12,0.034782608695652174,0.0,A,345,345,,selective-stackoff,big_blind,,current,2026093003,primary,turn,0,0.0,
1,16,0.019002375296912115,0.0011876484560570072,A,842,842,,selective-stackoff,button,,current,2026093003,primary,flop,0,0.0,
0,0,0.0,0.0,A,2063,2063,,selective-stackoff,button,,current,2026093003,primary,preflop,0,0.0,
10,46,0.14603174603174604,0.031746031746031744,A,314,315,1,selective-stackoff,button,,current,2026093003,primary,river,1,0.0031746031746031746,
1,40,0.07766990291262135,0.001941747572815534,A,515,515,,selective-stackoff,button,,current,2026093003,primary,turn,0,0.0,
1,22,0.016730038022813688,0.0007604562737642585,A,1315,1315,,selective-stackoff,overall,,current,2026093003,primary,flop,0,0.0,
0,0,0.0,0.0,A,2630,2630,,selective-stackoff,overall,,current,2026093003,primary,preflop,0,0.0,
10,70,0.11345218800648298,0.01620745542949757,A,616,617,1,selective-stackoff,overall,,current,2026093003,primary,river,1,0.0016207455429497568,
1,52,0.06046511627906977,0.0011627906976744186,A,860,860,,selective-stackoff,overall,,current,2026093003,primary,turn,0,0.0,
0,8,0.017543859649122806,0.0,C,456,456,,selective-stackoff,big_blind,,current,2026093003,primary,flop,0,0.0,
0,4,0.0070052539404553416,0.0,C,571,571,,selective-stackoff,big_blind,,current,2026093003,primary,preflop,0,0.0,
1,25,0.08250825082508251,0.0033003300330033004,C,303,303,,selective-stackoff,big_blind,,current,2026093003,primary,river,0,0.0,
1,16,0.04610951008645533,0.002881844380403458,C,347,347,,selective-stackoff,big_blind,,current,2026093003,primary,turn,0,0.0,
2,12,0.013544018058690745,0.002257336343115124,C,886,886,,selective-stackoff,button,,current,2026093003,primary,flop,0,0.0,
0,0,0.0,0.0,C,2061,2061,,selective-stackoff,button,,current,2026093003,primary,preflop,0,0.0,
5,46,0.15699658703071673,0.017064846416382253,C,292,293,1,selective-stackoff,button,,current,2026093003,primary,river,1,0.0034129692832764505,
4,41,0.08971553610503283,0.0087527352297593,C,457,457,,selective-stackoff,button,,current,2026093003,primary,turn,0,0.0,
2,20,0.014903129657228018,0.0014903129657228018,C,1342,1342,,selective-stackoff,overall,,current,2026093003,primary,flop,0,0.0,
0,4,0.001519756838905775,0.0,C,2632,2632,,selective-stackoff,overall,,current,2026093003,primary,preflop,0,0.0,
6,71,0.11912751677852348,0.010067114093959731,C,595,596,1,selective-stackoff,overall,,current,2026093003,primary,river,1,0.0016778523489932886,
5,57,0.0708955223880597,0.006218905472636816,C,804,804,,selective-stackoff,overall,,current,2026093003,primary,turn,0,0.0,
0,2,0.05405405405405406,0.0,A,37,37,,tight_aggressive,big_blind,,current,2026093001,primary,flop,0,0.0,
0,2,0.028169014084507043,0.0,A,71,71,,tight_aggressive,big_blind,,current,2026093001,primary,preflop,0,0.0,
0,3,0.16666666666666666,0.0,A,18,18,,tight_aggressive,big_blind,,current,2026093001,primary,river,0,0.0,
0,4,0.16,0.0,A,25,25,,tight_aggressive,big_blind,,current,2026093001,primary,turn,0,0.0,
0,6,0.029556650246305417,0.0,A,203,203,,tight_aggressive,button,,current,2026093001,primary,flop,0,0.0,
0,0,0.0,0.0,A,545,545,,tight_aggressive,button,,current,2026093001,primary,preflop,0,0.0,
0,6,0.14634146341463414,0.0,A,41,41,,tight_aggressive,button,,current,2026093001,primary,river,0,0.0,
3,6,0.06666666666666667,0.03333333333333333,A,90,90,,tight_aggressive,button,,current,2026093001,primary,turn,0,0.0,
0,8,0.03333333333333333,0.0,A,240,240,,tight_aggressive,overall,,current,2026093001,primary,flop,0,0.0,
0,2,0.003246753246753247,0.0,A,616,616,,tight_aggressive,overall,,current,2026093001,primary,preflop,0,0.0,
0,9,0.15254237288135594,0.0,A,59,59,,tight_aggressive,overall,,current,2026093001,primary,river,0,0.0,
3,10,0.08695652173913043,0.02608695652173913,A,115,115,,tight_aggressive,overall,,current,2026093001,primary,turn,0,0.0,
0,2,0.045454545454545456,0.0,C,44,44,,tight_aggressive,big_blind,,current,2026093001,primary,flop,0,0.0,
0,0,0.0,0.0,C,67,67,,tight_aggressive,big_blind,,current,2026093001,primary,preflop,0,0.0,
0,0,0.0,0.0,C,14,14,,tight_aggressive,big_blind,,current,2026093001,primary,river,0,0.0,
0,4,0.16666666666666666,0.0,C,24,24,,tight_aggressive,big_blind,,current,2026093001,primary,turn,0,0.0,
1,5,0.025,0.005,C,200,200,,tight_aggressive,button,,current,2026093001,primary,flop,0,0.0,
0,1,0.0018484288354898336,0.0,C,541,541,,tight_aggressive,button,,current,2026093001,primary,preflop,0,0.0,
0,4,0.14814814814814814,0.0,C,27,27,,tight_aggressive,button,,current,2026093001,primary,river,0,0.0,
0,6,0.06896551724137931,0.0,C,87,87,,tight_aggressive,button,,current,2026093001,primary,turn,0,0.0,
1,7,0.028688524590163935,0.004098360655737705,C,244,244,,tight_aggressive,overall,,current,2026093001,primary,flop,0,0.0,
0,1,0.001644736842105263,0.0,C,608,608,,tight_aggressive,overall,,current,2026093001,primary,preflop,0,0.0,
0,4,0.0975609756097561,0.0,C,41,41,,tight_aggressive,overall,,current,2026093001,primary,river,0,0.0,
0,10,0.09009009009009009,0.0,C,111,111,,tight_aggressive,overall,,current,2026093001,primary,turn,0,0.0,
0,4,0.09090909090909091,0.0,A,44,44,,tight_aggressive,big_blind,,current,2026093002,primary,flop,0,0.0,
0,5,0.06944444444444445,0.0,A,72,72,,tight_aggressive,big_blind,,current,2026093002,primary,preflop,0,0.0,
0,4,0.26666666666666666,0.0,A,15,15,,tight_aggressive,big_blind,,current,2026093002,primary,river,0,0.0,
0,3,0.17647058823529413,0.0,A,17,17,,tight_aggressive,big_blind,,current,2026093002,primary,turn,0,0.0,
0,6,0.027777777777777776,0.0,A,216,216,,tight_aggressive,button,,current,2026093002,primary,flop,0,0.0,
0,0,0.0,0.0,A,543,543,,tight_aggressive,button,,current,2026093002,primary,preflop,0,0.0,
0,8,0.14814814814814814,0.0,A,54,54,,tight_aggressive,button,,current,2026093002,primary,river,0,0.0,
1,7,0.06542056074766354,0.009345794392523364,A,107,107,,tight_aggressive,button,,current,2026093002,primary,turn,0,0.0,
0,10,0.038461538461538464,0.0,A,260,260,,tight_aggressive,overall,,current,2026093002,primary,flop,0,0.0,
0,5,0.008130081300813009,0.0,A,615,615,,tight_aggressive,overall,,current,2026093002,primary,preflop,0,0.0,
0,12,0.17391304347826086,0.0,A,69,69,,tight_aggressive,overall,,current,2026093002,primary,river,0,0.0,
1,10,0.08064516129032258,0.008064516129032258,A,124,124,,tight_aggressive,overall,,current,2026093002,primary,turn,0,0.0,
0,2,0.05714285714285714,0.0,C,35,35,,tight_aggressive,big_blind,,current,2026093002,primary,flop,0,0.0,
0,5,0.07042253521126761,0.0,C,71,71,,tight_aggressive,big_blind,,current,2026093002,primary,preflop,0,0.0,
0,2,0.125,0.0,C,16,16,,tight_aggressive,big_blind,,current,2026093002,primary,river,0,0.0,
0,5,0.19230769230769232,0.0,C,26,26,,tight_aggressive,big_blind,,current,2026093002,primary,turn,0,0.0,
1,6,0.031578947368421054,0.005263157894736842,C,190,190,,tight_aggressive,button,,current,2026093002,primary,flop,0,0.0,
0,2,0.0036900369003690036,0.0,C,542,542,,tight_aggressive,button,,current,2026093002,primary,preflop,0,0.0,
1,6,0.20689655172413793,0.034482758620689655,C,28,29,1,tight_aggressive,button,,current,2026093002,primary,river,1,0.034482758620689655,
2,12,0.16666666666666666,0.027777777777777776,C,72,72,,tight_aggressive,button,,current,2026093002,primary,turn,0,0.0,
1,8,0.035555555555555556,0.0044444444444444444,C,225,225,,tight_aggressive,overall,,current,2026093002,primary,flop,0,0.0,
0,7,0.011419249592169658,0.0,C,613,613,,tight_aggressive,overall,,current,2026093002,primary,preflop,0,0.0,
1,8,0.17777777777777778,0.022222222222222223,C,44,45,1,tight_aggressive,overall,,current,2026093002,primary,river,1,0.022222222222222223,
2,17,0.17346938775510204,0.02040816326530612,C,98,98,,tight_aggressive,overall,,current,2026093002,primary,turn,0,0.0,
2,4,0.10526315789473684,0.05263157894736842,A,38,38,,tight_aggressive,big_blind,,current,2026093003,primary,flop,0,0.0,
0,1,0.014492753623188406,0.0,A,69,69,,tight_aggressive,big_blind,,current,2026093003,primary,preflop,0,0.0,
0,0,0.0,0.0,A,19,19,,tight_aggressive,big_blind,,current,2026093003,primary,river,0,0.0,
0,5,0.22727272727272727,0.0,A,22,22,,tight_aggressive,big_blind,,current,2026093003,primary,turn,0,0.0,
1,5,0.03067484662576687,0.006134969325153374,A,163,163,,tight_aggressive,button,,current,2026093003,primary,flop,0,0.0,
0,1,0.001838235294117647,0.0,A,544,544,,tight_aggressive,button,,current,2026093003,primary,preflop,0,0.0,
0,7,0.22580645161290322,0.0,A,31,31,,tight_aggressive,button,,current,2026093003,primary,river,0,0.0,
3,6,0.08108108108108109,0.04054054054054054,A,73,74,1,tight_aggressive,button,,current,2026093003,primary,turn,1,0.013513513513513514,
3,9,0.04477611940298507,0.014925373134328358,A,201,201,,tight_aggressive,overall,,current,2026093003,primary,flop,0,0.0,
0,2,0.0032626427406199023,0.0,A,613,613,,tight_aggressive,overall,,current,2026093003,primary,preflop,0,0.0,
0,7,0.14,0.0,A,50,50,,tight_aggressive,overall,,current,2026093003,primary,river,0,0.0,
3,11,0.11458333333333333,0.03125,A,95,96,1,tight_aggressive,overall,,current,2026093003,primary,turn,1,0.010416666666666666,
2,4,0.1,0.05,C,40,40,,tight_aggressive,big_blind,,current,2026093003,primary,flop,0,0.0,
0,3,0.04225352112676056,0.0,C,71,71,,tight_aggressive,big_blind,,current,2026093003,primary,preflop,0,0.0,
0,1,0.04,0.0,C,25,25,,tight_aggressive,big_blind,,current,2026093003,primary,river,0,0.0,
1,2,0.06896551724137931,0.034482758620689655,C,29,29,,tight_aggressive,big_blind,,current,2026093003,primary,turn,0,0.0,
1,4,0.021052631578947368,0.005263157894736842,C,190,190,,tight_aggressive,button,,current,2026093003,primary,flop,0,0.0,
0,2,0.003663003663003663,0.0,C,546,546,,tight_aggressive,button,,current,2026093003,primary,preflop,0,0.0,
1,3,0.13636363636363635,0.045454545454545456,C,22,22,,tight_aggressive,button,,current,2026093003,primary,river,0,0.0,
5,14,0.19444444444444445,0.06944444444444445,C,71,72,1,tight_aggressive,button,,current,2026093003,primary,turn,1,0.013888888888888888,
3,8,0.034782608695652174,0.013043478260869565,C,230,230,,tight_aggressive,overall,,current,2026093003,primary,flop,0,0.0,
0,5,0.008103727714748784,0.0,C,617,617,,tight_aggressive,overall,,current,2026093003,primary,preflop,0,0.0,
1,4,0.0851063829787234,0.02127659574468085,C,47,47,,tight_aggressive,overall,,current,2026093003,primary,river,0,0.0,
6,16,0.15841584158415842,0.0594059405940594,C,100,101,1,tight_aggressive,overall,,current,2026093003,primary,turn,1,0.009900990099009901,
0,0,0.0,0.0,A,36,36,,tight_passive,big_blind,,current,2026093001,primary,flop,0,0.0,
0,1,0.024390243902439025,0.0,A,41,41,,tight_passive,big_blind,,current,2026093001,primary,preflop,0,0.0,
1,2,0.11764705882352941,0.058823529411764705,A,16,17,1,tight_passive,big_blind,,current,2026093001,primary,river,1,0.058823529411764705,
0,2,0.10526315789473684,0.0,A,19,19,,tight_passive,big_blind,,current,2026093001,primary,turn,0,0.0,
2,3,0.018518518518518517,0.012345679012345678,A,161,162,1,tight_passive,button,,current,2026093001,primary,flop,1,0.006172839506172839,
1,1,0.001949317738791423,0.001949317738791423,A,512,513,1,tight_passive,button,,current,2026093001,primary,preflop,1,0.001949317738791423,
2,6,0.14634146341463414,0.04878048780487805,A,40,41,1,tight_passive,button,,current,2026093001,primary,river,1,0.024390243902439025,
2,7,0.07368421052631578,0.021052631578947368,A,94,95,1,tight_passive,button,,current,2026093001,primary,turn,1,0.010526315789473684,
2,3,0.015151515151515152,0.010101010101010102,A,197,198,1,tight_passive,overall,,current,2026093001,primary,flop,1,0.005050505050505051,
1,2,0.0036101083032490976,0.0018050541516245488,A,553,554,1,tight_passive,overall,,current,2026093001,primary,preflop,1,0.0018050541516245488,
3,8,0.13793103448275862,0.05172413793103448,A,56,58,2,tight_passive,overall,,current,2026093001,primary,river,2,0.034482758620689655,
2,9,0.07894736842105263,0.017543859649122806,A,113,114,1,tight_passive,overall,,current,2026093001,primary,turn,1,0.008771929824561403,
0,1,0.027777777777777776,0.0,C,36,36,,tight_passive,big_blind,,current,2026093001,primary,flop,0,0.0,
0,0,0.0,0.0,C,40,40,,tight_passive,big_blind,,current,2026093001,primary,preflop,0,0.0,
1,3,0.13043478260869565,0.043478260869565216,C,22,23,1,tight_passive,big_blind,,current,2026093001,primary,river,1,0.043478260869565216,
1,3,0.12,0.04,C,25,25,,tight_passive,big_blind,,current,2026093001,primary,turn,0,0.0,
1,2,0.013157894736842105,0.006578947368421052,C,152,152,,tight_passive,button,,current,2026093001,primary,flop,0,0.0,
1,1,0.0019455252918287938,0.0019455252918287938,C,513,514,1,tight_passive,button,,current,2026093001,primary,preflop,1,0.0019455252918287938,
1,6,0.15,0.025,C,39,40,1,tight_passive,button,,current,2026093001,primary,river,1,0.025,
1,6,0.0625,0.010416666666666666,C,95,96,1,tight_passive,button,,current,2026093001,primary,turn,1,0.010416666666666666,
1,3,0.015957446808510637,0.005319148936170213,C,188,188,,tight_passive,overall,,current,2026093001,primary,flop,0,0.0,
1,1,0.0018050541516245488,0.0018050541516245488,C,553,554,1,tight_passive,overall,,current,2026093001,primary,preflop,1,0.0018050541516245488,
2,9,0.14285714285714285,0.031746031746031744,C,61,63,2,tight_passive,overall,,current,2026093001,primary,river,2,0.031746031746031744,
2,9,0.0743801652892562,0.01652892561983471,C,120,121,1,tight_passive,overall,,current,2026093001,primary,turn,1,0.008264462809917356,
0,0,0.0,0.0,A,36,36,,tight_passive,big_blind,,current,2026093002,primary,flop,0,0.0,
0,0,0.0,0.0,A,40,40,,tight_passive,big_blind,,current,2026093002,primary,preflop,0,0.0,
2,4,0.18181818181818182,0.09090909090909091,A,20,22,2,tight_passive,big_blind,,current,2026093002,primary,river,2,0.09090909090909091,
0,2,0.08695652173913043,0.0,A,23,23,,tight_passive,big_blind,,current,2026093002,primary,turn,0,0.0,
1,4,0.0213903743315508,0.0053475935828877,A,186,187,1,tight_passive,button,,current,2026093002,primary,flop,1,0.0053475935828877,
1,1,0.0019455252918287938,0.0019455252918287938,A,513,514,1,tight_passive,button,,current,2026093002,primary,preflop,1,0.0019455252918287938,
0,2,0.041666666666666664,0.0,A,48,48,,tight_passive,button,,current,2026093002,primary,river,0,0.0,
2,4,0.0425531914893617,0.02127659574468085,A,92,94,2,tight_passive,button,,current,2026093002,primary,turn,2,0.02127659574468085,
1,4,0.017937219730941704,0.004484304932735426,A,222,223,1,tight_passive,overall,,current,2026093002,primary,flop,1,0.004484304932735426,
1,1,0.0018050541516245488,0.0018050541516245488,A,553,554,1,tight_passive,overall,,current,2026093002,primary,preflop,1,0.0018050541516245488,
2,6,0.08571428571428572,0.02857142857142857,A,68,70,2,tight_passive,overall,,current,2026093002,primary,river,2,0.02857142857142857,
2,6,0.05128205128205128,0.017094017094017096,A,115,117,2,tight_passive,overall,,current,2026093002,primary,turn,2,0.017094017094017096,
0,1,0.02702702702702703,0.0,C,37,37,,tight_passive,big_blind,,current,2026093002,primary,flop,0,0.0,
0,0,0.0,0.0,C,40,40,,tight_passive,big_blind,,current,2026093002,primary,preflop,0,0.0,
0,3,0.15789473684210525,0.0,C,19,19,,tight_passive,big_blind,,current,2026093002,primary,river,0,0.0,
0,2,0.08333333333333333,0.0,C,24,24,,tight_passive,big_blind,,current,2026093002,primary,turn,0,0.0,
1,2,0.012269938650306749,0.006134969325153374,C,163,163,,tight_passive,button,,current,2026093002,primary,flop,0,0.0,
1,1,0.001949317738791423,0.001949317738791423,C,512,513,1,tight_passive,button,,current,2026093002,primary,preflop,1,0.001949317738791423,
1,3,0.13043478260869565,0.043478260869565216,C,22,23,1,tight_passive,button,,current,2026093002,primary,river,1,0.043478260869565216,
1,4,0.07142857142857142,0.017857142857142856,C,56,56,,tight_passive,button,,current,2026093002,primary,turn,0,0.0,
1,3,0.015,0.005,C,200,200,,tight_passive,overall,,current,2026093002,primary,flop,0,0.0,
1,1,0.0018083182640144665,0.0018083182640144665,C,552,553,1,tight_passive,overall,,current,2026093002,primary,preflop,1,0.0018083182640144665,
1,6,0.14285714285714285,0.023809523809523808,C,41,42,1,tight_passive,overall,,current,2026093002,primary,river,1,0.023809523809523808,
1,6,0.075,0.0125,C,80,80,,tight_passive,overall,,current,2026093002,primary,turn,0,0.0,
0,0,0.0,0.0,A,37,37,,tight_passive,big_blind,,current,2026093003,primary,flop,0,0.0,
0,0,0.0,0.0,A,40,40,,tight_passive,big_blind,,current,2026093003,primary,preflop,0,0.0,
1,2,0.09523809523809523,0.047619047619047616,A,20,21,1,tight_passive,big_blind,,current,2026093003,primary,river,1,0.047619047619047616,
0,0,0.0,0.0,A,23,23,,tight_passive,big_blind,,current,2026093003,primary,turn,0,0.0,
0,1,0.005952380952380952,0.0,A,168,168,,tight_passive,button,,current,2026093003,primary,flop,0,0.0,
2,2,0.003883495145631068,0.003883495145631068,A,513,515,2,tight_passive,button,,current,2026093003,primary,preflop,2,0.003883495145631068,
0,4,0.06896551724137931,0.0,A,58,58,,tight_passive,button,,current,2026093003,primary,river,0,0.0,
1,3,0.03333333333333333,0.011111111111111112,A,89,90,1,tight_passive,button,,current,2026093003,primary,turn,1,0.011111111111111112,
0,1,0.004878048780487805,0.0,A,205,205,,tight_passive,overall,,current,2026093003,primary,flop,0,0.0,
2,2,0.0036036036036036037,0.0036036036036036037,A,553,555,2,tight_passive,overall,,current,2026093003,primary,preflop,2,0.0036036036036036037,
1,6,0.0759493670886076,0.012658227848101266,A,78,79,1,tight_passive,overall,,current,2026093003,primary,river,1,0.012658227848101266,
1,3,0.02654867256637168,0.008849557522123894,A,112,113,1,tight_passive,overall,,current,2026093003,primary,turn,1,0.008849557522123894,
0,2,0.05128205128205128,0.0,C,39,39,,tight_passive,big_blind,,current,2026093003,primary,flop,0,0.0,
0,0,0.0,0.0,C,40,40,,tight_passive,big_blind,,current,2026093003,primary,preflop,0,0.0,
0,0,0.0,0.0,C,19,19,,tight_passive,big_blind,,current,2026093003,primary,river,0,0.0,
0,0,0.0,0.0,C,24,24,,tight_passive,big_blind,,current,2026093003,primary,turn,0,0.0,
0,4,0.023529411764705882,0.0,C,170,170,,tight_passive,button,,current,2026093003,primary,flop,0,0.0,
0,0,0.0,0.0,C,513,513,,tight_passive,button,,current,2026093003,primary,preflop,0,0.0,
3,6,0.16216216216216217,0.08108108108108109,C,36,37,1,tight_passive,button,,current,2026093003,primary,river,1,0.02702702702702703,
3,5,0.07352941176470588,0.04411764705882353,C,67,68,1,tight_passive,button,,current,2026093003,primary,turn,1,0.014705882352941176,
0,6,0.028708133971291867,0.0,C,209,209,,tight_passive,overall,,current,2026093003,primary,flop,0,0.0,
0,0,0.0,0.0,C,553,553,,tight_passive,overall,,current,2026093003,primary,preflop,0,0.0,
3,6,0.10714285714285714,0.05357142857142857,C,55,56,1,tight_passive,overall,,current,2026093003,primary,river,1,0.017857142857142856,
3,5,0.05434782608695652,0.03260869565217391,C,91,92,1,tight_passive,overall,,current,2026093003,primary,turn,1,0.010869565217391304,
2,20,0.055710306406685235,0.005571030640668524,A,359,359,,uniform,big_blind,,current,2026093001,primary,flop,0,0.0,
0,20,0.04878048780487805,0.0,A,410,410,,uniform,big_blind,,current,2026093001,primary,preflop,0,0.0,
4,28,0.3146067415730337,0.0449438202247191,A,89,89,,uniform,big_blind,,current,2026093001,primary,river,0,0.0,
2,34,0.19653179190751446,0.011560693641618497,A,173,173,,uniform,big_blind,,current,2026093001,primary,turn,0,0.0,
4,24,0.08304498269896193,0.01384083044982699,A,289,289,,uniform,button,,current,2026093001,primary,flop,0,0.0,
0,7,0.009395973154362415,0.0,A,745,745,,uniform,button,,current,2026093001,primary,preflop,0,0.0,
9,31,0.484375,0.140625,A,64,64,,uniform,button,,current,2026093001,primary,river,0,0.0,
9,53,0.3509933774834437,0.059602649006622516,A,150,151,1,uniform,button,,current,2026093001,primary,turn,1,0.006622516556291391,
6,44,0.06790123456790123,0.009259259259259259,A,648,648,,uniform,overall,,current,2026093001,primary,flop,0,0.0,
0,27,0.023376623376623377,0.0,A,1155,1155,,uniform,overall,,current,2026093001,primary,preflop,0,0.0,
13,59,0.38562091503267976,0.08496732026143791,A,153,153,,uniform,overall,,current,2026093001,primary,river,0,0.0,
11,87,0.26851851851851855,0.033950617283950615,A,323,324,1,uniform,overall,,current,2026093001,primary,turn,1,0.0030864197530864196,
3,19,0.052486187845303865,0.008287292817679558,C,362,362,,uniform,big_blind,,current,2026093001,primary,flop,0,0.0,
0,24,0.05853658536585366,0.0,C,410,410,,uniform,big_blind,,current,2026093001,primary,preflop,0,0.0,
0,12,0.13636363636363635,0.0,C,88,88,,uniform,big_blind,,current,2026093001,primary,river,0,0.0,
3,26,0.14444444444444443,0.016666666666666666,C,180,180,,uniform,big_blind,,current,2026093001,primary,turn,0,0.0,
4,22,0.07308970099667775,0.013289036544850499,C,301,301,,uniform,button,,current,2026093001,primary,flop,0,0.0,
0,15,0.020689655172413793,0.0,C,725,725,,uniform,button,,current,2026093001,primary,preflop,0,0.0,
5,32,0.4155844155844156,0.06493506493506493,C,77,77,,uniform,button,,current,2026093001,primary,river,0,0.0,
7,51,0.32075471698113206,0.0440251572327044,C,158,159,1,uniform,button,,current,2026093001,primary,turn,1,0.006289308176100629,
7,41,0.06184012066365008,0.010558069381598794,C,663,663,,uniform,overall,,current,2026093001,primary,flop,0,0.0,
0,39,0.03436123348017621,0.0,C,1135,1135,,uniform,overall,,current,2026093001,primary,preflop,0,0.0,
5,44,0.26666666666666666,0.030303030303030304,C,165,165,,uniform,overall,,current,2026093001,primary,river,0,0.0,
10,77,0.22713864306784662,0.029498525073746312,C,338,339,1,uniform,overall,,current,2026093001,primary,turn,1,0.0029498525073746312,
3,16,0.0453257790368272,0.0084985835694051,A,353,353,,uniform,big_blind,,current,2026093002,primary,flop,0,0.0,
0,19,0.04656862745098039,0.0,A,408,408,,uniform,big_blind,,current,2026093002,primary,preflop,0,0.0,
2,18,0.2465753424657534,0.0273972602739726,A,73,73,,uniform,big_blind,,current,2026093002,primary,river,0,0.0,
3,36,0.19889502762430938,0.016574585635359115,A,180,181,1,uniform,big_blind,,current,2026093002,primary,turn,1,0.0055248618784530384,
5,27,0.09926470588235294,0.01838235294117647,A,272,272,,uniform,button,,current,2026093002,primary,flop,0,0.0,
0,8,0.010738255033557046,0.0,A,745,745,,uniform,button,,current,2026093002,primary,preflop,0,0.0,
5,36,0.5454545454545454,0.07575757575757576,A,66,66,,uniform,button,,current,2026093002,primary,river,0,0.0,
11,50,0.3125,0.06875,A,159,160,1,uniform,button,,current,2026093002,primary,turn,1,0.00625,
8,43,0.0688,0.0128,A,625,625,,uniform,overall,,current,2026093002,primary,flop,0,0.0,
0,27,0.023417172593235037,0.0,A,1153,1153,,uniform,overall,,current,2026093002,primary,preflop,0,0.0,
7,54,0.38848920863309355,0.050359712230215826,A,139,139,,uniform,overall,,current,2026093002,primary,river,0,0.0,
14,86,0.25219941348973607,0.04105571847507331,A,339,341,2,uniform,overall,,current,2026093002,primary,turn,2,0.005865102639296188,
5,23,0.07467532467532467,0.016233766233766232,C,307,308,1,uniform,big_blind,,current,2026093002,primary,flop,1,0.003246753246753247,
0,25,0.05995203836930456,0.0,C,417,417,,uniform,big_blind,,current,2026093002,primary,preflop,0,0.0,
0,12,0.1791044776119403,0.0,C,67,67,,uniform,big_blind,,current,2026093002,primary,river,0,0.0,
2,27,0.19148936170212766,0.014184397163120567,C,141,141,,uniform,big_blind,,current,2026093002,primary,turn,0,0.0,
0,17,0.0576271186440678,0.0,C,295,295,,uniform,button,,current,2026093002,primary,flop,0,0.0,
0,11,0.015047879616963064,0.0,C,731,731,,uniform,button,,current,2026093002,primary,preflop,0,0.0,
3,32,0.4383561643835616,0.0410958904109589,C,73,73,,uniform,button,,current,2026093002,primary,river,0,0.0,
7,42,0.2896551724137931,0.04827586206896552,C,144,145,1,uniform,button,,current,2026093002,primary,turn,1,0.006896551724137931,
5,40,0.06633499170812604,0.008291873963515755,C,602,603,1,uniform,overall,,current,2026093002,primary,flop,1,0.001658374792703151,
0,36,0.0313588850174216,0.0,C,1148,1148,,uniform,overall,,current,2026093002,primary,preflop,0,0.0,
3,44,0.3142857142857143,0.02142857142857143,C,140,140,,uniform,overall,,current,2026093002,primary,river,0,0.0,
9,69,0.24125874125874125,0.03146853146853147,C,285,286,1,uniform,overall,,current,2026093002,primary,turn,1,0.0034965034965034965,
2,25,0.06756756756756757,0.005405405405405406,A,370,370,,uniform,big_blind,,current,2026093003,primary,flop,0,0.0,
0,26,0.06280193236714976,0.0,A,414,414,,uniform,big_blind,,current,2026093003,primary,preflop,0,0.0,
1,11,0.18032786885245902,0.01639344262295082,A,61,61,,uniform,big_blind,,current,2026093003,primary,river,0,0.0,
4,29,0.1746987951807229,0.024096385542168676,A,166,166,,uniform,big_blind,,current,2026093003,primary,turn,0,0.0,
4,20,0.07434944237918216,0.01486988847583643,A,269,269,,uniform,button,,current,2026093003,primary,flop,0,0.0,
0,12,0.01652892561983471,0.0,A,726,726,,uniform,button,,current,2026093003,primary,preflop,0,0.0,
7,30,0.46153846153846156,0.1076923076923077,A,65,65,,uniform,button,,current,2026093003,primary,river,0,0.0,
8,48,0.3333333333333333,0.05555555555555555,A,143,144,1,uniform,button,,current,2026093003,primary,turn,1,0.006944444444444444,
6,45,0.07042253521126761,0.009389671361502348,A,639,639,,uniform,overall,,current,2026093003,primary,flop,0,0.0,
0,38,0.03333333333333333,0.0,A,1140,1140,,uniform,overall,,current,2026093003,primary,preflop,0,0.0,
8,41,0.3253968253968254,0.06349206349206349,A,126,126,,uniform,overall,,current,2026093003,primary,river,0,0.0,
12,77,0.24838709677419354,0.03870967741935484,A,309,310,1,uniform,overall,,current,2026093003,primary,turn,1,0.0032258064516129032,
4,18,0.05504587155963303,0.012232415902140673,C,326,327,1,uniform,big_blind,,current,2026093003,primary,flop,1,0.0030581039755351682,
0,31,0.07363420427553444,0.0,C,421,421,,uniform,big_blind,,current,2026093003,primary,preflop,0,0.0,
3,16,0.1839080459770115,0.034482758620689655,C,87,87,,uniform,big_blind,,current,2026093003,primary,river,0,0.0,
2,20,0.125,0.0125,C,160,160,,uniform,big_blind,,current,2026093003,primary,turn,0,0.0,
3,19,0.06810035842293907,0.010752688172043012,C,279,279,,uniform,button,,current,2026093003,primary,flop,0,0.0,
0,14,0.01904761904761905,0.0,C,735,735,,uniform,button,,current,2026093003,primary,preflop,0,0.0,
3,22,0.30985915492957744,0.04225352112676056,C,71,71,,uniform,button,,current,2026093003,primary,river,0,0.0,
6,41,0.2662337662337662,0.03896103896103896,C,153,154,1,uniform,button,,current,2026093003,primary,turn,1,0.006493506493506494,
7,37,0.06105610561056106,0.01155115511551155,C,605,606,1,uniform,overall,,current,2026093003,primary,flop,1,0.0016501650165016502,
0,45,0.03892733564013841,0.0,C,1156,1156,,uniform,overall,,current,2026093003,primary,preflop,0,0.0,
6,38,0.24050632911392406,0.0379746835443038,C,158,158,,uniform,overall,,current,2026093003,primary,river,0,0.0,
8,61,0.1942675159235669,0.025477707006369428,C,313,314,1,uniform,overall,,current,2026093003,primary,turn,1,0.0031847133757961785,
2,14,0.06306306306306306,0.009009009009009009,A,,222,,lbr,big_blind,222,average,2026093001,readout,flop,0,0.0,
0,0,0.0,0.0,A,,256,,lbr,big_blind,256,average,2026093001,readout,preflop,0,0.0,
2,15,0.5172413793103449,0.06896551724137931,A,,29,,lbr,big_blind,26,average,2026093001,readout,river,0,0.0,3
0,16,0.24242424242424243,0.0,A,,66,,lbr,big_blind,65,average,2026093001,readout,turn,0,0.0,1
2,12,0.0784313725490196,0.013071895424836602,A,,153,,lbr,button,153,average,2026093001,readout,flop,0,0.0,
0,7,0.01694915254237288,0.0,A,,413,,lbr,button,413,average,2026093001,readout,preflop,0,0.0,
6,31,0.6739130434782609,0.13043478260869565,A,,46,1,lbr,button,38,average,2026093001,readout,river,1,0.021739130434782608,7
7,44,0.4782608695652174,0.07608695652173914,A,,92,2,lbr,button,86,average,2026093001,readout,turn,2,0.021739130434782608,4
4,26,0.06933333333333333,0.010666666666666666,A,,375,,lbr,overall,375,average,2026093001,readout,flop,0,0.0,
0,7,0.01046337817638266,0.0,A,,669,,lbr,overall,669,average,2026093001,readout,preflop,0,0.0,
8,46,0.6133333333333333,0.10666666666666667,A,,75,1,lbr,overall,64,average,2026093001,readout,river,1,0.013333333333333334,10
7,60,0.379746835443038,0.04430379746835443,A,,158,2,lbr,overall,151,average,2026093001,readout,turn,2,0.012658227848101266,5
1,21,0.10552763819095477,0.005025125628140704,A,199,199,,lbr,big_blind,,current,2026093001,readout,flop,0,0.0,
0,0,0.0,0.0,A,256,256,,lbr,big_blind,,current,2026093001,readout,preflop,0,0.0,
0,8,0.42105263157894735,0.0,A,19,19,,lbr,big_blind,,current,2026093001,readout,river,0,0.0,
0,14,0.25,0.0,A,56,56,,lbr,big_blind,,current,2026093001,readout,turn,0,0.0,
2,10,0.059880239520958084,0.011976047904191617,A,167,167,,lbr,button,,current,2026093001,readout,flop,0,0.0,
0,5,0.011990407673860911,0.0,A,417,417,,lbr,button,,current,2026093001,readout,preflop,0,0.0,
10,25,0.5952380952380952,0.23809523809523808,A,39,42,3,lbr,button,,current,2026093001,readout,river,3,0.07142857142857142,
4,42,0.4883720930232558,0.046511627906976744,A,85,86,1,lbr,button,,current,2026093001,readout,turn,1,0.011627906976744186,
3,31,0.08469945355191257,0.00819672131147541,A,366,366,,lbr,overall,,current,2026093001,readout,flop,0,0.0,
0,5,0.007429420505200594,0.0,A,673,673,,lbr,overall,,current,2026093001,readout,preflop,0,0.0,
10,33,0.5409836065573771,0.16393442622950818,A,58,61,3,lbr,overall,,current,2026093001,readout,river,3,0.04918032786885246,
4,56,0.39436619718309857,0.028169014084507043,A,141,142,1,lbr,overall,,current,2026093001,readout,turn,1,0.007042253521126761,
2,16,0.0730593607305936,0.0091324200913242,C,,219,,lbr,big_blind,218,average,2026093001,readout,flop,0,0.0,1
0,0,0.0,0.0,C,,256,,lbr,big_blind,256,average,2026093001,readout,preflop,0,0.0,
0,1,0.047619047619047616,0.0,C,,21,,lbr,big_blind,21,average,2026093001,readout,river,0,0.0,
1,5,0.08333333333333333,0.016666666666666666,C,,60,,lbr,big_blind,60,average,2026093001,readout,turn,0,0.0,
0,9,0.05113636363636364,0.0,C,,176,,lbr,button,176,average,2026093001,readout,flop,0,0.0,
0,1,0.002583979328165375,0.0,C,,387,,lbr,button,387,average,2026093001,readout,preflop,0,0.0,
2,17,0.38636363636363635,0.045454545454545456,C,,44,,lbr,button,40,average,2026093001,readout,river,0,0.0,4
2,34,0.3541666666666667,0.020833333333333332,C,,96,1,lbr,button,91,average,2026093001,readout,turn,1,0.010416666666666666,4
2,25,0.06329113924050633,0.005063291139240506,C,,395,,lbr,overall,394,average,2026093001,readout,flop,0,0.0,1
0,1,0.0015552099533437014,0.0,C,,643,,lbr,overall,643,average,2026093001,readout,preflop,0,0.0,
2,18,0.27692307692307694,0.03076923076923077,C,,65,,lbr,overall,61,average,2026093001,readout,river,0,0.0,4
3,39,0.25,0.019230769230769232,C,,156,1,lbr,overall,151,average,2026093001,readout,turn,1,0.00641025641025641,4
2,19,0.08085106382978724,0.00851063829787234,C,235,235,,lbr,big_blind,,current,2026093001,readout,flop,0,0.0,
0,0,0.0,0.0,C,256,256,,lbr,big_blind,,current,2026093001,readout,preflop,0,0.0,
0,2,0.0625,0.0,C,32,32,,lbr,big_blind,,current,2026093001,readout,river,0,0.0,
0,6,0.12244897959183673,0.0,C,49,49,,lbr,big_blind,,current,2026093001,readout,turn,0,0.0,
1,8,0.045714285714285714,0.005714285714285714,C,175,175,,lbr,button,,current,2026093001,readout,flop,0,0.0,
0,0,0.0,0.0,C,385,385,,lbr,button,,current,2026093001,readout,preflop,0,0.0,
4,14,0.4117647058823529,0.11764705882352941,C,33,34,1,lbr,button,,current,2026093001,readout,river,1,0.029411764705882353,
4,29,0.30851063829787234,0.0425531914893617,C,92,94,2,lbr,button,,current,2026093001,readout,turn,2,0.02127659574468085,
3,27,0.06585365853658537,0.007317073170731708,C,410,410,,lbr,overall,,current,2026093001,readout,flop,0,0.0,
0,0,0.0,0.0,C,641,641,,lbr,overall,,current,2026093001,readout,preflop,0,0.0,
4,16,0.24242424242424243,0.06060606060606061,C,65,66,1,lbr,overall,,current,2026093001,readout,river,1,0.015151515151515152,
4,35,0.24475524475524477,0.027972027972027972,C,141,143,2,lbr,overall,,current,2026093001,readout,turn,2,0.013986013986013986,
2,21,0.08936170212765958,0.00851063829787234,A,,235,,lbr,big_blind,235,average,2026093002,readout,flop,0,0.0,
0,0,0.0,0.0,A,,256,,lbr,big_blind,256,average,2026093002,readout,preflop,0,0.0,
6,14,0.6086956521739131,0.2608695652173913,A,,23,,lbr,big_blind,18,average,2026093002,readout,river,0,0.0,5
5,27,0.3698630136986301,0.0684931506849315,A,,73,,lbr,big_blind,68,average,2026093002,readout,turn,0,0.0,5
0,8,0.05755395683453238,0.0,A,,139,,lbr,button,139,average,2026093002,readout,flop,0,0.0,
0,2,0.004807692307692308,0.0,A,,416,,lbr,button,416,average,2026093002,readout,preflop,0,0.0,
4,20,0.7142857142857143,0.14285714285714285,A,,28,,lbr,button,25,average,2026093002,readout,river,0,0.0,3
3,27,0.4090909090909091,0.045454545454545456,A,,66,,lbr,button,64,average,2026093002,readout,turn,0,0.0,2
2,29,0.07754010695187166,0.0053475935828877,A,,374,,lbr,overall,374,average,2026093002,readout,flop,0,0.0,
0,2,0.002976190476190476,0.0,A,,672,,lbr,overall,672,average,2026093002,readout,preflop,0,0.0,
10,34,0.6666666666666666,0.19607843137254902,A,,51,,lbr,overall,43,average,2026093002,readout,river,0,0.0,8
8,54,0.38848920863309355,0.05755395683453238,A,,139,,lbr,overall,132,average,2026093002,readout,turn,0,0.0,7
0,17,0.07834101382488479,0.0,A,217,217,,lbr,big_blind,,current,2026093002,readout,flop,0,0.0,
0,0,0.0,0.0,A,256,256,,lbr,big_blind,,current,2026093002,readout,preflop,0,0.0,
1,13,0.5909090909090909,0.045454545454545456,A,22,22,,lbr,big_blind,,current,2026093002,readout,river,0,0.0,
2,24,0.4067796610169492,0.03389830508474576,A,59,59,,lbr,big_blind,,current,2026093002,readout,turn,0,0.0,
0,6,0.04054054054054054,0.0,A,148,148,,lbr,button,,current,2026093002,readout,flop,0,0.0,
0,3,0.0070921985815602835,0.0,A,423,423,,lbr,button,,current,2026093002,readout,preflop,0,0.0,
6,18,0.6923076923076923,0.23076923076923078,A,23,26,3,lbr,button,,current,2026093002,readout,river,3,0.11538461538461539,
8,29,0.4393939393939394,0.12121212121212122,A,66,66,,lbr,button,,current,2026093002,readout,turn,0,0.0,
0,23,0.06301369863013699,0.0,A,365,365,,lbr,overall,,current,2026093002,readout,flop,0,0.0,
0,3,0.004418262150220913,0.0,A,679,679,,lbr,overall,,current,2026093002,readout,preflop,0,0.0,
7,31,0.6458333333333334,0.14583333333333334,A,45,48,3,lbr,overall,,current,2026093002,readout,river,3,0.0625,
10,53,0.424,0.08,A,125,125,,lbr,overall,,current,2026093002,readout,turn,0,0.0,
3,20,0.08968609865470852,0.013452914798206279,C,,223,,lbr,big_blind,222,average,2026093002,readout,flop,0,0.0,1
0,0,0.0,0.0,C,,256,,lbr,big_blind,256,average,2026093002,readout,preflop,0,0.0,
0,1,0.043478260869565216,0.0,C,,23,,lbr,big_blind,23,average,2026093002,readout,river,0,0.0,
1,8,0.12903225806451613,0.016129032258064516,C,,62,,lbr,big_blind,60,average,2026093002,readout,turn,0,0.0,2
0,7,0.046357615894039736,0.0,C,,151,,lbr,button,151,average,2026093002,readout,flop,0,0.0,
0,7,0.017369727047146403,0.0,C,,403,,lbr,button,403,average,2026093002,readout,preflop,0,0.0,
3,14,0.3684210526315789,0.07894736842105263,C,,38,,lbr,button,33,average,2026093002,readout,river,0,0.0,5
1,26,0.3333333333333333,0.01282051282051282,C,,78,1,lbr,button,77,average,2026093002,readout,turn,1,0.01282051282051282,
3,27,0.07219251336898395,0.008021390374331552,C,,374,,lbr,overall,373,average,2026093002,readout,flop,0,0.0,1
0,7,0.010622154779969651,0.0,C,,659,,lbr,overall,659,average,2026093002,readout,preflop,0,0.0,
3,15,0.2459016393442623,0.04918032786885246,C,,61,,lbr,overall,56,average,2026093002,readout,river,0,0.0,5
2,34,0.24285714285714285,0.014285714285714285,C,,140,1,lbr,overall,137,average,2026093002,readout,turn,1,0.007142857142857143,2
3,17,0.07488986784140969,0.013215859030837005,C,227,227,,lbr,big_blind,,current,2026093002,readout,flop,0,0.0,
0,0,0.0,0.0,C,256,256,,lbr,big_blind,,current,2026093002,readout,preflop,0,0.0,
0,3,0.12,0.0,C,25,25,,lbr,big_blind,,current,2026093002,readout,river,0,0.0,
0,8,0.16666666666666666,0.0,C,48,48,,lbr,big_blind,,current,2026093002,readout,turn,0,0.0,
0,5,0.03125,0.0,C,160,160,,lbr,button,,current,2026093002,readout,flop,0,0.0,
0,4,0.009828009828009828,0.0,C,407,407,,lbr,button,,current,2026093002,readout,preflop,0,0.0,
0,15,0.39473684210526316,0.0,C,38,38,,lbr,button,,current,2026093002,readout,river,0,0.0,
2,33,0.3793103448275862,0.022988505747126436,C,87,87,,lbr,button,,current,2026093002,readout,turn,0,0.0,
3,22,0.056847545219638244,0.007751937984496124,C,387,387,,lbr,overall,,current,2026093002,readout,flop,0,0.0,
0,4,0.006033182503770739,0.0,C,663,663,,lbr,overall,,current,2026093002,readout,preflop,0,0.0,
0,18,0.2857142857142857,0.0,C,63,63,,lbr,overall,,current,2026093002,readout,river,0,0.0,
2,41,0.3037037037037037,0.014814814814814815,C,135,135,,lbr,overall,,current,2026093002,readout,turn,0,0.0,
4,16,0.0622568093385214,0.01556420233463035,A,,257,,lbr,big_blind,254,average,2026093003,readout,flop,0,0.0,3
0,0,0.0,0.0,A,,256,,lbr,big_blind,256,average,2026093003,readout,preflop,0,0.0,
4,22,0.6470588235294118,0.11764705882352941,A,,34,,lbr,big_blind,29,average,2026093003,readout,river,0,0.0,5
6,29,0.31868131868131866,0.06593406593406594,A,,91,,lbr,big_blind,88,average,2026093003,readout,turn,0,0.0,3
1,9,0.06164383561643835,0.00684931506849315,A,,146,,lbr,button,145,average,2026093003,readout,flop,0,0.0,1
0,3,0.007352941176470588,0.0,A,,408,,lbr,button,408,average,2026093003,readout,preflop,0,0.0,
5,21,0.6,0.14285714285714285,A,,35,,lbr,button,30,average,2026093003,readout,river,0,0.0,5
5,32,0.36363636363636365,0.056818181818181816,A,,88,,lbr,button,88,average,2026093003,readout,turn,0,0.0,
5,25,0.062034739454094295,0.01240694789081886,A,,403,,lbr,overall,399,average,2026093003,readout,flop,0,0.0,4
0,3,0.004518072289156626,0.0,A,,664,,lbr,overall,664,average,2026093003,readout,preflop,0,0.0,
9,43,0.6231884057971014,0.13043478260869565,A,,69,,lbr,overall,59,average,2026093003,readout,river,0,0.0,10
11,61,0.3407821229050279,0.061452513966480445,A,,179,,lbr,overall,176,average,2026093003,readout,turn,0,0.0,3
0,10,0.04132231404958678,0.0,A,242,242,,lbr,big_blind,,current,2026093003,readout,flop,0,0.0,
0,0,0.0,0.0,A,256,256,,lbr,big_blind,,current,2026093003,readout,preflop,0,0.0,
1,10,0.43478260869565216,0.043478260869565216,A,23,23,,lbr,big_blind,,current,2026093003,readout,river,0,0.0,
3,17,0.2463768115942029,0.043478260869565216,A,69,69,,lbr,big_blind,,current,2026093003,readout,turn,0,0.0,
0,8,0.057971014492753624,0.0,A,138,138,,lbr,button,,current,2026093003,readout,flop,0,0.0,
0,2,0.004739336492890996,0.0,A,422,422,,lbr,button,,current,2026093003,readout,preflop,0,0.0,
2,18,0.4864864864864865,0.05405405405405406,A,37,37,,lbr,button,,current,2026093003,readout,river,0,0.0,
5,31,0.3924050632911392,0.06329113924050633,A,79,79,,lbr,button,,current,2026093003,readout,turn,0,0.0,
0,18,0.04736842105263158,0.0,A,380,380,,lbr,overall,,current,2026093003,readout,flop,0,0.0,
0,2,0.0029498525073746312,0.0,A,678,678,,lbr,overall,,current,2026093003,readout,preflop,0,0.0,
3,28,0.4666666666666667,0.05,A,60,60,,lbr,overall,,current,2026093003,readout,river,0,0.0,
8,48,0.32432432432432434,0.05405405405405406,A,148,148,,lbr,overall,,current,2026093003,readout,turn,0,0.0,
2,13,0.05701754385964912,0.008771929824561403,C,,228,,lbr,big_blind,228,average,2026093003,readout,flop,0,0.0,
0,0,0.0,0.0,C,,256,,lbr,big_blind,256,average,2026093003,readout,preflop,0,0.0,
0,1,0.05,0.0,C,,20,,lbr,big_blind,20,average,2026093003,readout,river,0,0.0,
1,7,0.12962962962962962,0.018518518518518517,C,,54,,lbr,big_blind,53,average,2026093003,readout,turn,0,0.0,1
0,8,0.049689440993788817,0.0,C,,161,,lbr,button,161,average,2026093003,readout,flop,0,0.0,
0,5,0.012594458438287154,0.0,C,,397,,lbr,button,397,average,2026093003,readout,preflop,0,0.0,
1,12,0.36363636363636365,0.030303030303030304,C,,33,,lbr,button,28,average,2026093003,readout,river,0,0.0,5
1,28,0.345679012345679,0.012345679012345678,C,,81,1,lbr,button,77,average,2026093003,readout,turn,1,0.012345679012345678,3
2,21,0.05398457583547558,0.005141388174807198,C,,389,,lbr,overall,389,average,2026093003,readout,flop,0,0.0,
0,5,0.007656967840735069,0.0,C,,653,,lbr,overall,653,average,2026093003,readout,preflop,0,0.0,
1,13,0.24528301886792453,0.018867924528301886,C,,53,,lbr,overall,48,average,2026093003,readout,river,0,0.0,5
2,35,0.25925925925925924,0.014814814814814815,C,,135,1,lbr,overall,130,average,2026093003,readout,turn,1,0.007407407407407408,4
3,14,0.0611353711790393,0.013100436681222707,C,229,229,,lbr,big_blind,,current,2026093003,readout,flop,0,0.0,
0,0,0.0,0.0,C,256,256,,lbr,big_blind,,current,2026093003,readout,preflop,0,0.0,
0,1,0.06666666666666667,0.0,C,15,15,,lbr,big_blind,,current,2026093003,readout,river,0,0.0,
3,9,0.15789473684210525,0.05263157894736842,C,57,57,,lbr,big_blind,,current,2026093003,readout,turn,0,0.0,
1,5,0.029411764705882353,0.0058823529411764705,C,170,170,,lbr,button,,current,2026093003,readout,flop,0,0.0,
0,0,0.0,0.0,C,392,392,,lbr,button,,current,2026093003,readout,preflop,0,0.0,
1,10,0.30303030303030304,0.030303030303030304,C,33,33,,lbr,button,,current,2026093003,readout,river,0,0.0,
2,23,0.3108108108108108,0.02702702702702703,C,73,74,1,lbr,button,,current,2026093003,readout,turn,1,0.013513513513513514,
4,19,0.047619047619047616,0.010025062656641603,C,399,399,,lbr,overall,,current,2026093003,readout,flop,0,0.0,
0,0,0.0,0.0,C,648,648,,lbr,overall,,current,2026093003,readout,preflop,0,0.0,
1,11,0.22916666666666666,0.020833333333333332,C,48,48,,lbr,overall,,current,2026093003,readout,river,0,0.0,
5,32,0.24427480916030533,0.03816793893129771,C,130,131,1,lbr,overall,,current,2026093003,readout,turn,1,0.007633587786259542,
2,5,0.04807692307692308,0.019230769230769232,A,,104,,loose_aggressive,big_blind,103,average,2026093001,readout,flop,0,0.0,1
0,10,0.07633587786259542,0.0,A,,131,,loose_aggressive,big_blind,131,average,2026093001,readout,preflop,0,0.0,
4,9,0.225,0.1,A,,40,,loose_aggressive,big_blind,38,average,2026093001,readout,river,0,0.0,2
4,14,0.2028985507246377,0.057971014492753624,A,,69,,loose_aggressive,big_blind,68,average,2026093001,readout,turn,0,0.0,1
0,5,0.0390625,0.0,A,,128,,loose_aggressive,button,128,average,2026093001,readout,flop,0,0.0,
0,0,0.0,0.0,A,,302,,loose_aggressive,button,302,average,2026093001,readout,preflop,0,0.0,
2,14,0.3684210526315789,0.05263157894736842,A,,38,,loose_aggressive,button,36,average,2026093001,readout,river,0,0.0,2
2,16,0.23529411764705882,0.029411764705882353,A,,68,,loose_aggressive,button,68,average,2026093001,readout,turn,0,0.0,
2,10,0.04310344827586207,0.008620689655172414,A,,232,,loose_aggressive,overall,231,average,2026093001,readout,flop,0,0.0,1
0,10,0.023094688221709007,0.0,A,,433,,loose_aggressive,overall,433,average,2026093001,readout,preflop,0,0.0,
6,23,0.2948717948717949,0.07692307692307693,A,,78,,loose_aggressive,overall,74,average,2026093001,readout,river,0,0.0,4
6,30,0.21897810218978103,0.043795620437956206,A,,137,,loose_aggressive,overall,136,average,2026093001,readout,turn,0,0.0,1
1,3,0.0297029702970297,0.009900990099009901,A,101,101,,loose_aggressive,big_blind,,current,2026093001,readout,flop,0,0.0,
0,9,0.06976744186046512,0.0,A,129,129,,loose_aggressive,big_blind,,current,2026093001,readout,preflop,0,0.0,
0,9,0.225,0.0,A,40,40,,loose_aggressive,big_blind,,current,2026093001,readout,river,0,0.0,
2,16,0.21621621621621623,0.02702702702702703,A,74,74,,loose_aggressive,big_blind,,current,2026093001,readout,turn,0,0.0,
1,6,0.04918032786885246,0.00819672131147541,A,122,122,,loose_aggressive,button,,current,2026093001,readout,flop,0,0.0,
0,2,0.006644518272425249,0.0,A,301,301,,loose_aggressive,button,,current,2026093001,readout,preflop,0,0.0,
2,13,0.3333333333333333,0.05128205128205128,A,39,39,,loose_aggressive,button,,current,2026093001,readout,river,0,0.0,
3,15,0.23076923076923078,0.046153846153846156,A,65,65,,loose_aggressive,button,,current,2026093001,readout,turn,0,0.0,
2,9,0.04035874439461883,0.008968609865470852,A,223,223,,loose_aggressive,overall,,current,2026093001,readout,flop,0,0.0,
0,11,0.02558139534883721,0.0,A,430,430,,loose_aggressive,overall,,current,2026093001,readout,preflop,0,0.0,
2,22,0.27848101265822783,0.02531645569620253,A,79,79,,loose_aggressive,overall,,current,2026093001,readout,river,0,0.0,
5,31,0.22302158273381295,0.03597122302158273,A,139,139,,loose_aggressive,overall,,current,2026093001,readout,turn,0,0.0,
2,6,0.05660377358490566,0.018867924528301886,C,,106,,loose_aggressive,big_blind,106,average,2026093001,readout,flop,0,0.0,
0,12,0.09230769230769231,0.0,C,,130,,loose_aggressive,big_blind,130,average,2026093001,readout,preflop,0,0.0,
0,9,0.20454545454545456,0.0,C,,44,,loose_aggressive,big_blind,44,average,2026093001,readout,river,0,0.0,
3,20,0.26666666666666666,0.04,C,,75,1,loose_aggressive,big_blind,71,average,2026093001,readout,turn,1,0.013333333333333334,3
0,7,0.058823529411764705,0.0,C,,119,,loose_aggressive,button,119,average,2026093001,readout,flop,0,0.0,
0,4,0.013559322033898305,0.0,C,,295,,loose_aggressive,button,295,average,2026093001,readout,preflop,0,0.0,
0,13,0.3611111111111111,0.0,C,,36,,loose_aggressive,button,36,average,2026093001,readout,river,0,0.0,
2,21,0.2916666666666667,0.027777777777777776,C,,72,,loose_aggressive,button,72,average,2026093001,readout,turn,0,0.0,
2,13,0.057777777777777775,0.008888888888888889,C,,225,,loose_aggressive,overall,225,average,2026093001,readout,flop,0,0.0,
0,16,0.03764705882352941,0.0,C,,425,,loose_aggressive,overall,425,average,2026093001,readout,preflop,0,0.0,
0,22,0.275,0.0,C,,80,,loose_aggressive,overall,80,average,2026093001,readout,river,0,0.0,
5,41,0.2789115646258503,0.034013605442176874,C,,147,1,loose_aggressive,overall,143,average,2026093001,readout,turn,1,0.006802721088435374,3
1,5,0.04716981132075472,0.009433962264150943,C,106,106,,loose_aggressive,big_blind,,current,2026093001,readout,flop,0,0.0,
0,10,0.078125,0.0,C,128,128,,loose_aggressive,big_blind,,current,2026093001,readout,preflop,0,0.0,
0,12,0.23529411764705882,0.0,C,51,51,,loose_aggressive,big_blind,,current,2026093001,readout,river,0,0.0,
1,13,0.17333333333333334,0.013333333333333334,C,75,75,,loose_aggressive,big_blind,,current,2026093001,readout,turn,0,0.0,
0,6,0.04918032786885246,0.0,C,122,122,,loose_aggressive,button,,current,2026093001,readout,flop,0,0.0,
0,5,0.016835016835016835,0.0,C,297,297,,loose_aggressive,button,,current,2026093001,readout,preflop,0,0.0,
0,6,0.14634146341463414,0.0,C,41,41,,loose_aggressive,button,,current,2026093001,readout,river,0,0.0,
3,19,0.2345679012345679,0.037037037037037035,C,81,81,,loose_aggressive,button,,current,2026093001,readout,turn,0,0.0,
1,11,0.04824561403508772,0.0043859649122807015,C,228,228,,loose_aggressive,overall,,current,2026093001,readout,flop,0,0.0,
0,15,0.03529411764705882,0.0,C,425,425,,loose_aggressive,overall,,current,2026093001,readout,preflop,0,0.0,
0,18,0.1956521739130435,0.0,C,92,92,,loose_aggressive,overall,,current,2026093001,readout,river,0,0.0,
4,32,0.20512820512820512,0.02564102564102564,C,156,156,,loose_aggressive,overall,,current,2026093001,readout,turn,0,0.0,
1,4,0.0380952380952381,0.009523809523809525,A,,105,,loose_aggressive,big_blind,105,average,2026093002,readout,flop,0,0.0,
0,5,0.03968253968253968,0.0,A,,126,,loose_aggressive,big_blind,126,average,2026093002,readout,preflop,0,0.0,
2,13,0.24528301886792453,0.03773584905660377,A,,53,,loose_aggressive,big_blind,53,average,2026093002,readout,river,0,0.0,
1,13,0.18840579710144928,0.014492753623188406,A,,69,1,loose_aggressive,big_blind,68,average,2026093002,readout,turn,1,0.014492753623188406,
0,10,0.08620689655172414,0.0,A,,116,,loose_aggressive,button,116,average,2026093002,readout,flop,0,0.0,
0,3,0.009966777408637873,0.0,A,,301,,loose_aggressive,button,301,average,2026093002,readout,preflop,0,0.0,
1,14,0.3684210526315789,0.02631578947368421,A,,38,,loose_aggressive,button,38,average,2026093002,readout,river,0,0.0,
4,17,0.2537313432835821,0.05970149253731343,A,,67,1,loose_aggressive,button,66,average,2026093002,readout,turn,1,0.014925373134328358,
1,14,0.06334841628959276,0.004524886877828055,A,,221,,loose_aggressive,overall,221,average,2026093002,readout,flop,0,0.0,
0,8,0.01873536299765808,0.0,A,,427,,loose_aggressive,overall,427,average,2026093002,readout,preflop,0,0.0,
3,27,0.2967032967032967,0.03296703296703297,A,,91,,loose_aggressive,overall,91,average,2026093002,readout,river,0,0.0,
5,30,0.22058823529411764,0.03676470588235294,A,,136,2,loose_aggressive,overall,134,average,2026093002,readout,turn,2,0.014705882352941176,
3,5,0.043859649122807015,0.02631578947368421,A,114,114,,loose_aggressive,big_blind,,current,2026093002,readout,flop,0,0.0,
0,5,0.03968253968253968,0.0,A,126,126,,loose_aggressive,big_blind,,current,2026093002,readout,preflop,0,0.0,
1,10,0.19230769230769232,0.019230769230769232,A,52,52,,loose_aggressive,big_blind,,current,2026093002,readout,river,0,0.0,
1,15,0.2,0.013333333333333334,A,74,75,1,loose_aggressive,big_blind,,current,2026093002,readout,turn,1,0.013333333333333334,
0,7,0.05555555555555555,0.0,A,126,126,,loose_aggressive,button,,current,2026093002,readout,flop,0,0.0,
0,1,0.003355704697986577,0.0,A,298,298,,loose_aggressive,button,,current,2026093002,readout,preflop,0,0.0,
1,18,0.35294117647058826,0.0196078431372549,A,51,51,,loose_aggressive,button,,current,2026093002,readout,river,0,0.0,
3,17,0.2328767123287671,0.0410958904109589,A,73,73,,loose_aggressive,button,,current,2026093002,readout,turn,0,0.0,
3,12,0.05,0.0125,A,240,240,,loose_aggressive,overall,,current,2026093002,readout,flop,0,0.0,
0,6,0.014150943396226415,0.0,A,424,424,,loose_aggressive,overall,,current,2026093002,readout,preflop,0,0.0,
2,28,0.27184466019417475,0.019417475728155338,A,103,103,,loose_aggressive,overall,,current,2026093002,readout,river,0,0.0,
4,32,0.21621621621621623,0.02702702702702703,A,147,148,1,loose_aggressive,overall,,current,2026093002,readout,turn,1,0.006756756756756757,
0,5,0.045454545454545456,0.0,C,,110,,loose_aggressive,big_blind,110,average,2026093002,readout,flop,0,0.0,
0,6,0.048,0.0,C,,125,,loose_aggressive,big_blind,125,average,2026093002,readout,preflop,0,0.0,
0,6,0.125,0.0,C,,48,,loose_aggressive,big_blind,48,average,2026093002,readout,river,0,0.0,
2,15,0.2112676056338028,0.028169014084507043,C,,71,,loose_aggressive,big_blind,71,average,2026093002,readout,turn,0,0.0,
0,6,0.05309734513274336,0.0,C,,113,,loose_aggressive,button,113,average,2026093002,readout,flop,0,0.0,
0,2,0.006734006734006734,0.0,C,,297,,loose_aggressive,button,297,average,2026093002,readout,preflop,0,0.0,
1,13,0.3023255813953488,0.023255813953488372,C,,43,,loose_aggressive,button,43,average,2026093002,readout,river,0,0.0,
2,12,0.18181818181818182,0.030303030303030304,C,,66,,loose_aggressive,button,65,average,2026093002,readout,turn,0,0.0,1
0,11,0.04932735426008968,0.0,C,,223,,loose_aggressive,overall,223,average,2026093002,readout,flop,0,0.0,
0,8,0.018957345971563982,0.0,C,,422,,loose_aggressive,overall,422,average,2026093002,readout,preflop,0,0.0,
1,19,0.2087912087912088,0.01098901098901099,C,,91,,loose_aggressive,overall,91,average,2026093002,readout,river,0,0.0,
4,27,0.19708029197080293,0.029197080291970802,C,,137,,loose_aggressive,overall,136,average,2026093002,readout,turn,0,0.0,1
0,7,0.06796116504854369,0.0,C,103,103,,loose_aggressive,big_blind,,current,2026093002,readout,flop,0,0.0,
0,10,0.078125,0.0,C,128,128,,loose_aggressive,big_blind,,current,2026093002,readout,preflop,0,0.0,
0,9,0.1836734693877551,0.0,C,49,49,,loose_aggressive,big_blind,,current,2026093002,readout,river,0,0.0,
1,17,0.2328767123287671,0.0136986301369863,C,73,73,,loose_aggressive,big_blind,,current,2026093002,readout,turn,0,0.0,
1,7,0.058333333333333334,0.008333333333333333,C,120,120,,loose_aggressive,button,,current,2026093002,readout,flop,0,0.0,
0,3,0.010067114093959731,0.0,C,298,298,,loose_aggressive,button,,current,2026093002,readout,preflop,0,0.0,
1,13,0.3023255813953488,0.023255813953488372,C,43,43,,loose_aggressive,button,,current,2026093002,readout,river,0,0.0,
2,12,0.19672131147540983,0.03278688524590164,C,61,61,,loose_aggressive,button,,current,2026093002,readout,turn,0,0.0,
1,14,0.06278026905829596,0.004484304932735426,C,223,223,,loose_aggressive,overall,,current,2026093002,readout,flop,0,0.0,
0,13,0.03051643192488263,0.0,C,426,426,,loose_aggressive,overall,,current,2026093002,readout,preflop,0,0.0,
1,22,0.2391304347826087,0.010869565217391304,C,92,92,,loose_aggressive,overall,,current,2026093002,readout,river,0,0.0,
3,29,0.21641791044776118,0.022388059701492536,C,134,134,,loose_aggressive,overall,,current,2026093002,readout,turn,0,0.0,
1,4,0.0392156862745098,0.00980392156862745,A,,102,,loose_aggressive,big_blind,102,average,2026093003,readout,flop,0,0.0,
0,9,0.0703125,0.0,A,,128,,loose_aggressive,big_blind,128,average,2026093003,readout,preflop,0,0.0,
0,7,0.16666666666666666,0.0,A,,42,,loose_aggressive,big_blind,42,average,2026093003,readout,river,0,0.0,
3,13,0.17333333333333334,0.04,A,,75,1,loose_aggressive,big_blind,73,average,2026093003,readout,turn,1,0.013333333333333334,1
0,3,0.02727272727272727,0.0,A,,110,,loose_aggressive,button,110,average,2026093003,readout,flop,0,0.0,
0,0,0.0,0.0,A,,299,,loose_aggressive,button,299,average,2026093003,readout,preflop,0,0.0,
0,11,0.2972972972972973,0.0,A,,37,,loose_aggressive,button,37,average,2026093003,readout,river,0,0.0,
5,16,0.23529411764705882,0.07352941176470588,A,,68,,loose_aggressive,button,68,average,2026093003,readout,turn,0,0.0,
1,7,0.0330188679245283,0.0047169811320754715,A,,212,,loose_aggressive,overall,212,average,2026093003,readout,flop,0,0.0,
0,9,0.02107728337236534,0.0,A,,427,,loose_aggressive,overall,427,average,2026093003,readout,preflop,0,0.0,
0,18,0.22784810126582278,0.0,A,,79,,loose_aggressive,overall,79,average,2026093003,readout,river,0,0.0,
8,29,0.20279720279720279,0.055944055944055944,A,,143,1,loose_aggressive,overall,141,average,2026093003,readout,turn,1,0.006993006993006993,1
1,5,0.05,0.01,A,100,100,,loose_aggressive,big_blind,,current,2026093003,readout,flop,0,0.0,
0,10,0.07751937984496124,0.0,A,129,129,,loose_aggressive,big_blind,,current,2026093003,readout,preflop,0,0.0,
0,11,0.24444444444444444,0.0,A,45,45,,loose_aggressive,big_blind,,current,2026093003,readout,river,0,0.0,
2,12,0.16,0.02666666666666667,A,75,75,,loose_aggressive,big_blind,,current,2026093003,readout,turn,0,0.0,
0,6,0.04878048780487805,0.0,A,123,123,,loose_aggressive,button,,current,2026093003,readout,flop,0,0.0,
0,3,0.010101010101010102,0.0,A,297,297,,loose_aggressive,button,,current,2026093003,readout,preflop,0,0.0,
3,16,0.3137254901960784,0.058823529411764705,A,51,51,,loose_aggressive,button,,current,2026093003,readout,river,0,0.0,
0,17,0.20238095238095238,0.0,A,84,84,,loose_aggressive,button,,current,2026093003,readout,turn,0,0.0,
1,11,0.04932735426008968,0.004484304932735426,A,223,223,,loose_aggressive,overall,,current,2026093003,readout,flop,0,0.0,
0,13,0.03051643192488263,0.0,A,426,426,,loose_aggressive,overall,,current,2026093003,readout,preflop,0,0.0,
3,27,0.28125,0.03125,A,96,96,,loose_aggressive,overall,,current,2026093003,readout,river,0,0.0,
2,29,0.18238993710691823,0.012578616352201259,A,159,159,,loose_aggressive,overall,,current,2026093003,readout,turn,0,0.0,
0,4,0.03669724770642202,0.0,C,,109,,loose_aggressive,big_blind,109,average,2026093003,readout,flop,0,0.0,
0,8,0.06349206349206349,0.0,C,,126,,loose_aggressive,big_blind,126,average,2026093003,readout,preflop,0,0.0,
0,8,0.16,0.0,C,,50,,loose_aggressive,big_blind,50,average,2026093003,readout,river,0,0.0,
2,12,0.15584415584415584,0.025974025974025976,C,,77,,loose_aggressive,big_blind,76,average,2026093003,readout,turn,0,0.0,1
0,4,0.032520325203252036,0.0,C,,123,,loose_aggressive,button,123,average,2026093003,readout,flop,0,0.0,
0,3,0.010033444816053512,0.0,C,,299,,loose_aggressive,button,299,average,2026093003,readout,preflop,0,0.0,
2,18,0.4090909090909091,0.045454545454545456,C,,44,,loose_aggressive,button,44,average,2026093003,readout,river,0,0.0,
3,19,0.24675324675324675,0.03896103896103896,C,,77,,loose_aggressive,button,75,average,2026093003,readout,turn,0,0.0,2
0,8,0.034482758620689655,0.0,C,,232,,loose_aggressive,overall,232,average,2026093003,readout,flop,0,0.0,
0,11,0.02588235294117647,0.0,C,,425,,loose_aggressive,overall,425,average,2026093003,readout,preflop,0,0.0,
2,26,0.2765957446808511,0.02127659574468085,C,,94,,loose_aggressive,overall,94,average,2026093003,readout,river,0,0.0,
5,31,0.2012987012987013,0.032467532467532464,C,,154,,loose_aggressive,overall,151,average,2026093003,readout,turn,0,0.0,3
0,6,0.05454545454545454,0.0,C,110,110,,loose_aggressive,big_blind,,current,2026093003,readout,flop,0,0.0,
0,9,0.0703125,0.0,C,128,128,,loose_aggressive,big_blind,,current,2026093003,readout,preflop,0,0.0,
0,10,0.20833333333333334,0.0,C,48,48,,loose_aggressive,big_blind,,current,2026093003,readout,river,0,0.0,
3,10,0.125,0.0375,C,78,80,2,loose_aggressive,big_blind,,current,2026093003,readout,turn,2,0.025,
0,4,0.030303030303030304,0.0,C,132,132,,loose_aggressive,button,,current,2026093003,readout,flop,0,0.0,
0,3,0.009933774834437087,0.0,C,302,302,,loose_aggressive,button,,current,2026093003,readout,preflop,0,0.0,
0,15,0.3191489361702128,0.0,C,47,47,,loose_aggressive,button,,current,2026093003,readout,river,0,0.0,
3,19,0.24675324675324675,0.03896103896103896,C,77,77,,loose_aggressive,button,,current,2026093003,readout,turn,0,0.0,
0,10,0.04132231404958678,0.0,C,242,242,,loose_aggressive,overall,,current,2026093003,readout,flop,0,0.0,
0,12,0.027906976744186046,0.0,C,430,430,,loose_aggressive,overall,,current,2026093003,readout,preflop,0,0.0,
0,25,0.2631578947368421,0.0,C,95,95,,loose_aggressive,overall,,current,2026093003,readout,river,0,0.0,
6,29,0.18471337579617833,0.03821656050955414,C,155,157,2,loose_aggressive,overall,,current,2026093003,readout,turn,2,0.012738853503184714,
3,3,0.02040816326530612,0.02040816326530612,A,,147,1,loose_passive,big_blind,146,average,2026093001,readout,flop,1,0.006802721088435374,
0,0,0.0,0.0,A,,148,,loose_passive,big_blind,148,average,2026093001,readout,preflop,0,0.0,
2,8,0.08163265306122448,0.02040816326530612,A,,98,2,loose_passive,big_blind,96,average,2026093001,readout,river,2,0.02040816326530612,
0,3,0.027522935779816515,0.0,A,,109,,loose_passive,big_blind,109,average,2026093001,readout,turn,0,0.0,
2,2,0.013333333333333334,0.013333333333333334,A,,150,2,loose_passive,button,148,average,2026093001,readout,flop,2,0.013333333333333334,
1,1,0.0038461538461538464,0.0038461538461538464,A,,260,1,loose_passive,button,259,average,2026093001,readout,preflop,1,0.0038461538461538464,
5,19,0.1919191919191919,0.050505050505050504,A,,99,2,loose_passive,button,96,average,2026093001,readout,river,2,0.020202020202020204,1
0,7,0.0625,0.0,A,,112,,loose_passive,button,112,average,2026093001,readout,turn,0,0.0,
5,5,0.016835016835016835,0.016835016835016835,A,,297,3,loose_passive,overall,294,average,2026093001,readout,flop,3,0.010101010101010102,
1,1,0.0024509803921568627,0.0024509803921568627,A,,408,1,loose_passive,overall,407,average,2026093001,readout,preflop,1,0.0024509803921568627,
7,27,0.13705583756345177,0.03553299492385787,A,,197,4,loose_passive,overall,192,average,2026093001,readout,river,4,0.02030456852791878,1
0,10,0.04524886877828054,0.0,A,,221,,loose_passive,overall,221,average,2026093001,readout,turn,0,0.0,
2,2,0.013888888888888888,0.013888888888888888,A,144,144,,loose_passive,big_blind,,current,2026093001,readout,flop,0,0.0,
0,0,0.0,0.0,A,148,148,,loose_passive,big_blind,,current,2026093001,readout,preflop,0,0.0,
0,8,0.08247422680412371,0.0,A,97,97,,loose_passive,big_blind,,current,2026093001,readout,river,0,0.0,
0,4,0.0380952380952381,0.0,A,105,105,,loose_passive,big_blind,,current,2026093001,readout,turn,0,0.0,
1,2,0.013333333333333334,0.006666666666666667,A,149,150,1,loose_passive,button,,current,2026093001,readout,flop,1,0.006666666666666667,
2,2,0.007722007722007722,0.007722007722007722,A,257,259,2,loose_passive,button,,current,2026093001,readout,preflop,2,0.007722007722007722,
2,16,0.1839080459770115,0.022988505747126436,A,87,87,,loose_passive,button,,current,2026093001,readout,river,0,0.0,
2,7,0.06542056074766354,0.018691588785046728,A,107,107,,loose_passive,button,,current,2026093001,readout,turn,0,0.0,
3,4,0.013605442176870748,0.01020408163265306,A,293,294,1,loose_passive,overall,,current,2026093001,readout,flop,1,0.003401360544217687,
2,2,0.004914004914004914,0.004914004914004914,A,405,407,2,loose_passive,overall,,current,2026093001,readout,preflop,2,0.004914004914004914,
2,24,0.13043478260869565,0.010869565217391304,A,184,184,,loose_passive,overall,,current,2026093001,readout,river,0,0.0,
2,11,0.05188679245283019,0.009433962264150943,A,212,212,,loose_passive,overall,,current,2026093001,readout,turn,0,0.0,
3,4,0.027777777777777776,0.020833333333333332,C,,144,1,loose_passive,big_blind,143,average,2026093001,readout,flop,1,0.006944444444444444,
0,0,0.0,0.0,C,,147,,loose_passive,big_blind,147,average,2026093001,readout,preflop,0,0.0,
1,10,0.10869565217391304,0.010869565217391304,C,,92,,loose_passive,big_blind,92,average,2026093001,readout,river,0,0.0,
0,7,0.06481481481481481,0.0,C,,108,,loose_passive,big_blind,108,average,2026093001,readout,turn,0,0.0,
1,1,0.006711409395973154,0.006711409395973154,C,,149,1,loose_passive,button,148,average,2026093001,readout,flop,1,0.006711409395973154,
1,1,0.0038461538461538464,0.0038461538461538464,C,,260,1,loose_passive,button,259,average,2026093001,readout,preflop,1,0.0038461538461538464,
4,14,0.14583333333333334,0.041666666666666664,C,,96,,loose_passive,button,95,average,2026093001,readout,river,0,0.0,1
0,6,0.056074766355140186,0.0,C,,107,,loose_passive,button,107,average,2026093001,readout,turn,0,0.0,
4,5,0.017064846416382253,0.013651877133105802,C,,293,2,loose_passive,overall,291,average,2026093001,readout,flop,2,0.006825938566552901,
1,1,0.002457002457002457,0.002457002457002457,C,,407,1,loose_passive,overall,406,average,2026093001,readout,preflop,1,0.002457002457002457,
5,24,0.1276595744680851,0.026595744680851064,C,,188,,loose_passive,overall,187,average,2026093001,readout,river,0,0.0,1
0,13,0.06046511627906977,0.0,C,,215,,loose_passive,overall,215,average,2026093001,readout,turn,0,0.0,
4,6,0.04225352112676056,0.028169014084507043,C,140,142,2,loose_passive,big_blind,,current,2026093001,readout,flop,2,0.014084507042253521,
0,2,0.013422818791946308,0.0,C,149,149,,loose_passive,big_blind,,current,2026093001,readout,preflop,0,0.0,
2,13,0.1368421052631579,0.021052631578947368,C,94,95,1,loose_passive,big_blind,,current,2026093001,readout,river,1,0.010526315789473684,
0,7,0.06422018348623854,0.0,C,109,109,,loose_passive,big_blind,,current,2026093001,readout,turn,0,0.0,
1,2,0.012903225806451613,0.0064516129032258064,C,154,155,1,loose_passive,button,,current,2026093001,readout,flop,1,0.0064516129032258064,
2,2,0.007692307692307693,0.007692307692307693,C,258,260,2,loose_passive,button,,current,2026093001,readout,preflop,2,0.007692307692307693,
6,15,0.15151515151515152,0.06060606060606061,C,97,99,2,loose_passive,button,,current,2026093001,readout,river,2,0.020202020202020204,
2,9,0.08035714285714286,0.017857142857142856,C,112,112,,loose_passive,button,,current,2026093001,readout,turn,0,0.0,
5,8,0.026936026936026935,0.016835016835016835,C,294,297,3,loose_passive,overall,,current,2026093001,readout,flop,3,0.010101010101010102,
2,4,0.009779951100244499,0.004889975550122249,C,407,409,2,loose_passive,overall,,current,2026093001,readout,preflop,2,0.004889975550122249,
8,28,0.14432989690721648,0.041237113402061855,C,191,194,3,loose_passive,overall,,current,2026093001,readout,river,3,0.015463917525773196,
2,16,0.07239819004524888,0.00904977375565611,C,221,221,,loose_passive,overall,,current,2026093001,readout,turn,0,0.0,
3,3,0.02040816326530612,0.02040816326530612,A,,147,1,loose_passive,big_blind,146,average,2026093002,readout,flop,1,0.006802721088435374,
0,1,0.006756756756756757,0.0,A,,148,,loose_passive,big_blind,148,average,2026093002,readout,preflop,0,0.0,
0,6,0.06896551724137931,0.0,A,,87,,loose_passive,big_blind,87,average,2026093002,readout,river,0,0.0,
0,3,0.029411764705882353,0.0,A,,102,,loose_passive,big_blind,102,average,2026093002,readout,turn,0,0.0,
1,1,0.007042253521126761,0.007042253521126761,A,,142,1,loose_passive,button,141,average,2026093002,readout,flop,1,0.007042253521126761,
2,2,0.007662835249042145,0.007662835249042145,A,,261,2,loose_passive,button,259,average,2026093002,readout,preflop,2,0.007662835249042145,
4,17,0.19767441860465115,0.046511627906976744,A,,86,2,loose_passive,button,84,average,2026093002,readout,river,2,0.023255813953488372,
1,4,0.041666666666666664,0.010416666666666666,A,,96,,loose_passive,button,95,average,2026093002,readout,turn,0,0.0,1
4,4,0.01384083044982699,0.01384083044982699,A,,289,2,loose_passive,overall,287,average,2026093002,readout,flop,2,0.006920415224913495,
2,3,0.007334963325183374,0.004889975550122249,A,,409,2,loose_passive,overall,407,average,2026093002,readout,preflop,2,0.004889975550122249,
4,23,0.1329479768786127,0.023121387283236993,A,,173,2,loose_passive,overall,171,average,2026093002,readout,river,2,0.011560693641618497,
1,7,0.03535353535353535,0.005050505050505051,A,,198,,loose_passive,overall,197,average,2026093002,readout,turn,0,0.0,1
3,3,0.020689655172413793,0.020689655172413793,A,144,145,1,loose_passive,big_blind,,current,2026093002,readout,flop,1,0.006896551724137931,
0,1,0.006756756756756757,0.0,A,148,148,,loose_passive,big_blind,,current,2026093002,readout,preflop,0,0.0,
0,6,0.06315789473684211,0.0,A,95,95,,loose_passive,big_blind,,current,2026093002,readout,river,0,0.0,
0,4,0.037037037037037035,0.0,A,108,108,,loose_passive,big_blind,,current,2026093002,readout,turn,0,0.0,
2,2,0.0136986301369863,0.0136986301369863,A,144,146,2,loose_passive,button,,current,2026093002,readout,flop,2,0.0136986301369863,
2,2,0.007662835249042145,0.007662835249042145,A,259,261,2,loose_passive,button,,current,2026093002,readout,preflop,2,0.007662835249042145,
6,16,0.16842105263157894,0.06315789473684211,A,92,95,3,loose_passive,button,,current,2026093002,readout,river,3,0.031578947368421054,
2,5,0.04716981132075472,0.018867924528301886,A,105,106,1,loose_passive,button,,current,2026093002,readout,turn,1,0.009433962264150943,
5,5,0.01718213058419244,0.01718213058419244,A,288,291,3,loose_passive,overall,,current,2026093002,readout,flop,3,0.010309278350515464,
2,3,0.007334963325183374,0.004889975550122249,A,407,409,2,loose_passive,overall,,current,2026093002,readout,preflop,2,0.004889975550122249,
6,22,0.11578947368421053,0.031578947368421054,A,187,190,3,loose_passive,overall,,current,2026093002,readout,river,3,0.015789473684210527,
2,9,0.04205607476635514,0.009345794392523364,A,213,214,1,loose_passive,overall,,current,2026093002,readout,turn,1,0.004672897196261682,
3,4,0.0273972602739726,0.02054794520547945,C,,146,1,loose_passive,big_blind,145,average,2026093002,readout,flop,1,0.00684931506849315,
0,1,0.006756756756756757,0.0,C,,148,,loose_passive,big_blind,148,average,2026093002,readout,preflop,0,0.0,
0,5,0.052083333333333336,0.0,C,,96,,loose_passive,big_blind,96,average,2026093002,readout,river,0,0.0,
0,4,0.03571428571428571,0.0,C,,112,,loose_passive,big_blind,112,average,2026093002,readout,turn,0,0.0,
0,0,0.0,0.0,C,,164,,loose_passive,button,164,average,2026093002,readout,flop,0,0.0,
0,0,0.0,0.0,C,,261,,loose_passive,button,261,average,2026093002,readout,preflop,0,0.0,
2,18,0.18,0.02,C,,100,1,loose_passive,button,99,average,2026093002,readout,river,1,0.01,
1,7,0.061946902654867256,0.008849557522123894,C,,113,,loose_passive,button,113,average,2026093002,readout,turn,0,0.0,
3,4,0.012903225806451613,0.00967741935483871,C,,310,1,loose_passive,overall,309,average,2026093002,readout,flop,1,0.0032258064516129032,
0,1,0.0024449877750611247,0.0,C,,409,,loose_passive,overall,409,average,2026093002,readout,preflop,0,0.0,
2,23,0.11734693877551021,0.01020408163265306,C,,196,1,loose_passive,overall,195,average,2026093002,readout,river,1,0.00510204081632653,
1,11,0.04888888888888889,0.0044444444444444444,C,,225,,loose_passive,overall,225,average,2026093002,readout,turn,0,0.0,
2,3,0.02054794520547945,0.0136986301369863,C,146,146,,loose_passive,big_blind,,current,2026093002,readout,flop,0,0.0,
0,0,0.0,0.0,C,147,147,,loose_passive,big_blind,,current,2026093002,readout,preflop,0,0.0,
0,5,0.050505050505050504,0.0,C,99,99,,loose_passive,big_blind,,current,2026093002,readout,river,0,0.0,
0,7,0.06306306306306306,0.0,C,111,111,,loose_passive,big_blind,,current,2026093002,readout,turn,0,0.0,
0,0,0.0,0.0,C,162,162,,loose_passive,button,,current,2026093002,readout,flop,0,0.0,
0,0,0.0,0.0,C,261,261,,loose_passive,button,,current,2026093002,readout,preflop,0,0.0,
3,15,0.16304347826086957,0.03260869565217391,C,90,92,2,loose_passive,button,,current,2026093002,readout,river,2,0.021739130434782608,
2,10,0.09259259259259259,0.018518518518518517,C,108,108,,loose_passive,button,,current,2026093002,readout,turn,0,0.0,
2,3,0.00974025974025974,0.006493506493506494,C,308,308,,loose_passive,overall,,current,2026093002,readout,flop,0,0.0,
0,0,0.0,0.0,C,408,408,,loose_passive,overall,,current,2026093002,readout,preflop,0,0.0,
3,20,0.10471204188481675,0.015706806282722512,C,189,191,2,loose_passive,overall,,current,2026093002,readout,river,2,0.010471204188481676,
2,17,0.0776255707762557,0.0091324200913242,C,219,219,,loose_passive,overall,,current,2026093002,readout,turn,0,0.0,
3,3,0.020689655172413793,0.020689655172413793,A,,145,1,loose_passive,big_blind,144,average,2026093003,readout,flop,1,0.006896551724137931,
0,1,0.006756756756756757,0.0,A,,148,,loose_passive,big_blind,148,average,2026093003,readout,preflop,0,0.0,
1,6,0.06451612903225806,0.010752688172043012,A,,93,,loose_passive,big_blind,93,average,2026093003,readout,river,0,0.0,
1,5,0.04854368932038835,0.009708737864077669,A,,103,1,loose_passive,big_blind,102,average,2026093003,readout,turn,1,0.009708737864077669,
0,1,0.006944444444444444,0.0,A,,144,,loose_passive,button,144,average,2026093003,readout,flop,0,0.0,
0,0,0.0,0.0,A,,260,,loose_passive,button,260,average,2026093003,readout,preflop,0,0.0,
3,28,0.3146067415730337,0.033707865168539325,A,,89,2,loose_passive,button,87,average,2026093003,readout,river,2,0.02247191011235955,
2,11,0.10784313725490197,0.0196078431372549,A,,102,1,loose_passive,button,101,average,2026093003,readout,turn,1,0.00980392156862745,
3,4,0.01384083044982699,0.010380622837370242,A,,289,1,loose_passive,overall,288,average,2026093003,readout,flop,1,0.0034602076124567475,
0,1,0.0024509803921568627,0.0,A,,408,,loose_passive,overall,408,average,2026093003,readout,preflop,0,0.0,
4,34,0.18681318681318682,0.02197802197802198,A,,182,2,loose_passive,overall,180,average,2026093003,readout,river,2,0.01098901098901099,
3,16,0.07804878048780488,0.014634146341463415,A,,205,2,loose_passive,overall,203,average,2026093003,readout,turn,2,0.00975609756097561,
3,3,0.020689655172413793,0.020689655172413793,A,144,145,1,loose_passive,big_blind,,current,2026093003,readout,flop,1,0.006896551724137931,
0,1,0.006756756756756757,0.0,A,148,148,,loose_passive,big_blind,,current,2026093003,readout,preflop,0,0.0,
1,4,0.04395604395604396,0.01098901098901099,A,90,91,1,loose_passive,big_blind,,current,2026093003,readout,river,1,0.01098901098901099,
1,5,0.045454545454545456,0.00909090909090909,A,109,110,1,loose_passive,big_blind,,current,2026093003,readout,turn,1,0.00909090909090909,
1,2,0.0136986301369863,0.00684931506849315,A,145,146,1,loose_passive,button,,current,2026093003,readout,flop,1,0.00684931506849315,
0,0,0.0,0.0,A,259,259,,loose_passive,button,,current,2026093003,readout,preflop,0,0.0,
8,25,0.2631578947368421,0.08421052631578947,A,91,95,4,loose_passive,button,,current,2026093003,readout,river,4,0.042105263157894736,
2,12,0.11538461538461539,0.019230769230769232,A,104,104,,loose_passive,button,,current,2026093003,readout,turn,0,0.0,
4,5,0.01718213058419244,0.013745704467353952,A,289,291,2,loose_passive,overall,,current,2026093003,readout,flop,2,0.006872852233676976,
0,1,0.002457002457002457,0.0,A,407,407,,loose_passive,overall,,current,2026093003,readout,preflop,0,0.0,
9,29,0.15591397849462366,0.04838709677419355,A,181,186,5,loose_passive,overall,,current,2026093003,readout,river,5,0.026881720430107527,
3,17,0.0794392523364486,0.014018691588785047,A,213,214,1,loose_passive,overall,,current,2026093003,readout,turn,1,0.004672897196261682,
2,3,0.02040816326530612,0.013605442176870748,C,,147,,loose_passive,big_blind,147,average,2026093003,readout,flop,0,0.0,
0,1,0.006756756756756757,0.0,C,,148,,loose_passive,big_blind,148,average,2026093003,readout,preflop,0,0.0,
0,9,0.10112359550561797,0.0,C,,89,,loose_passive,big_blind,89,average,2026093003,readout,river,0,0.0,
0,7,0.06422018348623854,0.0,C,,109,,loose_passive,big_blind,109,average,2026093003,readout,turn,0,0.0,
0,1,0.006802721088435374,0.0,C,,147,,loose_passive,button,147,average,2026093003,readout,flop,0,0.0,
0,0,0.0,0.0,C,,259,,loose_passive,button,259,average,2026093003,readout,preflop,0,0.0,
3,14,0.15217391304347827,0.03260869565217391,C,,92,2,loose_passive,button,89,average,2026093003,readout,river,2,0.021739130434782608,1
2,8,0.07920792079207921,0.019801980198019802,C,,101,,loose_passive,button,100,average,2026093003,readout,turn,0,0.0,1
2,4,0.013605442176870748,0.006802721088435374,C,,294,,loose_passive,overall,294,average,2026093003,readout,flop,0,0.0,
0,1,0.002457002457002457,0.0,C,,407,,loose_passive,overall,407,average,2026093003,readout,preflop,0,0.0,
3,23,0.1270718232044199,0.016574585635359115,C,,181,2,loose_passive,overall,178,average,2026093003,readout,river,2,0.011049723756906077,1
2,15,0.07142857142857142,0.009523809523809525,C,,210,,loose_passive,overall,209,average,2026093003,readout,turn,0,0.0,1
4,5,0.034013605442176874,0.027210884353741496,C,145,147,2,loose_passive,big_blind,,current,2026093003,readout,flop,2,0.013605442176870748,
0,1,0.006756756756756757,0.0,C,148,148,,loose_passive,big_blind,,current,2026093003,readout,preflop,0,0.0,
0,10,0.10752688172043011,0.0,C,93,93,,loose_passive,big_blind,,current,2026093003,readout,river,0,0.0,
0,8,0.07766990291262135,0.0,C,103,103,,loose_passive,big_blind,,current,2026093003,readout,turn,0,0.0,
1,2,0.013333333333333334,0.006666666666666667,C,149,150,1,loose_passive,button,,current,2026093003,readout,flop,1,0.006666666666666667,
1,1,0.003861003861003861,0.003861003861003861,C,258,259,1,loose_passive,button,,current,2026093003,readout,preflop,1,0.003861003861003861,
5,19,0.20212765957446807,0.05319148936170213,C,92,94,2,loose_passive,button,,current,2026093003,readout,river,2,0.02127659574468085,
3,8,0.08163265306122448,0.030612244897959183,C,98,98,,loose_passive,button,,current,2026093003,readout,turn,0,0.0,
5,7,0.02356902356902357,0.016835016835016835,C,294,297,3,loose_passive,overall,,current,2026093003,readout,flop,3,0.010101010101010102,
1,2,0.004914004914004914,0.002457002457002457,C,406,407,1,loose_passive,overall,,current,2026093003,readout,preflop,1,0.002457002457002457,
5,29,0.15508021390374332,0.026737967914438502,C,185,187,2,loose_passive,overall,,current,2026093003,readout,river,2,0.0106951871657754,
3,16,0.07960199004975124,0.014925373134328358,C,201,201,,loose_passive,overall,,current,2026093003,readout,turn,0,0.0,
4,39,0.11676646706586827,0.011976047904191617,A,,334,,native-pressure,big_blind,332,average,2026093001,readout,flop,0,0.0,2
0,61,0.19242902208201892,0.0,A,,317,,native-pressure,big_blind,317,average,2026093001,readout,preflop,0,0.0,
12,40,0.5263157894736842,0.15789473684210525,A,,76,5,native-pressure,big_blind,67,average,2026093001,readout,river,5,0.06578947368421052,4
16,68,0.384180790960452,0.0903954802259887,A,,177,3,native-pressure,big_blind,164,average,2026093001,readout,turn,3,0.01694915254237288,10
2,19,0.11515151515151516,0.012121212121212121,A,,165,,native-pressure,button,164,average,2026093001,readout,flop,0,0.0,1
3,68,0.1349206349206349,0.005952380952380952,A,,504,,native-pressure,button,504,average,2026093001,readout,preflop,0,0.0,
2,26,0.6046511627906976,0.046511627906976744,A,,43,,native-pressure,button,41,average,2026093001,readout,river,0,0.0,2
13,36,0.43373493975903615,0.1566265060240964,A,,83,1,native-pressure,button,75,average,2026093001,readout,turn,1,0.012048192771084338,7
6,58,0.11623246492985972,0.012024048096192385,A,,499,,native-pressure,overall,496,average,2026093001,readout,flop,0,0.0,3
3,129,0.15712545676004872,0.0036540803897685747,A,,821,,native-pressure,overall,821,average,2026093001,readout,preflop,0,0.0,
14,66,0.5546218487394958,0.11764705882352941,A,,119,5,native-pressure,overall,108,average,2026093001,readout,river,5,0.04201680672268908,6
29,104,0.4,0.11153846153846154,A,,260,4,native-pressure,overall,239,average,2026093001,readout,turn,4,0.015384615384615385,17
11,60,0.15584415584415584,0.02857142857142857,A,382,385,3,native-pressure,big_blind,,current,2026093001,readout,flop,3,0.007792207792207792,
4,68,0.20987654320987653,0.012345679012345678,A,324,324,,native-pressure,big_blind,,current,2026093001,readout,preflop,0,0.0,
16,39,0.46987951807228917,0.1927710843373494,A,78,83,5,native-pressure,big_blind,,current,2026093001,readout,river,5,0.060240963855421686,
15,78,0.42391304347826086,0.08152173913043478,A,181,184,3,native-pressure,big_blind,,current,2026093001,readout,turn,3,0.016304347826086956,
2,27,0.14516129032258066,0.010752688172043012,A,185,186,1,native-pressure,button,,current,2026093001,readout,flop,1,0.005376344086021506,
16,72,0.13980582524271845,0.031067961165048542,A,514,515,1,native-pressure,button,,current,2026093001,readout,preflop,1,0.001941747572815534,
5,29,0.5686274509803921,0.09803921568627451,A,51,51,,native-pressure,button,,current,2026093001,readout,river,0,0.0,
7,43,0.4095238095238095,0.06666666666666667,A,104,105,1,native-pressure,button,,current,2026093001,readout,turn,1,0.009523809523809525,
13,87,0.15236427320490367,0.02276707530647986,A,567,571,4,native-pressure,overall,,current,2026093001,readout,flop,4,0.0070052539404553416,
20,140,0.16686531585220502,0.023837902264600714,A,838,839,1,native-pressure,overall,,current,2026093001,readout,preflop,1,0.0011918951132300357,
21,68,0.5074626865671642,0.15671641791044777,A,129,134,5,native-pressure,overall,,current,2026093001,readout,river,5,0.03731343283582089,
22,121,0.4186851211072664,0.07612456747404844,A,285,289,4,native-pressure,overall,,current,2026093001,readout,turn,4,0.01384083044982699,
4,29,0.0914826498422713,0.012618296529968454,C,,317,,native-pressure,big_blind,315,average,2026093001,readout,flop,0,0.0,2
2,75,0.22658610271903323,0.006042296072507553,C,,331,,native-pressure,big_blind,330,average,2026093001,readout,preflop,0,0.0,1
2,10,0.17857142857142858,0.03571428571428571,C,,56,,native-pressure,big_blind,55,average,2026093001,readout,river,0,0.0,1
6,34,0.2328767123287671,0.0410958904109589,C,,146,,native-pressure,big_blind,139,average,2026093001,readout,turn,0,0.0,7
2,34,0.19653179190751446,0.011560693641618497,C,,173,,native-pressure,button,172,average,2026093001,readout,flop,0,0.0,1
9,96,0.1867704280155642,0.017509727626459144,C,,514,,native-pressure,button,514,average,2026093001,readout,preflop,0,0.0,
4,20,0.425531914893617,0.0851063829787234,C,,47,1,native-pressure,button,41,average,2026093001,readout,river,1,0.02127659574468085,5
12,56,0.5283018867924528,0.11320754716981132,C,,106,,native-pressure,button,94,average,2026093001,readout,turn,0,0.0,12
6,63,0.12857142857142856,0.012244897959183673,C,,490,,native-pressure,overall,487,average,2026093001,readout,flop,0,0.0,3
11,171,0.20236686390532543,0.01301775147928994,C,,845,,native-pressure,overall,844,average,2026093001,readout,preflop,0,0.0,1
6,30,0.2912621359223301,0.05825242718446602,C,,103,1,native-pressure,overall,96,average,2026093001,readout,river,1,0.009708737864077669,6
18,90,0.35714285714285715,0.07142857142857142,C,,252,,native-pressure,overall,233,average,2026093001,readout,turn,0,0.0,19
2,33,0.09939759036144578,0.006024096385542169,C,332,332,,native-pressure,big_blind,,current,2026093001,readout,flop,0,0.0,
3,72,0.21951219512195122,0.009146341463414634,C,328,328,,native-pressure,big_blind,,current,2026093001,readout,preflop,0,0.0,
2,9,0.10843373493975904,0.024096385542168676,C,83,83,,native-pressure,big_blind,,current,2026093001,readout,river,0,0.0,
5,40,0.2247191011235955,0.028089887640449437,C,178,178,,native-pressure,big_blind,,current,2026093001,readout,turn,0,0.0,
1,36,0.21301775147928995,0.005917159763313609,C,169,169,,native-pressure,button,,current,2026093001,readout,flop,0,0.0,
5,98,0.18846153846153846,0.009615384615384616,C,520,520,,native-pressure,button,,current,2026093001,readout,preflop,0,0.0,
4,19,0.3958333333333333,0.08333333333333333,C,48,48,,native-pressure,button,,current,2026093001,readout,river,0,0.0,
13,55,0.4700854700854701,0.1111111111111111,C,116,117,1,native-pressure,button,,current,2026093001,readout,turn,1,0.008547008547008548,
3,69,0.1377245508982036,0.005988023952095809,C,501,501,,native-pressure,overall,,current,2026093001,readout,flop,0,0.0,
8,170,0.20047169811320756,0.009433962264150943,C,848,848,,native-pressure,overall,,current,2026093001,readout,preflop,0,0.0,
6,28,0.21374045801526717,0.04580152671755725,C,131,131,,native-pressure,overall,,current,2026093001,readout,river,0,0.0,
18,95,0.3220338983050847,0.061016949152542375,C,294,295,1,native-pressure,overall,,current,2026093001,readout,turn,1,0.003389830508474576,
1,34,0.11486486486486487,0.0033783783783783786,A,,296,,native-pressure,big_blind,295,average,2026093002,readout,flop,0,0.0,1
2,73,0.22121212121212122,0.006060606060606061,A,,330,,native-pressure,big_blind,329,average,2026093002,readout,preflop,0,0.0,1
7,30,0.45454545454545453,0.10606060606060606,A,,66,,native-pressure,big_blind,59,average,2026093002,readout,river,0,0.0,7
14,62,0.41333333333333333,0.09333333333333334,A,,150,1,native-pressure,big_blind,140,average,2026093002,readout,turn,1,0.006666666666666667,9
4,28,0.1696969696969697,0.024242424242424242,A,,165,,native-pressure,button,162,average,2026093002,readout,flop,0,0.0,3
15,97,0.1833648393194707,0.02835538752362949,A,,529,1,native-pressure,button,522,average,2026093002,readout,preflop,1,0.001890359168241966,6
9,31,0.5961538461538461,0.17307692307692307,A,,52,1,native-pressure,button,45,average,2026093002,readout,river,1,0.019230769230769232,6
18,62,0.6078431372549019,0.17647058823529413,A,,102,2,native-pressure,button,90,average,2026093002,readout,turn,2,0.0196078431372549,10
5,62,0.13449023861171366,0.010845986984815618,A,,461,,native-pressure,overall,457,average,2026093002,readout,flop,0,0.0,4
17,170,0.1979045401629802,0.01979045401629802,A,,859,1,native-pressure,overall,851,average,2026093002,readout,preflop,1,0.0011641443538998836,7
16,61,0.5169491525423728,0.13559322033898305,A,,118,1,native-pressure,overall,104,average,2026093002,readout,river,1,0.00847457627118644,13
32,124,0.49206349206349204,0.12698412698412698,A,,252,3,native-pressure,overall,230,average,2026093002,readout,turn,3,0.011904761904761904,19
7,37,0.12758620689655173,0.02413793103448276,A,288,290,2,native-pressure,big_blind,,current,2026093002,readout,flop,2,0.006896551724137931,
2,77,0.2298507462686567,0.005970149253731343,A,335,335,,native-pressure,big_blind,,current,2026093002,readout,preflop,0,0.0,
12,32,0.4444444444444444,0.16666666666666666,A,71,72,1,native-pressure,big_blind,,current,2026093002,readout,river,1,0.013888888888888888,
16,54,0.3624161073825503,0.10738255033557047,A,149,149,,native-pressure,big_blind,,current,2026093002,readout,turn,0,0.0,
4,30,0.19607843137254902,0.026143790849673203,A,153,153,,native-pressure,button,,current,2026093002,readout,flop,0,0.0,
11,89,0.16984732824427481,0.02099236641221374,A,524,524,,native-pressure,button,,current,2026093002,readout,preflop,0,0.0,
10,33,0.5892857142857143,0.17857142857142858,A,52,56,4,native-pressure,button,,current,2026093002,readout,river,4,0.07142857142857142,
19,64,0.5614035087719298,0.16666666666666666,A,108,114,6,native-pressure,button,,current,2026093002,readout,turn,6,0.05263157894736842,
11,67,0.15124153498871332,0.024830699774266364,A,441,443,2,native-pressure,overall,,current,2026093002,readout,flop,2,0.004514672686230248,
13,166,0.19324796274738068,0.015133876600698487,A,859,859,,native-pressure,overall,,current,2026093002,readout,preflop,0,0.0,
22,65,0.5078125,0.171875,A,123,128,5,native-pressure,overall,,current,2026093002,readout,river,5,0.0390625,
35,118,0.44866920152091255,0.13307984790874525,A,257,263,6,native-pressure,overall,,current,2026093002,readout,turn,6,0.022813688212927757,
1,23,0.07371794871794872,0.003205128205128205,C,,312,,native-pressure,big_blind,311,average,2026093002,readout,flop,0,0.0,1
6,67,0.20364741641337386,0.0182370820668693,C,,329,,native-pressure,big_blind,329,average,2026093002,readout,preflop,0,0.0,
7,19,0.2289156626506024,0.08433734939759036,C,,83,,native-pressure,big_blind,75,average,2026093002,readout,river,0,0.0,8
2,29,0.18831168831168832,0.012987012987012988,C,,154,,native-pressure,big_blind,152,average,2026093002,readout,turn,0,0.0,2
5,38,0.19895287958115182,0.02617801047120419,C,,191,,native-pressure,button,186,average,2026093002,readout,flop,0,0.0,5
8,85,0.16377649325626203,0.015414258188824663,C,,519,,native-pressure,button,518,average,2026093002,readout,preflop,0,0.0,1
2,25,0.46296296296296297,0.037037037037037035,C,,54,1,native-pressure,button,48,average,2026093002,readout,river,1,0.018518518518518517,5
11,50,0.45871559633027525,0.10091743119266056,C,,109,1,native-pressure,button,100,average,2026093002,readout,turn,1,0.009174311926605505,8
6,61,0.12127236580516898,0.011928429423459244,C,,503,,native-pressure,overall,497,average,2026093002,readout,flop,0,0.0,6
14,152,0.1792452830188679,0.01650943396226415,C,,848,,native-pressure,overall,847,average,2026093002,readout,preflop,0,0.0,1
9,44,0.32116788321167883,0.06569343065693431,C,,137,1,native-pressure,overall,123,average,2026093002,readout,river,1,0.0072992700729927005,13
13,79,0.30038022813688214,0.049429657794676805,C,,263,1,native-pressure,overall,252,average,2026093002,readout,turn,1,0.0038022813688212928,10
5,27,0.08794788273615635,0.016286644951140065,C,307,307,,native-pressure,big_blind,,current,2026093002,readout,flop,0,0.0,
10,73,0.22054380664652568,0.030211480362537766,C,331,331,,native-pressure,big_blind,,current,2026093002,readout,preflop,0,0.0,
4,19,0.22093023255813954,0.046511627906976744,C,86,86,,native-pressure,big_blind,,current,2026093002,readout,river,0,0.0,
3,29,0.19463087248322147,0.020134228187919462,C,149,149,,native-pressure,big_blind,,current,2026093002,readout,turn,0,0.0,
2,39,0.18932038834951456,0.009708737864077669,C,206,206,,native-pressure,button,,current,2026093002,readout,flop,0,0.0,
2,83,0.16306483300589392,0.003929273084479371,C,509,509,,native-pressure,button,,current,2026093002,readout,preflop,0,0.0,
0,14,0.3181818181818182,0.0,C,44,44,,native-pressure,button,,current,2026093002,readout,river,0,0.0,
14,56,0.47058823529411764,0.11764705882352941,C,117,119,2,native-pressure,button,,current,2026093002,readout,turn,2,0.01680672268907563,
7,66,0.1286549707602339,0.01364522417153996,C,513,513,,native-pressure,overall,,current,2026093002,readout,flop,0,0.0,
12,156,0.18571428571428572,0.014285714285714285,C,840,840,,native-pressure,overall,,current,2026093002,readout,preflop,0,0.0,
4,33,0.25384615384615383,0.03076923076923077,C,130,130,,native-pressure,overall,,current,2026093002,readout,river,0,0.0,
17,85,0.31716417910447764,0.06343283582089553,C,266,268,2,native-pressure,overall,,current,2026093002,readout,turn,2,0.007462686567164179,
3,34,0.12056737588652482,0.010638297872340425,A,,282,1,native-pressure,big_blind,280,average,2026093003,readout,flop,1,0.0035460992907801418,1
4,79,0.23511904761904762,0.011904761904761904,A,,336,1,native-pressure,big_blind,335,average,2026093003,readout,preflop,1,0.002976190476190476,
13,40,0.5882352941176471,0.19117647058823528,A,,68,3,native-pressure,big_blind,58,average,2026093003,readout,river,3,0.04411764705882353,7
7,55,0.4583333333333333,0.058333333333333334,A,,120,1,native-pressure,big_blind,115,average,2026093003,readout,turn,1,0.008333333333333333,4
2,16,0.1103448275862069,0.013793103448275862,A,,145,,native-pressure,button,144,average,2026093003,readout,flop,0,0.0,1
11,103,0.19397363465160075,0.02071563088512241,A,,531,,native-pressure,button,530,average,2026093003,readout,preflop,0,0.0,1
10,23,0.5111111111111111,0.2222222222222222,A,,45,2,native-pressure,button,40,average,2026093003,readout,river,2,0.044444444444444446,3
10,50,0.5050505050505051,0.10101010101010101,A,,99,5,native-pressure,button,91,average,2026093003,readout,turn,5,0.050505050505050504,3
5,50,0.117096018735363,0.0117096018735363,A,,427,1,native-pressure,overall,424,average,2026093003,readout,flop,1,0.00234192037470726,2
15,182,0.209919261822376,0.01730103806228374,A,,867,1,native-pressure,overall,865,average,2026093003,readout,preflop,1,0.0011534025374855825,1
23,63,0.5575221238938053,0.20353982300884957,A,,113,5,native-pressure,overall,98,average,2026093003,readout,river,5,0.04424778761061947,10
17,105,0.4794520547945205,0.0776255707762557,A,,219,6,native-pressure,overall,206,average,2026093003,readout,turn,6,0.0273972602739726,7
3,33,0.09969788519637462,0.00906344410876133,A,331,331,,native-pressure,big_blind,,current,2026093003,readout,flop,0,0.0,
3,63,0.196875,0.009375,A,320,320,,native-pressure,big_blind,,current,2026093003,readout,preflop,0,0.0,
6,33,0.5789473684210527,0.10526315789473684,A,57,57,,native-pressure,big_blind,,current,2026093003,readout,river,0,0.0,
13,61,0.5083333333333333,0.10833333333333334,A,120,120,,native-pressure,big_blind,,current,2026093003,readout,turn,0,0.0,
4,20,0.11764705882352941,0.023529411764705882,A,170,170,,native-pressure,button,,current,2026093003,readout,flop,0,0.0,
7,87,0.16795366795366795,0.013513513513513514,A,518,518,,native-pressure,button,,current,2026093003,readout,preflop,0,0.0,
10,46,0.6388888888888888,0.1388888888888889,A,72,72,,native-pressure,button,,current,2026093003,readout,river,0,0.0,
15,63,0.4846153846153846,0.11538461538461539,A,128,130,2,native-pressure,button,,current,2026093003,readout,turn,2,0.015384615384615385,
7,53,0.10578842315369262,0.013972055888223553,A,501,501,,native-pressure,overall,,current,2026093003,readout,flop,0,0.0,
10,150,0.17899761336515513,0.011933174224343675,A,838,838,,native-pressure,overall,,current,2026093003,readout,preflop,0,0.0,
16,79,0.6124031007751938,0.12403100775193798,A,129,129,,native-pressure,overall,,current,2026093003,readout,river,0,0.0,
28,124,0.496,0.112,A,248,250,2,native-pressure,overall,,current,2026093003,readout,turn,2,0.008,
6,23,0.08070175438596491,0.021052631578947368,C,,285,,native-pressure,big_blind,280,average,2026093003,readout,flop,0,0.0,5
2,76,0.22686567164179106,0.005970149253731343,C,,335,,native-pressure,big_blind,335,average,2026093003,readout,preflop,0,0.0,
2,12,0.19047619047619047,0.031746031746031744,C,,63,,native-pressure,big_blind,61,average,2026093003,readout,river,0,0.0,2
3,32,0.2318840579710145,0.021739130434782608,C,,138,,native-pressure,big_blind,135,average,2026093003,readout,turn,0,0.0,3
4,29,0.17575757575757575,0.024242424242424242,C,,165,,native-pressure,button,164,average,2026093003,readout,flop,0,0.0,1
11,104,0.19439252336448598,0.020560747663551402,C,,535,,native-pressure,button,529,average,2026093003,readout,preflop,0,0.0,6
1,10,0.29411764705882354,0.029411764705882353,C,,34,1,native-pressure,button,32,average,2026093003,readout,river,1,0.029411764705882353,1
5,42,0.5060240963855421,0.060240963855421686,C,,83,,native-pressure,button,77,average,2026093003,readout,turn,0,0.0,6
10,52,0.11555555555555555,0.022222222222222223,C,,450,,native-pressure,overall,444,average,2026093003,readout,flop,0,0.0,6
13,180,0.20689655172413793,0.014942528735632184,C,,870,,native-pressure,overall,864,average,2026093003,readout,preflop,0,0.0,6
3,22,0.2268041237113402,0.030927835051546393,C,,97,1,native-pressure,overall,93,average,2026093003,readout,river,1,0.010309278350515464,3
8,74,0.334841628959276,0.03619909502262444,C,,221,,native-pressure,overall,212,average,2026093003,readout,turn,0,0.0,9
4,23,0.07142857142857142,0.012422360248447204,C,322,322,,native-pressure,big_blind,,current,2026093003,readout,flop,0,0.0,
2,68,0.20987654320987653,0.006172839506172839,C,324,324,,native-pressure,big_blind,,current,2026093003,readout,preflop,0,0.0,
4,14,0.1891891891891892,0.05405405405405406,C,72,74,2,native-pressure,big_blind,,current,2026093003,readout,river,2,0.02702702702702703,
4,27,0.19852941176470587,0.029411764705882353,C,136,136,,native-pressure,big_blind,,current,2026093003,readout,turn,0,0.0,
3,28,0.14893617021276595,0.015957446808510637,C,188,188,,native-pressure,button,,current,2026093003,readout,flop,0,0.0,
6,86,0.17063492063492064,0.011904761904761904,C,504,504,,native-pressure,button,,current,2026093003,readout,preflop,0,0.0,
2,21,0.38181818181818183,0.03636363636363636,C,55,55,,native-pressure,button,,current,2026093003,readout,river,0,0.0,
9,46,0.3865546218487395,0.07563025210084033,C,118,119,1,native-pressure,button,,current,2026093003,readout,turn,1,0.008403361344537815,
7,51,0.1,0.013725490196078431,C,510,510,,native-pressure,overall,,current,2026093003,readout,flop,0,0.0,
8,154,0.1859903381642512,0.00966183574879227,C,828,828,,native-pressure,overall,,current,2026093003,readout,preflop,0,0.0,
6,35,0.2713178294573643,0.046511627906976744,C,127,129,2,native-pressure,overall,,current,2026093003,readout,river,2,0.015503875968992248,
13,73,0.28627450980392155,0.050980392156862744,C,254,255,1,native-pressure,overall,,current,2026093003,readout,turn,1,0.00392156862745098,
1,1,0.00390625,0.00390625,A,,256,,passive,big_blind,256,average,2026093001,readout,flop,0,0.0,
0,0,0.0,0.0,A,,256,,passive,big_blind,256,average,2026093001,readout,preflop,0,0.0,
0,14,0.056,0.0,A,,250,,passive,big_blind,250,average,2026093001,readout,river,0,0.0,
1,8,0.03125,0.00390625,A,,256,,passive,big_blind,256,average,2026093001,readout,turn,0,0.0,
0,5,0.024875621890547265,0.0,A,,201,,passive,button,201,average,2026093001,readout,flop,0,0.0,
0,0,0.0,0.0,A,,256,,passive,button,256,average,2026093001,readout,preflop,0,0.0,
8,49,0.2474747474747475,0.04040404040404041,A,,198,,passive,button,194,average,2026093001,readout,river,0,0.0,4
3,23,0.11442786069651742,0.014925373134328358,A,,201,,passive,button,201,average,2026093001,readout,turn,0,0.0,
1,6,0.01312910284463895,0.002188183807439825,A,,457,,passive,overall,457,average,2026093001,readout,flop,0,0.0,
0,0,0.0,0.0,A,,512,,passive,overall,512,average,2026093001,readout,preflop,0,0.0,
8,63,0.140625,0.017857142857142856,A,,448,,passive,overall,444,average,2026093001,readout,river,0,0.0,4
4,31,0.06783369803063458,0.0087527352297593,A,,457,,passive,overall,457,average,2026093001,readout,turn,0,0.0,
1,1,0.00390625,0.00390625,A,256,256,,passive,big_blind,,current,2026093001,readout,flop,0,0.0,
0,0,0.0,0.0,A,256,256,,passive,big_blind,,current,2026093001,readout,preflop,0,0.0,
0,16,0.064,0.0,A,250,250,,passive,big_blind,,current,2026093001,readout,river,0,0.0,
1,9,0.03515625,0.00390625,A,256,256,,passive,big_blind,,current,2026093001,readout,turn,0,0.0,
0,6,0.029411764705882353,0.0,A,204,204,,passive,button,,current,2026093001,readout,flop,0,0.0,
0,0,0.0,0.0,A,256,256,,passive,button,,current,2026093001,readout,preflop,0,0.0,
10,60,0.29850746268656714,0.04975124378109453,A,199,201,2,passive,button,,current,2026093001,readout,river,2,0.009950248756218905,
2,20,0.09803921568627451,0.00980392156862745,A,204,204,,passive,button,,current,2026093001,readout,turn,0,0.0,
1,7,0.015217391304347827,0.002173913043478261,A,460,460,,passive,overall,,current,2026093001,readout,flop,0,0.0,
0,0,0.0,0.0,A,512,512,,passive,overall,,current,2026093001,readout,preflop,0,0.0,
10,76,0.16851441241685144,0.022172949002217297,A,449,451,2,passive,overall,,current,2026093001,readout,river,2,0.004434589800443459,
3,29,0.06304347826086956,0.006521739130434782,A,460,460,,passive,overall,,current,2026093001,readout,turn,0,0.0,
1,5,0.01953125,0.00390625,C,,256,,passive,big_blind,256,average,2026093001,readout,flop,0,0.0,
0,0,0.0,0.0,C,,256,,passive,big_blind,256,average,2026093001,readout,preflop,0,0.0,
0,16,0.06324110671936758,0.0,C,,253,,passive,big_blind,253,average,2026093001,readout,river,0,0.0,
0,20,0.078125,0.0,C,,256,,passive,big_blind,256,average,2026093001,readout,turn,0,0.0,
0,5,0.024752475247524754,0.0,C,,202,,passive,button,202,average,2026093001,readout,flop,0,0.0,
0,0,0.0,0.0,C,,256,,passive,button,256,average,2026093001,readout,preflop,0,0.0,
0,33,0.1658291457286432,0.0,C,,199,,passive,button,198,average,2026093001,readout,river,0,0.0,1
3,25,0.12376237623762376,0.01485148514851485,C,,202,,passive,button,202,average,2026093001,readout,turn,0,0.0,
1,10,0.021834061135371178,0.002183406113537118,C,,458,,passive,overall,458,average,2026093001,readout,flop,0,0.0,
0,0,0.0,0.0,C,,512,,passive,overall,512,average,2026093001,readout,preflop,0,0.0,
0,49,0.1084070796460177,0.0,C,,452,,passive,overall,451,average,2026093001,readout,river,0,0.0,1
3,45,0.0982532751091703,0.006550218340611353,C,,458,,passive,overall,458,average,2026093001,readout,turn,0,0.0,
1,5,0.01953125,0.00390625,C,256,256,,passive,big_blind,,current,2026093001,readout,flop,0,0.0,
0,0,0.0,0.0,C,256,256,,passive,big_blind,,current,2026093001,readout,preflop,0,0.0,
0,11,0.043137254901960784,0.0,C,255,255,,passive,big_blind,,current,2026093001,readout,river,0,0.0,
1,17,0.06640625,0.00390625,C,256,256,,passive,big_blind,,current,2026093001,readout,turn,0,0.0,
0,4,0.019417475728155338,0.0,C,206,206,,passive,button,,current,2026093001,readout,flop,0,0.0,
0,0,0.0,0.0,C,256,256,,passive,button,,current,2026093001,readout,preflop,0,0.0,
4,27,0.1323529411764706,0.0196078431372549,C,204,204,,passive,button,,current,2026093001,readout,river,0,0.0,
2,28,0.13592233009708737,0.009708737864077669,C,206,206,,passive,button,,current,2026093001,readout,turn,0,0.0,
1,9,0.01948051948051948,0.0021645021645021645,C,462,462,,passive,overall,,current,2026093001,readout,flop,0,0.0,
0,0,0.0,0.0,C,512,512,,passive,overall,,current,2026093001,readout,preflop,0,0.0,
4,38,0.08278867102396514,0.008714596949891068,C,459,459,,passive,overall,,current,2026093001,readout,river,0,0.0,
3,45,0.09740259740259741,0.006493506493506494,C,462,462,,passive,overall,,current,2026093001,readout,turn,0,0.0,
1,2,0.0078125,0.00390625,A,,256,,passive,big_blind,256,average,2026093002,readout,flop,0,0.0,
0,0,0.0,0.0,A,,256,,passive,big_blind,256,average,2026093002,readout,preflop,0,0.0,
0,12,0.047619047619047616,0.0,A,,252,,passive,big_blind,252,average,2026093002,readout,river,0,0.0,
1,13,0.05078125,0.00390625,A,,256,,passive,big_blind,256,average,2026093002,readout,turn,0,0.0,
0,6,0.02912621359223301,0.0,A,,206,,passive,button,206,average,2026093002,readout,flop,0,0.0,
0,0,0.0,0.0,A,,256,,passive,button,256,average,2026093002,readout,preflop,0,0.0,
9,42,0.2079207920792079,0.04455445544554455,A,,202,,passive,button,200,average,2026093002,readout,river,0,0.0,2
3,22,0.10679611650485436,0.014563106796116505,A,,206,,passive,button,205,average,2026093002,readout,turn,0,0.0,1
1,8,0.017316017316017316,0.0021645021645021645,A,,462,,passive,overall,462,average,2026093002,readout,flop,0,0.0,
0,0,0.0,0.0,A,,512,,passive,overall,512,average,2026093002,readout,preflop,0,0.0,
9,54,0.11894273127753303,0.019823788546255508,A,,454,,passive,overall,452,average,2026093002,readout,river,0,0.0,2
4,35,0.07575757575757576,0.008658008658008658,A,,462,,passive,overall,461,average,2026093002,readout,turn,0,0.0,1
1,2,0.0078125,0.00390625,A,256,256,,passive,big_blind,,current,2026093002,readout,flop,0,0.0,
0,0,0.0,0.0,A,256,256,,passive,big_blind,,current,2026093002,readout,preflop,0,0.0,
0,9,0.03529411764705882,0.0,A,255,255,,passive,big_blind,,current,2026093002,readout,river,0,0.0,
1,12,0.046875,0.00390625,A,256,256,,passive,big_blind,,current,2026093002,readout,turn,0,0.0,
0,6,0.02912621359223301,0.0,A,206,206,,passive,button,,current,2026093002,readout,flop,0,0.0,
0,0,0.0,0.0,A,256,256,,passive,button,,current,2026093002,readout,preflop,0,0.0,
9,48,0.23529411764705882,0.04411764705882353,A,203,204,1,passive,button,,current,2026093002,readout,river,1,0.004901960784313725,
3,26,0.1262135922330097,0.014563106796116505,A,206,206,,passive,button,,current,2026093002,readout,turn,0,0.0,
1,8,0.017316017316017316,0.0021645021645021645,A,462,462,,passive,overall,,current,2026093002,readout,flop,0,0.0,
0,0,0.0,0.0,A,512,512,,passive,overall,,current,2026093002,readout,preflop,0,0.0,
9,57,0.12418300653594772,0.0196078431372549,A,458,459,1,passive,overall,,current,2026093002,readout,river,1,0.002178649237472767,
4,38,0.08225108225108226,0.008658008658008658,A,462,462,,passive,overall,,current,2026093002,readout,turn,0,0.0,
1,5,0.01953125,0.00390625,C,,256,,passive,big_blind,255,average,2026093002,readout,flop,0,0.0,1
0,0,0.0,0.0,C,,256,,passive,big_blind,256,average,2026093002,readout,preflop,0,0.0,
0,10,0.04,0.0,C,,250,,passive,big_blind,250,average,2026093002,readout,river,0,0.0,
0,17,0.06640625,0.0,C,,256,,passive,big_blind,256,average,2026093002,readout,turn,0,0.0,
0,5,0.024390243902439025,0.0,C,,205,,passive,button,205,average,2026093002,readout,flop,0,0.0,
0,0,0.0,0.0,C,,256,,passive,button,256,average,2026093002,readout,preflop,0,0.0,
1,32,0.15763546798029557,0.0049261083743842365,C,,203,,passive,button,203,average,2026093002,readout,river,0,0.0,
2,21,0.1024390243902439,0.00975609756097561,C,,205,,passive,button,204,average,2026093002,readout,turn,0,0.0,1
1,10,0.021691973969631236,0.0021691973969631237,C,,461,,passive,overall,460,average,2026093002,readout,flop,0,0.0,1
0,0,0.0,0.0,C,,512,,passive,overall,512,average,2026093002,readout,preflop,0,0.0,
1,42,0.09271523178807947,0.002207505518763797,C,,453,,passive,overall,453,average,2026093002,readout,river,0,0.0,
2,38,0.0824295010845987,0.004338394793926247,C,,461,,passive,overall,460,average,2026093002,readout,turn,0,0.0,1
1,5,0.01953125,0.00390625,C,256,256,,passive,big_blind,,current,2026093002,readout,flop,0,0.0,
0,0,0.0,0.0,C,256,256,,passive,big_blind,,current,2026093002,readout,preflop,0,0.0,
0,14,0.055776892430278883,0.0,C,251,251,,passive,big_blind,,current,2026093002,readout,river,0,0.0,
0,15,0.05859375,0.0,C,256,256,,passive,big_blind,,current,2026093002,readout,turn,0,0.0,
0,5,0.024509803921568627,0.0,C,204,204,,passive,button,,current,2026093002,readout,flop,0,0.0,
0,0,0.0,0.0,C,256,256,,passive,button,,current,2026093002,readout,preflop,0,0.0,
2,28,0.1414141414141414,0.010101010101010102,C,198,198,,passive,button,,current,2026093002,readout,river,0,0.0,
1,24,0.11764705882352941,0.004901960784313725,C,203,204,1,passive,button,,current,2026093002,readout,turn,1,0.004901960784313725,
1,10,0.021739130434782608,0.002173913043478261,C,460,460,,passive,overall,,current,2026093002,readout,flop,0,0.0,
0,0,0.0,0.0,C,512,512,,passive,overall,,current,2026093002,readout,preflop,0,0.0,
2,42,0.0935412026726058,0.004454342984409799,C,449,449,,passive,overall,,current,2026093002,readout,river,0,0.0,
1,39,0.08478260869565217,0.002173913043478261,C,459,460,1,passive,overall,,current,2026093002,readout,turn,1,0.002173913043478261,
1,1,0.00390625,0.00390625,A,,256,,passive,big_blind,256,average,2026093003,readout,flop,0,0.0,
0,0,0.0,0.0,A,,256,,passive,big_blind,256,average,2026093003,readout,preflop,0,0.0,
0,13,0.05241935483870968,0.0,A,,248,,passive,big_blind,248,average,2026093003,readout,river,0,0.0,
1,14,0.0546875,0.00390625,A,,256,,passive,big_blind,256,average,2026093003,readout,turn,0,0.0,
1,5,0.024390243902439025,0.004878048780487805,A,,205,,passive,button,205,average,2026093003,readout,flop,0,0.0,
0,0,0.0,0.0,A,,256,,passive,button,256,average,2026093003,readout,preflop,0,0.0,
12,56,0.27860696517412936,0.05970149253731343,A,,201,1,passive,button,196,average,2026093003,readout,river,1,0.004975124378109453,4
5,28,0.13658536585365855,0.024390243902439025,A,,205,,passive,button,203,average,2026093003,readout,turn,0,0.0,2
2,6,0.013015184381778741,0.004338394793926247,A,,461,,passive,overall,461,average,2026093003,readout,flop,0,0.0,
0,0,0.0,0.0,A,,512,,passive,overall,512,average,2026093003,readout,preflop,0,0.0,
12,69,0.15367483296213807,0.026726057906458798,A,,449,1,passive,overall,444,average,2026093003,readout,river,1,0.0022271714922048997,4
6,42,0.0911062906724512,0.013015184381778741,A,,461,,passive,overall,459,average,2026093003,readout,turn,0,0.0,2
1,1,0.00390625,0.00390625,A,256,256,,passive,big_blind,,current,2026093003,readout,flop,0,0.0,
0,0,0.0,0.0,A,256,256,,passive,big_blind,,current,2026093003,readout,preflop,0,0.0,
0,12,0.04780876494023904,0.0,A,251,251,,passive,big_blind,,current,2026093003,readout,river,0,0.0,
1,9,0.03515625,0.00390625,A,256,256,,passive,big_blind,,current,2026093003,readout,turn,0,0.0,
0,5,0.024875621890547265,0.0,A,201,201,,passive,button,,current,2026093003,readout,flop,0,0.0,
0,0,0.0,0.0,A,256,256,,passive,button,,current,2026093003,readout,preflop,0,0.0,
9,70,0.35353535353535354,0.045454545454545456,A,197,198,1,passive,button,,current,2026093003,readout,river,1,0.005050505050505051,
2,24,0.11940298507462686,0.009950248756218905,A,201,201,,passive,button,,current,2026093003,readout,turn,0,0.0,
1,6,0.01312910284463895,0.002188183807439825,A,457,457,,passive,overall,,current,2026093003,readout,flop,0,0.0,
0,0,0.0,0.0,A,512,512,,passive,overall,,current,2026093003,readout,preflop,0,0.0,
9,82,0.18262806236080179,0.0200445434298441,A,448,449,1,passive,overall,,current,2026093003,readout,river,1,0.0022271714922048997,
3,33,0.07221006564551423,0.006564551422319475,A,457,457,,passive,overall,,current,2026093003,readout,turn,0,0.0,
1,4,0.015625,0.00390625,C,,256,,passive,big_blind,255,average,2026093003,readout,flop,0,0.0,1
0,0,0.0,0.0,C,,256,,passive,big_blind,256,average,2026093003,readout,preflop,0,0.0,
0,12,0.04780876494023904,0.0,C,,251,,passive,big_blind,251,average,2026093003,readout,river,0,0.0,
0,14,0.0546875,0.0,C,,256,,passive,big_blind,255,average,2026093003,readout,turn,0,0.0,1
1,5,0.024630541871921183,0.0049261083743842365,C,,203,,passive,button,203,average,2026093003,readout,flop,0,0.0,
0,0,0.0,0.0,C,,256,,passive,button,256,average,2026093003,readout,preflop,0,0.0,
2,29,0.1457286432160804,0.010050251256281407,C,,199,,passive,button,199,average,2026093003,readout,river,0,0.0,
3,25,0.12315270935960591,0.014778325123152709,C,,203,,passive,button,203,average,2026093003,readout,turn,0,0.0,
2,9,0.0196078431372549,0.004357298474945534,C,,459,,passive,overall,458,average,2026093003,readout,flop,0,0.0,1
0,0,0.0,0.0,C,,512,,passive,overall,512,average,2026093003,readout,preflop,0,0.0,
2,41,0.09111111111111111,0.0044444444444444444,C,,450,,passive,overall,450,average,2026093003,readout,river,0,0.0,
3,39,0.08496732026143791,0.006535947712418301,C,,459,,passive,overall,458,average,2026093003,readout,turn,0,0.0,1
1,4,0.015625,0.00390625,C,256,256,,passive,big_blind,,current,2026093003,readout,flop,0,0.0,
0,0,0.0,0.0,C,256,256,,passive,big_blind,,current,2026093003,readout,preflop,0,0.0,
0,14,0.056,0.0,C,250,250,,passive,big_blind,,current,2026093003,readout,river,0,0.0,
0,14,0.0546875,0.0,C,256,256,,passive,big_blind,,current,2026093003,readout,turn,0,0.0,
0,4,0.019230769230769232,0.0,C,208,208,,passive,button,,current,2026093003,readout,flop,0,0.0,
0,0,0.0,0.0,C,256,256,,passive,button,,current,2026093003,readout,preflop,0,0.0,
5,34,0.1650485436893204,0.024271844660194174,C,206,206,,passive,button,,current,2026093003,readout,river,0,0.0,
2,26,0.125,0.009615384615384616,C,208,208,,passive,button,,current,2026093003,readout,turn,0,0.0,
1,8,0.017241379310344827,0.0021551724137931034,C,464,464,,passive,overall,,current,2026093003,readout,flop,0,0.0,
0,0,0.0,0.0,C,512,512,,passive,overall,,current,2026093003,readout,preflop,0,0.0,
5,48,0.10526315789473684,0.010964912280701754,C,456,456,,passive,overall,,current,2026093003,readout,river,0,0.0,
2,40,0.08620689655172414,0.004310344827586207,C,464,464,,passive,overall,,current,2026093003,readout,turn,0,0.0,
11,11,0.2682926829268293,0.2682926829268293,A,,41,11,pot_pressure,big_blind,30,average,2026093001,readout,flop,11,0.2682926829268293,
32,34,0.5,0.47058823529411764,A,,68,32,pot_pressure,big_blind,35,average,2026093001,readout,preflop,32,0.47058823529411764,1
5,6,0.42857142857142855,0.35714285714285715,A,,14,5,pot_pressure,big_blind,9,average,2026093001,readout,river,5,0.35714285714285715,
5,5,0.22727272727272727,0.22727272727272727,A,,22,5,pot_pressure,big_blind,17,average,2026093001,readout,turn,5,0.22727272727272727,
27,29,0.27358490566037735,0.25471698113207547,A,,106,27,pot_pressure,button,79,average,2026093001,readout,flop,27,0.25471698113207547,
29,29,0.10175438596491228,0.10175438596491228,A,,285,29,pot_pressure,button,256,average,2026093001,readout,preflop,29,0.10175438596491228,
13,13,0.7222222222222222,0.7222222222222222,A,,18,13,pot_pressure,button,5,average,2026093001,readout,river,13,0.7222222222222222,
16,16,0.36363636363636365,0.36363636363636365,A,,44,16,pot_pressure,button,28,average,2026093001,readout,turn,16,0.36363636363636365,
38,40,0.272108843537415,0.2585034013605442,A,,147,38,pot_pressure,overall,109,average,2026093001,readout,flop,38,0.2585034013605442,
61,63,0.17847025495750707,0.17280453257790368,A,,353,61,pot_pressure,overall,291,average,2026093001,readout,preflop,61,0.17280453257790368,1
18,19,0.59375,0.5625,A,,32,18,pot_pressure,overall,14,average,2026093001,readout,river,18,0.5625,
21,21,0.3181818181818182,0.3181818181818182,A,,66,21,pot_pressure,overall,45,average,2026093001,readout,turn,21,0.3181818181818182,
11,11,0.2682926829268293,0.2682926829268293,A,30,41,11,pot_pressure,big_blind,,current,2026093001,readout,flop,11,0.2682926829268293,
31,33,0.4852941176470588,0.45588235294117646,A,37,68,31,pot_pressure,big_blind,,current,2026093001,readout,preflop,31,0.45588235294117646,
6,7,0.4666666666666667,0.4,A,9,15,6,pot_pressure,big_blind,,current,2026093001,readout,river,6,0.4,
7,7,0.30434782608695654,0.30434782608695654,A,16,23,7,pot_pressure,big_blind,,current,2026093001,readout,turn,7,0.30434782608695654,
26,28,0.2978723404255319,0.2765957446808511,A,68,94,26,pot_pressure,button,,current,2026093001,readout,flop,26,0.2765957446808511,
30,30,0.1048951048951049,0.1048951048951049,A,256,286,30,pot_pressure,button,,current,2026093001,readout,preflop,30,0.1048951048951049,
8,8,0.8,0.8,A,2,10,8,pot_pressure,button,,current,2026093001,readout,river,8,0.8,
17,17,0.37777777777777777,0.37777777777777777,A,28,45,17,pot_pressure,button,,current,2026093001,readout,turn,17,0.37777777777777777,
37,39,0.28888888888888886,0.2740740740740741,A,98,135,37,pot_pressure,overall,,current,2026093001,readout,flop,37,0.2740740740740741,
61,63,0.17796610169491525,0.17231638418079095,A,293,354,61,pot_pressure,overall,,current,2026093001,readout,preflop,61,0.17231638418079095,
14,15,0.6,0.56,A,11,25,14,pot_pressure,overall,,current,2026093001,readout,river,14,0.56,
24,24,0.35294117647058826,0.35294117647058826,A,44,68,24,pot_pressure,overall,,current,2026093001,readout,turn,24,0.35294117647058826,
12,12,0.2926829268292683,0.2926829268292683,C,,41,12,pot_pressure,big_blind,29,average,2026093001,readout,flop,12,0.2926829268292683,
32,34,0.5,0.47058823529411764,C,,68,32,pot_pressure,big_blind,35,average,2026093001,readout,preflop,32,0.47058823529411764,1
6,6,0.46153846153846156,0.46153846153846156,C,,13,6,pot_pressure,big_blind,7,average,2026093001,readout,river,6,0.46153846153846156,
7,7,0.2692307692307692,0.2692307692307692,C,,26,7,pot_pressure,big_blind,19,average,2026093001,readout,turn,7,0.2692307692307692,
28,29,0.34523809523809523,0.3333333333333333,C,,84,28,pot_pressure,button,56,average,2026093001,readout,flop,28,0.3333333333333333,
24,24,0.08571428571428572,0.08571428571428572,C,,280,24,pot_pressure,button,256,average,2026093001,readout,preflop,24,0.08571428571428572,
4,5,0.625,0.5,C,,8,4,pot_pressure,button,4,average,2026093001,readout,river,4,0.5,
9,11,0.4074074074074074,0.3333333333333333,C,,27,8,pot_pressure,button,19,average,2026093001,readout,turn,8,0.2962962962962963,
40,41,0.328,0.32,C,,125,40,pot_pressure,overall,85,average,2026093001,readout,flop,40,0.32,
56,58,0.16666666666666666,0.16091954022988506,C,,348,56,pot_pressure,overall,291,average,2026093001,readout,preflop,56,0.16091954022988506,1
10,11,0.5238095238095238,0.47619047619047616,C,,21,10,pot_pressure,overall,11,average,2026093001,readout,river,10,0.47619047619047616,
16,18,0.33962264150943394,0.3018867924528302,C,,53,15,pot_pressure,overall,38,average,2026093001,readout,turn,15,0.2830188679245283,
13,13,0.30952380952380953,0.30952380952380953,C,29,42,13,pot_pressure,big_blind,,current,2026093001,readout,flop,13,0.30952380952380953,
31,35,0.5072463768115942,0.4492753623188406,C,38,69,31,pot_pressure,big_blind,,current,2026093001,readout,preflop,31,0.4492753623188406,
5,6,0.42857142857142855,0.35714285714285715,C,9,14,5,pot_pressure,big_blind,,current,2026093001,readout,river,5,0.35714285714285715,
8,9,0.3333333333333333,0.2962962962962963,C,19,27,8,pot_pressure,big_blind,,current,2026093001,readout,turn,8,0.2962962962962963,
28,28,0.35443037974683544,0.35443037974683544,C,51,79,28,pot_pressure,button,,current,2026093001,readout,flop,28,0.35443037974683544,
26,26,0.09219858156028368,0.09219858156028368,C,256,282,26,pot_pressure,button,,current,2026093001,readout,preflop,26,0.09219858156028368,
3,6,0.6,0.3,C,7,10,3,pot_pressure,button,,current,2026093001,readout,river,3,0.3,
12,15,0.46875,0.375,C,21,32,11,pot_pressure,button,,current,2026093001,readout,turn,11,0.34375,
41,41,0.33884297520661155,0.33884297520661155,C,80,121,41,pot_pressure,overall,,current,2026093001,readout,flop,41,0.33884297520661155,
57,61,0.1737891737891738,0.1623931623931624,C,294,351,57,pot_pressure,overall,,current,2026093001,readout,preflop,57,0.1623931623931624,
8,12,0.5,0.3333333333333333,C,16,24,8,pot_pressure,overall,,current,2026093001,readout,river,8,0.3333333333333333,
20,24,0.4067796610169492,0.3389830508474576,C,40,59,19,pot_pressure,overall,,current,2026093001,readout,turn,19,0.3220338983050847,
11,11,0.2682926829268293,0.2682926829268293,A,,41,11,pot_pressure,big_blind,30,average,2026093002,readout,flop,11,0.2682926829268293,
31,34,0.4927536231884058,0.4492753623188406,A,,69,31,pot_pressure,big_blind,38,average,2026093002,readout,preflop,31,0.4492753623188406,
8,9,0.5,0.4444444444444444,A,,18,8,pot_pressure,big_blind,9,average,2026093002,readout,river,8,0.4444444444444444,1
5,6,0.2857142857142857,0.23809523809523808,A,,21,5,pot_pressure,big_blind,16,average,2026093002,readout,turn,5,0.23809523809523808,
31,31,0.32978723404255317,0.32978723404255317,A,,94,31,pot_pressure,button,63,average,2026093002,readout,flop,31,0.32978723404255317,
28,28,0.0979020979020979,0.0979020979020979,A,,286,28,pot_pressure,button,258,average,2026093002,readout,preflop,28,0.0979020979020979,
9,9,0.6428571428571429,0.6428571428571429,A,,14,9,pot_pressure,button,5,average,2026093002,readout,river,9,0.6428571428571429,
11,12,0.375,0.34375,A,,32,11,pot_pressure,button,21,average,2026093002,readout,turn,11,0.34375,
42,42,0.3111111111111111,0.3111111111111111,A,,135,42,pot_pressure,overall,93,average,2026093002,readout,flop,42,0.3111111111111111,
59,62,0.17464788732394365,0.16619718309859155,A,,355,59,pot_pressure,overall,296,average,2026093002,readout,preflop,59,0.16619718309859155,
17,18,0.5625,0.53125,A,,32,17,pot_pressure,overall,14,average,2026093002,readout,river,17,0.53125,1
16,18,0.33962264150943394,0.3018867924528302,A,,53,16,pot_pressure,overall,37,average,2026093002,readout,turn,16,0.3018867924528302,
13,13,0.3023255813953488,0.3023255813953488,A,30,43,13,pot_pressure,big_blind,,current,2026093002,readout,flop,13,0.3023255813953488,
32,34,0.5,0.47058823529411764,A,36,68,32,pot_pressure,big_blind,,current,2026093002,readout,preflop,32,0.47058823529411764,
8,9,0.42857142857142855,0.38095238095238093,A,13,21,8,pot_pressure,big_blind,,current,2026093002,readout,river,8,0.38095238095238093,
8,9,0.32142857142857145,0.2857142857142857,A,20,28,8,pot_pressure,big_blind,,current,2026093002,readout,turn,8,0.2857142857142857,
29,29,0.29591836734693877,0.29591836734693877,A,69,98,29,pot_pressure,button,,current,2026093002,readout,flop,29,0.29591836734693877,
31,31,0.10726643598615918,0.10726643598615918,A,258,289,31,pot_pressure,button,,current,2026093002,readout,preflop,31,0.10726643598615918,
13,13,0.5,0.5,A,13,26,13,pot_pressure,button,,current,2026093002,readout,river,13,0.5,
17,19,0.41304347826086957,0.3695652173913043,A,29,46,17,pot_pressure,button,,current,2026093002,readout,turn,17,0.3695652173913043,
42,42,0.2978723404255319,0.2978723404255319,A,99,141,42,pot_pressure,overall,,current,2026093002,readout,flop,42,0.2978723404255319,
63,65,0.18207282913165265,0.17647058823529413,A,294,357,63,pot_pressure,overall,,current,2026093002,readout,preflop,63,0.17647058823529413,
21,22,0.46808510638297873,0.44680851063829785,A,26,47,21,pot_pressure,overall,,current,2026093002,readout,river,21,0.44680851063829785,
25,28,0.3783783783783784,0.33783783783783783,A,49,74,25,pot_pressure,overall,,current,2026093002,readout,turn,25,0.33783783783783783,
13,13,0.3170731707317073,0.3170731707317073,C,,41,13,pot_pressure,big_blind,28,average,2026093002,readout,flop,13,0.3170731707317073,
32,34,0.5,0.47058823529411764,C,,68,32,pot_pressure,big_blind,36,average,2026093002,readout,preflop,32,0.47058823529411764,
4,4,0.3076923076923077,0.3076923076923077,C,,13,4,pot_pressure,big_blind,9,average,2026093002,readout,river,4,0.3076923076923077,
4,5,0.22727272727272727,0.18181818181818182,C,,22,4,pot_pressure,big_blind,18,average,2026093002,readout,turn,4,0.18181818181818182,
30,31,0.3563218390804598,0.3448275862068966,C,,87,30,pot_pressure,button,57,average,2026093002,readout,flop,30,0.3448275862068966,
30,30,0.1048951048951049,0.1048951048951049,C,,286,30,pot_pressure,button,256,average,2026093002,readout,preflop,30,0.1048951048951049,
7,7,0.6363636363636364,0.6363636363636364,C,,11,7,pot_pressure,button,4,average,2026093002,readout,river,7,0.6363636363636364,
8,9,0.3103448275862069,0.27586206896551724,C,,29,7,pot_pressure,button,22,average,2026093002,readout,turn,7,0.2413793103448276,
43,44,0.34375,0.3359375,C,,128,43,pot_pressure,overall,85,average,2026093002,readout,flop,43,0.3359375,
62,64,0.1807909604519774,0.1751412429378531,C,,354,62,pot_pressure,overall,292,average,2026093002,readout,preflop,62,0.1751412429378531,
11,11,0.4583333333333333,0.4583333333333333,C,,24,11,pot_pressure,overall,13,average,2026093002,readout,river,11,0.4583333333333333,
12,14,0.27450980392156865,0.23529411764705882,C,,51,11,pot_pressure,overall,40,average,2026093002,readout,turn,11,0.21568627450980393,
15,16,0.35555555555555557,0.3333333333333333,C,31,45,14,pot_pressure,big_blind,,current,2026093002,readout,flop,14,0.3111111111111111,
31,33,0.4925373134328358,0.4626865671641791,C,36,67,31,pot_pressure,big_blind,,current,2026093002,readout,preflop,31,0.4626865671641791,
7,7,0.3333333333333333,0.3333333333333333,C,14,21,7,pot_pressure,big_blind,,current,2026093002,readout,river,7,0.3333333333333333,
6,7,0.28,0.24,C,19,25,6,pot_pressure,big_blind,,current,2026093002,readout,turn,6,0.24,
24,25,0.29069767441860467,0.27906976744186046,C,62,86,24,pot_pressure,button,,current,2026093002,readout,flop,24,0.27906976744186046,
29,29,0.10104529616724739,0.10104529616724739,C,258,287,29,pot_pressure,button,,current,2026093002,readout,preflop,29,0.10104529616724739,
8,8,0.6666666666666666,0.6666666666666666,C,4,12,8,pot_pressure,button,,current,2026093002,readout,river,8,0.6666666666666666,
9,10,0.35714285714285715,0.32142857142857145,C,20,28,8,pot_pressure,button,,current,2026093002,readout,turn,8,0.2857142857142857,
39,41,0.31297709923664124,0.29770992366412213,C,93,131,38,pot_pressure,overall,,current,2026093002,readout,flop,38,0.2900763358778626,
60,62,0.1751412429378531,0.1694915254237288,C,294,354,60,pot_pressure,overall,,current,2026093002,readout,preflop,60,0.1694915254237288,
15,15,0.45454545454545453,0.45454545454545453,C,18,33,15,pot_pressure,overall,,current,2026093002,readout,river,15,0.45454545454545453,
15,17,0.32075471698113206,0.2830188679245283,C,39,53,14,pot_pressure,overall,,current,2026093002,readout,turn,14,0.2641509433962264,
11,11,0.2619047619047619,0.2619047619047619,A,,42,11,pot_pressure,big_blind,31,average,2026093003,readout,flop,11,0.2619047619047619,
32,34,0.5,0.47058823529411764,A,,68,32,pot_pressure,big_blind,36,average,2026093003,readout,preflop,32,0.47058823529411764,
4,5,0.4166666666666667,0.3333333333333333,A,,12,4,pot_pressure,big_blind,8,average,2026093003,readout,river,4,0.3333333333333333,
6,6,0.2727272727272727,0.2727272727272727,A,,22,6,pot_pressure,big_blind,16,average,2026093003,readout,turn,6,0.2727272727272727,
25,26,0.34210526315789475,0.32894736842105265,A,,76,25,pot_pressure,button,51,average,2026093003,readout,flop,25,0.32894736842105265,
29,29,0.10175438596491228,0.10175438596491228,A,,285,29,pot_pressure,button,256,average,2026093003,readout,preflop,29,0.10175438596491228,
9,9,0.6923076923076923,0.6923076923076923,A,,13,9,pot_pressure,button,4,average,2026093003,readout,river,9,0.6923076923076923,
9,9,0.3333333333333333,0.3333333333333333,A,,27,9,pot_pressure,button,18,average,2026093003,readout,turn,9,0.3333333333333333,
36,37,0.3135593220338983,0.3050847457627119,A,,118,36,pot_pressure,overall,82,average,2026093003,readout,flop,36,0.3050847457627119,
61,63,0.17847025495750707,0.17280453257790368,A,,353,61,pot_pressure,overall,292,average,2026093003,readout,preflop,61,0.17280453257790368,
13,14,0.56,0.52,A,,25,13,pot_pressure,overall,12,average,2026093003,readout,river,13,0.52,
15,15,0.30612244897959184,0.30612244897959184,A,,49,15,pot_pressure,overall,34,average,2026093003,readout,turn,15,0.30612244897959184,
10,10,0.2564102564102564,0.2564102564102564,A,29,39,10,pot_pressure,big_blind,,current,2026093003,readout,flop,10,0.2564102564102564,
32,35,0.5072463768115942,0.463768115942029,A,37,69,32,pot_pressure,big_blind,,current,2026093003,readout,preflop,32,0.463768115942029,
4,5,0.625,0.5,A,4,8,4,pot_pressure,big_blind,,current,2026093003,readout,river,4,0.5,
5,5,0.3125,0.3125,A,11,16,5,pot_pressure,big_blind,,current,2026093003,readout,turn,5,0.3125,
27,27,0.3375,0.3375,A,53,80,27,pot_pressure,button,,current,2026093003,readout,flop,27,0.3375,
32,32,0.1111111111111111,0.1111111111111111,A,256,288,32,pot_pressure,button,,current,2026093003,readout,preflop,32,0.1111111111111111,
9,9,0.6923076923076923,0.6923076923076923,A,4,13,9,pot_pressure,button,,current,2026093003,readout,river,9,0.6923076923076923,
7,7,0.25925925925925924,0.25925925925925924,A,20,27,7,pot_pressure,button,,current,2026093003,readout,turn,7,0.25925925925925924,
37,37,0.31092436974789917,0.31092436974789917,A,82,119,37,pot_pressure,overall,,current,2026093003,readout,flop,37,0.31092436974789917,
64,67,0.1876750700280112,0.1792717086834734,A,293,357,64,pot_pressure,overall,,current,2026093003,readout,preflop,64,0.1792717086834734,
13,14,0.6666666666666666,0.6190476190476191,A,8,21,13,pot_pressure,overall,,current,2026093003,readout,river,13,0.6190476190476191,
12,12,0.27906976744186046,0.27906976744186046,A,31,43,12,pot_pressure,overall,,current,2026093003,readout,turn,12,0.27906976744186046,
14,16,0.35555555555555557,0.3111111111111111,C,,45,14,pot_pressure,big_blind,31,average,2026093003,readout,flop,14,0.3111111111111111,
31,34,0.5,0.45588235294117646,C,,68,31,pot_pressure,big_blind,37,average,2026093003,readout,preflop,31,0.45588235294117646,
6,6,0.375,0.375,C,,16,6,pot_pressure,big_blind,10,average,2026093003,readout,river,6,0.375,
7,8,0.32,0.28,C,,25,7,pot_pressure,big_blind,18,average,2026093003,readout,turn,7,0.28,
21,22,0.25882352941176473,0.24705882352941178,C,,85,21,pot_pressure,button,64,average,2026093003,readout,flop,21,0.24705882352941178,
27,27,0.09507042253521127,0.09507042253521127,C,,284,27,pot_pressure,button,257,average,2026093003,readout,preflop,27,0.09507042253521127,
3,3,0.375,0.375,C,,8,3,pot_pressure,button,5,average,2026093003,readout,river,3,0.375,
7,10,0.3448275862068966,0.2413793103448276,C,,29,6,pot_pressure,button,22,average,2026093003,readout,turn,6,0.20689655172413793,1
35,38,0.2923076923076923,0.2692307692307692,C,,130,35,pot_pressure,overall,95,average,2026093003,readout,flop,35,0.2692307692307692,
58,61,0.17329545454545456,0.16477272727272727,C,,352,58,pot_pressure,overall,294,average,2026093003,readout,preflop,58,0.16477272727272727,
9,9,0.375,0.375,C,,24,9,pot_pressure,overall,15,average,2026093003,readout,river,9,0.375,
14,18,0.3333333333333333,0.25925925925925924,C,,54,13,pot_pressure,overall,40,average,2026093003,readout,turn,13,0.24074074074074073,1
12,12,0.3,0.3,C,28,40,12,pot_pressure,big_blind,,current,2026093003,readout,flop,12,0.3,
32,36,0.5142857142857142,0.45714285714285713,C,38,70,32,pot_pressure,big_blind,,current,2026093003,readout,preflop,32,0.45714285714285713,
5,7,0.5,0.35714285714285715,C,9,14,5,pot_pressure,big_blind,,current,2026093003,readout,river,5,0.35714285714285715,
4,5,0.2777777777777778,0.2222222222222222,C,14,18,4,pot_pressure,big_blind,,current,2026093003,readout,turn,4,0.2222222222222222,
21,21,0.25301204819277107,0.25301204819277107,C,62,83,21,pot_pressure,button,,current,2026093003,readout,flop,21,0.25301204819277107,
30,30,0.10416666666666667,0.10416666666666667,C,258,288,30,pot_pressure,button,,current,2026093003,readout,preflop,30,0.10416666666666667,
2,3,0.3,0.2,C,9,10,1,pot_pressure,button,,current,2026093003,readout,river,1,0.1,
7,11,0.3793103448275862,0.2413793103448276,C,23,29,6,pot_pressure,button,,current,2026093003,readout,turn,6,0.20689655172413793,
33,33,0.2682926829268293,0.2682926829268293,C,90,123,33,pot_pressure,overall,,current,2026093003,readout,flop,33,0.2682926829268293,
62,66,0.18435754189944134,0.17318435754189945,C,296,358,62,pot_pressure,overall,,current,2026093003,readout,preflop,62,0.17318435754189945,
7,10,0.4166666666666667,0.2916666666666667,C,18,24,6,pot_pressure,overall,,current,2026093003,readout,river,6,0.25,
11,16,0.3404255319148936,0.23404255319148937,C,37,47,10,pot_pressure,overall,,current,2026093003,readout,turn,10,0.2127659574468085,
0,1,0.013888888888888888,0.0,A,,72,,selective-stackoff,big_blind,72,average,2026093001,readout,flop,0,0.0,
0,0,0.0,0.0,A,,86,,selective-stackoff,big_blind,86,average,2026093001,readout,preflop,0,0.0,
0,1,0.029411764705882353,0.0,A,,34,,selective-stackoff,big_blind,34,average,2026093001,readout,river,0,0.0,
0,2,0.043478260869565216,0.0,A,,46,,selective-stackoff,big_blind,46,average,2026093001,readout,turn,0,0.0,
0,1,0.008064516129032258,0.0,A,,124,,selective-stackoff,button,124,average,2026093001,readout,flop,0,0.0,
0,0,0.0,0.0,A,,256,,selective-stackoff,button,256,average,2026093001,readout,preflop,0,0.0,
2,11,0.1774193548387097,0.03225806451612903,A,,62,,selective-stackoff,button,59,average,2026093001,readout,river,0,0.0,3
0,5,0.0641025641025641,0.0,A,,78,,selective-stackoff,button,78,average,2026093001,readout,turn,0,0.0,
0,2,0.01020408163265306,0.0,A,,196,,selective-stackoff,overall,196,average,2026093001,readout,flop,0,0.0,
0,0,0.0,0.0,A,,342,,selective-stackoff,overall,342,average,2026093001,readout,preflop,0,0.0,
2,12,0.125,0.020833333333333332,A,,96,,selective-stackoff,overall,93,average,2026093001,readout,river,0,0.0,3
0,7,0.056451612903225805,0.0,A,,124,,selective-stackoff,overall,124,average,2026093001,readout,turn,0,0.0,
0,0,0.0,0.0,A,69,69,,selective-stackoff,big_blind,,current,2026093001,readout,flop,0,0.0,
0,1,0.011494252873563218,0.0,A,87,87,,selective-stackoff,big_blind,,current,2026093001,readout,preflop,0,0.0,
0,3,0.08823529411764706,0.0,A,34,34,,selective-stackoff,big_blind,,current,2026093001,readout,river,0,0.0,
0,4,0.08888888888888889,0.0,A,45,45,,selective-stackoff,big_blind,,current,2026093001,readout,turn,0,0.0,
0,1,0.008333333333333333,0.0,A,120,120,,selective-stackoff,button,,current,2026093001,readout,flop,0,0.0,
0,0,0.0,0.0,A,256,256,,selective-stackoff,button,,current,2026093001,readout,preflop,0,0.0,
4,7,0.14583333333333334,0.08333333333333333,A,48,48,,selective-stackoff,button,,current,2026093001,readout,river,0,0.0,
0,6,0.08333333333333333,0.0,A,72,72,,selective-stackoff,button,,current,2026093001,readout,turn,0,0.0,
0,1,0.005291005291005291,0.0,A,189,189,,selective-stackoff,overall,,current,2026093001,readout,flop,0,0.0,
0,1,0.0029154518950437317,0.0,A,343,343,,selective-stackoff,overall,,current,2026093001,readout,preflop,0,0.0,
4,10,0.12195121951219512,0.04878048780487805,A,82,82,,selective-stackoff,overall,,current,2026093001,readout,river,0,0.0,
0,10,0.08547008547008547,0.0,A,117,117,,selective-stackoff,overall,,current,2026093001,readout,turn,0,0.0,
0,1,0.015625,0.0,C,,64,,selective-stackoff,big_blind,64,average,2026093001,readout,flop,0,0.0,
0,1,0.011494252873563218,0.0,C,,87,,selective-stackoff,big_blind,87,average,2026093001,readout,preflop,0,0.0,
0,2,0.06060606060606061,0.0,C,,33,,selective-stackoff,big_blind,33,average,2026093001,readout,river,0,0.0,
0,5,0.1111111111111111,0.0,C,,45,,selective-stackoff,big_blind,45,average,2026093001,readout,turn,0,0.0,
0,1,0.00909090909090909,0.0,C,,110,,selective-stackoff,button,110,average,2026093001,readout,flop,0,0.0,
0,0,0.0,0.0,C,,256,,selective-stackoff,button,256,average,2026093001,readout,preflop,0,0.0,
0,5,0.11627906976744186,0.0,C,,43,,selective-stackoff,button,43,average,2026093001,readout,river,0,0.0,
1,8,0.11764705882352941,0.014705882352941176,C,,68,,selective-stackoff,button,67,average,2026093001,readout,turn,0,0.0,1
0,2,0.011494252873563218,0.0,C,,174,,selective-stackoff,overall,174,average,2026093001,readout,flop,0,0.0,
0,1,0.0029154518950437317,0.0,C,,343,,selective-stackoff,overall,343,average,2026093001,readout,preflop,0,0.0,
0,7,0.09210526315789473,0.0,C,,76,,selective-stackoff,overall,76,average,2026093001,readout,river,0,0.0,
1,13,0.11504424778761062,0.008849557522123894,C,,113,,selective-stackoff,overall,112,average,2026093001,readout,turn,0,0.0,1
0,2,0.029850746268656716,0.0,C,67,67,,selective-stackoff,big_blind,,current,2026093001,readout,flop,0,0.0,
0,1,0.011494252873563218,0.0,C,87,87,,selective-stackoff,big_blind,,current,2026093001,readout,preflop,0,0.0,
1,7,0.16666666666666666,0.023809523809523808,C,41,42,1,selective-stackoff,big_blind,,current,2026093001,readout,river,1,0.023809523809523808,
0,5,0.10416666666666667,0.0,C,48,48,,selective-stackoff,big_blind,,current,2026093001,readout,turn,0,0.0,
0,1,0.008264462809917356,0.0,C,121,121,,selective-stackoff,button,,current,2026093001,readout,flop,0,0.0,
0,0,0.0,0.0,C,256,256,,selective-stackoff,button,,current,2026093001,readout,preflop,0,0.0,
2,10,0.19230769230769232,0.038461538461538464,C,52,52,,selective-stackoff,button,,current,2026093001,readout,river,0,0.0,
0,7,0.08045977011494253,0.0,C,87,87,,selective-stackoff,button,,current,2026093001,readout,turn,0,0.0,
0,3,0.015957446808510637,0.0,C,188,188,,selective-stackoff,overall,,current,2026093001,readout,flop,0,0.0,
0,1,0.0029154518950437317,0.0,C,343,343,,selective-stackoff,overall,,current,2026093001,readout,preflop,0,0.0,
3,17,0.18085106382978725,0.031914893617021274,C,93,94,1,selective-stackoff,overall,,current,2026093001,readout,river,1,0.010638297872340425,
0,12,0.08888888888888889,0.0,C,135,135,,selective-stackoff,overall,,current,2026093001,readout,turn,0,0.0,
0,2,0.030303030303030304,0.0,A,,66,,selective-stackoff,big_blind,66,average,2026093002,readout,flop,0,0.0,
0,1,0.011494252873563218,0.0,A,,87,,selective-stackoff,big_blind,87,average,2026093002,readout,preflop,0,0.0,
0,2,0.05,0.0,A,,40,,selective-stackoff,big_blind,40,average,2026093002,readout,river,0,0.0,
0,2,0.044444444444444446,0.0,A,,45,,selective-stackoff,big_blind,45,average,2026093002,readout,turn,0,0.0,
0,1,0.00819672131147541,0.0,A,,122,,selective-stackoff,button,122,average,2026093002,readout,flop,0,0.0,
0,0,0.0,0.0,A,,256,,selective-stackoff,button,256,average,2026093002,readout,preflop,0,0.0,
1,6,0.11764705882352941,0.0196078431372549,A,,51,1,selective-stackoff,button,50,average,2026093002,readout,river,1,0.0196078431372549,
0,4,0.05555555555555555,0.0,A,,72,,selective-stackoff,button,72,average,2026093002,readout,turn,0,0.0,
0,3,0.015957446808510637,0.0,A,,188,,selective-stackoff,overall,188,average,2026093002,readout,flop,0,0.0,
0,1,0.0029154518950437317,0.0,A,,343,,selective-stackoff,overall,343,average,2026093002,readout,preflop,0,0.0,
1,8,0.08791208791208792,0.01098901098901099,A,,91,1,selective-stackoff,overall,90,average,2026093002,readout,river,1,0.01098901098901099,
0,6,0.05128205128205128,0.0,A,,117,,selective-stackoff,overall,117,average,2026093002,readout,turn,0,0.0,
0,1,0.014492753623188406,0.0,A,69,69,,selective-stackoff,big_blind,,current,2026093002,readout,flop,0,0.0,
0,0,0.0,0.0,A,86,86,,selective-stackoff,big_blind,,current,2026093002,readout,preflop,0,0.0,
0,3,0.075,0.0,A,40,40,,selective-stackoff,big_blind,,current,2026093002,readout,river,0,0.0,
0,2,0.041666666666666664,0.0,A,48,48,,selective-stackoff,big_blind,,current,2026093002,readout,turn,0,0.0,
0,1,0.008695652173913044,0.0,A,115,115,,selective-stackoff,button,,current,2026093002,readout,flop,0,0.0,
0,0,0.0,0.0,A,256,256,,selective-stackoff,button,,current,2026093002,readout,preflop,0,0.0,
1,7,0.11666666666666667,0.016666666666666666,A,60,60,,selective-stackoff,button,,current,2026093002,readout,river,0,0.0,
0,6,0.08,0.0,A,75,75,,selective-stackoff,button,,current,2026093002,readout,turn,0,0.0,
0,2,0.010869565217391304,0.0,A,184,184,,selective-stackoff,overall,,current,2026093002,readout,flop,0,0.0,
0,0,0.0,0.0,A,342,342,,selective-stackoff,overall,,current,2026093002,readout,preflop,0,0.0,
1,10,0.1,0.01,A,100,100,,selective-stackoff,overall,,current,2026093002,readout,river,0,0.0,
0,8,0.06504065040650407,0.0,A,123,123,,selective-stackoff,overall,,current,2026093002,readout,turn,0,0.0,
0,0,0.0,0.0,C,,67,,selective-stackoff,big_blind,67,average,2026093002,readout,flop,0,0.0,
0,0,0.0,0.0,C,,86,,selective-stackoff,big_blind,86,average,2026093002,readout,preflop,0,0.0,
0,1,0.02631578947368421,0.0,C,,38,,selective-stackoff,big_blind,38,average,2026093002,readout,river,0,0.0,
0,2,0.04,0.0,C,,50,,selective-stackoff,big_blind,50,average,2026093002,readout,turn,0,0.0,
0,0,0.0,0.0,C,,119,,selective-stackoff,button,119,average,2026093002,readout,flop,0,0.0,
0,0,0.0,0.0,C,,256,,selective-stackoff,button,256,average,2026093002,readout,preflop,0,0.0,
0,4,0.10526315789473684,0.0,C,,38,,selective-stackoff,button,38,average,2026093002,readout,river,0,0.0,
1,4,0.06153846153846154,0.015384615384615385,C,,65,,selective-stackoff,button,65,average,2026093002,readout,turn,0,0.0,
0,0,0.0,0.0,C,,186,,selective-stackoff,overall,186,average,2026093002,readout,flop,0,0.0,
0,0,0.0,0.0,C,,342,,selective-stackoff,overall,342,average,2026093002,readout,preflop,0,0.0,
0,5,0.06578947368421052,0.0,C,,76,,selective-stackoff,overall,76,average,2026093002,readout,river,0,0.0,
1,6,0.05217391304347826,0.008695652173913044,C,,115,,selective-stackoff,overall,115,average,2026093002,readout,turn,0,0.0,
0,0,0.0,0.0,C,68,68,,selective-stackoff,big_blind,,current,2026093002,readout,flop,0,0.0,
0,0,0.0,0.0,C,86,86,,selective-stackoff,big_blind,,current,2026093002,readout,preflop,0,0.0,
0,2,0.05128205128205128,0.0,C,39,39,,selective-stackoff,big_blind,,current,2026093002,readout,river,0,0.0,
0,1,0.0196078431372549,0.0,C,51,51,,selective-stackoff,big_blind,,current,2026093002,readout,turn,0,0.0,
0,0,0.0,0.0,C,119,119,,selective-stackoff,button,,current,2026093002,readout,flop,0,0.0,
0,0,0.0,0.0,C,256,256,,selective-stackoff,button,,current,2026093002,readout,preflop,0,0.0,
1,7,0.14583333333333334,0.020833333333333332,C,48,48,,selective-stackoff,button,,current,2026093002,readout,river,0,0.0,
2,11,0.16923076923076924,0.03076923076923077,C,65,65,,selective-stackoff,button,,current,2026093002,readout,turn,0,0.0,
0,0,0.0,0.0,C,187,187,,selective-stackoff,overall,,current,2026093002,readout,flop,0,0.0,
0,0,0.0,0.0,C,342,342,,selective-stackoff,overall,,current,2026093002,readout,preflop,0,0.0,
1,9,0.10344827586206896,0.011494252873563218,C,87,87,,selective-stackoff,overall,,current,2026093002,readout,river,0,0.0,
2,12,0.10344827586206896,0.017241379310344827,C,116,116,,selective-stackoff,overall,,current,2026093002,readout,turn,0,0.0,
0,1,0.014492753623188406,0.0,A,,69,,selective-stackoff,big_blind,69,average,2026093003,readout,flop,0,0.0,
0,2,0.022727272727272728,0.0,A,,88,,selective-stackoff,big_blind,88,average,2026093003,readout,preflop,0,0.0,
0,1,0.024390243902439025,0.0,A,,41,,selective-stackoff,big_blind,41,average,2026093003,readout,river,0,0.0,
0,2,0.0425531914893617,0.0,A,,47,,selective-stackoff,big_blind,47,average,2026093003,readout,turn,0,0.0,
0,1,0.00980392156862745,0.0,A,,102,,selective-stackoff,button,102,average,2026093003,readout,flop,0,0.0,
0,0,0.0,0.0,A,,256,,selective-stackoff,button,256,average,2026093003,readout,preflop,0,0.0,
2,8,0.1951219512195122,0.04878048780487805,A,,41,,selective-stackoff,button,40,average,2026093003,readout,river,0,0.0,1
0,3,0.05084745762711865,0.0,A,,59,,selective-stackoff,button,59,average,2026093003,readout,turn,0,0.0,
0,2,0.011695906432748537,0.0,A,,171,,selective-stackoff,overall,171,average,2026093003,readout,flop,0,0.0,
0,2,0.005813953488372093,0.0,A,,344,,selective-stackoff,overall,344,average,2026093003,readout,preflop,0,0.0,
2,9,0.10975609756097561,0.024390243902439025,A,,82,,selective-stackoff,overall,81,average,2026093003,readout,river,0,0.0,1
0,5,0.04716981132075472,0.0,A,,106,,selective-stackoff,overall,106,average,2026093003,readout,turn,0,0.0,
0,0,0.0,0.0,A,71,71,,selective-stackoff,big_blind,,current,2026093003,readout,flop,0,0.0,
0,1,0.011494252873563218,0.0,A,87,87,,selective-stackoff,big_blind,,current,2026093003,readout,preflop,0,0.0,
0,2,0.045454545454545456,0.0,A,44,44,,selective-stackoff,big_blind,,current,2026093003,readout,river,0,0.0,
0,3,0.061224489795918366,0.0,A,49,49,,selective-stackoff,big_blind,,current,2026093003,readout,turn,0,0.0,
0,1,0.009615384615384616,0.0,A,104,104,,selective-stackoff,button,,current,2026093003,readout,flop,0,0.0,
0,0,0.0,0.0,A,256,256,,selective-stackoff,button,,current,2026093003,readout,preflop,0,0.0,
2,9,0.23076923076923078,0.05128205128205128,A,39,39,,selective-stackoff,button,,current,2026093003,readout,river,0,0.0,
0,4,0.06153846153846154,0.0,A,65,65,,selective-stackoff,button,,current,2026093003,readout,turn,0,0.0,
0,1,0.005714285714285714,0.0,A,175,175,,selective-stackoff,overall,,current,2026093003,readout,flop,0,0.0,
0,1,0.0029154518950437317,0.0,A,343,343,,selective-stackoff,overall,,current,2026093003,readout,preflop,0,0.0,
2,11,0.13253012048192772,0.024096385542168676,A,83,83,,selective-stackoff,overall,,current,2026093003,readout,river,0,0.0,
0,7,0.06140350877192982,0.0,A,114,114,,selective-stackoff,overall,,current,2026093003,readout,turn,0,0.0,
0,2,0.02702702702702703,0.0,C,,74,,selective-stackoff,big_blind,74,average,2026093003,readout,flop,0,0.0,
0,1,0.011494252873563218,0.0,C,,87,,selective-stackoff,big_blind,87,average,2026093003,readout,preflop,0,0.0,
0,1,0.027777777777777776,0.0,C,,36,,selective-stackoff,big_blind,36,average,2026093003,readout,river,0,0.0,
0,5,0.10638297872340426,0.0,C,,47,,selective-stackoff,big_blind,47,average,2026093003,readout,turn,0,0.0,
0,0,0.0,0.0,C,,123,,selective-stackoff,button,123,average,2026093003,readout,flop,0,0.0,
0,0,0.0,0.0,C,,256,,selective-stackoff,button,256,average,2026093003,readout,preflop,0,0.0,
0,9,0.1956521739130435,0.0,C,,46,,selective-stackoff,button,46,average,2026093003,readout,river,0,0.0,
3,8,0.10666666666666667,0.04,C,,75,,selective-stackoff,button,75,average,2026093003,readout,turn,0,0.0,
0,2,0.01015228426395939,0.0,C,,197,,selective-stackoff,overall,197,average,2026093003,readout,flop,0,0.0,
0,1,0.0029154518950437317,0.0,C,,343,,selective-stackoff,overall,343,average,2026093003,readout,preflop,0,0.0,
0,10,0.12195121951219512,0.0,C,,82,,selective-stackoff,overall,82,average,2026093003,readout,river,0,0.0,
3,13,0.10655737704918032,0.02459016393442623,C,,122,,selective-stackoff,overall,122,average,2026093003,readout,turn,0,0.0,
0,2,0.029411764705882353,0.0,C,68,68,,selective-stackoff,big_blind,,current,2026093003,readout,flop,0,0.0,
0,1,0.011494252873563218,0.0,C,87,87,,selective-stackoff,big_blind,,current,2026093003,readout,preflop,0,0.0,
0,8,0.16666666666666666,0.0,C,48,48,,selective-stackoff,big_blind,,current,2026093003,readout,river,0,0.0,
0,7,0.13725490196078433,0.0,C,51,51,,selective-stackoff,big_blind,,current,2026093003,readout,turn,0,0.0,
0,0,0.0,0.0,C,120,120,,selective-stackoff,button,,current,2026093003,readout,flop,0,0.0,
0,0,0.0,0.0,C,256,256,,selective-stackoff,button,,current,2026093003,readout,preflop,0,0.0,
0,9,0.1836734693877551,0.0,C,49,49,,selective-stackoff,button,,current,2026093003,readout,river,0,0.0,
3,8,0.12121212121212122,0.045454545454545456,C,66,66,,selective-stackoff,button,,current,2026093003,readout,turn,0,0.0,
0,2,0.010638297872340425,0.0,C,188,188,,selective-stackoff,overall,,current,2026093003,readout,flop,0,0.0,
0,1,0.0029154518950437317,0.0,C,343,343,,selective-stackoff,overall,,current,2026093003,readout,preflop,0,0.0,
0,17,0.17525773195876287,0.0,C,97,97,,selective-stackoff,overall,,current,2026093003,readout,river,0,0.0,
3,15,0.1282051282051282,0.02564102564102564,C,117,117,,selective-stackoff,overall,,current,2026093003,readout,turn,0,0.0,
0,0,0.0,0.0,A,,19,,tight_aggressive,big_blind,19,average,2026093001,readout,flop,0,0.0,
0,6,0.16216216216216217,0.0,A,,37,,tight_aggressive,big_blind,37,average,2026093001,readout,preflop,0,0.0,
0,5,0.38461538461538464,0.0,A,,13,,tight_aggressive,big_blind,13,average,2026093001,readout,river,0,0.0,
0,1,0.08333333333333333,0.0,A,,12,,tight_aggressive,big_blind,12,average,2026093001,readout,turn,0,0.0,
1,3,0.027777777777777776,0.009259259259259259,A,,108,,tight_aggressive,button,108,average,2026093001,readout,flop,0,0.0,
0,0,0.0,0.0,A,,267,,tight_aggressive,button,267,average,2026093001,readout,preflop,0,0.0,
0,1,0.1,0.0,A,,10,,tight_aggressive,button,10,average,2026093001,readout,river,0,0.0,
2,6,0.1276595744680851,0.0425531914893617,A,,47,,tight_aggressive,button,47,average,2026093001,readout,turn,0,0.0,
1,3,0.023622047244094488,0.007874015748031496,A,,127,,tight_aggressive,overall,127,average,2026093001,readout,flop,0,0.0,
0,6,0.019736842105263157,0.0,A,,304,,tight_aggressive,overall,304,average,2026093001,readout,preflop,0,0.0,
0,6,0.2608695652173913,0.0,A,,23,,tight_aggressive,overall,23,average,2026093001,readout,river,0,0.0,
2,7,0.11864406779661017,0.03389830508474576,A,,59,,tight_aggressive,overall,59,average,2026093001,readout,turn,0,0.0,
0,0,0.0,0.0,A,24,24,,tight_aggressive,big_blind,,current,2026093001,readout,flop,0,0.0,
0,5,0.1388888888888889,0.0,A,36,36,,tight_aggressive,big_blind,,current,2026093001,readout,preflop,0,0.0,
0,5,0.4166666666666667,0.0,A,12,12,,tight_aggressive,big_blind,,current,2026093001,readout,river,0,0.0,
0,1,0.08333333333333333,0.0,A,12,12,,tight_aggressive,big_blind,,current,2026093001,readout,turn,0,0.0,
0,2,0.0196078431372549,0.0,A,102,102,,tight_aggressive,button,,current,2026093001,readout,flop,0,0.0,
0,1,0.003745318352059925,0.0,A,267,267,,tight_aggressive,button,,current,2026093001,readout,preflop,0,0.0,
0,2,0.08,0.0,A,25,25,,tight_aggressive,button,,current,2026093001,readout,river,0,0.0,
0,2,0.03773584905660377,0.0,A,53,53,,tight_aggressive,button,,current,2026093001,readout,turn,0,0.0,
0,2,0.015873015873015872,0.0,A,126,126,,tight_aggressive,overall,,current,2026093001,readout,flop,0,0.0,
0,6,0.019801980198019802,0.0,A,303,303,,tight_aggressive,overall,,current,2026093001,readout,preflop,0,0.0,
0,7,0.1891891891891892,0.0,A,37,37,,tight_aggressive,overall,,current,2026093001,readout,river,0,0.0,
0,3,0.046153846153846156,0.0,A,65,65,,tight_aggressive,overall,,current,2026093001,readout,turn,0,0.0,
0,1,0.038461538461538464,0.0,C,,26,,tight_aggressive,big_blind,26,average,2026093001,readout,flop,0,0.0,
0,4,0.1111111111111111,0.0,C,,36,,tight_aggressive,big_blind,36,average,2026093001,readout,preflop,0,0.0,
0,2,0.2,0.0,C,,10,,tight_aggressive,big_blind,10,average,2026093001,readout,river,0,0.0,
0,1,0.06666666666666667,0.0,C,,15,,tight_aggressive,big_blind,15,average,2026093001,readout,turn,0,0.0,
1,2,0.024096385542168676,0.012048192771084338,C,,83,,tight_aggressive,button,83,average,2026093001,readout,flop,0,0.0,
0,0,0.0,0.0,C,,266,,tight_aggressive,button,266,average,2026093001,readout,preflop,0,0.0,
0,3,0.2,0.0,C,,15,,tight_aggressive,button,14,average,2026093001,readout,river,0,0.0,1
0,4,0.1111111111111111,0.0,C,,36,,tight_aggressive,button,36,average,2026093001,readout,turn,0,0.0,
1,3,0.027522935779816515,0.009174311926605505,C,,109,,tight_aggressive,overall,109,average,2026093001,readout,flop,0,0.0,
0,4,0.013245033112582781,0.0,C,,302,,tight_aggressive,overall,302,average,2026093001,readout,preflop,0,0.0,
0,5,0.2,0.0,C,,25,,tight_aggressive,overall,24,average,2026093001,readout,river,0,0.0,1
0,5,0.09803921568627451,0.0,C,,51,,tight_aggressive,overall,51,average,2026093001,readout,turn,0,0.0,
0,1,0.04,0.0,C,25,25,,tight_aggressive,big_blind,,current,2026093001,readout,flop,0,0.0,
0,4,0.1111111111111111,0.0,C,36,36,,tight_aggressive,big_blind,,current,2026093001,readout,preflop,0,0.0,
0,5,0.45454545454545453,0.0,C,11,11,,tight_aggressive,big_blind,,current,2026093001,readout,river,0,0.0,
0,2,0.14285714285714285,0.0,C,14,14,,tight_aggressive,big_blind,,current,2026093001,readout,turn,0,0.0,
1,3,0.03614457831325301,0.012048192771084338,C,83,83,,tight_aggressive,button,,current,2026093001,readout,flop,0,0.0,
0,0,0.0,0.0,C,264,264,,tight_aggressive,button,,current,2026093001,readout,preflop,0,0.0,
0,1,0.09090909090909091,0.0,C,11,11,,tight_aggressive,button,,current,2026093001,readout,river,0,0.0,
0,3,0.07142857142857142,0.0,C,42,42,,tight_aggressive,button,,current,2026093001,readout,turn,0,0.0,
1,4,0.037037037037037035,0.009259259259259259,C,108,108,,tight_aggressive,overall,,current,2026093001,readout,flop,0,0.0,
0,4,0.013333333333333334,0.0,C,300,300,,tight_aggressive,overall,,current,2026093001,readout,preflop,0,0.0,
0,6,0.2727272727272727,0.0,C,22,22,,tight_aggressive,overall,,current,2026093001,readout,river,0,0.0,
0,5,0.08928571428571429,0.0,C,56,56,,tight_aggressive,overall,,current,2026093001,readout,turn,0,0.0,
0,0,0.0,0.0,A,,20,,tight_aggressive,big_blind,20,average,2026093002,readout,flop,0,0.0,
0,3,0.08571428571428572,0.0,A,,35,,tight_aggressive,big_blind,35,average,2026093002,readout,preflop,0,0.0,
0,0,0.0,0.0,A,,8,,tight_aggressive,big_blind,8,average,2026093002,readout,river,0,0.0,
0,1,0.09090909090909091,0.0,A,,11,,tight_aggressive,big_blind,11,average,2026093002,readout,turn,0,0.0,
1,2,0.02,0.01,A,,100,,tight_aggressive,button,99,average,2026093002,readout,flop,0,0.0,1
0,2,0.007434944237918215,0.0,A,,269,,tight_aggressive,button,269,average,2026093002,readout,preflop,0,0.0,
0,2,0.1,0.0,A,,20,,tight_aggressive,button,20,average,2026093002,readout,river,0,0.0,
0,1,0.02,0.0,A,,50,,tight_aggressive,button,50,average,2026093002,readout,turn,0,0.0,
1,2,0.016666666666666666,0.008333333333333333,A,,120,,tight_aggressive,overall,119,average,2026093002,readout,flop,0,0.0,1
0,5,0.01644736842105263,0.0,A,,304,,tight_aggressive,overall,304,average,2026093002,readout,preflop,0,0.0,
0,2,0.07142857142857142,0.0,A,,28,,tight_aggressive,overall,28,average,2026093002,readout,river,0,0.0,
0,2,0.03278688524590164,0.0,A,,61,,tight_aggressive,overall,61,average,2026093002,readout,turn,0,0.0,
0,1,0.045454545454545456,0.0,A,22,22,,tight_aggressive,big_blind,,current,2026093002,readout,flop,0,0.0,
0,2,0.058823529411764705,0.0,A,34,34,,tight_aggressive,big_blind,,current,2026093002,readout,preflop,0,0.0,
0,1,0.07142857142857142,0.0,A,14,14,,tight_aggressive,big_blind,,current,2026093002,readout,river,0,0.0,
0,1,0.06666666666666667,0.0,A,15,15,,tight_aggressive,big_blind,,current,2026093002,readout,turn,0,0.0,
0,0,0.0,0.0,A,99,99,,tight_aggressive,button,,current,2026093002,readout,flop,0,0.0,
0,2,0.007434944237918215,0.0,A,269,269,,tight_aggressive,button,,current,2026093002,readout,preflop,0,0.0,
0,6,0.18181818181818182,0.0,A,33,33,,tight_aggressive,button,,current,2026093002,readout,river,0,0.0,
0,1,0.01818181818181818,0.0,A,55,55,,tight_aggressive,button,,current,2026093002,readout,turn,0,0.0,
0,1,0.008264462809917356,0.0,A,121,121,,tight_aggressive,overall,,current,2026093002,readout,flop,0,0.0,
0,4,0.013201320132013201,0.0,A,303,303,,tight_aggressive,overall,,current,2026093002,readout,preflop,0,0.0,
0,7,0.14893617021276595,0.0,A,47,47,,tight_aggressive,overall,,current,2026093002,readout,river,0,0.0,
0,2,0.02857142857142857,0.0,A,70,70,,tight_aggressive,overall,,current,2026093002,readout,turn,0,0.0,
0,0,0.0,0.0,C,,24,,tight_aggressive,big_blind,24,average,2026093002,readout,flop,0,0.0,
0,4,0.1111111111111111,0.0,C,,36,,tight_aggressive,big_blind,36,average,2026093002,readout,preflop,0,0.0,
0,0,0.0,0.0,C,,6,,tight_aggressive,big_blind,6,average,2026093002,readout,river,0,0.0,
0,2,0.13333333333333333,0.0,C,,15,,tight_aggressive,big_blind,15,average,2026093002,readout,turn,0,0.0,
0,0,0.0,0.0,C,,91,,tight_aggressive,button,91,average,2026093002,readout,flop,0,0.0,
0,1,0.003745318352059925,0.0,C,,267,,tight_aggressive,button,267,average,2026093002,readout,preflop,0,0.0,
1,3,0.15789473684210525,0.05263157894736842,C,,19,,tight_aggressive,button,19,average,2026093002,readout,river,0,0.0,
0,5,0.1282051282051282,0.0,C,,39,,tight_aggressive,button,39,average,2026093002,readout,turn,0,0.0,
0,0,0.0,0.0,C,,115,,tight_aggressive,overall,115,average,2026093002,readout,flop,0,0.0,
0,5,0.0165016501650165,0.0,C,,303,,tight_aggressive,overall,303,average,2026093002,readout,preflop,0,0.0,
1,3,0.12,0.04,C,,25,,tight_aggressive,overall,25,average,2026093002,readout,river,0,0.0,
0,7,0.12962962962962962,0.0,C,,54,,tight_aggressive,overall,54,average,2026093002,readout,turn,0,0.0,
0,1,0.043478260869565216,0.0,C,23,23,,tight_aggressive,big_blind,,current,2026093002,readout,flop,0,0.0,
0,3,0.08571428571428572,0.0,C,35,35,,tight_aggressive,big_blind,,current,2026093002,readout,preflop,0,0.0,
0,1,0.09090909090909091,0.0,C,11,11,,tight_aggressive,big_blind,,current,2026093002,readout,river,0,0.0,
0,1,0.0625,0.0,C,16,16,,tight_aggressive,big_blind,,current,2026093002,readout,turn,0,0.0,
1,1,0.011111111111111112,0.011111111111111112,C,90,90,,tight_aggressive,button,,current,2026093002,readout,flop,0,0.0,
0,0,0.0,0.0,C,267,267,,tight_aggressive,button,,current,2026093002,readout,preflop,0,0.0,
0,1,0.0625,0.0,C,16,16,,tight_aggressive,button,,current,2026093002,readout,river,0,0.0,
0,2,0.05128205128205128,0.0,C,39,39,,tight_aggressive,button,,current,2026093002,readout,turn,0,0.0,
1,2,0.017699115044247787,0.008849557522123894,C,113,113,,tight_aggressive,overall,,current,2026093002,readout,flop,0,0.0,
0,3,0.009933774834437087,0.0,C,302,302,,tight_aggressive,overall,,current,2026093002,readout,preflop,0,0.0,
0,2,0.07407407407407407,0.0,C,27,27,,tight_aggressive,overall,,current,2026093002,readout,river,0,0.0,
0,3,0.05454545454545454,0.0,C,55,55,,tight_aggressive,overall,,current,2026093002,readout,turn,0,0.0,
0,0,0.0,0.0,A,,21,,tight_aggressive,big_blind,21,average,2026093003,readout,flop,0,0.0,
0,2,0.05714285714285714,0.0,A,,35,,tight_aggressive,big_blind,35,average,2026093003,readout,preflop,0,0.0,
0,0,0.0,0.0,A,,6,,tight_aggressive,big_blind,6,average,2026093003,readout,river,0,0.0,
0,1,0.125,0.0,A,,8,,tight_aggressive,big_blind,8,average,2026093003,readout,turn,0,0.0,
0,2,0.028169014084507043,0.0,A,,71,,tight_aggressive,button,71,average,2026093003,readout,flop,0,0.0,
0,3,0.011278195488721804,0.0,A,,266,,tight_aggressive,button,266,average,2026093003,readout,preflop,0,0.0,
0,2,0.15384615384615385,0.0,A,,13,,tight_aggressive,button,13,average,2026093003,readout,river,0,0.0,
0,3,0.09375,0.0,A,,32,,tight_aggressive,button,32,average,2026093003,readout,turn,0,0.0,
0,2,0.021739130434782608,0.0,A,,92,,tight_aggressive,overall,92,average,2026093003,readout,flop,0,0.0,
0,5,0.016611295681063124,0.0,A,,301,,tight_aggressive,overall,301,average,2026093003,readout,preflop,0,0.0,
0,2,0.10526315789473684,0.0,A,,19,,tight_aggressive,overall,19,average,2026093003,readout,river,0,0.0,
0,4,0.1,0.0,A,,40,,tight_aggressive,overall,40,average,2026093003,readout,turn,0,0.0,
0,0,0.0,0.0,A,22,22,,tight_aggressive,big_blind,,current,2026093003,readout,flop,0,0.0,
0,2,0.05714285714285714,0.0,A,35,35,,tight_aggressive,big_blind,,current,2026093003,readout,preflop,0,0.0,
0,0,0.0,0.0,A,8,8,,tight_aggressive,big_blind,,current,2026093003,readout,river,0,0.0,
0,1,0.1111111111111111,0.0,A,9,9,,tight_aggressive,big_blind,,current,2026093003,readout,turn,0,0.0,
0,1,0.011494252873563218,0.0,A,87,87,,tight_aggressive,button,,current,2026093003,readout,flop,0,0.0,
0,1,0.0037735849056603774,0.0,A,265,265,,tight_aggressive,button,,current,2026093003,readout,preflop,0,0.0,
0,2,0.08333333333333333,0.0,A,24,24,,tight_aggressive,button,,current,2026093003,readout,river,0,0.0,
0,4,0.08888888888888889,0.0,A,45,45,,tight_aggressive,button,,current,2026093003,readout,turn,0,0.0,
0,1,0.009174311926605505,0.0,A,109,109,,tight_aggressive,overall,,current,2026093003,readout,flop,0,0.0,
0,3,0.01,0.0,A,300,300,,tight_aggressive,overall,,current,2026093003,readout,preflop,0,0.0,
0,2,0.0625,0.0,A,32,32,,tight_aggressive,overall,,current,2026093003,readout,river,0,0.0,
0,5,0.09259259259259259,0.0,A,54,54,,tight_aggressive,overall,,current,2026093003,readout,turn,0,0.0,
0,0,0.0,0.0,C,,20,,tight_aggressive,big_blind,20,average,2026093003,readout,flop,0,0.0,
0,4,0.1111111111111111,0.0,C,,36,,tight_aggressive,big_blind,36,average,2026093003,readout,preflop,0,0.0,
0,0,0.0,0.0,C,,5,,tight_aggressive,big_blind,5,average,2026093003,readout,river,0,0.0,
0,2,0.25,0.0,C,,8,,tight_aggressive,big_blind,8,average,2026093003,readout,turn,0,0.0,
1,3,0.033707865168539325,0.011235955056179775,C,,89,,tight_aggressive,button,89,average,2026093003,readout,flop,0,0.0,
0,0,0.0,0.0,C,,265,,tight_aggressive,button,265,average,2026093003,readout,preflop,0,0.0,
0,2,0.2222222222222222,0.0,C,,9,,tight_aggressive,button,9,average,2026093003,readout,river,0,0.0,
0,2,0.08695652173913043,0.0,C,,23,,tight_aggressive,button,23,average,2026093003,readout,turn,0,0.0,
1,3,0.027522935779816515,0.009174311926605505,C,,109,,tight_aggressive,overall,109,average,2026093003,readout,flop,0,0.0,
0,4,0.013289036544850499,0.0,C,,301,,tight_aggressive,overall,301,average,2026093003,readout,preflop,0,0.0,
0,2,0.14285714285714285,0.0,C,,14,,tight_aggressive,overall,14,average,2026093003,readout,river,0,0.0,
0,4,0.12903225806451613,0.0,C,,31,,tight_aggressive,overall,31,average,2026093003,readout,turn,0,0.0,
0,0,0.0,0.0,C,21,21,,tight_aggressive,big_blind,,current,2026093003,readout,flop,0,0.0,
0,3,0.08333333333333333,0.0,C,36,36,,tight_aggressive,big_blind,,current,2026093003,readout,preflop,0,0.0,
0,0,0.0,0.0,C,7,7,,tight_aggressive,big_blind,,current,2026093003,readout,river,0,0.0,
0,1,0.14285714285714285,0.0,C,7,7,,tight_aggressive,big_blind,,current,2026093003,readout,turn,0,0.0,
1,2,0.022222222222222223,0.011111111111111112,C,90,90,,tight_aggressive,button,,current,2026093003,readout,flop,0,0.0,
0,0,0.0,0.0,C,264,264,,tight_aggressive,button,,current,2026093003,readout,preflop,0,0.0,
0,1,0.1111111111111111,0.0,C,9,9,,tight_aggressive,button,,current,2026093003,readout,river,0,0.0,
0,2,0.06451612903225806,0.0,C,31,31,,tight_aggressive,button,,current,2026093003,readout,turn,0,0.0,
1,2,0.018018018018018018,0.009009009009009009,C,111,111,,tight_aggressive,overall,,current,2026093003,readout,flop,0,0.0,
0,3,0.01,0.0,C,300,300,,tight_aggressive,overall,,current,2026093003,readout,preflop,0,0.0,
0,1,0.0625,0.0,C,16,16,,tight_aggressive,overall,,current,2026093003,readout,river,0,0.0,
0,3,0.07894736842105263,0.0,C,38,38,,tight_aggressive,overall,,current,2026093003,readout,turn,0,0.0,
0,0,0.0,0.0,A,,16,,tight_passive,big_blind,16,average,2026093001,readout,flop,0,0.0,
0,0,0.0,0.0,A,,16,,tight_passive,big_blind,16,average,2026093001,readout,preflop,0,0.0,
0,1,0.16666666666666666,0.0,A,,6,,tight_passive,big_blind,6,average,2026093001,readout,river,0,0.0,
0,0,0.0,0.0,A,,10,,tight_passive,big_blind,10,average,2026093001,readout,turn,0,0.0,
0,2,0.019417475728155338,0.0,A,,103,,tight_passive,button,103,average,2026093001,readout,flop,0,0.0,
0,0,0.0,0.0,A,,256,,tight_passive,button,256,average,2026093001,readout,preflop,0,0.0,
0,1,0.03125,0.0,A,,32,,tight_passive,button,32,average,2026093001,readout,river,0,0.0,
0,3,0.05660377358490566,0.0,A,,53,,tight_passive,button,53,average,2026093001,readout,turn,0,0.0,
0,2,0.01680672268907563,0.0,A,,119,,tight_passive,overall,119,average,2026093001,readout,flop,0,0.0,
0,0,0.0,0.0,A,,272,,tight_passive,overall,272,average,2026093001,readout,preflop,0,0.0,
0,2,0.05263157894736842,0.0,A,,38,,tight_passive,overall,38,average,2026093001,readout,river,0,0.0,
0,3,0.047619047619047616,0.0,A,,63,,tight_passive,overall,63,average,2026093001,readout,turn,0,0.0,
0,0,0.0,0.0,A,15,15,,tight_passive,big_blind,,current,2026093001,readout,flop,0,0.0,
0,0,0.0,0.0,A,16,16,,tight_passive,big_blind,,current,2026093001,readout,preflop,0,0.0,
0,1,0.16666666666666666,0.0,A,6,6,,tight_passive,big_blind,,current,2026093001,readout,river,0,0.0,
0,0,0.0,0.0,A,8,8,,tight_passive,big_blind,,current,2026093001,readout,turn,0,0.0,
0,2,0.023809523809523808,0.0,A,84,84,,tight_passive,button,,current,2026093001,readout,flop,0,0.0,
0,0,0.0,0.0,A,256,256,,tight_passive,button,,current,2026093001,readout,preflop,0,0.0,
0,0,0.0,0.0,A,23,23,,tight_passive,button,,current,2026093001,readout,river,0,0.0,
0,3,0.06976744186046512,0.0,A,43,43,,tight_passive,button,,current,2026093001,readout,turn,0,0.0,
0,2,0.020202020202020204,0.0,A,99,99,,tight_passive,overall,,current,2026093001,readout,flop,0,0.0,
0,0,0.0,0.0,A,272,272,,tight_passive,overall,,current,2026093001,readout,preflop,0,0.0,
0,1,0.034482758620689655,0.0,A,29,29,,tight_passive,overall,,current,2026093001,readout,river,0,0.0,
0,3,0.058823529411764705,0.0,A,51,51,,tight_passive,overall,,current,2026093001,readout,turn,0,0.0,
0,0,0.0,0.0,C,,16,,tight_passive,big_blind,16,average,2026093001,readout,flop,0,0.0,
0,0,0.0,0.0,C,,16,,tight_passive,big_blind,16,average,2026093001,readout,preflop,0,0.0,
0,1,0.14285714285714285,0.0,C,,7,,tight_passive,big_blind,7,average,2026093001,readout,river,0,0.0,
0,2,0.18181818181818182,0.0,C,,11,,tight_passive,big_blind,11,average,2026093001,readout,turn,0,0.0,
0,1,0.011235955056179775,0.0,C,,89,,tight_passive,button,89,average,2026093001,readout,flop,0,0.0,
0,0,0.0,0.0,C,,256,,tight_passive,button,256,average,2026093001,readout,preflop,0,0.0,
0,2,0.09523809523809523,0.0,C,,21,,tight_passive,button,21,average,2026093001,readout,river,0,0.0,
2,5,0.12195121951219512,0.04878048780487805,C,,41,2,tight_passive,button,39,average,2026093001,readout,turn,2,0.04878048780487805,
0,1,0.009523809523809525,0.0,C,,105,,tight_passive,overall,105,average,2026093001,readout,flop,0,0.0,
0,0,0.0,0.0,C,,272,,tight_passive,overall,272,average,2026093001,readout,preflop,0,0.0,
0,3,0.10714285714285714,0.0,C,,28,,tight_passive,overall,28,average,2026093001,readout,river,0,0.0,
2,7,0.1346153846153846,0.038461538461538464,C,,52,2,tight_passive,overall,50,average,2026093001,readout,turn,2,0.038461538461538464,
0,0,0.0,0.0,C,16,16,,tight_passive,big_blind,,current,2026093001,readout,flop,0,0.0,
0,0,0.0,0.0,C,16,16,,tight_passive,big_blind,,current,2026093001,readout,preflop,0,0.0,
0,0,0.0,0.0,C,7,7,,tight_passive,big_blind,,current,2026093001,readout,river,0,0.0,
1,3,0.3,0.1,C,9,10,1,tight_passive,big_blind,,current,2026093001,readout,turn,1,0.1,
0,1,0.012345679012345678,0.0,C,81,81,,tight_passive,button,,current,2026093001,readout,flop,0,0.0,
0,0,0.0,0.0,C,256,256,,tight_passive,button,,current,2026093001,readout,preflop,0,0.0,
0,1,0.05263157894736842,0.0,C,19,19,,tight_passive,button,,current,2026093001,readout,river,0,0.0,
1,6,0.13043478260869565,0.021739130434782608,C,45,46,1,tight_passive,button,,current,2026093001,readout,turn,1,0.021739130434782608,
0,1,0.010309278350515464,0.0,C,97,97,,tight_passive,overall,,current,2026093001,readout,flop,0,0.0,
0,0,0.0,0.0,C,272,272,,tight_passive,overall,,current,2026093001,readout,preflop,0,0.0,
0,1,0.038461538461538464,0.0,C,26,26,,tight_passive,overall,,current,2026093001,readout,river,0,0.0,
2,9,0.16071428571428573,0.03571428571428571,C,54,56,2,tight_passive,overall,,current,2026093001,readout,turn,2,0.03571428571428571,
0,0,0.0,0.0,A,,16,,tight_passive,big_blind,16,average,2026093002,readout,flop,0,0.0,
0,0,0.0,0.0,A,,16,,tight_passive,big_blind,16,average,2026093002,readout,preflop,0,0.0,
0,1,0.14285714285714285,0.0,A,,7,,tight_passive,big_blind,7,average,2026093002,readout,river,0,0.0,
1,1,0.1,0.1,A,,10,1,tight_passive,big_blind,9,average,2026093002,readout,turn,1,0.1,
0,3,0.02830188679245283,0.0,A,,106,,tight_passive,button,106,average,2026093002,readout,flop,0,0.0,
0,0,0.0,0.0,A,,256,,tight_passive,button,256,average,2026093002,readout,preflop,0,0.0,
0,5,0.14705882352941177,0.0,A,,34,,tight_passive,button,34,average,2026093002,readout,river,0,0.0,
0,3,0.05357142857142857,0.0,A,,56,,tight_passive,button,56,average,2026093002,readout,turn,0,0.0,
0,3,0.02459016393442623,0.0,A,,122,,tight_passive,overall,122,average,2026093002,readout,flop,0,0.0,
0,0,0.0,0.0,A,,272,,tight_passive,overall,272,average,2026093002,readout,preflop,0,0.0,
0,6,0.14634146341463414,0.0,A,,41,,tight_passive,overall,41,average,2026093002,readout,river,0,0.0,
1,4,0.06060606060606061,0.015151515151515152,A,,66,1,tight_passive,overall,65,average,2026093002,readout,turn,1,0.015151515151515152,
0,0,0.0,0.0,A,15,15,,tight_passive,big_blind,,current,2026093002,readout,flop,0,0.0,
0,0,0.0,0.0,A,16,16,,tight_passive,big_blind,,current,2026093002,readout,preflop,0,0.0,
0,1,0.16666666666666666,0.0,A,6,6,,tight_passive,big_blind,,current,2026093002,readout,river,0,0.0,
1,1,0.1111111111111111,0.1111111111111111,A,8,9,1,tight_passive,big_blind,,current,2026093002,readout,turn,1,0.1111111111111111,
0,3,0.02631578947368421,0.0,A,114,114,,tight_passive,button,,current,2026093002,readout,flop,0,0.0,
0,0,0.0,0.0,A,256,256,,tight_passive,button,,current,2026093002,readout,preflop,0,0.0,
0,5,0.1388888888888889,0.0,A,36,36,,tight_passive,button,,current,2026093002,readout,river,0,0.0,
0,2,0.028985507246376812,0.0,A,69,69,,tight_passive,button,,current,2026093002,readout,turn,0,0.0,
0,3,0.023255813953488372,0.0,A,129,129,,tight_passive,overall,,current,2026093002,readout,flop,0,0.0,
0,0,0.0,0.0,A,272,272,,tight_passive,overall,,current,2026093002,readout,preflop,0,0.0,
0,6,0.14285714285714285,0.0,A,42,42,,tight_passive,overall,,current,2026093002,readout,river,0,0.0,
1,3,0.038461538461538464,0.01282051282051282,A,77,78,1,tight_passive,overall,,current,2026093002,readout,turn,1,0.01282051282051282,
0,1,0.06666666666666667,0.0,C,,15,,tight_passive,big_blind,15,average,2026093002,readout,flop,0,0.0,
0,1,0.058823529411764705,0.0,C,,17,,tight_passive,big_blind,17,average,2026093002,readout,preflop,0,0.0,
0,0,0.0,0.0,C,,6,,tight_passive,big_blind,6,average,2026093002,readout,river,0,0.0,
1,2,0.16666666666666666,0.08333333333333333,C,,12,1,tight_passive,big_blind,11,average,2026093002,readout,turn,1,0.08333333333333333,
0,3,0.030612244897959183,0.0,C,,98,,tight_passive,button,98,average,2026093002,readout,flop,0,0.0,
0,0,0.0,0.0,C,,256,,tight_passive,button,256,average,2026093002,readout,preflop,0,0.0,
0,5,0.2,0.0,C,,25,,tight_passive,button,25,average,2026093002,readout,river,0,0.0,
2,7,0.16279069767441862,0.046511627906976744,C,,43,2,tight_passive,button,41,average,2026093002,readout,turn,2,0.046511627906976744,
0,4,0.035398230088495575,0.0,C,,113,,tight_passive,overall,113,average,2026093002,readout,flop,0,0.0,
0,1,0.003663003663003663,0.0,C,,273,,tight_passive,overall,273,average,2026093002,readout,preflop,0,0.0,
0,5,0.16129032258064516,0.0,C,,31,,tight_passive,overall,31,average,2026093002,readout,river,0,0.0,
3,9,0.16363636363636364,0.05454545454545454,C,,55,3,tight_passive,overall,52,average,2026093002,readout,turn,3,0.05454545454545454,
0,1,0.06666666666666667,0.0,C,15,15,,tight_passive,big_blind,,current,2026093002,readout,flop,0,0.0,
0,1,0.058823529411764705,0.0,C,17,17,,tight_passive,big_blind,,current,2026093002,readout,preflop,0,0.0,
0,0,0.0,0.0,C,7,7,,tight_passive,big_blind,,current,2026093002,readout,river,0,0.0,
1,1,0.1,0.1,C,9,10,1,tight_passive,big_blind,,current,2026093002,readout,turn,1,0.1,
0,3,0.03,0.0,C,100,100,,tight_passive,button,,current,2026093002,readout,flop,0,0.0,
0,0,0.0,0.0,C,256,256,,tight_passive,button,,current,2026093002,readout,preflop,0,0.0,
0,6,0.20689655172413793,0.0,C,29,29,,tight_passive,button,,current,2026093002,readout,river,0,0.0,
0,3,0.06818181818181818,0.0,C,44,44,,tight_passive,button,,current,2026093002,readout,turn,0,0.0,
0,4,0.034782608695652174,0.0,C,115,115,,tight_passive,overall,,current,2026093002,readout,flop,0,0.0,
0,1,0.003663003663003663,0.0,C,273,273,,tight_passive,overall,,current,2026093002,readout,preflop,0,0.0,
0,6,0.16666666666666666,0.0,C,36,36,,tight_passive,overall,,current,2026093002,readout,river,0,0.0,
1,4,0.07407407407407407,0.018518518518518517,C,53,54,1,tight_passive,overall,,current,2026093002,readout,turn,1,0.018518518518518517,
0,0,0.0,0.0,A,,16,,tight_passive,big_blind,16,average,2026093003,readout,flop,0,0.0,
0,0,0.0,0.0,A,,16,,tight_passive,big_blind,16,average,2026093003,readout,preflop,0,0.0,
0,1,0.14285714285714285,0.0,A,,7,,tight_passive,big_blind,7,average,2026093003,readout,river,0,0.0,
1,1,0.1,0.1,A,,10,1,tight_passive,big_blind,9,average,2026093003,readout,turn,1,0.1,
0,1,0.01020408163265306,0.0,A,,98,,tight_passive,button,98,average,2026093003,readout,flop,0,0.0,
0,0,0.0,0.0,A,,256,,tight_passive,button,256,average,2026093003,readout,preflop,0,0.0,
1,6,0.2,0.03333333333333333,A,,30,1,tight_passive,button,29,average,2026093003,readout,river,1,0.03333333333333333,
1,4,0.09090909090909091,0.022727272727272728,A,,44,1,tight_passive,button,43,average,2026093003,readout,turn,1,0.022727272727272728,
0,1,0.008771929824561403,0.0,A,,114,,tight_passive,overall,114,average,2026093003,readout,flop,0,0.0,
0,0,0.0,0.0,A,,272,,tight_passive,overall,272,average,2026093003,readout,preflop,0,0.0,
1,7,0.1891891891891892,0.02702702702702703,A,,37,1,tight_passive,overall,36,average,2026093003,readout,river,1,0.02702702702702703,
2,5,0.09259259259259259,0.037037037037037035,A,,54,2,tight_passive,overall,52,average,2026093003,readout,turn,2,0.037037037037037035,
0,0,0.0,0.0,A,16,16,,tight_passive,big_blind,,current,2026093003,readout,flop,0,0.0,
0,0,0.0,0.0,A,16,16,,tight_passive,big_blind,,current,2026093003,readout,preflop,0,0.0,
0,1,0.125,0.0,A,8,8,,tight_passive,big_blind,,current,2026093003,readout,river,0,0.0,
0,0,0.0,0.0,A,9,9,,tight_passive,big_blind,,current,2026093003,readout,turn,0,0.0,
0,1,0.011111111111111112,0.0,A,90,90,,tight_passive,button,,current,2026093003,readout,flop,0,0.0,
0,0,0.0,0.0,A,256,256,,tight_passive,button,,current,2026093003,readout,preflop,0,0.0,
1,3,0.12,0.04,A,25,25,,tight_passive,button,,current,2026093003,readout,river,0,0.0,
0,5,0.1111111111111111,0.0,A,45,45,,tight_passive,button,,current,2026093003,readout,turn,0,0.0,
0,1,0.009433962264150943,0.0,A,106,106,,tight_passive,overall,,current,2026093003,readout,flop,0,0.0,
0,0,0.0,0.0,A,272,272,,tight_passive,overall,,current,2026093003,readout,preflop,0,0.0,
1,4,0.12121212121212122,0.030303030303030304,A,33,33,,tight_passive,overall,,current,2026093003,readout,river,0,0.0,
0,5,0.09259259259259259,0.0,A,54,54,,tight_passive,overall,,current,2026093003,readout,turn,0,0.0,
0,1,0.0625,0.0,C,,16,,tight_passive,big_blind,16,average,2026093003,readout,flop,0,0.0,
0,0,0.0,0.0,C,,16,,tight_passive,big_blind,16,average,2026093003,readout,preflop,0,0.0,
0,0,0.0,0.0,C,,6,,tight_passive,big_blind,6,average,2026093003,readout,river,0,0.0,
1,3,0.2727272727272727,0.09090909090909091,C,,11,1,tight_passive,big_blind,10,average,2026093003,readout,turn,1,0.09090909090909091,
0,3,0.03296703296703297,0.0,C,,91,,tight_passive,button,91,average,2026093003,readout,flop,0,0.0,
0,0,0.0,0.0,C,,256,,tight_passive,button,256,average,2026093003,readout,preflop,0,0.0,
0,2,0.11764705882352941,0.0,C,,17,,tight_passive,button,17,average,2026093003,readout,river,0,0.0,
1,5,0.15151515151515152,0.030303030303030304,C,,33,1,tight_passive,button,32,average,2026093003,readout,turn,1,0.030303030303030304,
0,4,0.037383177570093455,0.0,C,,107,,tight_passive,overall,107,average,2026093003,readout,flop,0,0.0,
0,0,0.0,0.0,C,,272,,tight_passive,overall,272,average,2026093003,readout,preflop,0,0.0,
0,2,0.08695652173913043,0.0,C,,23,,tight_passive,overall,23,average,2026093003,readout,river,0,0.0,
2,8,0.18181818181818182,0.045454545454545456,C,,44,2,tight_passive,overall,42,average,2026093003,readout,turn,2,0.045454545454545456,
0,1,0.06666666666666667,0.0,C,15,15,,tight_passive,big_blind,,current,2026093003,readout,flop,0,0.0,
0,0,0.0,0.0,C,16,16,,tight_passive,big_blind,,current,2026093003,readout,preflop,0,0.0,
0,1,0.125,0.0,C,8,8,,tight_passive,big_blind,,current,2026093003,readout,river,0,0.0,
0,2,0.2,0.0,C,10,10,,tight_passive,big_blind,,current,2026093003,readout,turn,0,0.0,
0,1,0.009900990099009901,0.0,C,101,101,,tight_passive,button,,current,2026093003,readout,flop,0,0.0,
0,0,0.0,0.0,C,256,256,,tight_passive,button,,current,2026093003,readout,preflop,0,0.0,
0,3,0.13636363636363635,0.0,C,22,22,,tight_passive,button,,current,2026093003,readout,river,0,0.0,
0,3,0.08571428571428572,0.0,C,35,35,,tight_passive,button,,current,2026093003,readout,turn,0,0.0,
0,2,0.017241379310344827,0.0,C,116,116,,tight_passive,overall,,current,2026093003,readout,flop,0,0.0,
0,0,0.0,0.0,C,272,272,,tight_passive,overall,,current,2026093003,readout,preflop,0,0.0,
0,4,0.13333333333333333,0.0,C,30,30,,tight_passive,overall,,current,2026093003,readout,river,0,0.0,
0,5,0.1111111111111111,0.0,C,45,45,,tight_passive,overall,,current,2026093003,readout,turn,0,0.0,
1,8,0.048484848484848485,0.006060606060606061,A,,165,,uniform,big_blind,165,average,2026093001,readout,flop,0,0.0,
0,10,0.04878048780487805,0.0,A,,205,,uniform,big_blind,205,average,2026093001,readout,preflop,0,0.0,
1,9,0.2903225806451613,0.03225806451612903,A,,31,,uniform,big_blind,30,average,2026093001,readout,river,0,0.0,1
2,21,0.2692307692307692,0.02564102564102564,A,,78,,uniform,big_blind,77,average,2026093001,readout,turn,0,0.0,1
4,14,0.10687022900763359,0.030534351145038167,A,,131,,uniform,button,129,average,2026093001,readout,flop,0,0.0,2
0,3,0.00804289544235925,0.0,A,,373,,uniform,button,373,average,2026093001,readout,preflop,0,0.0,
3,26,0.7647058823529411,0.08823529411764706,A,,34,,uniform,button,32,average,2026093001,readout,river,0,0.0,2
7,23,0.36507936507936506,0.1111111111111111,A,,63,1,uniform,button,59,average,2026093001,readout,turn,1,0.015873015873015872,3
5,22,0.07432432432432433,0.016891891891891893,A,,296,,uniform,overall,294,average,2026093001,readout,flop,0,0.0,2
0,13,0.02249134948096886,0.0,A,,578,,uniform,overall,578,average,2026093001,readout,preflop,0,0.0,
4,35,0.5384615384615384,0.06153846153846154,A,,65,,uniform,overall,62,average,2026093001,readout,river,0,0.0,3
9,44,0.3120567375886525,0.06382978723404255,A,,141,1,uniform,overall,136,average,2026093001,readout,turn,1,0.0070921985815602835,4
0,10,0.05649717514124294,0.0,A,177,177,,uniform,big_blind,,current,2026093001,readout,flop,0,0.0,
0,14,0.0673076923076923,0.0,A,208,208,,uniform,big_blind,,current,2026093001,readout,preflop,0,0.0,
1,11,0.28205128205128205,0.02564102564102564,A,39,39,,uniform,big_blind,,current,2026093001,readout,river,0,0.0,
2,17,0.22666666666666666,0.02666666666666667,A,75,75,,uniform,big_blind,,current,2026093001,readout,turn,0,0.0,
5,15,0.11278195488721804,0.03759398496240601,A,133,133,,uniform,button,,current,2026093001,readout,flop,0,0.0,
0,3,0.008241758241758242,0.0,A,364,364,,uniform,button,,current,2026093001,readout,preflop,0,0.0,
2,19,0.5757575757575758,0.06060606060606061,A,33,33,,uniform,button,,current,2026093001,readout,river,0,0.0,
7,20,0.32786885245901637,0.11475409836065574,A,60,61,1,uniform,button,,current,2026093001,readout,turn,1,0.01639344262295082,
5,25,0.08064516129032258,0.016129032258064516,A,310,310,,uniform,overall,,current,2026093001,readout,flop,0,0.0,
0,17,0.02972027972027972,0.0,A,572,572,,uniform,overall,,current,2026093001,readout,preflop,0,0.0,
3,30,0.4166666666666667,0.041666666666666664,A,72,72,,uniform,overall,,current,2026093001,readout,river,0,0.0,
9,37,0.27205882352941174,0.0661764705882353,A,135,136,1,uniform,overall,,current,2026093001,readout,turn,1,0.007352941176470588,
0,9,0.05084745762711865,0.0,C,,177,,uniform,big_blind,177,average,2026093001,readout,flop,0,0.0,
0,15,0.07246376811594203,0.0,C,,207,,uniform,big_blind,207,average,2026093001,readout,preflop,0,0.0,
1,8,0.26666666666666666,0.03333333333333333,C,,30,,uniform,big_blind,29,average,2026093001,readout,river,0,0.0,1
1,23,0.27058823529411763,0.011764705882352941,C,,85,,uniform,big_blind,85,average,2026093001,readout,turn,0,0.0,
3,11,0.08461538461538462,0.023076923076923078,C,,130,,uniform,button,129,average,2026093001,readout,flop,0,0.0,1
0,6,0.01639344262295082,0.0,C,,366,,uniform,button,366,average,2026093001,readout,preflop,0,0.0,
0,14,0.5185185185185185,0.0,C,,27,,uniform,button,27,average,2026093001,readout,river,0,0.0,
1,20,0.3508771929824561,0.017543859649122806,C,,57,,uniform,button,57,average,2026093001,readout,turn,0,0.0,
3,20,0.06514657980456026,0.009771986970684038,C,,307,,uniform,overall,306,average,2026093001,readout,flop,0,0.0,1
0,21,0.03664921465968586,0.0,C,,573,,uniform,overall,573,average,2026093001,readout,preflop,0,0.0,
1,22,0.38596491228070173,0.017543859649122806,C,,57,,uniform,overall,56,average,2026093001,readout,river,0,0.0,1
2,43,0.3028169014084507,0.014084507042253521,C,,142,,uniform,overall,142,average,2026093001,readout,turn,0,0.0,
0,10,0.05847953216374269,0.0,C,171,171,,uniform,big_blind,,current,2026093001,readout,flop,0,0.0,
0,14,0.06796116504854369,0.0,C,206,206,,uniform,big_blind,,current,2026093001,readout,preflop,0,0.0,
0,6,0.2857142857142857,0.0,C,21,21,,uniform,big_blind,,current,2026093001,readout,river,0,0.0,
0,14,0.175,0.0,C,80,80,,uniform,big_blind,,current,2026093001,readout,turn,0,0.0,
3,12,0.08633093525179857,0.02158273381294964,C,139,139,,uniform,button,,current,2026093001,readout,flop,0,0.0,
0,6,0.016129032258064516,0.0,C,372,372,,uniform,button,,current,2026093001,readout,preflop,0,0.0,
2,17,0.5151515151515151,0.06060606060606061,C,33,33,,uniform,button,,current,2026093001,readout,river,0,0.0,
1,18,0.28125,0.015625,C,64,64,,uniform,button,,current,2026093001,readout,turn,0,0.0,
3,22,0.07096774193548387,0.00967741935483871,C,310,310,,uniform,overall,,current,2026093001,readout,flop,0,0.0,
0,20,0.03460207612456748,0.0,C,578,578,,uniform,overall,,current,2026093001,readout,preflop,0,0.0,
2,23,0.42592592592592593,0.037037037037037035,C,54,54,,uniform,overall,,current,2026093001,readout,river,0,0.0,
1,32,0.2222222222222222,0.006944444444444444,C,144,144,,uniform,overall,,current,2026093001,readout,turn,0,0.0,
0,10,0.05952380952380952,0.0,A,,168,,uniform,big_blind,168,average,2026093002,readout,flop,0,0.0,
0,12,0.057692307692307696,0.0,A,,208,,uniform,big_blind,208,average,2026093002,readout,preflop,0,0.0,
2,9,0.36,0.08,A,,25,,uniform,big_blind,23,average,2026093002,readout,river,0,0.0,2
2,25,0.35714285714285715,0.02857142857142857,A,,70,,uniform,big_blind,69,average,2026093002,readout,turn,0,0.0,1
3,17,0.12318840579710146,0.021739130434782608,A,,138,,uniform,button,137,average,2026093002,readout,flop,0,0.0,1
0,2,0.005305039787798408,0.0,A,,377,,uniform,button,377,average,2026093002,readout,preflop,0,0.0,
7,28,0.8,0.2,A,,35,,uniform,button,32,average,2026093002,readout,river,0,0.0,3
6,30,0.4411764705882353,0.08823529411764706,A,,68,,uniform,button,64,average,2026093002,readout,turn,0,0.0,4
3,27,0.08823529411764706,0.00980392156862745,A,,306,,uniform,overall,305,average,2026093002,readout,flop,0,0.0,1
0,14,0.023931623931623933,0.0,A,,585,,uniform,overall,585,average,2026093002,readout,preflop,0,0.0,
9,37,0.6166666666666667,0.15,A,,60,,uniform,overall,55,average,2026093002,readout,river,0,0.0,5
8,55,0.39855072463768115,0.057971014492753624,A,,138,,uniform,overall,133,average,2026093002,readout,turn,0,0.0,5
0,8,0.05063291139240506,0.0,A,158,158,,uniform,big_blind,,current,2026093002,readout,flop,0,0.0,
0,12,0.05825242718446602,0.0,A,206,206,,uniform,big_blind,,current,2026093002,readout,preflop,0,0.0,
1,5,0.17857142857142858,0.03571428571428571,A,28,28,,uniform,big_blind,,current,2026093002,readout,river,0,0.0,
1,20,0.2597402597402597,0.012987012987012988,A,77,77,,uniform,big_blind,,current,2026093002,readout,turn,0,0.0,
3,13,0.0896551724137931,0.020689655172413793,A,145,145,,uniform,button,,current,2026093002,readout,flop,0,0.0,
0,4,0.010752688172043012,0.0,A,372,372,,uniform,button,,current,2026093002,readout,preflop,0,0.0,
7,26,0.6190476190476191,0.16666666666666666,A,42,42,,uniform,button,,current,2026093002,readout,river,0,0.0,
4,30,0.40540540540540543,0.05405405405405406,A,74,74,,uniform,button,,current,2026093002,readout,turn,0,0.0,
3,21,0.06930693069306931,0.009900990099009901,A,303,303,,uniform,overall,,current,2026093002,readout,flop,0,0.0,
0,16,0.02768166089965398,0.0,A,578,578,,uniform,overall,,current,2026093002,readout,preflop,0,0.0,
8,31,0.44285714285714284,0.11428571428571428,A,70,70,,uniform,overall,,current,2026093002,readout,river,0,0.0,
5,50,0.33112582781456956,0.033112582781456956,A,151,151,,uniform,overall,,current,2026093002,readout,turn,0,0.0,
1,8,0.049689440993788817,0.006211180124223602,C,,161,,uniform,big_blind,161,average,2026093002,readout,flop,0,0.0,
0,12,0.057692307692307696,0.0,C,,208,,uniform,big_blind,208,average,2026093002,readout,preflop,0,0.0,
0,7,0.19444444444444445,0.0,C,,36,,uniform,big_blind,36,average,2026093002,readout,river,0,0.0,
2,20,0.23809523809523808,0.023809523809523808,C,,84,,uniform,big_blind,83,average,2026093002,readout,turn,0,0.0,1
1,23,0.1597222222222222,0.006944444444444444,C,,144,,uniform,button,144,average,2026093002,readout,flop,0,0.0,
0,4,0.010498687664041995,0.0,C,,381,,uniform,button,381,average,2026093002,readout,preflop,0,0.0,
4,20,0.5714285714285714,0.11428571428571428,C,,35,,uniform,button,34,average,2026093002,readout,river,0,0.0,1
4,30,0.40540540540540543,0.05405405405405406,C,,74,2,uniform,button,72,average,2026093002,readout,turn,2,0.02702702702702703,
2,31,0.10163934426229508,0.006557377049180328,C,,305,,uniform,overall,305,average,2026093002,readout,flop,0,0.0,
0,16,0.027164685908319185,0.0,C,,589,,uniform,overall,589,average,2026093002,readout,preflop,0,0.0,
4,27,0.38028169014084506,0.056338028169014086,C,,71,,uniform,overall,70,average,2026093002,readout,river,0,0.0,1
6,50,0.31645569620253167,0.0379746835443038,C,,158,2,uniform,overall,155,average,2026093002,readout,turn,2,0.012658227848101266,1
0,9,0.056962025316455694,0.0,C,158,158,,uniform,big_blind,,current,2026093002,readout,flop,0,0.0,
0,12,0.057971014492753624,0.0,C,207,207,,uniform,big_blind,,current,2026093002,readout,preflop,0,0.0,
1,8,0.22857142857142856,0.02857142857142857,C,35,35,,uniform,big_blind,,current,2026093002,readout,river,0,0.0,
1,13,0.16049382716049382,0.012345679012345678,C,81,81,,uniform,big_blind,,current,2026093002,readout,turn,0,0.0,
3,14,0.09655172413793103,0.020689655172413793,C,145,145,,uniform,button,,current,2026093002,readout,flop,0,0.0,
0,3,0.008086253369272238,0.0,C,371,371,,uniform,button,,current,2026093002,readout,preflop,0,0.0,
2,26,0.5416666666666666,0.041666666666666664,C,48,48,,uniform,button,,current,2026093002,readout,river,0,0.0,
6,28,0.3684210526315789,0.07894736842105263,C,76,76,,uniform,button,,current,2026093002,readout,turn,0,0.0,
3,23,0.07590759075907591,0.009900990099009901,C,303,303,,uniform,overall,,current,2026093002,readout,flop,0,0.0,
0,15,0.025951557093425604,0.0,C,578,578,,uniform,overall,,current,2026093002,readout,preflop,0,0.0,
3,34,0.40963855421686746,0.03614457831325301,C,83,83,,uniform,overall,,current,2026093002,readout,river,0,0.0,
7,41,0.2611464968152866,0.044585987261146494,C,157,157,,uniform,overall,,current,2026093002,readout,turn,0,0.0,
1,11,0.06179775280898876,0.0056179775280898875,A,,178,,uniform,big_blind,178,average,2026093003,readout,flop,0,0.0,
0,12,0.058823529411764705,0.0,A,,204,,uniform,big_blind,204,average,2026093003,readout,preflop,0,0.0,
1,8,0.1951219512195122,0.024390243902439025,A,,41,,uniform,big_blind,40,average,2026093003,readout,river,0,0.0,1
1,24,0.23529411764705882,0.00980392156862745,A,,102,,uniform,big_blind,102,average,2026093003,readout,turn,0,0.0,
3,15,0.1079136690647482,0.02158273381294964,A,,139,1,uniform,button,137,average,2026093003,readout,flop,1,0.007194244604316547,1
0,1,0.002688172043010753,0.0,A,,372,,uniform,button,372,average,2026093003,readout,preflop,0,0.0,
4,22,0.7333333333333333,0.13333333333333333,A,,30,,uniform,button,28,average,2026093003,readout,river,0,0.0,2
3,23,0.40350877192982454,0.05263157894736842,A,,57,,uniform,button,55,average,2026093003,readout,turn,0,0.0,2
4,26,0.08201892744479496,0.012618296529968454,A,,317,1,uniform,overall,315,average,2026093003,readout,flop,1,0.0031545741324921135,1
0,13,0.022569444444444444,0.0,A,,576,,uniform,overall,576,average,2026093003,readout,preflop,0,0.0,
5,30,0.4225352112676056,0.07042253521126761,A,,71,,uniform,overall,68,average,2026093003,readout,river,0,0.0,3
4,47,0.29559748427672955,0.025157232704402517,A,,159,,uniform,overall,157,average,2026093003,readout,turn,0,0.0,2
3,11,0.06707317073170732,0.018292682926829267,A,164,164,,uniform,big_blind,,current,2026093003,readout,flop,0,0.0,
0,12,0.058823529411764705,0.0,A,204,204,,uniform,big_blind,,current,2026093003,readout,preflop,0,0.0,
2,12,0.3076923076923077,0.05128205128205128,A,39,39,,uniform,big_blind,,current,2026093003,readout,river,0,0.0,
1,19,0.24675324675324675,0.012987012987012988,A,77,77,,uniform,big_blind,,current,2026093003,readout,turn,0,0.0,
3,10,0.07246376811594203,0.021739130434782608,A,138,138,,uniform,button,,current,2026093003,readout,flop,0,0.0,
0,2,0.005376344086021506,0.0,A,372,372,,uniform,button,,current,2026093003,readout,preflop,0,0.0,
7,24,0.75,0.21875,A,31,32,1,uniform,button,,current,2026093003,readout,river,1,0.03125,
3,29,0.42028985507246375,0.043478260869565216,A,69,69,,uniform,button,,current,2026093003,readout,turn,0,0.0,
6,21,0.0695364238410596,0.019867549668874173,A,302,302,,uniform,overall,,current,2026093003,readout,flop,0,0.0,
0,14,0.024305555555555556,0.0,A,576,576,,uniform,overall,,current,2026093003,readout,preflop,0,0.0,
9,36,0.5070422535211268,0.1267605633802817,A,70,71,1,uniform,overall,,current,2026093003,readout,river,1,0.014084507042253521,
4,48,0.3287671232876712,0.0273972602739726,A,146,146,,uniform,overall,,current,2026093003,readout,turn,0,0.0,
1,11,0.0650887573964497,0.005917159763313609,C,,169,,uniform,big_blind,169,average,2026093003,readout,flop,0,0.0,
0,15,0.07211538461538461,0.0,C,,208,,uniform,big_blind,208,average,2026093003,readout,preflop,0,0.0,
0,5,0.14285714285714285,0.0,C,,35,,uniform,big_blind,35,average,2026093003,readout,river,0,0.0,
0,13,0.18571428571428572,0.0,C,,70,,uniform,big_blind,69,average,2026093003,readout,turn,0,0.0,1
3,16,0.11764705882352941,0.022058823529411766,C,,136,,uniform,button,135,average,2026093003,readout,flop,0,0.0,1
0,3,0.007957559681697613,0.0,C,,377,,uniform,button,377,average,2026093003,readout,preflop,0,0.0,
1,14,0.4827586206896552,0.034482758620689655,C,,29,,uniform,button,29,average,2026093003,readout,river,0,0.0,
3,18,0.33962264150943394,0.05660377358490566,C,,53,,uniform,button,53,average,2026093003,readout,turn,0,0.0,
4,27,0.08852459016393442,0.013114754098360656,C,,305,,uniform,overall,304,average,2026093003,readout,flop,0,0.0,1
0,18,0.03076923076923077,0.0,C,,585,,uniform,overall,585,average,2026093003,readout,preflop,0,0.0,
1,19,0.296875,0.015625,C,,64,,uniform,overall,64,average,2026093003,readout,river,0,0.0,
3,31,0.25203252032520324,0.024390243902439025,C,,123,,uniform,overall,122,average,2026093003,readout,turn,0,0.0,1
0,10,0.060240963855421686,0.0,C,166,166,,uniform,big_blind,,current,2026093003,readout,flop,0,0.0,
0,16,0.07692307692307693,0.0,C,208,208,,uniform,big_blind,,current,2026093003,readout,preflop,0,0.0,
0,9,0.20454545454545456,0.0,C,44,44,,uniform,big_blind,,current,2026093003,readout,river,0,0.0,
1,13,0.17333333333333334,0.013333333333333334,C,75,75,,uniform,big_blind,,current,2026093003,readout,turn,0,0.0,
3,13,0.09219858156028368,0.02127659574468085,C,140,141,1,uniform,button,,current,2026093003,readout,flop,1,0.0070921985815602835,
0,1,0.0026455026455026454,0.0,C,378,378,,uniform,button,,current,2026093003,readout,preflop,0,0.0,
1,21,0.4772727272727273,0.022727272727272728,C,44,44,,uniform,button,,current,2026093003,readout,river,0,0.0,
3,24,0.3116883116883117,0.03896103896103896,C,77,77,,uniform,button,,current,2026093003,readout,turn,0,0.0,
3,23,0.0749185667752443,0.009771986970684038,C,306,307,1,uniform,overall,,current,2026093003,readout,flop,1,0.003257328990228013,
0,17,0.02901023890784983,0.0,C,586,586,,uniform,overall,,current,2026093003,readout,preflop,0,0.0,
1,30,0.3409090909090909,0.011363636363636364,C,88,88,,uniform,overall,,current,2026093003,readout,river,0,0.0,
4,37,0.24342105263157895,0.02631578947368421,C,152,152,,uniform,overall,,current,2026093003,readout,turn,0,0.0,
