stage,panel,cell,readout,seed,position,street,decisions,mean_visits,median_visits,zero_fraction,below10_fraction,below100_fraction
primary,lbr,A,current,2026093001,big_blind,flop,796,3446.711055276382,1335.0,0.0,0.00628140703517588,0.0942211055276382
primary,lbr,A,current,2026093001,big_blind,preflop,1024,301.9541015625,362.0,0.0,0.0,0.0
primary,lbr,A,current,2026093001,big_blind,river,92,213.41304347826087,117.5,0.0,0.043478260869565216,0.42391304347826086
primary,lbr,A,current,2026093001,big_blind,turn,261,480.3639846743295,214.0,0.011494252873563218,0.07662835249042145,0.3448275862068966
primary,lbr,A,current,2026093001,button,flop,620,3058.4387096774194,1184.0,0.0,0.014516129032258065,0.11451612903225807
primary,lbr,A,current,2026093001,button,preflop,1629,1278.6261510128913,943.0,0.0,0.0,0.007366482504604052
primary,lbr,A,current,2026093001,button,river,105,249.93333333333334,71.0,0.0380952380952381,0.18095238095238095,0.5904761904761905
primary,lbr,A,current,2026093001,button,turn,286,433.958041958042,107.0,0.013986013986013986,0.08041958041958042,0.44755244755244755
primary,lbr,A,current,2026093001,overall,flop,1416,3276.704802259887,1335.0,0.0,0.009887005649717515,0.10310734463276836
primary,lbr,A,current,2026093001,overall,preflop,2653,901.6520919713532,398.0,0.0,0.0,0.004523181304183943
primary,lbr,A,current,2026093001,overall,river,197,232.87817258883248,95.0,0.02030456852791878,0.116751269035533,0.5126903553299492
primary,lbr,A,current,2026093001,overall,turn,547,456.10054844606947,151.0,0.012797074954296161,0.07861060329067641,0.39853747714808047
primary,lbr,A,current,2026093002,big_blind,flop,849,3013.3627797408717,1094.0,0.0,0.014134275618374558,0.1166077738515901
primary,lbr,A,current,2026093002,big_blind,preflop,1024,307.0908203125,366.0,0.0,0.0,0.0
primary,lbr,A,current,2026093002,big_blind,river,73,142.73972602739727,84.0,0.0,0.136986301369863,0.5753424657534246
primary,lbr,A,current,2026093002,big_blind,turn,251,359.61752988047806,174.0,0.00796812749003984,0.04780876494023904,0.3745019920318725
primary,lbr,A,current,2026093002,button,flop,561,2414.607843137255,960.0,0.0017825311942959,0.016042780748663103,0.12299465240641712
primary,lbr,A,current,2026093002,button,preflop,1686,1284.023724792408,927.0,0.0,0.0,0.005338078291814947
primary,lbr,A,current,2026093002,button,river,102,198.45098039215685,91.0,0.0392156862745098,0.1568627450980392,0.5392156862745098
primary,lbr,A,current,2026093002,button,turn,242,377.79338842975204,127.5,0.004132231404958678,0.08677685950413223,0.47107438016528924
primary,lbr,A,current,2026093002,overall,flop,1410,2775.1347517730496,1053.0,0.0007092198581560284,0.014893617021276596,0.11914893617021277
primary,lbr,A,current,2026093002,overall,preflop,2710,914.880073800738,408.0,0.0,0.0,0.0033210332103321034
primary,lbr,A,current,2026093002,overall,river,175,175.21142857142857,89.0,0.022857142857142857,0.14857142857142858,0.5542857142857143
primary,lbr,A,current,2026093002,overall,turn,493,368.5395537525355,161.0,0.006085192697768763,0.06693711967545639,0.42190669371196754
primary,lbr,A,current,2026093003,big_blind,flop,832,3761.1983173076924,1344.0,0.0,0.009615384615384616,0.08533653846153846
primary,lbr,A,current,2026093003,big_blind,preflop,1024,385.9296875,464.0,0.0,0.0,0.0
primary,lbr,A,current,2026093003,big_blind,river,84,257.5952380952381,130.0,0.0,0.07142857142857142,0.38095238095238093
primary,lbr,A,current,2026093003,big_blind,turn,240,505.8833333333333,200.5,0.004166666666666667,0.05,0.36666666666666664
primary,lbr,A,current,2026093003,button,flop,541,2914.3086876155267,1338.0,0.0018484288354898336,0.012939001848428836,0.10166358595194085
primary,lbr,A,current,2026093003,button,preflop,1633,1292.3619105939988,940.0,0.0,0.0,0.002449479485609308
primary,lbr,A,current,2026093003,button,river,91,361.7912087912088,98.0,0.02197802197802198,0.08791208791208792,0.5054945054945055
primary,lbr,A,current,2026093003,button,turn,233,450.0815450643777,131.0,0.017167381974248927,0.07725321888412018,0.45493562231759654
primary,lbr,A,current,2026093003,overall,flop,1373,3427.5003641660596,1344.0,0.0007283321194464676,0.010924981791697014,0.09176984705025491
primary,lbr,A,current,2026093003,overall,preflop,2657,943.025592773805,489.0,0.0,0.0,0.0015054572826496049
primary,lbr,A,current,2026093003,overall,river,175,311.77714285714285,125.0,0.011428571428571429,0.08,0.44571428571428573
primary,lbr,A,current,2026093003,overall,turn,473,478.3953488372093,171.0,0.010570824524312896,0.06342494714587738,0.41014799154334036
primary,lbr,C,current,2026093001,big_blind,flop,915,3780.8349726775955,1545.0,0.0,0.014207650273224045,0.08633879781420765
primary,lbr,C,current,2026093001,big_blind,preflop,1024,330.2470703125,396.0,0.0,0.0,0.0
primary,lbr,C,current,2026093001,big_blind,river,98,865.7857142857143,466.0,0.0,0.0,0.1326530612244898
primary,lbr,C,current,2026093001,big_blind,turn,233,984.8025751072961,499.0,0.004291845493562232,0.03862660944206009,0.2317596566523605
primary,lbr,C,current,2026093001,button,flop,669,2912.3318385650223,1326.0,0.0014947683109118087,0.008968609865470852,0.08819133034379671
primary,lbr,C,current,2026093001,button,preflop,1511,1311.5479814692258,1035.0,0.0,0.0,0.009265387160820648
primary,lbr,C,current,2026093001,button,river,146,321.04794520547944,138.5,0.00684931506849315,0.0547945205479452,0.4178082191780822
primary,lbr,C,current,2026093001,button,turn,344,464.66279069767444,201.0,0.0,0.055232558139534885,0.3168604651162791
primary,lbr,C,current,2026093001,overall,flop,1584,3414.02398989899,1440.0,0.0006313131313131314,0.011994949494949494,0.08712121212121213
primary,lbr,C,current,2026093001,overall,preflop,2535,915.156607495069,435.0,0.0,0.0,0.005522682445759369
primary,lbr,C,current,2026093001,overall,river,244,539.8360655737705,253.0,0.004098360655737705,0.03278688524590164,0.30327868852459017
primary,lbr,C,current,2026093001,overall,turn,577,674.7019064124784,271.0,0.0017331022530329288,0.04852686308492201,0.2824956672443674
primary,lbr,C,current,2026093002,big_blind,flop,787,3233.0724269377383,1409.0,0.0012706480304955528,0.008894536213468869,0.09783989834815757
primary,lbr,C,current,2026093002,big_blind,preflop,1024,307.96484375,363.0,0.0,0.0,0.00390625
primary,lbr,C,current,2026093002,big_blind,river,84,752.1190476190476,450.0,0.0,0.0,0.15476190476190477
primary,lbr,C,current,2026093002,big_blind,turn,246,1103.3292682926829,458.5,0.008130081300813009,0.052845528455284556,0.22357723577235772
primary,lbr,C,current,2026093002,button,flop,612,3718.5588235294117,1567.0,0.0016339869281045752,0.006535947712418301,0.07679738562091504
primary,lbr,C,current,2026093002,button,preflop,1565,1250.467731629393,903.0,0.0,0.0,0.016613418530351438
primary,lbr,C,current,2026093002,button,river,118,322.93220338983053,142.0,0.00847457627118644,0.0423728813559322,0.3728813559322034
primary,lbr,C,current,2026093002,button,turn,303,642.8679867986799,227.0,0.0033003300330033004,0.04950495049504951,0.3069306930693069
primary,lbr,C,current,2026093002,overall,flop,1399,3445.4510364546104,1423.0,0.0014295925661186562,0.007862759113652609,0.08863473909935668
primary,lbr,C,current,2026093002,overall,preflop,2589,877.6894553881808,396.0,0.0,0.0,0.011587485515643106
primary,lbr,C,current,2026093002,overall,river,202,501.4059405940594,227.5,0.0049504950495049506,0.024752475247524754,0.28217821782178215
primary,lbr,C,current,2026093002,overall,turn,549,849.1948998178507,320.0,0.00546448087431694,0.051001821493624776,0.26958105646630237
primary,lbr,C,current,2026093003,big_blind,flop,887,3771.923337091319,1513.0,0.0,0.005636978579481398,0.07553551296505073
primary,lbr,C,current,2026093003,big_blind,preflop,1024,351.3251953125,410.0,0.0,0.0,0.0
primary,lbr,C,current,2026093003,big_blind,river,92,935.9347826086956,472.0,0.0,0.010869565217391304,0.17391304347826086
primary,lbr,C,current,2026093003,big_blind,turn,270,954.7037037037037,477.0,0.0,0.02962962962962963,0.18888888888888888
primary,lbr,C,current,2026093003,button,flop,676,3099.8816568047337,1275.0,0.0,0.008875739644970414,0.08284023668639054
primary,lbr,C,current,2026093003,button,preflop,1528,1326.3115183246073,1002.0,0.0,0.0,0.0013089005235602095
primary,lbr,C,current,2026093003,button,river,101,314.6831683168317,162.0,0.0297029702970297,0.0891089108910891,0.36633663366336633
primary,lbr,C,current,2026093003,button,turn,287,489.33101045296166,190.0,0.003484320557491289,0.0627177700348432,0.3554006968641115
primary,lbr,C,current,2026093003,overall,flop,1563,3481.2642354446575,1513.0,0.0,0.007037747920665387,0.07869481765834933
primary,lbr,C,current,2026093003,overall,preflop,2552,935.0944357366772,468.0,0.0,0.0,0.0007836990595611285
primary,lbr,C,current,2026093003,overall,river,193,610.8238341968912,261.0,0.015544041450777202,0.05181347150259067,0.27461139896373055
primary,lbr,C,current,2026093003,overall,turn,557,714.915619389587,276.0,0.0017953321364452424,0.0466786355475763,0.2746858168761221
primary,loose_aggressive,A,current,2026093001,big_blind,flop,168,10053.994047619048,5083.0,0.0,0.0,0.047619047619047616
primary,loose_aggressive,A,current,2026093001,big_blind,preflop,228,463.78508771929825,386.0,0.0,0.0,0.05701754385964912
primary,loose_aggressive,A,current,2026093001,big_blind,river,62,919.7741935483871,612.5,0.0,0.016129032258064516,0.1774193548387097
primary,loose_aggressive,A,current,2026093001,big_blind,turn,110,1891.490909090909,976.0,0.0,0.06363636363636363,0.19090909090909092
primary,loose_aggressive,A,current,2026093001,button,flop,214,7475.822429906542,3928.5,0.0,0.014018691588785047,0.06074766355140187
primary,loose_aggressive,A,current,2026093001,button,preflop,599,1628.636060100167,2176.0,0.0,0.0,0.00333889816360601
primary,loose_aggressive,A,current,2026093001,button,river,65,667.3538461538461,121.0,0.03076923076923077,0.06153846153846154,0.4307692307692308
primary,loose_aggressive,A,current,2026093001,button,turn,122,1566.27868852459,443.5,0.0,0.02459016393442623,0.2540983606557377
primary,loose_aggressive,A,current,2026093001,overall,flop,382,8609.678010471203,4523.0,0.0,0.007853403141361256,0.0549738219895288
primary,loose_aggressive,A,current,2026093001,overall,preflop,827,1307.4921402660218,915.0,0.0,0.0,0.018137847642079808
primary,loose_aggressive,A,current,2026093001,overall,river,127,790.5826771653543,261.0,0.015748031496062992,0.03937007874015748,0.30708661417322836
primary,loose_aggressive,A,current,2026093001,overall,turn,232,1720.4741379310344,710.0,0.0,0.04310344827586207,0.22413793103448276
primary,loose_aggressive,A,current,2026093002,big_blind,flop,179,9729.262569832403,5064.0,0.0,0.0111731843575419,0.03910614525139665
primary,loose_aggressive,A,current,2026093002,big_blind,preflop,229,456.4759825327511,395.0,0.0,0.0,0.05240174672489083
primary,loose_aggressive,A,current,2026093002,big_blind,river,83,1009.7590361445783,854.0,0.0,0.03614457831325301,0.14457831325301204
primary,loose_aggressive,A,current,2026093002,big_blind,turn,117,1768.1367521367522,659.0,0.0,0.05982905982905983,0.21367521367521367
primary,loose_aggressive,A,current,2026093002,button,flop,235,7940.085106382979,4157.0,0.0,0.00851063829787234,0.05106382978723404
primary,loose_aggressive,A,current,2026093002,button,preflop,601,1620.4376039933445,2183.0,0.0,0.0,0.014975041597337771
primary,loose_aggressive,A,current,2026093002,button,river,85,1139.8470588235293,221.0,0.0,0.023529411764705882,0.3411764705882353
primary,loose_aggressive,A,current,2026093002,button,turn,150,1658.7666666666667,491.0,0.006666666666666667,0.06666666666666667,0.24
primary,loose_aggressive,A,current,2026093002,overall,flop,414,8713.666666666666,4566.0,0.0,0.00966183574879227,0.04589371980676329
primary,loose_aggressive,A,current,2026093002,overall,preflop,830,1299.2963855421688,900.0,0.0,0.0,0.02530120481927711
primary,loose_aggressive,A,current,2026093002,overall,river,168,1075.577380952381,534.5,0.0,0.02976190476190476,0.24404761904761904
primary,loose_aggressive,A,current,2026093002,overall,turn,267,1706.692883895131,572.0,0.003745318352059925,0.06367041198501873,0.22846441947565543
primary,loose_aggressive,A,current,2026093003,big_blind,flop,189,8479.291005291005,4091.0,0.0,0.0,0.037037037037037035
primary,loose_aggressive,A,current,2026093003,big_blind,preflop,223,471.63677130044846,487.0,0.0,0.0,0.04932735426008968
primary,loose_aggressive,A,current,2026093003,big_blind,river,77,998.5584415584416,527.0,0.0,0.025974025974025976,0.18181818181818182
primary,loose_aggressive,A,current,2026093003,big_blind,turn,134,1697.5223880597016,719.0,0.0,0.03731343283582089,0.19402985074626866
primary,loose_aggressive,A,current,2026093003,button,flop,222,8010.923423423424,3370.5,0.0,0.009009009009009009,0.05405405405405406
primary,loose_aggressive,A,current,2026093003,button,preflop,604,1632.7152317880796,2210.0,0.0,0.0,0.006622516556291391
primary,loose_aggressive,A,current,2026093003,button,river,85,804.0470588235294,150.0,0.0,0.10588235294117647,0.4117647058823529
primary,loose_aggressive,A,current,2026093003,button,turn,130,1705.9538461538461,557.0,0.0,0.06153846153846154,0.2846153846153846
primary,loose_aggressive,A,current,2026093003,overall,flop,411,8226.304136253042,3901.0,0.0,0.004866180048661801,0.046228710462287104
primary,loose_aggressive,A,current,2026093003,overall,preflop,827,1319.6311970979443,931.0,0.0,0.0,0.018137847642079808
primary,loose_aggressive,A,current,2026093003,overall,river,162,896.5,246.0,0.0,0.06790123456790123,0.30246913580246915
primary,loose_aggressive,A,current,2026093003,overall,turn,264,1701.6742424242425,653.0,0.0,0.04924242424242424,0.23863636363636365
primary,loose_aggressive,C,current,2026093001,big_blind,flop,171,7995.748538011696,3902.0,0.0,0.0,0.05263157894736842
primary,loose_aggressive,C,current,2026093001,big_blind,preflop,224,437.64732142857144,426.0,0.0,0.0,0.05357142857142857
primary,loose_aggressive,C,current,2026093001,big_blind,river,76,646.3552631578947,485.0,0.013157894736842105,0.06578947368421052,0.19736842105263158
primary,loose_aggressive,C,current,2026093001,big_blind,turn,127,1177.755905511811,681.0,0.0,0.015748031496062992,0.1732283464566929
primary,loose_aggressive,C,current,2026093001,button,flop,242,7145.665289256199,3386.5,0.0,0.004132231404958678,0.06611570247933884
primary,loose_aggressive,C,current,2026093001,button,preflop,597,1580.5778894472362,2093.0,0.0,0.0,0.0033500837520938024
primary,loose_aggressive,C,current,2026093001,button,river,88,652.5568181818181,225.0,0.0,0.07954545454545454,0.3181818181818182
primary,loose_aggressive,C,current,2026093001,button,turn,159,1201.3962264150944,305.0,0.012578616352201259,0.0440251572327044,0.22012578616352202
primary,loose_aggressive,C,current,2026093001,overall,flop,413,7497.636803874092,3480.0,0.0,0.002421307506053269,0.06053268765133172
primary,loose_aggressive,C,current,2026093001,overall,preflop,821,1268.7429963459197,940.0,0.0,0.0,0.01705237515225335
primary,loose_aggressive,C,current,2026093001,overall,river,164,649.6829268292682,325.0,0.006097560975609756,0.07317073170731707,0.2621951219512195
primary,loose_aggressive,C,current,2026093001,overall,turn,286,1190.8986013986014,464.0,0.006993006993006993,0.03146853146853147,0.1993006993006993
primary,loose_aggressive,C,current,2026093002,big_blind,flop,187,7874.96256684492,3988.0,0.0,0.0,0.08021390374331551
primary,loose_aggressive,C,current,2026093002,big_blind,preflop,228,444.9166666666667,388.0,0.0,0.0,0.05263157894736842
primary,loose_aggressive,C,current,2026093002,big_blind,river,86,839.5581395348837,789.0,0.0,0.023255813953488372,0.18604651162790697
primary,loose_aggressive,C,current,2026093002,big_blind,turn,124,1507.6774193548388,777.5,0.0,0.0,0.11290322580645161
primary,loose_aggressive,C,current,2026093002,button,flop,235,7535.646808510638,3931.0,0.0,0.00851063829787234,0.07659574468085106
primary,loose_aggressive,C,current,2026093002,button,preflop,598,1545.8511705685619,2073.0,0.0,0.0,0.005016722408026756
primary,loose_aggressive,C,current,2026093002,button,river,80,622.6625,178.0,0.0125,0.0375,0.3125
primary,loose_aggressive,C,current,2026093002,button,turn,152,1009.5855263157895,350.0,0.0,0.05263157894736842,0.24342105263157895
primary,loose_aggressive,C,current,2026093002,overall,flop,422,7686.0071090047395,3988.0,0.0,0.004739336492890996,0.07819905213270142
primary,loose_aggressive,C,current,2026093002,overall,preflop,826,1241.9612590799031,867.5,0.0,0.0,0.018159806295399514
primary,loose_aggressive,C,current,2026093002,overall,river,166,735.0301204819277,366.5,0.006024096385542169,0.030120481927710843,0.2469879518072289
primary,loose_aggressive,C,current,2026093002,overall,turn,276,1233.3659420289855,496.0,0.0,0.028985507246376812,0.18478260869565216
primary,loose_aggressive,C,current,2026093003,big_blind,flop,191,6567.439790575916,3020.0,0.0,0.010471204188481676,0.06282722513089005
primary,loose_aggressive,C,current,2026093003,big_blind,preflop,224,445.5,449.0,0.0,0.0,0.049107142857142856
primary,loose_aggressive,C,current,2026093003,big_blind,river,70,620.8,474.0,0.014285714285714285,0.04285714285714286,0.18571428571428572
primary,loose_aggressive,C,current,2026093003,big_blind,turn,109,1234.651376146789,713.0,0.0,0.03669724770642202,0.1651376146788991
primary,loose_aggressive,C,current,2026093003,button,flop,252,7481.638888888889,3914.0,0.0,0.007936507936507936,0.06349206349206349
primary,loose_aggressive,C,current,2026093003,button,preflop,604,1579.4453642384105,2128.0,0.0,0.0,0.008278145695364239
primary,loose_aggressive,C,current,2026093003,button,river,75,472.8,185.0,0.013333333333333334,0.02666666666666667,0.30666666666666664
primary,loose_aggressive,C,current,2026093003,button,turn,142,727.2957746478874,273.0,0.0,0.056338028169014086,0.2323943661971831
primary,loose_aggressive,C,current,2026093003,overall,flop,443,7087.4808126410835,3326.0,0.0,0.009029345372460496,0.06320541760722348
primary,loose_aggressive,C,current,2026093003,overall,preflop,828,1272.677536231884,928.5,0.0,0.0,0.01932367149758454
primary,loose_aggressive,C,current,2026093003,overall,river,145,544.248275862069,278.0,0.013793103448275862,0.034482758620689655,0.2482758620689655
primary,loose_aggressive,C,current,2026093003,overall,turn,251,947.6215139442231,419.0,0.0,0.04780876494023904,0.20318725099601595
primary,loose_passive,A,current,2026093001,big_blind,flop,287,11748.815331010454,6357.0,0.0,0.0,0.010452961672473868
primary,loose_passive,A,current,2026093001,big_blind,preflop,294,593.3129251700681,706.0,0.0,0.0,0.0
primary,loose_passive,A,current,2026093001,big_blind,river,207,1301.623188405797,1187.0,0.00966183574879227,0.014492753623188406,0.05314009661835749
primary,loose_passive,A,current,2026093001,big_blind,turn,224,2392.3616071428573,1629.0,0.0,0.0,0.05803571428571429
primary,loose_passive,A,current,2026093001,button,flop,274,8847.51094890511,4456.0,0.0072992700729927005,0.0072992700729927005,0.025547445255474453
primary,loose_passive,A,current,2026093001,button,preflop,516,1831.4670542635658,2202.0,0.001937984496124031,0.001937984496124031,0.001937984496124031
primary,loose_passive,A,current,2026093001,button,river,180,1153.6666666666667,446.0,0.011111111111111112,0.06111111111111111,0.2611111111111111
primary,loose_passive,A,current,2026093001,button,turn,206,1843.9708737864078,857.0,0.014563106796116505,0.03398058252427184,0.13106796116504854
primary,loose_passive,A,current,2026093001,overall,flop,561,10331.778966131908,5514.0,0.0035650623885918,0.0035650623885918,0.017825311942959002
primary,loose_passive,A,current,2026093001,overall,preflop,810,1382.062962962963,799.0,0.0012345679012345679,0.0012345679012345679,0.0012345679012345679
primary,loose_passive,A,current,2026093001,overall,river,387,1232.8062015503876,806.0,0.0103359173126615,0.03617571059431524,0.14987080103359174
primary,loose_passive,A,current,2026093001,overall,turn,430,2129.6441860465115,1201.0,0.0069767441860465115,0.01627906976744186,0.09302325581395349
primary,loose_passive,A,current,2026093002,big_blind,flop,289,10993.73356401384,6270.0,0.0,0.0,0.010380622837370242
primary,loose_passive,A,current,2026093002,big_blind,preflop,294,574.3333333333334,676.5,0.0,0.0,0.0
primary,loose_passive,A,current,2026093002,big_blind,river,219,1147.6712328767123,1059.0,0.0045662100456621,0.0136986301369863,0.0502283105022831
primary,loose_passive,A,current,2026093002,big_blind,turn,232,2196.1724137931033,1581.0,0.004310344827586207,0.008620689655172414,0.06896551724137931
primary,loose_passive,A,current,2026093002,button,flop,297,9396.542087542088,4605.0,0.006734006734006734,0.006734006734006734,0.020202020202020204
primary,loose_passive,A,current,2026093002,button,preflop,516,1822.5329457364342,2197.0,0.0,0.0,0.0
primary,loose_passive,A,current,2026093002,button,river,188,1256.6914893617022,460.0,0.005319148936170213,0.047872340425531915,0.18617021276595744
primary,loose_passive,A,current,2026093002,button,turn,215,1908.1953488372094,881.0,0.018604651162790697,0.03255813953488372,0.10232558139534884
primary,loose_passive,A,current,2026093002,overall,flop,586,10184.235494880546,5282.0,0.0034129692832764505,0.0034129692832764505,0.015358361774744027
primary,loose_passive,A,current,2026093002,overall,preflop,810,1369.4827160493828,792.0,0.0,0.0,0.0
primary,loose_passive,A,current,2026093002,overall,river,407,1198.0294840294841,755.0,0.004914004914004914,0.029484029484029485,0.11302211302211303
primary,loose_passive,A,current,2026093002,overall,turn,447,2057.6599552572707,1204.0,0.011185682326621925,0.020134228187919462,0.08501118568232663
primary,loose_passive,A,current,2026093003,big_blind,flop,284,10508.295774647888,5996.0,0.0,0.0,0.01056338028169014
primary,loose_passive,A,current,2026093003,big_blind,preflop,294,546.7074829931972,647.0,0.0,0.0,0.0
primary,loose_passive,A,current,2026093003,big_blind,river,201,1411.4228855721392,1239.0,0.004975124378109453,0.014925373134328358,0.03980099502487562
primary,loose_passive,A,current,2026093003,big_blind,turn,226,2141.8274336283184,1334.5,0.004424778761061947,0.004424778761061947,0.061946902654867256
primary,loose_passive,A,current,2026093003,button,flop,276,8930.04347826087,4394.0,0.007246376811594203,0.007246376811594203,0.021739130434782608
primary,loose_passive,A,current,2026093003,button,preflop,519,1836.2832369942196,2216.0,0.0,0.0,0.0
primary,loose_passive,A,current,2026093003,button,river,171,1155.029239766082,382.0,0.029239766081871343,0.07017543859649122,0.25146198830409355
primary,loose_passive,A,current,2026093003,button,turn,199,1879.5979899497488,805.0,0.020100502512562814,0.04522613065326633,0.16080402010050251
primary,loose_passive,A,current,2026093003,overall,flop,560,9730.442857142858,5447.0,0.0035714285714285713,0.0035714285714285713,0.01607142857142857
primary,loose_passive,A,current,2026093003,overall,preflop,813,1369.9421894218942,817.0,0.0,0.0,0.0
primary,loose_passive,A,current,2026093003,overall,river,372,1293.5645161290322,923.0,0.016129032258064516,0.04032258064516129,0.13709677419354838
primary,loose_passive,A,current,2026093003,overall,turn,425,2019.0423529411764,1042.0,0.011764705882352941,0.023529411764705882,0.10823529411764705
primary,loose_passive,C,current,2026093001,big_blind,flop,286,8187.342657342658,4568.0,0.0,0.0,0.013986013986013986
primary,loose_passive,C,current,2026093001,big_blind,preflop,294,521.7278911564625,622.5,0.0,0.0,0.0
primary,loose_passive,C,current,2026093001,big_blind,river,220,805.6045454545455,748.0,0.004545454545454545,0.00909090909090909,0.09090909090909091
primary,loose_passive,C,current,2026093001,big_blind,turn,240,1380.4583333333333,923.0,0.0,0.0,0.07083333333333333
primary,loose_passive,C,current,2026093001,button,flop,275,8775.512727272728,4466.0,0.0036363636363636364,0.0036363636363636364,0.02909090909090909
primary,loose_passive,C,current,2026093001,button,preflop,518,1757.1698841698842,2122.0,0.0019305019305019305,0.0019305019305019305,0.0019305019305019305
primary,loose_passive,C,current,2026093001,button,river,163,932.5950920245399,376.0,0.012269938650306749,0.024539877300613498,0.147239263803681
primary,loose_passive,C,current,2026093001,button,turn,198,1833.5656565656566,847.0,0.015151515151515152,0.025252525252525252,0.14646464646464646
primary,loose_passive,C,current,2026093001,overall,flop,561,8475.661319073084,4568.0,0.0017825311942959,0.0017825311942959,0.0213903743315508
primary,loose_passive,C,current,2026093001,overall,preflop,812,1309.8546798029556,752.0,0.0012315270935960591,0.0012315270935960591,0.0012315270935960591
primary,loose_passive,C,current,2026093001,overall,river,383,859.6501305483029,671.0,0.007832898172323759,0.015665796344647518,0.11488250652741515
primary,loose_passive,C,current,2026093001,overall,turn,438,1585.2876712328766,923.0,0.00684931506849315,0.01141552511415525,0.1050228310502283
primary,loose_passive,C,current,2026093002,big_blind,flop,284,8359.735915492958,4785.0,0.0035211267605633804,0.0035211267605633804,0.02464788732394366
primary,loose_passive,C,current,2026093002,big_blind,preflop,294,554.9387755102041,654.0,0.0,0.0,0.0
primary,loose_passive,C,current,2026093002,big_blind,river,204,1026.4950980392157,938.0,0.004901960784313725,0.004901960784313725,0.0392156862745098
primary,loose_passive,C,current,2026093002,big_blind,turn,232,1747.5043103448277,1276.5,0.004310344827586207,0.008620689655172414,0.04741379310344827
primary,loose_passive,C,current,2026093002,button,flop,292,9847.246575342466,5413.0,0.0,0.003424657534246575,0.023972602739726026
primary,loose_passive,C,current,2026093002,button,preflop,517,1726.6170212765958,2083.0,0.0019342359767891683,0.0019342359767891683,0.0019342359767891683
primary,loose_passive,C,current,2026093002,button,river,167,743.3413173652694,354.0,0.0,0.029940119760479042,0.18562874251497005
primary,loose_passive,C,current,2026093002,button,turn,195,1409.6564102564103,550.0,0.03076923076923077,0.046153846153846156,0.16923076923076924
primary,loose_passive,C,current,2026093002,overall,flop,576,9113.821180555555,4931.0,0.001736111111111111,0.003472222222222222,0.024305555555555556
primary,loose_passive,C,current,2026093002,overall,preflop,811,1301.865598027127,753.0,0.0012330456226880395,0.0012330456226880395,0.0012330456226880395
primary,loose_passive,C,current,2026093002,overall,river,371,899.0377358490566,671.0,0.0026954177897574125,0.016172506738544475,0.10512129380053908
primary,loose_passive,C,current,2026093002,overall,turn,427,1593.2177985948479,1022.0,0.01639344262295082,0.02576112412177986,0.10304449648711944
primary,loose_passive,C,current,2026093003,big_blind,flop,284,8259.573943661971,4672.0,0.0,0.0,0.017605633802816902
primary,loose_passive,C,current,2026093003,big_blind,preflop,294,523.1394557823129,623.0,0.0,0.0,0.0
primary,loose_passive,C,current,2026093003,big_blind,river,199,827.2814070351759,772.0,0.010050251256281407,0.010050251256281407,0.08040201005025126
primary,loose_passive,C,current,2026093003,big_blind,turn,222,1393.6081081081081,1028.0,0.0045045045045045045,0.009009009009009009,0.06306306306306306
primary,loose_passive,C,current,2026093003,button,flop,289,8793.397923875433,4367.0,0.006920415224913495,0.010380622837370242,0.031141868512110725
primary,loose_passive,C,current,2026093003,button,preflop,519,1770.7745664739884,2133.0,0.0,0.0,0.0
primary,loose_passive,C,current,2026093003,button,river,181,756.1767955801105,355.0,0.0,0.027624309392265192,0.19889502762430938
primary,loose_passive,C,current,2026093003,button,turn,204,1151.8921568627452,604.0,0.024509803921568627,0.04411764705882353,0.14705882352941177
primary,loose_passive,C,current,2026093003,overall,flop,573,8528.815008726004,4517.0,0.0034904013961605585,0.005235602094240838,0.02443280977312391
primary,loose_passive,C,current,2026093003,overall,preflop,813,1319.60024600246,780.0,0.0,0.0,0.0
primary,loose_passive,C,current,2026093003,overall,river,380,793.4131578947369,660.5,0.005263157894736842,0.018421052631578946,0.1368421052631579
primary,loose_passive,C,current,2026093003,overall,turn,426,1277.856807511737,830.5,0.014084507042253521,0.025821596244131457,0.10328638497652583
primary,native-pressure,A,current,2026093001,big_blind,flop,2815,4274.714742451155,1696.0,0.0014209591474245115,0.018827708703374777,0.11509769094138543
primary,native-pressure,A,current,2026093001,big_blind,preflop,2823,346.36486007793127,522.0,0.0007084661707403471,0.010272759475735034,0.2724052426496635
primary,native-pressure,A,current,2026093001,big_blind,river,578,214.03287197231833,90.0,0.02422145328719723,0.14359861591695502,0.5173010380622838
primary,native-pressure,A,current,2026093001,big_blind,turn,1382,510.61143270622284,151.0,0.013024602026049204,0.10274963820549927,0.39725036179450074
primary,native-pressure,A,current,2026093001,button,flop,1517,1892.3612392880686,867.0,0.004614370468029005,0.025049439683586024,0.12195121951219512
primary,native-pressure,A,current,2026093001,button,preflop,4117,1072.610881709983,774.0,0.0009715812484819043,0.017488462472674278,0.13262084041777994
primary,native-pressure,A,current,2026093001,button,river,462,151.97186147186147,68.0,0.023809523809523808,0.15800865800865802,0.5909090909090909
primary,native-pressure,A,current,2026093001,button,turn,824,359.47087378640776,104.0,0.01820388349514563,0.1262135922330097,0.47815533980582525
primary,native-pressure,A,current,2026093001,overall,flop,4332,3440.4510618651893,1286.0,0.0025392428439519853,0.02100646352723915,0.11749769159741459
primary,native-pressure,A,current,2026093001,overall,preflop,6940,777.1940922190201,557.0,0.0008645533141210375,0.014553314121037464,0.18948126801152737
primary,native-pressure,A,current,2026093001,overall,river,1040,186.46346153846153,77.0,0.02403846153846154,0.15,0.55
primary,native-pressure,A,current,2026093001,overall,turn,2206,454.15639165911153,139.0,0.014959202175883953,0.1115140525838622,0.4274705349048051
primary,native-pressure,A,current,2026093002,big_blind,flop,2301,4926.429378531074,1874.0,0.001738374619730552,0.01912212081703607,0.11169056931768796
primary,native-pressure,A,current,2026093002,big_blind,preflop,2783,371.55479698167443,567.0,0.0,0.015091627739849083,0.2554796981674452
primary,native-pressure,A,current,2026093002,big_blind,river,551,227.87295825771324,99.0,0.036297640653357534,0.1724137931034483,0.5009074410163339
primary,native-pressure,A,current,2026093002,big_blind,turn,1210,589.7264462809917,153.0,0.01487603305785124,0.11983471074380166,0.41570247933884297
primary,native-pressure,A,current,2026093002,button,flop,1437,1909.3096729297147,946.0,0.003479471120389701,0.033402922755741124,0.17258176757132915
primary,native-pressure,A,current,2026093002,button,preflop,4156,1074.9278152069298,847.0,0.001203079884504331,0.017564966313763235,0.1373917228103946
primary,native-pressure,A,current,2026093002,button,river,475,159.72842105263157,85.0,0.02736842105263158,0.14736842105263157,0.5347368421052632
primary,native-pressure,A,current,2026093002,button,turn,946,400.89006342494713,166.0,0.017970401691331923,0.09090909090909091,0.3964059196617336
primary,native-pressure,A,current,2026093002,overall,flop,3738,3766.557517388978,1243.0,0.002407704654895666,0.024612092027822365,0.13509898341359017
primary,native-pressure,A,current,2026093002,overall,preflop,6939,792.8285055483499,592.0,0.0007205649228995533,0.016572993226689724,0.18475284623144544
primary,native-pressure,A,current,2026093002,overall,river,1026,196.32456140350877,96.0,0.03216374269005848,0.1608187134502924,0.5165692007797271
primary,native-pressure,A,current,2026093002,overall,turn,2156,506.8696660482375,155.5,0.016233766233766232,0.10714285714285714,0.4072356215213358
primary,native-pressure,A,current,2026093003,big_blind,flop,2723,4599.156445097319,1896.0,0.0029379360998898272,0.015424164524421594,0.11164157179581344
primary,native-pressure,A,current,2026093003,big_blind,preflop,2683,353.672754379426,525.0,0.0003727171077152441,0.02087215803205367,0.23332090942974282
primary,native-pressure,A,current,2026093003,big_blind,river,554,173.5884476534296,88.0,0.02707581227436823,0.16425992779783394,0.5451263537906137
primary,native-pressure,A,current,2026093003,big_blind,turn,1112,330.3246402877698,94.0,0.019784172661870502,0.1366906474820144,0.5161870503597122
primary,native-pressure,A,current,2026093003,button,flop,1529,1976.4139960758666,1095.0,0.0032701111837802484,0.014388489208633094,0.14388489208633093
primary,native-pressure,A,current,2026093003,button,preflop,4110,1084.3547445255474,787.0,0.00024330900243309004,0.007785888077858881,0.14184914841849147
primary,native-pressure,A,current,2026093003,button,river,546,148.39743589743588,71.0,0.018315018315018316,0.16483516483516483,0.5695970695970696
primary,native-pressure,A,current,2026093003,button,turn,1086,347.43646408839777,127.0,0.011970534069981584,0.10773480662983426,0.4198895027624309
primary,native-pressure,A,current,2026093003,overall,flop,4252,3656.030103480715,1405.0,0.0030573847601128882,0.015051740357478834,0.12323612417685795
primary,native-pressure,A,current,2026093003,overall,preflop,6793,795.7606359487708,551.0,0.00029442072721919626,0.012954511997644634,0.17797732960400411
primary,native-pressure,A,current,2026093003,overall,river,1100,161.08454545454546,73.0,0.022727272727272728,0.16454545454545455,0.5572727272727273
primary,native-pressure,A,current,2026093003,overall,turn,2198,338.7793448589627,113.5,0.01592356687898089,0.12238398544131028,0.46860782529572337
primary,native-pressure,C,current,2026093001,big_blind,flop,2719,4707.029054799558,2191.0,0.0,0.013975726369988967,0.10334681868333946
primary,native-pressure,C,current,2026093001,big_blind,preflop,2819,346.1500532103583,500.0,0.000354735721887194,0.02199361475700603,0.2735012415750266
primary,native-pressure,C,current,2026093001,big_blind,river,630,1011.8380952380952,385.0,0.006349206349206349,0.04285714285714286,0.19047619047619047
primary,native-pressure,C,current,2026093001,big_blind,turn,1490,957.3060402684564,498.0,0.013422818791946308,0.06510067114093959,0.23825503355704697
primary,native-pressure,C,current,2026093001,button,flop,1491,1770.3286384976525,930.0,0.004024144869215292,0.018108651911468814,0.13212608987256874
primary,native-pressure,C,current,2026093001,button,preflop,4132,1028.7652468538238,747.0,0.0007260406582768635,0.009196515004840271,0.16674733785091966
primary,native-pressure,C,current,2026093001,button,river,484,162.81198347107437,106.0,0.002066115702479339,0.04132231404958678,0.42768595041322316
primary,native-pressure,C,current,2026093001,button,turn,962,258.67255717255716,155.5,0.010395010395010396,0.07588357588357589,0.38461538461538464
primary,native-pressure,C,current,2026093001,overall,flop,4210,3666.9767220902613,1660.0,0.0014251781472684087,0.015439429928741092,0.11353919239904989
primary,native-pressure,C,current,2026093001,overall,preflop,6951,751.9284994964753,556.0,0.0005754567688102431,0.014386419220256078,0.21004172061573875
primary,native-pressure,C,current,2026093001,overall,river,1114,642.9614003590664,232.0,0.004488330341113106,0.0421903052064632,0.29353680430879714
primary,native-pressure,C,current,2026093001,overall,turn,2452,683.2092169657423,294.0,0.012234910277324634,0.06933115823817292,0.2956769983686786
primary,native-pressure,C,current,2026093002,big_blind,flop,2301,5014.645371577575,2124.0,0.000434593654932638,0.012168622338113864,0.07388092133854846
primary,native-pressure,C,current,2026093002,big_blind,preflop,2812,348.06258890469417,513.0,0.0,0.032361308677098154,0.2599573257467994
primary,native-pressure,C,current,2026093002,big_blind,river,513,1117.2631578947369,312.0,0.0,0.01949317738791423,0.1539961013645224
primary,native-pressure,C,current,2026093002,big_blind,turn,1195,993.418410041841,429.0,0.0041841004184100415,0.04351464435146443,0.23263598326359833
primary,native-pressure,C,current,2026093002,button,flop,1666,1741.4873949579833,1026.0,0.0,0.013205282112845138,0.1326530612244898
primary,native-pressure,C,current,2026093002,button,preflop,4081,1028.7990688556727,808.0,0.0017152658662092624,0.012006861063464836,0.1431021808380299
primary,native-pressure,C,current,2026093002,button,river,496,182.01814516129033,161.0,0.006048387096774193,0.04435483870967742,0.34274193548387094
primary,native-pressure,C,current,2026093002,button,turn,1072,229.27985074626866,130.0,0.021455223880597014,0.09701492537313433,0.42630597014925375
primary,native-pressure,C,current,2026093002,overall,flop,3967,3640.0345349130325,1412.0,0.00025207965717166626,0.012603982858583312,0.09856314595412151
primary,native-pressure,C,current,2026093002,overall,preflop,6893,751.0925576671987,562.0,0.0010155229943420861,0.020310459886841725,0.19077324822283476
primary,native-pressure,C,current,2026093002,overall,river,1009,657.5193260654113,209.0,0.002973240832507433,0.031714568880079286,0.24677898909811694
primary,native-pressure,C,current,2026093002,overall,turn,2267,632.078958976621,265.0,0.012351124834583149,0.06881340979267754,0.3242170269078077
primary,native-pressure,C,current,2026093003,big_blind,flop,2689,4864.7218296764595,2409.0,0.0003718854592785422,0.014875418371141688,0.08181480104127929
primary,native-pressure,C,current,2026093003,big_blind,preflop,2711,361.2113611213574,534.0,0.00036886757654002215,0.01217263002582073,0.2434526005164146
primary,native-pressure,C,current,2026093003,big_blind,river,557,953.9461400359066,355.0,0.003590664272890485,0.017953321364452424,0.14542190305206462
primary,native-pressure,C,current,2026093003,big_blind,turn,1214,858.5214168039539,382.5,0.0032948929159802307,0.042009884678747944,0.2215815485996705
primary,native-pressure,C,current,2026093003,button,flop,1632,1773.3419117647059,1068.0,0.0012254901960784314,0.014705882352941176,0.13174019607843138
primary,native-pressure,C,current,2026093003,button,preflop,4179,1037.882029193587,761.0,0.0,0.00957166786312515,0.15362526920315864
primary,native-pressure,C,current,2026093003,button,river,518,158.16795366795367,147.0,0.0,0.03474903474903475,0.38996138996138996
primary,native-pressure,C,current,2026093003,button,turn,1004,249.4243027888446,150.0,0.008964143426294821,0.0796812749003984,0.4063745019920319
primary,native-pressure,C,current,2026093003,overall,flop,4321,3697.1374681786624,1601.0,0.0006942837306179125,0.014811386253182134,0.10067114093959731
primary,native-pressure,C,current,2026093003,overall,preflop,6890,771.633236574746,567.0,0.00014513788098693758,0.010595065312046445,0.18896952104499273
primary,native-pressure,C,current,2026093003,overall,river,1075,570.4920930232558,202.0,0.0018604651162790699,0.026046511627906978,0.26325581395348835
primary,native-pressure,C,current,2026093003,overall,turn,2218,582.8074842200181,277.0,0.005861136158701533,0.059062218214607755,0.30522993688007216
primary,passive,A,current,2026093001,big_blind,flop,512,12500.298828125,7105.0,0.0,0.0,0.009765625
primary,passive,A,current,2026093001,big_blind,preflop,512,575.375,698.0,0.0,0.0,0.0
primary,passive,A,current,2026093001,big_blind,river,503,1231.0815109343937,928.0,0.0,0.003976143141153081,0.06560636182902585
primary,passive,A,current,2026093001,big_blind,turn,512,2566.58984375,1598.0,0.0,0.0078125,0.0546875
primary,passive,A,current,2026093001,button,flop,397,8657.418136020151,5514.0,0.0,0.007556675062972292,0.022670025188916875
primary,passive,A,current,2026093001,button,preflop,512,1807.435546875,2202.0,0.0,0.0,0.0
primary,passive,A,current,2026093001,button,river,385,839.0051948051948,237.0,0.012987012987012988,0.05974025974025974,0.3168831168831169
primary,passive,A,current,2026093001,button,turn,397,1529.6347607052896,592.0,0.0,0.017632241813602016,0.12846347607052896
primary,passive,A,current,2026093001,overall,flop,909,10821.94499449945,5780.0,0.0,0.0033003300330033004,0.015401540154015401
primary,passive,A,current,2026093001,overall,preflop,1024,1191.4052734375,743.5,0.0,0.0,0.0
primary,passive,A,current,2026093001,overall,river,888,1061.0934684684685,632.0,0.00563063063063063,0.028153153153153154,0.17454954954954954
primary,passive,A,current,2026093001,overall,turn,909,2113.7062706270626,1201.0,0.0,0.0121012101210121,0.08690869086908691
primary,passive,A,current,2026093002,big_blind,flop,512,11909.5625,6655.0,0.0,0.0,0.01171875
primary,passive,A,current,2026093002,big_blind,preflop,512,562.31640625,679.0,0.0,0.0,0.0
primary,passive,A,current,2026093002,big_blind,river,508,1156.3228346456692,945.0,0.0,0.003937007874015748,0.07086614173228346
primary,passive,A,current,2026093002,big_blind,turn,512,2148.4609375,1618.0,0.0,0.009765625,0.048828125
primary,passive,A,current,2026093002,button,flop,397,8938.717884130981,5728.0,0.0,0.0025188916876574307,0.020151133501259445
primary,passive,A,current,2026093002,button,preflop,512,1802.94140625,2197.0,0.0,0.0,0.0
primary,passive,A,current,2026093002,button,river,391,1007.5959079283888,348.0,0.005115089514066497,0.06649616368286446,0.24808184143222506
primary,passive,A,current,2026093002,button,turn,397,1632.2267002518893,800.0,0.005037783375314861,0.015113350125944584,0.12846347607052896
primary,passive,A,current,2026093002,overall,flop,909,10612.064906490648,5829.0,0.0,0.0011001100110011,0.015401540154015401
primary,passive,A,current,2026093002,overall,preflop,1024,1182.62890625,726.5,0.0,0.0,0.0
primary,passive,A,current,2026093002,overall,river,899,1091.6373748609567,671.0,0.002224694104560623,0.03114571746384872,0.14794215795328142
primary,passive,A,current,2026093002,overall,turn,909,1922.998899889989,1204.0,0.0022002200220022,0.0121012101210121,0.08360836083608361
primary,passive,A,current,2026093003,big_blind,flop,512,11467.7890625,6497.0,0.0,0.0,0.009765625
primary,passive,A,current,2026093003,big_blind,preflop,512,530.80859375,641.0,0.0,0.0,0.0
primary,passive,A,current,2026093003,big_blind,river,499,1359.1603206412826,1098.0,0.0,0.0,0.050100200400801605
primary,passive,A,current,2026093003,big_blind,turn,512,2469.771484375,1826.0,0.001953125,0.0078125,0.05078125
primary,passive,A,current,2026093003,button,flop,396,8257.189393939394,5607.0,0.0025252525252525255,0.005050505050505051,0.020202020202020204
primary,passive,A,current,2026093003,button,preflop,512,1821.220703125,2217.0,0.0,0.0,0.0
primary,passive,A,current,2026093003,button,river,381,745.9002624671916,235.0,0.007874015748031496,0.06036745406824147,0.33070866141732286
primary,passive,A,current,2026093003,button,turn,396,1409.6464646464647,596.0,0.0,0.030303030303030304,0.14898989898989898
primary,passive,A,current,2026093003,overall,flop,908,10067.571585903084,5842.0,0.0011013215859030838,0.0022026431718061676,0.014317180616740088
primary,passive,A,current,2026093003,overall,preflop,1024,1176.0146484375,706.5,0.0,0.0,0.0
primary,passive,A,current,2026093003,overall,river,880,1093.646590909091,628.0,0.003409090909090909,0.026136363636363635,0.1715909090909091
primary,passive,A,current,2026093003,overall,turn,908,2007.4262114537446,1070.0,0.0011013215859030838,0.01762114537444934,0.09361233480176212
primary,passive,C,current,2026093001,big_blind,flop,512,8563.564453125,5142.0,0.0,0.0,0.01171875
primary,passive,C,current,2026093001,big_blind,preflop,512,507.56640625,612.0,0.0,0.0,0.0
primary,passive,C,current,2026093001,big_blind,river,508,811.4133858267717,721.5,0.0,0.001968503937007874,0.07677165354330709
primary,passive,C,current,2026093001,big_blind,turn,512,1504.677734375,1096.5,0.001953125,0.00390625,0.0703125
primary,passive,C,current,2026093001,button,flop,406,8323.948275862069,5508.0,0.0,0.0024630541871921183,0.024630541871921183
primary,passive,C,current,2026093001,button,preflop,512,1738.037109375,2123.0,0.0,0.0,0.0
primary,passive,C,current,2026093001,button,river,398,763.0854271356784,423.0,0.002512562814070352,0.01507537688442211,0.20351758793969849
primary,passive,C,current,2026093001,button,turn,406,1437.5591133004925,643.0,0.0024630541871921183,0.017241379310344827,0.1330049261083744
primary,passive,C,current,2026093001,overall,flop,918,8457.590413943355,5178.0,0.0,0.0010893246187363835,0.017429193899782137
primary,passive,C,current,2026093001,overall,preflop,1024,1122.8017578125,683.0,0.0,0.0,0.0
primary,passive,C,current,2026093001,overall,river,906,790.1832229580574,656.0,0.0011037527593818985,0.00772626931567329,0.13245033112582782
primary,passive,C,current,2026093001,overall,turn,918,1474.9934640522877,943.0,0.002178649237472767,0.00980392156862745,0.09803921568627451
primary,passive,C,current,2026093002,big_blind,flop,512,8975.2890625,5172.0,0.0,0.0,0.021484375
primary,passive,C,current,2026093002,big_blind,preflop,512,541.5,657.0,0.0,0.0,0.0
primary,passive,C,current,2026093002,big_blind,river,510,981.2843137254902,928.0,0.0,0.00196078431372549,0.054901960784313725
primary,passive,C,current,2026093002,big_blind,turn,512,1706.71484375,1272.0,0.0,0.0078125,0.0625
primary,passive,C,current,2026093002,button,flop,393,9371.030534351145,5895.0,0.0,0.002544529262086514,0.017811704834605598
primary,passive,C,current,2026093002,button,preflop,512,1710.3671875,2088.5,0.0,0.0,0.0
primary,passive,C,current,2026093002,button,river,382,717.2565445026178,371.0,0.0,0.01832460732984293,0.16230366492146597
primary,passive,C,current,2026093002,button,turn,393,1345.3587786259543,638.0,0.0,0.01272264631043257,0.1272264631043257
primary,passive,C,current,2026093002,overall,flop,905,9147.141436464088,5172.0,0.0,0.0011049723756906078,0.019889502762430938
primary,passive,C,current,2026093002,overall,preflop,1024,1125.93359375,700.0,0.0,0.0,0.0
primary,passive,C,current,2026093002,overall,river,892,868.2141255605382,734.5,0.0,0.008968609865470852,0.10089686098654709
primary,passive,C,current,2026093002,overall,turn,905,1549.7944751381215,1087.0,0.0,0.009944751381215469,0.09060773480662983
primary,passive,C,current,2026093003,big_blind,flop,512,8674.8515625,4878.0,0.0,0.0,0.013671875
primary,passive,C,current,2026093003,big_blind,preflop,512,507.396484375,616.0,0.0,0.0,0.0
primary,passive,C,current,2026093003,big_blind,river,503,848.8667992047714,740.0,0.0,0.0,0.073558648111332
primary,passive,C,current,2026093003,big_blind,turn,512,1528.19921875,1216.0,0.0,0.009765625,0.0546875
primary,passive,C,current,2026093003,button,flop,402,8451.689054726368,5169.0,0.0,0.0024875621890547263,0.017412935323383085
primary,passive,C,current,2026093003,button,preflop,512,1755.103515625,2139.0,0.0,0.0,0.0
primary,passive,C,current,2026093003,button,river,384,713.2083333333334,360.0,0.0078125,0.018229166666666668,0.19010416666666666
primary,passive,C,current,2026093003,button,turn,402,1138.9129353233832,639.0,0.004975124378109453,0.014925373134328358,0.14427860696517414
primary,passive,C,current,2026093003,overall,flop,914,8576.699124726478,4878.0,0.0,0.0010940919037199124,0.015317286652078774
primary,passive,C,current,2026093003,overall,preflop,1024,1131.25,679.5,0.0,0.0,0.0
primary,passive,C,current,2026093003,overall,river,887,790.1375422773393,604.0,0.0033821871476888386,0.007891770011273957,0.12401352874859076
primary,passive,C,current,2026093003,overall,turn,914,1356.9814004376367,986.0,0.002188183807439825,0.012035010940919038,0.09409190371991247
primary,pot_pressure,A,current,2026093001,big_blind,flop,78,7987.397435897436,4439.5,0.28205128205128205,0.28205128205128205,0.28205128205128205
primary,pot_pressure,A,current,2026093001,big_blind,preflop,109,300.48623853211006,220.0,0.41284403669724773,0.41284403669724773,0.45871559633027525
primary,pot_pressure,A,current,2026093001,big_blind,river,22,879.5,747.0,0.4090909090909091,0.4090909090909091,0.4090909090909091
primary,pot_pressure,A,current,2026093001,big_blind,turn,36,1357.4722222222222,480.5,0.3611111111111111,0.3611111111111111,0.3611111111111111
primary,pot_pressure,A,current,2026093001,button,flop,158,6594.151898734177,2483.5,0.310126582278481,0.310126582278481,0.35443037974683544
primary,pot_pressure,A,current,2026093001,button,preflop,590,1546.5101694915254,2174.5,0.1288135593220339,0.1288135593220339,0.1288135593220339
primary,pot_pressure,A,current,2026093001,button,river,25,761.96,0.0,0.68,0.68,0.68
primary,pot_pressure,A,current,2026093001,button,turn,68,1778.3970588235295,367.0,0.38235294117647056,0.38235294117647056,0.4117647058823529
primary,pot_pressure,A,current,2026093001,overall,flop,236,7054.631355932203,2687.0,0.3008474576271186,0.3008474576271186,0.3305084745762712
primary,pot_pressure,A,current,2026093001,overall,preflop,699,1352.20886981402,2128.0,0.17310443490701002,0.17310443490701002,0.18025751072961374
primary,pot_pressure,A,current,2026093001,overall,river,47,816.9787234042553,0.0,0.5531914893617021,0.5531914893617021,0.5531914893617021
primary,pot_pressure,A,current,2026093001,overall,turn,104,1632.6923076923076,367.0,0.375,0.375,0.3942307692307692
primary,pot_pressure,A,current,2026093002,big_blind,flop,75,7984.586666666667,4390.0,0.26666666666666666,0.26666666666666666,0.26666666666666666
primary,pot_pressure,A,current,2026093002,big_blind,preflop,108,294.47222222222223,212.5,0.42592592592592593,0.42592592592592593,0.4537037037037037
primary,pot_pressure,A,current,2026093002,big_blind,river,24,769.0833333333334,378.0,0.2916666666666667,0.2916666666666667,0.2916666666666667
primary,pot_pressure,A,current,2026093002,big_blind,turn,44,1612.0681818181818,769.0,0.3409090909090909,0.3409090909090909,0.36363636363636365
primary,pot_pressure,A,current,2026093002,button,flop,172,7607.040697674419,4605.0,0.28488372093023256,0.28488372093023256,0.3081395348837209
primary,pot_pressure,A,current,2026093002,button,preflop,590,1540.235593220339,2183.0,0.13220338983050847,0.13220338983050847,0.13220338983050847
primary,pot_pressure,A,current,2026093002,button,river,29,1302.2758620689656,0.0,0.6206896551724138,0.6206896551724138,0.6206896551724138
primary,pot_pressure,A,current,2026093002,button,turn,79,1838.9620253164558,487.0,0.43037974683544306,0.43037974683544306,0.43037974683544306
primary,pot_pressure,A,current,2026093002,overall,flop,247,7721.68016194332,4527.0,0.2793522267206478,0.2793522267206478,0.29554655870445345
primary,pot_pressure,A,current,2026093002,overall,preflop,698,1347.4813753581661,2125.0,0.17765042979942694,0.17765042979942694,0.1819484240687679
primary,pot_pressure,A,current,2026093002,overall,river,53,1060.8301886792453,141.0,0.4716981132075472,0.4716981132075472,0.4716981132075472
primary,pot_pressure,A,current,2026093002,overall,turn,123,1757.7967479674796,507.0,0.3983739837398374,0.3983739837398374,0.4065040650406504
primary,pot_pressure,A,current,2026093003,big_blind,flop,75,7898.586666666667,4241.0,0.24,0.24,0.24
primary,pot_pressure,A,current,2026093003,big_blind,preflop,108,280.85185185185185,203.0,0.4166666666666667,0.4166666666666667,0.4537037037037037
primary,pot_pressure,A,current,2026093003,big_blind,river,23,1279.304347826087,894.0,0.391304347826087,0.391304347826087,0.391304347826087
primary,pot_pressure,A,current,2026093003,big_blind,turn,36,1724.8055555555557,941.0,0.2777777777777778,0.2777777777777778,0.3333333333333333
primary,pot_pressure,A,current,2026093003,button,flop,176,6638.897727272727,2537.0,0.3352272727272727,0.3352272727272727,0.375
primary,pot_pressure,A,current,2026093003,button,preflop,586,1567.2235494880547,2203.0,0.12457337883959044,0.12457337883959044,0.12457337883959044
primary,pot_pressure,A,current,2026093003,button,river,32,848.34375,0.0,0.59375,0.625,0.65625
primary,pot_pressure,A,current,2026093003,button,turn,74,1988.5135135135135,188.0,0.43243243243243246,0.43243243243243246,0.43243243243243246
primary,pot_pressure,A,current,2026093003,overall,flop,251,7015.298804780877,2600.0,0.30677290836653387,0.30677290836653387,0.3346613545816733
primary,pot_pressure,A,current,2026093003,overall,preflop,694,1367.0389048991356,2136.0,0.17002881844380405,0.17002881844380405,0.17579250720461095
primary,pot_pressure,A,current,2026093003,overall,river,55,1028.5636363636363,0.0,0.509090909090909,0.5272727272727272,0.5454545454545454
primary,pot_pressure,A,current,2026093003,overall,turn,110,1902.209090909091,391.5,0.38181818181818183,0.38181818181818183,0.4
primary,pot_pressure,C,current,2026093001,big_blind,flop,79,6099.139240506329,2325.0,0.3037974683544304,0.3037974683544304,0.3037974683544304
primary,pot_pressure,C,current,2026093001,big_blind,preflop,108,271.60185185185185,199.5,0.4166666666666667,0.4166666666666667,0.4537037037037037
primary,pot_pressure,C,current,2026093001,big_blind,river,25,538.16,421.0,0.24,0.24,0.32
primary,pot_pressure,C,current,2026093001,big_blind,turn,36,1220.138888888889,714.0,0.19444444444444445,0.19444444444444445,0.2222222222222222
primary,pot_pressure,C,current,2026093001,button,flop,181,6729.342541436464,2446.0,0.3314917127071823,0.3314917127071823,0.36464088397790057
primary,pot_pressure,C,current,2026093001,button,preflop,591,1484.4433164128595,2087.0,0.1319796954314721,0.1319796954314721,0.1319796954314721
primary,pot_pressure,C,current,2026093001,button,river,27,414.3333333333333,45.0,0.37037037037037035,0.37037037037037035,0.5925925925925926
primary,pot_pressure,C,current,2026093001,button,turn,78,1716.6153846153845,203.0,0.32051282051282054,0.358974358974359,0.41025641025641024
primary,pot_pressure,C,current,2026093001,overall,flop,260,6537.857692307693,2411.0,0.3230769230769231,0.3230769230769231,0.34615384615384615
primary,pot_pressure,C,current,2026093001,overall,preflop,699,1297.0515021459228,2039.0,0.1759656652360515,0.1759656652360515,0.18168812589413447
primary,pot_pressure,C,current,2026093001,overall,river,52,473.86538461538464,132.0,0.3076923076923077,0.3076923076923077,0.46153846153846156
primary,pot_pressure,C,current,2026093001,overall,turn,114,1559.8333333333333,435.0,0.2807017543859649,0.30701754385964913,0.3508771929824561
primary,pot_pressure,C,current,2026093002,big_blind,flop,78,6644.641025641025,2652.0,0.28205128205128205,0.28205128205128205,0.28205128205128205
primary,pot_pressure,C,current,2026093002,big_blind,preflop,108,284.1759259259259,213.0,0.42592592592592593,0.42592592592592593,0.4537037037037037
primary,pot_pressure,C,current,2026093002,big_blind,river,29,917.6551724137931,893.0,0.27586206896551724,0.27586206896551724,0.27586206896551724
primary,pot_pressure,C,current,2026093002,big_blind,turn,50,1512.12,678.5,0.2,0.2,0.24
primary,pot_pressure,C,current,2026093002,button,flop,157,7741.210191082802,3761.0,0.3057324840764331,0.3057324840764331,0.3248407643312102
primary,pot_pressure,C,current,2026093002,button,preflop,582,1481.7766323024055,2070.0,0.11683848797250859,0.11683848797250859,0.11683848797250859
primary,pot_pressure,C,current,2026093002,button,river,21,1420.4285714285713,167.0,0.2857142857142857,0.2857142857142857,0.38095238095238093
primary,pot_pressure,C,current,2026093002,button,turn,58,1706.5862068965516,747.5,0.3448275862068966,0.3448275862068966,0.3448275862068966
primary,pot_pressure,C,current,2026093002,overall,flop,235,7377.24255319149,3369.0,0.2978723404255319,0.2978723404255319,0.31063829787234043
primary,pot_pressure,C,current,2026093002,overall,preflop,690,1294.3260869565217,2015.5,0.16521739130434782,0.16521739130434782,0.16956521739130434
primary,pot_pressure,C,current,2026093002,overall,river,50,1128.82,549.0,0.28,0.28,0.32
primary,pot_pressure,C,current,2026093002,overall,turn,108,1616.5555555555557,727.5,0.2777777777777778,0.2777777777777778,0.2962962962962963
primary,pot_pressure,C,current,2026093003,big_blind,flop,74,6538.094594594595,3452.0,0.2702702702702703,0.2702702702702703,0.2702702702702703
primary,pot_pressure,C,current,2026093003,big_blind,preflop,109,264.4770642201835,190.0,0.41284403669724773,0.41284403669724773,0.45871559633027525
primary,pot_pressure,C,current,2026093003,big_blind,river,21,587.6666666666666,533.0,0.2857142857142857,0.2857142857142857,0.3333333333333333
primary,pot_pressure,C,current,2026093003,big_blind,turn,37,1344.4054054054054,773.0,0.16216216216216217,0.16216216216216217,0.16216216216216217
primary,pot_pressure,C,current,2026093003,button,flop,170,6890.547058823529,2627.0,0.3058823529411765,0.3058823529411765,0.3352941176470588
primary,pot_pressure,C,current,2026093003,button,preflop,592,1495.3547297297298,2126.0,0.13175675675675674,0.13175675675675674,0.13175675675675674
primary,pot_pressure,C,current,2026093003,button,river,22,887.1363636363636,21.5,0.45454545454545453,0.45454545454545453,0.6818181818181818
primary,pot_pressure,C,current,2026093003,button,turn,57,906.2105263157895,131.0,0.38596491228070173,0.43859649122807015,0.47368421052631576
primary,pot_pressure,C,current,2026093003,overall,flop,244,6783.6557377049185,2877.0,0.29508196721311475,0.29508196721311475,0.3155737704918033
primary,pot_pressure,C,current,2026093003,overall,preflop,701,1303.962910128388,2062.0,0.1754636233951498,0.1754636233951498,0.1825962910128388
primary,pot_pressure,C,current,2026093003,overall,river,43,740.8837209302326,93.0,0.37209302325581395,0.37209302325581395,0.5116279069767442
primary,pot_pressure,C,current,2026093003,overall,turn,94,1078.6914893617022,467.0,0.2978723404255319,0.32978723404255317,0.35106382978723405
primary,selective-stackoff,A,current,2026093001,big_blind,flop,459,10819.501089324618,6357.0,0.0,0.002178649237472767,0.0196078431372549
primary,selective-stackoff,A,current,2026093001,big_blind,preflop,569,576.207381370826,698.0,0.0,0.0,0.005272407732864675
primary,selective-stackoff,A,current,2026093001,big_blind,river,282,1158.1808510638298,875.5,0.0035460992907801418,0.01773049645390071,0.07092198581560284
primary,selective-stackoff,A,current,2026093001,big_blind,turn,317,2471.9968454258674,1624.0,0.0,0.006309148264984227,0.04100946372239748
primary,selective-stackoff,A,current,2026093001,button,flop,819,11133.107448107448,5780.0,0.0,0.0,0.013431013431013432
primary,selective-stackoff,A,current,2026093001,button,preflop,2067,1779.6424770198355,2197.0,0.0,0.0,0.0
primary,selective-stackoff,A,current,2026093001,button,river,310,1752.874193548387,997.0,0.0064516129032258064,0.02258064516129032,0.12903225806451613
primary,selective-stackoff,A,current,2026093001,button,turn,484,2767.4938016528927,1649.0,0.002066115702479339,0.01859504132231405,0.0640495867768595
primary,selective-stackoff,A,current,2026093001,overall,flop,1278,11020.474178403756,5780.0,0.0,0.000782472613458529,0.01564945226917058
primary,selective-stackoff,A,current,2026093001,overall,preflop,2636,1519.8721547799696,2158.0,0.0,0.0,0.0011380880121396055
primary,selective-stackoff,A,current,2026093001,overall,river,592,1469.5912162162163,895.5,0.005067567567567568,0.02027027027027027,0.10135135135135136
primary,selective-stackoff,A,current,2026093001,overall,turn,801,2650.5493133583022,1624.0,0.0012484394506866417,0.01373283395755306,0.05493133583021224
primary,selective-stackoff,A,current,2026093002,big_blind,flop,477,10448.995807127883,6270.0,0.0,0.0020964360587002098,0.016771488469601678
primary,selective-stackoff,A,current,2026093002,big_blind,preflop,570,563.301754385965,675.0,0.0,0.0,0.007017543859649123
primary,selective-stackoff,A,current,2026093002,big_blind,river,307,1075.7068403908795,976.0,0.0,0.0,0.06514657980456026
primary,selective-stackoff,A,current,2026093002,big_blind,turn,367,2212.3188010899185,1618.0,0.0,0.0,0.0326975476839237
primary,selective-stackoff,A,current,2026093002,button,flop,950,11470.14,5829.0,0.0,0.002105263157894737,0.014736842105263158
primary,selective-stackoff,A,current,2026093002,button,preflop,2069,1773.0014499758338,2194.0,0.0,0.0,0.0
primary,selective-stackoff,A,current,2026093002,button,river,422,1813.781990521327,959.0,0.002369668246445498,0.026066350710900472,0.11848341232227488
primary,selective-stackoff,A,current,2026093002,button,turn,605,2847.8710743801653,1874.0,0.001652892561983471,0.0049586776859504135,0.049586776859504134
primary,selective-stackoff,A,current,2026093002,overall,flop,1427,11128.804484933427,6270.0,0.0,0.002102312543798178,0.015416958654519973
primary,selective-stackoff,A,current,2026093002,overall,preflop,2639,1511.717317165593,2144.0,0.0,0.0,0.0015157256536566881
primary,selective-stackoff,A,current,2026093002,overall,river,729,1502.960219478738,976.0,0.0013717421124828531,0.015089163237311385,0.09602194787379972
primary,selective-stackoff,A,current,2026093002,overall,turn,972,2607.9043209876545,1820.0,0.00102880658436214,0.0030864197530864196,0.043209876543209874
primary,selective-stackoff,A,current,2026093003,big_blind,flop,473,10086.336152219874,5902.0,0.0,0.0,0.012684989429175475
primary,selective-stackoff,A,current,2026093003,big_blind,preflop,567,536.5308641975308,642.0,0.0,0.0,0.0
primary,selective-stackoff,A,current,2026093003,big_blind,river,302,1322.4635761589404,1127.5,0.0,0.0,0.07947019867549669
primary,selective-stackoff,A,current,2026093003,big_blind,turn,345,2412.4115942028984,1874.0,0.0,0.0,0.034782608695652174
primary,selective-stackoff,A,current,2026093003,button,flop,842,10505.034441805226,5741.0,0.0,0.0011876484560570072,0.019002375296912115
primary,selective-stackoff,A,current,2026093003,button,preflop,2063,1795.9975763451284,2213.0,0.0,0.0,0.0
primary,selective-stackoff,A,current,2026093003,button,river,315,1563.7904761904763,1019.0,0.0031746031746031746,0.031746031746031744,0.14603174603174604
primary,selective-stackoff,A,current,2026093003,button,turn,515,2642.366990291262,1428.0,0.0,0.001941747572815534,0.07766990291262135
primary,selective-stackoff,A,current,2026093003,overall,flop,1315,10354.430418250951,5741.0,0.0,0.0007604562737642585,0.016730038022813688
primary,selective-stackoff,A,current,2026093003,overall,preflop,2630,1524.4699619771864,2183.0,0.0,0.0,0.0
primary,selective-stackoff,A,current,2026093003,overall,river,617,1445.6693679092382,1019.0,0.0016207455429497568,0.01620745542949757,0.11345218800648298
primary,selective-stackoff,A,current,2026093003,overall,turn,860,2550.117441860465,1529.0,0.0,0.0011627906976744186,0.06046511627906977
primary,selective-stackoff,C,current,2026093001,big_blind,flop,478,8549.661087866109,5160.0,0.0,0.0020920502092050207,0.012552301255230125
primary,selective-stackoff,C,current,2026093001,big_blind,preflop,569,511.02636203866433,613.0,0.0,0.0,0.005272407732864675
primary,selective-stackoff,C,current,2026093001,big_blind,river,319,702.3479623824452,651.0,0.0,0.003134796238244514,0.09090909090909091
primary,selective-stackoff,C,current,2026093001,big_blind,turn,389,1490.5115681233933,1093.0,0.002570694087403599,0.007712082262210797,0.056555269922879174
primary,selective-stackoff,C,current,2026093001,button,flop,829,10644.910735826297,5600.0,0.0,0.0012062726176115801,0.016887816646562123
primary,selective-stackoff,C,current,2026093001,button,preflop,2062,1713.6988360814744,2113.0,0.0,0.0,0.00048496605237633366
primary,selective-stackoff,C,current,2026093001,button,river,303,1191.7491749174917,660.0,0.0033003300330033004,0.0165016501650165,0.1551155115511551
primary,selective-stackoff,C,current,2026093001,button,turn,509,2501.628683693517,1507.0,0.0,0.003929273084479371,0.060903732809430254
primary,selective-stackoff,C,current,2026093001,overall,flop,1307,9878.629686304514,5581.0,0.0,0.001530221882172915,0.015302218821729151
primary,selective-stackoff,C,current,2026093001,overall,preflop,2631,1453.599771949829,2079.0,0.0,0.0,0.0015203344735841885
primary,selective-stackoff,C,current,2026093001,overall,river,622,940.7540192926045,651.0,0.001607717041800643,0.00964630225080386,0.12218649517684887
primary,selective-stackoff,C,current,2026093001,overall,turn,898,2063.628062360802,1249.0,0.0011135857461024498,0.005567928730512249,0.05902004454342984
primary,selective-stackoff,C,current,2026093002,big_blind,flop,463,9007.274298056156,4785.0,0.0,0.0021598272138228943,0.017278617710583154
primary,selective-stackoff,C,current,2026093002,big_blind,preflop,572,540.8391608391609,651.0,0.0,0.0,0.01048951048951049
primary,selective-stackoff,C,current,2026093002,big_blind,river,285,947.1543859649123,789.0,0.0,0.0035087719298245615,0.05263157894736842
primary,selective-stackoff,C,current,2026093002,big_blind,turn,342,1903.204678362573,1453.0,0.0,0.0029239766081871343,0.038011695906432746
primary,selective-stackoff,C,current,2026093002,button,flop,921,11018.038002171552,5897.0,0.0,0.0010857763300760044,0.01737242128121607
primary,selective-stackoff,C,current,2026093002,button,preflop,2066,1684.558083252662,2082.0,0.0,0.0,0.0
primary,selective-stackoff,C,current,2026093002,button,river,325,895.9938461538461,488.0,0.003076923076923077,0.024615384615384615,0.15076923076923077
primary,selective-stackoff,C,current,2026093002,button,turn,479,2006.8893528183717,1102.0,0.0,0.008350730688935281,0.06680584551148225
primary,selective-stackoff,C,current,2026093002,overall,flop,1384,10345.361994219653,5897.0,0.0,0.001445086705202312,0.017341040462427744
primary,selective-stackoff,C,current,2026093002,overall,preflop,2638,1436.5644427596665,2037.0,0.0,0.0,0.002274450341167551
primary,selective-stackoff,C,current,2026093002,overall,river,610,919.8967213114754,643.0,0.001639344262295082,0.014754098360655738,0.10491803278688525
primary,selective-stackoff,C,current,2026093002,overall,turn,821,1963.6979293544457,1272.0,0.0,0.0060901339829476245,0.05481120584652863
primary,selective-stackoff,C,current,2026093003,big_blind,flop,456,8396.583333333334,4878.0,0.0,0.0,0.017543859649122806
primary,selective-stackoff,C,current,2026093003,big_blind,preflop,571,511.5043782837128,617.0,0.0,0.0,0.0070052539404553416
primary,selective-stackoff,C,current,2026093003,big_blind,river,303,772.085808580858,669.0,0.0,0.0033003300330033004,0.08250825082508251
primary,selective-stackoff,C,current,2026093003,big_blind,turn,347,1531.0691642651298,1159.0,0.0,0.002881844380403458,0.04610951008645533
primary,selective-stackoff,C,current,2026093003,button,flop,886,10125.914221218962,5334.0,0.0,0.002257336343115124,0.013544018058690745
primary,selective-stackoff,C,current,2026093003,button,preflop,2061,1731.8893740902474,2132.0,0.0,0.0,0.0
primary,selective-stackoff,C,current,2026093003,button,river,293,1012.2662116040956,476.0,0.0034129692832764505,0.017064846416382253,0.15699658703071673
primary,selective-stackoff,C,current,2026093003,button,turn,457,1617.7483588621444,988.0,0.0,0.0087527352297593,0.08971553610503283
primary,selective-stackoff,C,current,2026093003,overall,flop,1342,9538.302533532042,5334.0,0.0,0.0014903129657228018,0.014903129657228018
primary,selective-stackoff,C,current,2026093003,overall,preflop,2632,1467.1325987841944,2098.0,0.0,0.0,0.001519756838905775
primary,selective-stackoff,C,current,2026093003,overall,river,596,890.1610738255033,604.0,0.0016778523489932886,0.010067114093959731,0.11912751677852348
primary,selective-stackoff,C,current,2026093003,overall,turn,804,1580.3383084577115,1126.0,0.0,0.006218905472636816,0.0708955223880597
primary,tight_aggressive,A,current,2026093001,big_blind,flop,37,10756.081081081082,6357.0,0.0,0.0,0.05405405405405406
primary,tight_aggressive,A,current,2026093001,big_blind,preflop,71,406.46478873239437,369.0,0.0,0.0,0.028169014084507043
primary,tight_aggressive,A,current,2026093001,big_blind,river,18,810.2777777777778,737.0,0.0,0.0,0.16666666666666666
primary,tight_aggressive,A,current,2026093001,big_blind,turn,25,2182.04,1407.0,0.0,0.0,0.16
primary,tight_aggressive,A,current,2026093001,button,flop,203,11080.990147783252,7223.0,0.0,0.0,0.029556650246305417
primary,tight_aggressive,A,current,2026093001,button,preflop,545,1692.908256880734,2176.0,0.0,0.0,0.0
primary,tight_aggressive,A,current,2026093001,button,river,41,2024.7560975609756,990.0,0.0,0.0,0.14634146341463414
primary,tight_aggressive,A,current,2026093001,button,turn,90,2789.866666666667,1166.5,0.0,0.03333333333333333,0.06666666666666667
primary,tight_aggressive,A,current,2026093001,overall,flop,240,11030.9,7148.5,0.0,0.0,0.03333333333333333
primary,tight_aggressive,A,current,2026093001,overall,preflop,616,1544.6331168831168,2158.0,0.0,0.0,0.003246753246753247
primary,tight_aggressive,A,current,2026093001,overall,river,59,1654.2372881355932,834.0,0.0,0.0,0.15254237288135594
primary,tight_aggressive,A,current,2026093001,overall,turn,115,2657.730434782609,1192.0,0.0,0.02608695652173913,0.08695652173913043
primary,tight_aggressive,A,current,2026093002,big_blind,flop,44,8542.454545454546,4712.5,0.0,0.0,0.09090909090909091
primary,tight_aggressive,A,current,2026093002,big_blind,preflop,72,393.84722222222223,368.0,0.0,0.0,0.06944444444444445
primary,tight_aggressive,A,current,2026093002,big_blind,river,15,716.0,551.0,0.0,0.0,0.26666666666666666
primary,tight_aggressive,A,current,2026093002,big_blind,turn,17,2568.176470588235,1618.0,0.0,0.0,0.17647058823529413
primary,tight_aggressive,A,current,2026093002,button,flop,216,10821.819444444445,7217.0,0.0,0.0,0.027777777777777776
primary,tight_aggressive,A,current,2026093002,button,preflop,543,1700.4346224677715,2194.0,0.0,0.0,0.0
primary,tight_aggressive,A,current,2026093002,button,river,54,1937.6296296296296,860.0,0.0,0.0,0.14814814814814814
primary,tight_aggressive,A,current,2026093002,button,turn,107,2580.8971962616824,1249.0,0.0,0.009345794392523364,0.06542056074766354
primary,tight_aggressive,A,current,2026093002,overall,flop,260,10436.08076923077,6270.0,0.0,0.0,0.038461538461538464
primary,tight_aggressive,A,current,2026093002,overall,preflop,615,1547.4682926829269,2168.0,0.0,0.0,0.008130081300813009
primary,tight_aggressive,A,current,2026093002,overall,river,69,1672.0579710144928,787.0,0.0,0.0,0.17391304347826086
primary,tight_aggressive,A,current,2026093002,overall,turn,124,2579.1532258064517,1267.5,0.0,0.008064516129032258,0.08064516129032258
primary,tight_aggressive,A,current,2026093003,big_blind,flop,38,10108.052631578947,5996.0,0.0,0.05263157894736842,0.10526315789473684
primary,tight_aggressive,A,current,2026093003,big_blind,preflop,69,445.05797101449275,473.0,0.0,0.0,0.014492753623188406
primary,tight_aggressive,A,current,2026093003,big_blind,river,19,1050.0,638.0,0.0,0.0,0.0
primary,tight_aggressive,A,current,2026093003,big_blind,turn,22,2262.4545454545455,1249.5,0.0,0.0,0.22727272727272727
primary,tight_aggressive,A,current,2026093003,button,flop,163,11892.0,7263.0,0.0,0.006134969325153374,0.03067484662576687
primary,tight_aggressive,A,current,2026093003,button,preflop,544,1709.4613970588234,2212.0,0.0,0.0,0.001838235294117647
primary,tight_aggressive,A,current,2026093003,button,river,31,1302.6129032258063,1013.0,0.0,0.0,0.22580645161290322
primary,tight_aggressive,A,current,2026093003,button,turn,74,2852.7297297297296,1475.0,0.013513513513513514,0.04054054054054054,0.08108108108108109
primary,tight_aggressive,A,current,2026093003,overall,flop,201,11554.73631840796,7263.0,0.0,0.014925373134328358,0.04477611940298507
primary,tight_aggressive,A,current,2026093003,overall,preflop,613,1567.1386623164763,2197.0,0.0,0.0,0.0032626427406199023
primary,tight_aggressive,A,current,2026093003,overall,river,50,1206.62,989.5,0.0,0.0,0.14
primary,tight_aggressive,A,current,2026093003,overall,turn,96,2717.4583333333335,1353.0,0.010416666666666666,0.03125,0.11458333333333333
primary,tight_aggressive,C,current,2026093001,big_blind,flop,44,8288.477272727272,5178.0,0.0,0.0,0.045454545454545456
primary,tight_aggressive,C,current,2026093001,big_blind,preflop,67,411.17910447761193,405.0,0.0,0.0,0.0
primary,tight_aggressive,C,current,2026093001,big_blind,river,14,609.5,605.5,0.0,0.0,0.0
primary,tight_aggressive,C,current,2026093001,big_blind,turn,24,1469.25,765.0,0.0,0.0,0.16666666666666666
primary,tight_aggressive,C,current,2026093001,button,flop,200,10065.535,5946.0,0.0,0.005,0.025
primary,tight_aggressive,C,current,2026093001,button,preflop,541,1635.6044362292052,2092.0,0.0,0.0,0.0018484288354898336
primary,tight_aggressive,C,current,2026093001,button,river,27,1352.962962962963,465.0,0.0,0.0,0.14814814814814814
primary,tight_aggressive,C,current,2026093001,button,turn,87,2660.8505747126437,1740.0,0.0,0.0,0.06896551724137931
primary,tight_aggressive,C,current,2026093001,overall,flop,244,9745.081967213115,5600.0,0.0,0.004098360655737705,0.028688524590163935
primary,tight_aggressive,C,current,2026093001,overall,preflop,608,1500.6759868421052,2082.0,0.0,0.0,0.001644736842105263
primary,tight_aggressive,C,current,2026093001,overall,river,41,1099.0975609756097,465.0,0.0,0.0,0.0975609756097561
primary,tight_aggressive,C,current,2026093001,overall,turn,111,2403.2072072072074,1557.0,0.0,0.0,0.09009009009009009
primary,tight_aggressive,C,current,2026093002,big_blind,flop,35,9086.914285714285,5192.0,0.0,0.0,0.05714285714285714
primary,tight_aggressive,C,current,2026093002,big_blind,preflop,71,388.7464788732394,364.0,0.0,0.0,0.07042253521126761
primary,tight_aggressive,C,current,2026093002,big_blind,river,16,776.5625,651.0,0.0,0.0,0.125
primary,tight_aggressive,C,current,2026093002,big_blind,turn,26,1875.5,1603.0,0.0,0.0,0.19230769230769232
primary,tight_aggressive,C,current,2026093002,button,flop,190,11197.784210526315,6960.0,0.0,0.005263157894736842,0.031578947368421054
primary,tight_aggressive,C,current,2026093002,button,preflop,542,1612.7822878228783,2082.5,0.0,0.0,0.0036900369003690036
primary,tight_aggressive,C,current,2026093002,button,river,29,1070.7931034482758,312.0,0.034482758620689655,0.034482758620689655,0.20689655172413793
primary,tight_aggressive,C,current,2026093002,button,turn,72,2102.3888888888887,804.0,0.0,0.027777777777777776,0.16666666666666666
primary,tight_aggressive,C,current,2026093002,overall,flop,225,10869.426666666666,6546.0,0.0,0.0044444444444444444,0.035555555555555556
primary,tight_aggressive,C,current,2026093002,overall,preflop,613,1471.0097879282218,2051.0,0.0,0.0,0.011419249592169658
primary,tight_aggressive,C,current,2026093002,overall,river,45,966.1777777777778,506.0,0.022222222222222223,0.022222222222222223,0.17777777777777778
primary,tight_aggressive,C,current,2026093002,overall,turn,98,2042.1938775510205,994.5,0.0,0.02040816326530612,0.17346938775510204
primary,tight_aggressive,C,current,2026093003,big_blind,flop,40,8353.5,5323.5,0.0,0.05,0.1
primary,tight_aggressive,C,current,2026093003,big_blind,preflop,71,403.01408450704224,429.0,0.0,0.0,0.04225352112676056
primary,tight_aggressive,C,current,2026093003,big_blind,river,25,672.28,533.0,0.0,0.0,0.04
primary,tight_aggressive,C,current,2026093003,big_blind,turn,29,1427.5172413793102,1159.0,0.0,0.034482758620689655,0.06896551724137931
primary,tight_aggressive,C,current,2026093003,button,flop,190,9334.257894736842,6191.5,0.0,0.005263157894736842,0.021052631578947368
primary,tight_aggressive,C,current,2026093003,button,preflop,546,1641.1849816849817,2130.0,0.0,0.0,0.003663003663003663
primary,tight_aggressive,C,current,2026093003,button,river,22,1262.1818181818182,517.5,0.0,0.045454545454545456,0.13636363636363635
primary,tight_aggressive,C,current,2026093003,button,turn,72,1290.0833333333333,412.0,0.013888888888888888,0.06944444444444445,0.19444444444444445
primary,tight_aggressive,C,current,2026093003,overall,flop,230,9163.691304347825,5945.5,0.0,0.013043478260869565,0.034782608695652174
primary,tight_aggressive,C,current,2026093003,overall,preflop,617,1498.7050243111833,2121.0,0.0,0.0,0.008103727714748784
primary,tight_aggressive,C,current,2026093003,overall,river,47,948.4042553191489,533.0,0.0,0.02127659574468085,0.0851063829787234
primary,tight_aggressive,C,current,2026093003,overall,turn,101,1329.5445544554455,504.0,0.009900990099009901,0.0594059405940594,0.15841584158415842
primary,tight_passive,A,current,2026093001,big_blind,flop,36,10675.611111111111,5703.0,0.0,0.0,0.0
primary,tight_passive,A,current,2026093001,big_blind,preflop,41,550.829268292683,692.0,0.0,0.0,0.024390243902439025
primary,tight_passive,A,current,2026093001,big_blind,river,17,1132.5882352941176,1272.0,0.058823529411764705,0.058823529411764705,0.11764705882352941
primary,tight_passive,A,current,2026093001,big_blind,turn,19,2532.7368421052633,3052.0,0.0,0.0,0.10526315789473684
primary,tight_passive,A,current,2026093001,button,flop,162,10608.518518518518,5780.0,0.006172839506172839,0.012345679012345678,0.018518518518518517
primary,tight_passive,A,current,2026093001,button,preflop,513,1815.2553606237816,2201.0,0.001949317738791423,0.001949317738791423,0.001949317738791423
primary,tight_passive,A,current,2026093001,button,river,41,2220.3658536585367,1562.0,0.024390243902439025,0.04878048780487805,0.14634146341463414
primary,tight_passive,A,current,2026093001,button,turn,95,2945.9052631578948,1687.0,0.010526315789473684,0.021052631578947368,0.07368421052631578
primary,tight_passive,A,current,2026093001,overall,flop,198,10620.717171717171,5741.5,0.005050505050505051,0.010101010101010102,0.015151515151515152
primary,tight_passive,A,current,2026093001,overall,preflop,554,1721.678700361011,2192.0,0.0018050541516245488,0.0018050541516245488,0.0036101083032490976
primary,tight_passive,A,current,2026093001,overall,river,58,1901.5344827586207,1272.0,0.034482758620689655,0.05172413793103448,0.13793103448275862
primary,tight_passive,A,current,2026093001,overall,turn,114,2877.0438596491226,1697.0,0.008771929824561403,0.017543859649122806,0.07894736842105263
primary,tight_passive,A,current,2026093002,big_blind,flop,36,10548.527777777777,5776.0,0.0,0.0,0.0
primary,tight_passive,A,current,2026093002,big_blind,preflop,40,555.95,669.0,0.0,0.0,0.0
primary,tight_passive,A,current,2026093002,big_blind,river,22,1132.7272727272727,707.0,0.09090909090909091,0.09090909090909091,0.18181818181818182
primary,tight_passive,A,current,2026093002,big_blind,turn,23,3035.0434782608695,3292.0,0.0,0.0,0.08695652173913043
primary,tight_passive,A,current,2026093002,button,flop,187,11414.133689839573,5829.0,0.0053475935828877,0.0053475935828877,0.0213903743315508
primary,tight_passive,A,current,2026093002,button,preflop,514,1809.5505836575876,2197.0,0.0019455252918287938,0.0019455252918287938,0.0019455252918287938
primary,tight_passive,A,current,2026093002,button,river,48,2482.125,2028.5,0.0,0.0,0.041666666666666664
primary,tight_passive,A,current,2026093002,button,turn,94,3396.095744680851,2887.0,0.02127659574468085,0.02127659574468085,0.0425531914893617
primary,tight_passive,A,current,2026093002,overall,flop,223,11274.394618834081,5829.0,0.004484304932735426,0.004484304932735426,0.017937219730941704
primary,tight_passive,A,current,2026093002,overall,preflop,554,1719.037906137184,2191.0,0.0018050541516245488,0.0018050541516245488,0.0018050541516245488
primary,tight_passive,A,current,2026093002,overall,river,70,2058.0285714285715,1533.5,0.02857142857142857,0.02857142857142857,0.08571428571428572
primary,tight_passive,A,current,2026093002,overall,turn,117,3325.119658119658,2887.0,0.017094017094017096,0.017094017094017096,0.05128205128205128
primary,tight_passive,A,current,2026093003,big_blind,flop,37,10459.027027027027,5447.0,0.0,0.0,0.0
primary,tight_passive,A,current,2026093003,big_blind,preflop,40,524.65,632.0,0.0,0.0,0.0
primary,tight_passive,A,current,2026093003,big_blind,river,21,1340.095238095238,1345.0,0.047619047619047616,0.047619047619047616,0.09523809523809523
primary,tight_passive,A,current,2026093003,big_blind,turn,23,3021.391304347826,2968.0,0.0,0.0,0.0
primary,tight_passive,A,current,2026093003,button,flop,168,11644.02380952381,7263.0,0.0,0.0,0.005952380952380952
primary,tight_passive,A,current,2026093003,button,preflop,515,1823.673786407767,2214.0,0.003883495145631068,0.003883495145631068,0.003883495145631068
primary,tight_passive,A,current,2026093003,button,river,58,2077.362068965517,1427.5,0.0,0.0,0.06896551724137931
primary,tight_passive,A,current,2026093003,button,turn,90,3671.222222222222,1836.0,0.011111111111111112,0.011111111111111112,0.03333333333333333
primary,tight_passive,A,current,2026093003,overall,flop,205,11430.146341463415,6370.0,0.0,0.0,0.004878048780487805
primary,tight_passive,A,current,2026093003,overall,preflop,555,1730.0504504504504,2210.0,0.0036036036036036037,0.0036036036036036037,0.0036036036036036037
primary,tight_passive,A,current,2026093003,overall,river,79,1881.379746835443,1345.0,0.012658227848101266,0.012658227848101266,0.0759493670886076
primary,tight_passive,A,current,2026093003,overall,turn,113,3538.9557522123896,2730.0,0.008849557522123894,0.008849557522123894,0.02654867256637168
primary,tight_passive,C,current,2026093001,big_blind,flop,36,8115.416666666667,4568.0,0.0,0.0,0.027777777777777776
primary,tight_passive,C,current,2026093001,big_blind,preflop,40,496.5,604.5,0.0,0.0,0.0
primary,tight_passive,C,current,2026093001,big_blind,river,23,622.0869565217391,563.0,0.043478260869565216,0.043478260869565216,0.13043478260869565
primary,tight_passive,C,current,2026093001,big_blind,turn,25,1729.76,1768.0,0.0,0.04,0.12
primary,tight_passive,C,current,2026093001,button,flop,152,11679.03947368421,7112.0,0.0,0.006578947368421052,0.013157894736842105
primary,tight_passive,C,current,2026093001,button,preflop,514,1744.1070038910507,2115.0,0.0019455252918287938,0.0019455252918287938,0.0019455252918287938
primary,tight_passive,C,current,2026093001,button,river,40,1906.475,767.5,0.025,0.025,0.15
primary,tight_passive,C,current,2026093001,button,turn,96,3000.03125,1720.5,0.010416666666666666,0.010416666666666666,0.0625
primary,tight_passive,C,current,2026093001,overall,flop,188,10996.643617021276,5600.0,0.0,0.005319148936170213,0.015957446808510637
primary,tight_passive,C,current,2026093001,overall,preflop,554,1654.0270758122745,2108.0,0.0018050541516245488,0.0018050541516245488,0.0018050541516245488
primary,tight_passive,C,current,2026093001,overall,river,63,1437.5714285714287,684.0,0.031746031746031744,0.031746031746031744,0.14285714285714285
primary,tight_passive,C,current,2026093001,overall,turn,121,2737.5785123966944,1740.0,0.008264462809917356,0.01652892561983471,0.0743801652892562
primary,tight_passive,C,current,2026093002,big_blind,flop,37,8205.81081081081,4642.0,0.0,0.0,0.02702702702702703
primary,tight_passive,C,current,2026093002,big_blind,preflop,40,538.475,650.0,0.0,0.0,0.0
primary,tight_passive,C,current,2026093002,big_blind,river,19,966.421052631579,789.0,0.0,0.0,0.15789473684210525
primary,tight_passive,C,current,2026093002,big_blind,turn,24,2149.7083333333335,2149.0,0.0,0.0,0.08333333333333333
primary,tight_passive,C,current,2026093002,button,flop,163,11714.63190184049,7374.0,0.0,0.006134969325153374,0.012269938650306749
primary,tight_passive,C,current,2026093002,button,preflop,513,1717.923976608187,2088.0,0.001949317738791423,0.001949317738791423,0.001949317738791423
primary,tight_passive,C,current,2026093002,button,river,23,1471.0434782608695,667.0,0.043478260869565216,0.043478260869565216,0.13043478260869565
primary,tight_passive,C,current,2026093002,button,turn,56,2054.5,1105.0,0.0,0.017857142857142856,0.07142857142857142
primary,tight_passive,C,current,2026093002,overall,flop,200,11065.5,6047.5,0.0,0.005,0.015
primary,tight_passive,C,current,2026093002,overall,preflop,553,1632.611211573237,2080.0,0.0018083182640144665,0.0018083182640144665,0.0018083182640144665
primary,tight_passive,C,current,2026093002,overall,river,42,1242.7619047619048,789.0,0.023809523809523808,0.023809523809523808,0.14285714285714285
primary,tight_passive,C,current,2026093002,overall,turn,80,2083.0625,1781.0,0.0,0.0125,0.075
primary,tight_passive,C,current,2026093003,big_blind,flop,39,7421.717948717948,4672.0,0.0,0.0,0.05128205128205128
primary,tight_passive,C,current,2026093003,big_blind,preflop,40,505.05,615.0,0.0,0.0,0.0
primary,tight_passive,C,current,2026093003,big_blind,river,19,812.8947368421053,797.0,0.0,0.0,0.0
primary,tight_passive,C,current,2026093003,big_blind,turn,24,1761.875,1902.5,0.0,0.0,0.0
primary,tight_passive,C,current,2026093003,button,flop,170,10519.623529411765,6508.0,0.0,0.0,0.023529411764705882
primary,tight_passive,C,current,2026093003,button,preflop,513,1764.5087719298247,2138.0,0.0,0.0,0.0
primary,tight_passive,C,current,2026093003,button,river,37,1461.2162162162163,985.0,0.02702702702702703,0.08108108108108109,0.16216216216216217
primary,tight_passive,C,current,2026093003,button,turn,68,1705.8676470588234,1202.5,0.014705882352941176,0.04411764705882353,0.07352941176470588
primary,tight_passive,C,current,2026093003,overall,flop,209,9941.545454545454,5763.0,0.0,0.0,0.028708133971291867
primary,tight_passive,C,current,2026093003,overall,preflop,553,1673.4086799276672,2131.0,0.0,0.0,0.0
primary,tight_passive,C,current,2026093003,overall,river,56,1241.25,925.0,0.017857142857142856,0.05357142857142857,0.10714285714285714
primary,tight_passive,C,current,2026093003,overall,turn,92,1720.4782608695652,1246.5,0.010869565217391304,0.03260869565217391,0.05434782608695652
primary,uniform,A,current,2026093001,big_blind,flop,359,6122.763231197771,2725.0,0.0,0.005571030640668524,0.055710306406685235
primary,uniform,A,current,2026093001,big_blind,preflop,410,433.54146341463417,386.5,0.0,0.0,0.04878048780487805
primary,uniform,A,current,2026093001,big_blind,river,89,534.1123595505618,228.0,0.0,0.0449438202247191,0.3146067415730337
primary,uniform,A,current,2026093001,big_blind,turn,173,1166.4104046242774,544.0,0.0,0.011560693641618497,0.19653179190751446
primary,uniform,A,current,2026093001,button,flop,289,4153.307958477509,1687.0,0.0,0.01384083044982699,0.08304498269896193
primary,uniform,A,current,2026093001,button,preflop,745,1415.1154362416107,1155.0,0.0,0.0,0.009395973154362415
primary,uniform,A,current,2026093001,button,river,64,166.671875,105.0,0.0,0.140625,0.484375
primary,uniform,A,current,2026093001,button,turn,151,490.887417218543,202.0,0.006622516556291391,0.059602649006622516,0.3509933774834437
primary,uniform,A,current,2026093001,overall,flop,648,5244.41049382716,2342.5,0.0,0.009259259259259259,0.06790123456790123
primary,uniform,A,current,2026093001,overall,preflop,1155,1066.6779220779222,730.0,0.0,0.0,0.023376623376623377
primary,uniform,A,current,2026093001,overall,river,153,380.4117647058824,164.0,0.0,0.08496732026143791,0.38562091503267976
primary,uniform,A,current,2026093001,overall,turn,324,851.5833333333334,346.0,0.0030864197530864196,0.033950617283950615,0.26851851851851855
primary,uniform,A,current,2026093002,big_blind,flop,353,7055.416430594901,3408.0,0.0,0.0084985835694051,0.0453257790368272
primary,uniform,A,current,2026093002,big_blind,preflop,408,440.0367647058824,396.0,0.0,0.0,0.04656862745098039
primary,uniform,A,current,2026093002,big_blind,river,73,560.2602739726027,341.0,0.0,0.0273972602739726,0.2465753424657534
primary,uniform,A,current,2026093002,big_blind,turn,181,1151.9447513812154,467.0,0.0055248618784530384,0.016574585635359115,0.19889502762430938
primary,uniform,A,current,2026093002,button,flop,272,3947.908088235294,1807.0,0.0,0.01838235294117647,0.09926470588235294
primary,uniform,A,current,2026093002,button,preflop,745,1427.944966442953,1181.0,0.0,0.0,0.010738255033557046
primary,uniform,A,current,2026093002,button,river,66,269.8333333333333,86.5,0.0,0.07575757575757576,0.5454545454545454
primary,uniform,A,current,2026093002,button,turn,160,503.24375,191.5,0.00625,0.06875,0.3125
primary,uniform,A,current,2026093002,overall,flop,625,5703.0288,2581.0,0.0,0.0128,0.0688
primary,uniform,A,current,2026093002,overall,preflop,1153,1078.3642671292282,729.0,0.0,0.0,0.023417172593235037
primary,uniform,A,current,2026093002,overall,river,139,422.35971223021585,170.0,0.0,0.050359712230215826,0.38848920863309355
primary,uniform,A,current,2026093002,overall,turn,341,847.5689149560118,304.0,0.005865102639296188,0.04105571847507331,0.25219941348973607
primary,uniform,A,current,2026093003,big_blind,flop,370,6257.35945945946,3128.0,0.0,0.005405405405405406,0.06756756756756757
primary,uniform,A,current,2026093003,big_blind,preflop,414,440.0869565217391,487.0,0.0,0.0,0.06280193236714976
primary,uniform,A,current,2026093003,big_blind,river,61,549.8360655737705,270.0,0.0,0.01639344262295082,0.18032786885245902
primary,uniform,A,current,2026093003,big_blind,turn,166,1190.710843373494,531.5,0.0,0.024096385542168676,0.1746987951807229
primary,uniform,A,current,2026093003,button,flop,269,4052.434944237918,1655.0,0.0,0.01486988847583643,0.07434944237918216
primary,uniform,A,current,2026093003,button,preflop,726,1445.5564738292012,2162.0,0.0,0.0,0.01652892561983471
primary,uniform,A,current,2026093003,button,river,65,208.66153846153847,123.0,0.0,0.1076923076923077,0.46153846153846156
primary,uniform,A,current,2026093003,button,turn,144,481.77777777777777,207.0,0.006944444444444444,0.05555555555555555,0.3333333333333333
primary,uniform,A,current,2026093003,overall,flop,639,5329.151799687011,2511.0,0.0,0.009389671361502348,0.07042253521126761
primary,uniform,A,current,2026093003,overall,preflop,1140,1080.4122807017543,709.0,0.0,0.0,0.03333333333333333
primary,uniform,A,current,2026093003,overall,river,126,373.8333333333333,188.0,0.0,0.06349206349206349,0.3253968253968254
primary,uniform,A,current,2026093003,overall,turn,310,861.4,328.5,0.0032258064516129032,0.03870967741935484,0.24838709677419354
primary,uniform,C,current,2026093001,big_blind,flop,362,6166.46408839779,3112.5,0.0,0.008287292817679558,0.052486187845303865
primary,uniform,C,current,2026093001,big_blind,preflop,410,419.80243902439025,419.0,0.0,0.0,0.05853658536585366
primary,uniform,C,current,2026093001,big_blind,river,88,729.8977272727273,419.0,0.0,0.0,0.13636363636363635
primary,uniform,C,current,2026093001,big_blind,turn,180,1196.7,801.0,0.0,0.016666666666666666,0.14444444444444443
primary,uniform,C,current,2026093001,button,flop,301,3671.5880398671097,1578.0,0.0,0.013289036544850499,0.07308970099667775
primary,uniform,C,current,2026093001,button,preflop,725,1392.7972413793104,2046.0,0.0,0.0,0.020689655172413793
primary,uniform,C,current,2026093001,button,river,77,201.80519480519482,153.0,0.0,0.06493506493506493,0.4155844155844156
primary,uniform,C,current,2026093001,button,turn,159,507.55974842767296,233.0,0.006289308176100629,0.0440251572327044,0.32075471698113206
primary,uniform,C,current,2026093001,overall,flop,663,5033.797888386123,2259.0,0.0,0.010558069381598794,0.06184012066365008
primary,uniform,C,current,2026093001,overall,preflop,1135,1041.3189427312775,685.0,0.0,0.0,0.03436123348017621
primary,uniform,C,current,2026093001,overall,river,165,483.45454545454544,241.0,0.0,0.030303030303030304,0.26666666666666666
primary,uniform,C,current,2026093001,overall,turn,339,873.4749262536873,402.0,0.0029498525073746312,0.029498525073746312,0.22713864306784662
primary,uniform,C,current,2026093002,big_blind,flop,308,6076.944805194805,2543.0,0.003246753246753247,0.016233766233766232,0.07467532467532467
primary,uniform,C,current,2026093002,big_blind,preflop,417,416.2398081534772,387.0,0.0,0.0,0.05995203836930456
primary,uniform,C,current,2026093002,big_blind,river,67,750.6119402985074,506.0,0.0,0.0,0.1791044776119403
primary,uniform,C,current,2026093002,big_blind,turn,141,1137.290780141844,499.0,0.0,0.014184397163120567,0.19148936170212766
primary,uniform,C,current,2026093002,button,flop,295,3622.186440677966,1631.0,0.0,0.0,0.0576271186440678
primary,uniform,C,current,2026093002,button,preflop,731,1364.3611491108072,2016.0,0.0,0.0,0.015047879616963064
primary,uniform,C,current,2026093002,button,river,73,234.8082191780822,129.0,0.0,0.0410958904109589,0.4383561643835616
primary,uniform,C,current,2026093002,button,turn,145,393.49655172413793,230.0,0.006896551724137931,0.04827586206896552,0.2896551724137931
primary,uniform,C,current,2026093002,overall,flop,603,4876.026533996684,2115.0,0.001658374792703151,0.008291873963515755,0.06633499170812604
primary,uniform,C,current,2026093002,overall,preflop,1148,1019.9651567944251,694.5,0.0,0.0,0.0313588850174216
primary,uniform,C,current,2026093002,overall,river,140,481.65714285714284,210.0,0.0,0.02142857142857143,0.3142857142857143
primary,uniform,C,current,2026093002,overall,turn,286,760.1923076923077,319.0,0.0034965034965034965,0.03146853146853147,0.24125874125874125
primary,uniform,C,current,2026093003,big_blind,flop,327,6368.492354740061,3656.0,0.0030581039755351682,0.012232415902140673,0.05504587155963303
primary,uniform,C,current,2026093003,big_blind,preflop,421,419.7363420427553,445.0,0.0,0.0,0.07363420427553444
primary,uniform,C,current,2026093003,big_blind,river,87,711.448275862069,384.0,0.0,0.034482758620689655,0.1839080459770115
primary,uniform,C,current,2026093003,big_blind,turn,160,1187.4125,634.0,0.0,0.0125,0.125
primary,uniform,C,current,2026093003,button,flop,279,3456.8924731182797,1471.0,0.0,0.010752688172043012,0.06810035842293907
primary,uniform,C,current,2026093003,button,preflop,735,1395.061224489796,2062.0,0.0,0.0,0.01904761904761905
primary,uniform,C,current,2026093003,button,river,71,312.8169014084507,199.0,0.0,0.04225352112676056,0.30985915492957744
primary,uniform,C,current,2026093003,button,turn,154,421.1038961038961,285.5,0.006493506493506494,0.03896103896103896,0.2662337662337662
primary,uniform,C,current,2026093003,overall,flop,606,5028.003300330033,2410.0,0.0016501650165016502,0.01155115511551155,0.06105610561056106
primary,uniform,C,current,2026093003,overall,preflop,1156,1039.8607266435986,689.5,0.0,0.0,0.03892733564013841
primary,uniform,C,current,2026093003,overall,river,158,532.3164556962025,254.0,0.0,0.0379746835443038,0.24050632911392406
primary,uniform,C,current,2026093003,overall,turn,314,811.5796178343949,391.0,0.0031847133757961785,0.025477707006369428,0.1942675159235669
readout,lbr,A,average,2026093001,big_blind,flop,222,3087.112612612613,1335.0,0.0,0.009009009009009009,0.06306306306306306
readout,lbr,A,average,2026093001,big_blind,preflop,256,295.890625,351.0,0.0,0.0,0.0
readout,lbr,A,average,2026093001,big_blind,river,29,185.93103448275863,95.0,0.0,0.06896551724137931,0.5172413793103449
readout,lbr,A,average,2026093001,big_blind,turn,66,364.5,231.0,0.0,0.0,0.24242424242424243
readout,lbr,A,average,2026093001,button,flop,153,2740.856209150327,1528.0,0.0,0.013071895424836602,0.0784313725490196
readout,lbr,A,average,2026093001,button,preflop,413,1320.1380145278451,945.0,0.0,0.0,0.01694915254237288
readout,lbr,A,average,2026093001,button,river,46,154.80434782608697,43.5,0.021739130434782608,0.13043478260869565,0.6739130434782609
readout,lbr,A,average,2026093001,button,turn,92,380.0652173913044,103.5,0.021739130434782608,0.07608695652173914,0.4782608695652174
readout,lbr,A,average,2026093001,overall,flop,375,2945.84,1364.0,0.0,0.010666666666666666,0.06933333333333333
readout,lbr,A,average,2026093001,overall,preflop,669,928.1988041853513,401.0,0.0,0.0,0.01046337817638266
readout,lbr,A,average,2026093001,overall,river,75,166.84,61.0,0.013333333333333334,0.10666666666666667,0.6133333333333333
readout,lbr,A,average,2026093001,overall,turn,158,373.5632911392405,157.0,0.012658227848101266,0.04430379746835443,0.379746835443038
readout,lbr,A,average,2026093002,big_blind,flop,235,2984.714893617021,1157.0,0.0,0.00851063829787234,0.08936170212765958
readout,lbr,A,average,2026093002,big_blind,preflop,256,311.1171875,365.0,0.0,0.0,0.0
readout,lbr,A,average,2026093002,big_blind,river,23,189.82608695652175,46.0,0.0,0.2608695652173913,0.6086956521739131
readout,lbr,A,average,2026093002,big_blind,turn,73,452.63013698630135,210.0,0.0,0.0684931506849315,0.3698630136986301
readout,lbr,A,average,2026093002,button,flop,139,2324.705035971223,1274.0,0.0,0.0,0.05755395683453238
readout,lbr,A,average,2026093002,button,preflop,416,1319.3149038461538,935.0,0.0,0.0,0.004807692307692308
readout,lbr,A,average,2026093002,button,river,28,146.67857142857142,44.5,0.0,0.14285714285714285,0.7142857142857143
readout,lbr,A,average,2026093002,button,turn,66,326.8181818181818,138.5,0.0,0.045454545454545456,0.4090909090909091
readout,lbr,A,average,2026093002,overall,flop,374,2739.4171122994653,1157.0,0.0,0.0053475935828877,0.07754010695187166
readout,lbr,A,average,2026093002,overall,preflop,672,935.2395833333334,418.0,0.0,0.0,0.002976190476190476
readout,lbr,A,average,2026093002,overall,river,51,166.13725490196077,46.0,0.0,0.19607843137254902,0.6666666666666666
readout,lbr,A,average,2026093002,overall,turn,139,392.89208633093523,162.0,0.0,0.05755395683453238,0.38848920863309355
readout,lbr,A,average,2026093003,big_blind,flop,257,4118.011673151751,1791.0,0.0,0.01556420233463035,0.0622568093385214
readout,lbr,A,average,2026093003,big_blind,preflop,256,386.3203125,464.0,0.0,0.0,0.0
readout,lbr,A,average,2026093003,big_blind,river,34,145.2941176470588,58.5,0.0,0.11764705882352941,0.6470588235294118
readout,lbr,A,average,2026093003,big_blind,turn,91,451.9120879120879,200.0,0.0,0.06593406593406594,0.31868131868131866
readout,lbr,A,average,2026093003,button,flop,146,3317.972602739726,1599.0,0.0,0.00684931506849315,0.06164383561643835
readout,lbr,A,average,2026093003,button,preflop,408,1339.389705882353,954.0,0.0,0.0,0.007352941176470588
readout,lbr,A,average,2026093003,button,river,35,190.77142857142857,47.0,0.0,0.14285714285714285,0.6
readout,lbr,A,average,2026093003,button,turn,88,465.875,216.0,0.0,0.056818181818181816,0.36363636363636365
readout,lbr,A,average,2026093003,overall,flop,403,3828.171215880893,1655.0,0.0,0.01240694789081886,0.062034739454094295
readout,lbr,A,average,2026093003,overall,preflop,664,971.941265060241,508.0,0.0,0.0,0.004518072289156626
readout,lbr,A,average,2026093003,overall,river,69,168.36231884057972,52.0,0.0,0.13043478260869565,0.6231884057971014
readout,lbr,A,average,2026093003,overall,turn,179,458.77653631284915,211.0,0.0,0.061452513966480445,0.3407821229050279
readout,lbr,A,current,2026093001,big_blind,flop,199,3149.145728643216,1335.0,0.0,0.005025125628140704,0.10552763819095477
readout,lbr,A,current,2026093001,big_blind,preflop,256,295.890625,351.0,0.0,0.0,0.0
readout,lbr,A,current,2026093001,big_blind,river,19,179.05263157894737,113.0,0.0,0.0,0.42105263157894735
readout,lbr,A,current,2026093001,big_blind,turn,56,444.82142857142856,235.5,0.0,0.0,0.25
readout,lbr,A,current,2026093001,button,flop,167,3161.7664670658683,1422.0,0.0,0.011976047904191617,0.059880239520958084
readout,lbr,A,current,2026093001,button,preflop,417,1286.6786570743404,935.0,0.0,0.0,0.011990407673860911
readout,lbr,A,current,2026093001,button,river,42,199.6904761904762,58.5,0.07142857142857142,0.23809523809523808,0.5952380952380952
readout,lbr,A,current,2026093001,button,turn,86,392.09302325581393,109.5,0.011627906976744186,0.046511627906976744,0.4883720930232558
readout,lbr,A,current,2026093001,overall,flop,366,3154.9043715846997,1335.0,0.0,0.00819672131147541,0.08469945355191257
readout,lbr,A,current,2026093001,overall,preflop,673,909.7964338781575,398.0,0.0,0.0,0.007429420505200594
readout,lbr,A,current,2026093001,overall,river,61,193.2622950819672,97.0,0.04918032786885246,0.16393442622950818,0.5409836065573771
readout,lbr,A,current,2026093001,overall,turn,142,412.88732394366195,162.5,0.007042253521126761,0.028169014084507043,0.39436619718309857
readout,lbr,A,current,2026093002,big_blind,flop,217,2816.5207373271887,1157.0,0.0,0.0,0.07834101382488479
readout,lbr,A,current,2026093002,big_blind,preflop,256,302.87109375,365.0,0.0,0.0,0.0
readout,lbr,A,current,2026093002,big_blind,river,22,110.45454545454545,87.5,0.0,0.045454545454545456,0.5909090909090909
readout,lbr,A,current,2026093002,big_blind,turn,59,245.3728813559322,160.0,0.0,0.03389830508474576,0.4067796610169492
readout,lbr,A,current,2026093002,button,flop,148,2256.4594594594596,932.0,0.0,0.0,0.04054054054054054
readout,lbr,A,current,2026093002,button,preflop,423,1294.5555555555557,926.0,0.0,0.0,0.0070921985815602835
readout,lbr,A,current,2026093002,button,river,26,150.80769230769232,53.5,0.11538461538461539,0.23076923076923078,0.6923076923076923
readout,lbr,A,current,2026093002,button,turn,66,271.7878787878788,129.5,0.0,0.12121212121212122,0.4393939393939394
readout,lbr,A,current,2026093002,overall,flop,365,2589.427397260274,1053.0,0.0,0.0,0.06301369863013699
readout,lbr,A,current,2026093002,overall,preflop,679,920.6656848306333,408.0,0.0,0.0,0.004418262150220913
readout,lbr,A,current,2026093002,overall,river,48,132.3125,81.5,0.0625,0.14583333333333334,0.6458333333333334
readout,lbr,A,current,2026093002,overall,turn,125,259.32,140.0,0.0,0.08,0.424
readout,lbr,A,current,2026093003,big_blind,flop,242,4527.359504132231,2007.0,0.0,0.0,0.04132231404958678
readout,lbr,A,current,2026093003,big_blind,preflop,256,381.8125,462.5,0.0,0.0,0.0
readout,lbr,A,current,2026093003,big_blind,river,23,226.52173913043478,154.0,0.0,0.043478260869565216,0.43478260869565216
readout,lbr,A,current,2026093003,big_blind,turn,69,628.6376811594203,315.0,0.0,0.043478260869565216,0.2463768115942029
readout,lbr,A,current,2026093003,button,flop,138,3687.572463768116,1652.5,0.0,0.0,0.057971014492753624
readout,lbr,A,current,2026093003,button,preflop,422,1291.5284360189573,934.0,0.0,0.0,0.004739336492890996
readout,lbr,A,current,2026093003,button,river,37,291.5405405405405,127.0,0.0,0.05405405405405406,0.4864864864864865
readout,lbr,A,current,2026093003,button,turn,79,553.0253164556962,188.0,0.0,0.06329113924050633,0.3924050632911392
readout,lbr,A,current,2026093003,overall,flop,380,4222.384210526316,1803.0,0.0,0.0,0.04736842105263158
readout,lbr,A,current,2026093003,overall,preflop,678,948.0368731563422,490.0,0.0,0.0,0.0029498525073746312
readout,lbr,A,current,2026093003,overall,river,60,266.6166666666667,136.0,0.0,0.05,0.4666666666666667
readout,lbr,A,current,2026093003,overall,turn,148,588.277027027027,256.0,0.0,0.05405405405405406,0.32432432432432434
readout,lbr,C,average,2026093001,big_blind,flop,219,3471.849315068493,1169.0,0.0,0.0091324200913242,0.0730593607305936
readout,lbr,C,average,2026093001,big_blind,preflop,256,326.5234375,395.0,0.0,0.0,0.0
readout,lbr,C,average,2026093001,big_blind,river,21,1270.2380952380952,751.0,0.0,0.0,0.047619047619047616
readout,lbr,C,average,2026093001,big_blind,turn,60,944.0666666666667,525.5,0.0,0.016666666666666666,0.08333333333333333
readout,lbr,C,average,2026093001,button,flop,176,3696.1136363636365,1846.0,0.0,0.0,0.05113636363636364
readout,lbr,C,average,2026093001,button,preflop,387,1329.0206718346253,993.0,0.0,0.0,0.002583979328165375
readout,lbr,C,average,2026093001,button,river,44,293.3863636363636,204.5,0.0,0.045454545454545456,0.38636363636363635
readout,lbr,C,average,2026093001,button,turn,96,505.6041666666667,211.5,0.010416666666666666,0.020833333333333332,0.3541666666666667
readout,lbr,C,average,2026093001,overall,flop,395,3571.7746835443036,1612.0,0.0,0.005063291139240506,0.06329113924050633
readout,lbr,C,average,2026093001,overall,preflop,643,929.8926905132192,439.0,0.0,0.0,0.0015552099533437014
readout,lbr,C,average,2026093001,overall,river,65,608.9846153846154,315.0,0.0,0.03076923076923077,0.27692307692307694
readout,lbr,C,average,2026093001,overall,turn,156,674.2435897435897,308.0,0.00641025641025641,0.019230769230769232,0.25
readout,lbr,C,average,2026093002,big_blind,flop,223,3395.708520179372,1617.0,0.0,0.013452914798206279,0.08968609865470852
readout,lbr,C,average,2026093002,big_blind,preflop,256,299.94921875,362.0,0.0,0.0,0.0
readout,lbr,C,average,2026093002,big_blind,river,23,1240.8695652173913,986.0,0.0,0.0,0.043478260869565216
readout,lbr,C,average,2026093002,big_blind,turn,62,1016.0322580645161,466.0,0.0,0.016129032258064516,0.12903225806451613
readout,lbr,C,average,2026093002,button,flop,151,2842.4503311258277,1559.0,0.0,0.0,0.046357615894039736
readout,lbr,C,average,2026093002,button,preflop,403,1260.967741935484,898.0,0.0,0.0,0.017369727047146403
readout,lbr,C,average,2026093002,button,river,38,432.2105263157895,197.5,0.0,0.07894736842105263,0.3684210526315789
readout,lbr,C,average,2026093002,button,turn,78,559.0128205128206,242.0,0.01282051282051282,0.01282051282051282,0.3333333333333333
readout,lbr,C,average,2026093002,overall,flop,374,3172.3342245989306,1559.0,0.0,0.008021390374331552,0.07219251336898395
readout,lbr,C,average,2026093002,overall,preflop,659,887.6433990895296,400.0,0.0,0.0,0.010622154779969651
readout,lbr,C,average,2026093002,overall,river,61,737.1147540983607,282.0,0.0,0.04918032786885246,0.2459016393442623
readout,lbr,C,average,2026093002,overall,turn,140,761.4071428571428,332.0,0.007142857142857143,0.014285714285714285,0.24285714285714285
readout,lbr,C,average,2026093003,big_blind,flop,228,3927.8289473684213,1806.0,0.0,0.008771929824561403,0.05701754385964912
readout,lbr,C,average,2026093003,big_blind,preflop,256,343.69140625,409.5,0.0,0.0,0.0
readout,lbr,C,average,2026093003,big_blind,river,20,916.7,627.5,0.0,0.0,0.05
readout,lbr,C,average,2026093003,big_blind,turn,54,1156.5,555.0,0.0,0.018518518518518517,0.12962962962962962
readout,lbr,C,average,2026093003,button,flop,161,2735.1242236024846,1085.0,0.0,0.0,0.049689440993788817
readout,lbr,C,average,2026093003,button,preflop,397,1319.8690176322418,958.0,0.0,0.0,0.012594458438287154
readout,lbr,C,average,2026093003,button,river,33,389.57575757575756,172.0,0.0,0.030303030303030304,0.36363636363636365
readout,lbr,C,average,2026093003,button,turn,81,464.3703703703704,159.0,0.012345679012345678,0.012345679012345678,0.345679012345679
readout,lbr,C,average,2026093003,overall,flop,389,3434.190231362468,1591.0,0.0,0.005141388174807198,0.05398457583547558
readout,lbr,C,average,2026093003,overall,preflop,653,937.1715160796325,466.0,0.0,0.0,0.007656967840735069
readout,lbr,C,average,2026093003,overall,river,53,588.4905660377359,244.0,0.0,0.018867924528301886,0.24528301886792453
readout,lbr,C,average,2026093003,overall,turn,135,741.2222222222222,286.0,0.007407407407407408,0.014814814814814815,0.25925925925925924
readout,lbr,C,current,2026093001,big_blind,flop,235,3821.995744680851,1563.0,0.0,0.00851063829787234,0.08085106382978724
readout,lbr,C,current,2026093001,big_blind,preflop,256,326.5234375,395.0,0.0,0.0,0.0
readout,lbr,C,current,2026093001,big_blind,river,32,947.59375,372.0,0.0,0.0,0.0625
readout,lbr,C,current,2026093001,big_blind,turn,49,957.1020408163265,538.0,0.0,0.0,0.12244897959183673
readout,lbr,C,current,2026093001,button,flop,175,3583.36,1840.0,0.0,0.005714285714285714,0.045714285714285714
readout,lbr,C,current,2026093001,button,preflop,385,1332.9896103896103,1009.0,0.0,0.0,0.0
readout,lbr,C,current,2026093001,button,river,34,205.7058823529412,130.0,0.029411764705882353,0.11764705882352941,0.4117647058823529
readout,lbr,C,current,2026093001,button,turn,94,423.1489361702128,222.0,0.02127659574468085,0.0425531914893617,0.30851063829787234
readout,lbr,C,current,2026093001,overall,flop,410,3720.139024390244,1735.0,0.0,0.007317073170731708,0.06585365853658537
readout,lbr,C,current,2026093001,overall,preflop,641,931.0312012480499,436.0,0.0,0.0,0.0
readout,lbr,C,current,2026093001,overall,river,66,565.4090909090909,251.0,0.015151515151515152,0.06060606060606061,0.24242424242424243
readout,lbr,C,current,2026093001,overall,turn,143,606.1118881118881,317.0,0.013986013986013986,0.027972027972027972,0.24475524475524477
readout,lbr,C,current,2026093002,big_blind,flop,227,3368.215859030837,1938.0,0.0,0.013215859030837005,0.07488986784140969
readout,lbr,C,current,2026093002,big_blind,preflop,256,303.1484375,362.0,0.0,0.0,0.0
readout,lbr,C,current,2026093002,big_blind,river,25,636.16,458.0,0.0,0.0,0.12
readout,lbr,C,current,2026093002,big_blind,turn,48,1022.2291666666666,663.5,0.0,0.0,0.16666666666666666
readout,lbr,C,current,2026093002,button,flop,160,3943.6,1765.0,0.0,0.0,0.03125
readout,lbr,C,current,2026093002,button,preflop,407,1249.791154791155,888.0,0.0,0.0,0.009828009828009828
readout,lbr,C,current,2026093002,button,river,38,378.63157894736844,145.0,0.0,0.0,0.39473684210526316
readout,lbr,C,current,2026093002,button,turn,87,559.3563218390805,212.0,0.0,0.022988505747126436,0.3793103448275862
readout,lbr,C,current,2026093002,overall,flop,387,3606.1007751937987,1773.0,0.0,0.007751937984496124,0.056847545219638244
readout,lbr,C,current,2026093002,overall,preflop,663,884.2699849170438,398.0,0.0,0.0,0.006033182503770739
readout,lbr,C,current,2026093002,overall,river,63,480.8253968253968,290.0,0.0,0.0,0.2857142857142857
readout,lbr,C,current,2026093002,overall,turn,135,723.9333333333333,327.0,0.0,0.014814814814814815,0.3037037037037037
readout,lbr,C,current,2026093003,big_blind,flop,229,3808.008733624454,1636.0,0.0,0.013100436681222707,0.0611353711790393
readout,lbr,C,current,2026093003,big_blind,preflop,256,346.9609375,410.0,0.0,0.0,0.0
readout,lbr,C,current,2026093003,big_blind,river,15,904.4666666666667,489.0,0.0,0.0,0.06666666666666667
readout,lbr,C,current,2026093003,big_blind,turn,57,1003.7543859649123,638.0,0.0,0.05263157894736842,0.15789473684210525
readout,lbr,C,current,2026093003,button,flop,170,3071.4823529411765,1613.5,0.0,0.0058823529411764705,0.029411764705882353
readout,lbr,C,current,2026093003,button,preflop,392,1335.2091836734694,953.0,0.0,0.0,0.0
readout,lbr,C,current,2026093003,button,river,33,304.6969696969697,147.0,0.0,0.030303030303030304,0.30303030303030304
readout,lbr,C,current,2026093003,button,turn,74,471.8783783783784,200.0,0.013513513513513514,0.02702702702702703,0.3108108108108108
readout,lbr,C,current,2026093003,overall,flop,399,3494.2005012531326,1636.0,0.0,0.010025062656641603,0.047619047619047616
readout,lbr,C,current,2026093003,overall,preflop,648,944.7901234567901,468.0,0.0,0.0,0.0
readout,lbr,C,current,2026093003,overall,river,48,492.125,275.0,0.0,0.020833333333333332,0.22916666666666666
readout,lbr,C,current,2026093003,overall,turn,131,703.3053435114504,252.0,0.007633587786259542,0.03816793893129771,0.24427480916030533
readout,loose_aggressive,A,average,2026093001,big_blind,flop,104,8805.26923076923,4989.0,0.0,0.019230769230769232,0.04807692307692308
readout,loose_aggressive,A,average,2026093001,big_blind,preflop,131,454.10687022900765,397.0,0.0,0.0,0.07633587786259542
readout,loose_aggressive,A,average,2026093001,big_blind,river,40,1050.35,551.5,0.0,0.1,0.225
readout,loose_aggressive,A,average,2026093001,big_blind,turn,69,1639.5072463768115,762.0,0.0,0.057971014492753624,0.2028985507246377
readout,loose_aggressive,A,average,2026093001,button,flop,128,9393.28125,4438.5,0.0,0.0,0.0390625
readout,loose_aggressive,A,average,2026093001,button,preflop,302,1636.976821192053,2173.0,0.0,0.0,0.0
readout,loose_aggressive,A,average,2026093001,button,river,38,924.8157894736842,211.0,0.0,0.05263157894736842,0.3684210526315789
readout,loose_aggressive,A,average,2026093001,button,turn,68,1512.8529411764705,468.5,0.0,0.029411764705882353,0.23529411764705882
readout,loose_aggressive,A,average,2026093001,overall,flop,232,9129.689655172413,4806.5,0.0,0.008620689655172414,0.04310344827586207
readout,loose_aggressive,A,average,2026093001,overall,preflop,433,1279.1108545034642,794.0,0.0,0.0,0.023094688221709007
readout,loose_aggressive,A,average,2026093001,overall,river,78,989.1923076923077,327.5,0.0,0.07692307692307693,0.2948717948717949
readout,loose_aggressive,A,average,2026093001,overall,turn,137,1576.6423357664235,641.0,0.0,0.043795620437956206,0.21897810218978103
readout,loose_aggressive,A,average,2026093002,big_blind,flop,105,8675.57142857143,5035.0,0.0,0.009523809523809525,0.0380952380952381
readout,loose_aggressive,A,average,2026093002,big_blind,preflop,126,459.07142857142856,395.0,0.0,0.0,0.03968253968253968
readout,loose_aggressive,A,average,2026093002,big_blind,river,53,862.2641509433962,547.0,0.0,0.03773584905660377,0.24528301886792453
readout,loose_aggressive,A,average,2026093002,big_blind,turn,69,1454.1739130434783,759.0,0.014492753623188406,0.014492753623188406,0.18840579710144928
readout,loose_aggressive,A,average,2026093002,button,flop,116,9026.75,3648.0,0.0,0.0,0.08620689655172414
readout,loose_aggressive,A,average,2026093002,button,preflop,301,1632.3488372093022,2188.0,0.0,0.0,0.009966777408637873
readout,loose_aggressive,A,average,2026093002,button,river,38,839.6052631578947,180.5,0.0,0.02631578947368421,0.3684210526315789
readout,loose_aggressive,A,average,2026093002,button,turn,67,1540.358208955224,505.0,0.014925373134328358,0.05970149253731343,0.2537313432835821
readout,loose_aggressive,A,average,2026093002,overall,flop,221,8859.900452488688,4605.0,0.0,0.004524886877828055,0.06334841628959276
readout,loose_aggressive,A,average,2026093002,overall,preflop,427,1286.135831381733,803.0,0.0,0.0,0.01873536299765808
readout,loose_aggressive,A,average,2026093002,overall,river,91,852.8021978021978,404.0,0.0,0.03296703296703297,0.2967032967032967
readout,loose_aggressive,A,average,2026093002,overall,turn,136,1496.6323529411766,621.0,0.014705882352941176,0.03676470588235294,0.22058823529411764
readout,loose_aggressive,A,average,2026093003,big_blind,flop,102,8571.313725490196,4804.5,0.0,0.00980392156862745,0.0392156862745098
readout,loose_aggressive,A,average,2026093003,big_blind,preflop,128,454.4140625,488.5,0.0,0.0,0.0703125
readout,loose_aggressive,A,average,2026093003,big_blind,river,42,940.8809523809524,669.5,0.0,0.0,0.16666666666666666
readout,loose_aggressive,A,average,2026093003,big_blind,turn,75,1563.3066666666666,625.0,0.013333333333333334,0.04,0.17333333333333334
readout,loose_aggressive,A,average,2026093003,button,flop,110,8868.190909090908,4124.0,0.0,0.0,0.02727272727272727
readout,loose_aggressive,A,average,2026093003,button,preflop,299,1667.819397993311,2203.0,0.0,0.0,0.0
readout,loose_aggressive,A,average,2026093003,button,river,37,1007.6756756756756,235.0,0.0,0.0,0.2972972972972973
readout,loose_aggressive,A,average,2026093003,button,turn,68,1442.485294117647,432.5,0.0,0.07352941176470588,0.23529411764705882
readout,loose_aggressive,A,average,2026093003,overall,flop,212,8725.353773584906,4509.0,0.0,0.0047169811320754715,0.0330188679245283
readout,loose_aggressive,A,average,2026093003,overall,preflop,427,1304.0819672131147,921.0,0.0,0.0,0.02107728337236534
readout,loose_aggressive,A,average,2026093003,overall,river,79,972.1645569620254,377.0,0.0,0.0,0.22784810126582278
readout,loose_aggressive,A,average,2026093003,overall,turn,143,1505.8531468531469,579.0,0.006993006993006993,0.055944055944055944,0.20279720279720279
readout,loose_aggressive,A,current,2026093001,big_blind,flop,101,9308.584158415842,5053.0,0.0,0.009900990099009901,0.0297029702970297
readout,loose_aggressive,A,current,2026093001,big_blind,preflop,129,459.6589147286822,398.0,0.0,0.0,0.06976744186046512
readout,loose_aggressive,A,current,2026093001,big_blind,river,40,858.2,363.0,0.0,0.0,0.225
readout,loose_aggressive,A,current,2026093001,big_blind,turn,74,1618.527027027027,753.5,0.0,0.02702702702702703,0.21621621621621623
readout,loose_aggressive,A,current,2026093001,button,flop,122,9249.090163934427,3504.0,0.0,0.00819672131147541,0.04918032786885246
readout,loose_aggressive,A,current,2026093001,button,preflop,301,1640.375415282392,2173.0,0.0,0.0,0.006644518272425249
readout,loose_aggressive,A,current,2026093001,button,river,39,1116.8974358974358,244.0,0.0,0.05128205128205128,0.3333333333333333
readout,loose_aggressive,A,current,2026093001,button,turn,65,1642.5846153846153,491.0,0.0,0.046153846153846156,0.23076923076923078
readout,loose_aggressive,A,current,2026093001,overall,flop,223,9276.035874439462,4942.0,0.0,0.008968609865470852,0.04035874439461883
readout,loose_aggressive,A,current,2026093001,overall,preflop,430,1286.160465116279,846.5,0.0,0.0,0.02558139534883721
readout,loose_aggressive,A,current,2026093001,overall,river,79,985.9113924050633,333.0,0.0,0.02531645569620253,0.27848101265822783
readout,loose_aggressive,A,current,2026093001,overall,turn,139,1629.7769784172663,682.0,0.0,0.03597122302158273,0.22302158273381295
readout,loose_aggressive,A,current,2026093002,big_blind,flop,114,8334.82456140351,4612.0,0.0,0.02631578947368421,0.043859649122807015
readout,loose_aggressive,A,current,2026093002,big_blind,preflop,126,459.6507936507937,395.0,0.0,0.0,0.03968253968253968
readout,loose_aggressive,A,current,2026093002,big_blind,river,52,877.5961538461538,551.0,0.0,0.019230769230769232,0.19230769230769232
readout,loose_aggressive,A,current,2026093002,big_blind,turn,75,1448.7466666666667,759.0,0.013333333333333334,0.013333333333333334,0.2
readout,loose_aggressive,A,current,2026093002,button,flop,126,8874.920634920634,3648.0,0.0,0.0,0.05555555555555555
readout,loose_aggressive,A,current,2026093002,button,preflop,298,1648.4228187919464,2188.0,0.0,0.0,0.003355704697986577
readout,loose_aggressive,A,current,2026093002,button,river,51,1145.1568627450981,243.0,0.0,0.0196078431372549,0.35294117647058826
readout,loose_aggressive,A,current,2026093002,button,turn,73,1797.123287671233,800.0,0.0,0.0410958904109589,0.2328767123287671
readout,loose_aggressive,A,current,2026093002,overall,flop,240,8618.375,4390.0,0.0,0.0125,0.05
readout,loose_aggressive,A,current,2026093002,overall,preflop,424,1295.1556603773586,885.5,0.0,0.0,0.014150943396226415
readout,loose_aggressive,A,current,2026093002,overall,river,103,1010.0776699029126,450.0,0.0,0.019417475728155338,0.27184466019417475
readout,loose_aggressive,A,current,2026093002,overall,turn,148,1620.581081081081,783.0,0.006756756756756757,0.02702702702702703,0.21621621621621623
readout,loose_aggressive,A,current,2026093003,big_blind,flop,100,8414.49,4530.5,0.0,0.01,0.05
readout,loose_aggressive,A,current,2026093003,big_blind,preflop,129,451.2093023255814,488.0,0.0,0.0,0.07751937984496124
readout,loose_aggressive,A,current,2026093003,big_blind,river,45,860.1333333333333,505.0,0.0,0.0,0.24444444444444444
readout,loose_aggressive,A,current,2026093003,big_blind,turn,75,1574.3066666666666,689.0,0.0,0.02666666666666667,0.16
readout,loose_aggressive,A,current,2026093003,button,flop,123,10194.276422764227,5607.0,0.0,0.0,0.04878048780487805
readout,loose_aggressive,A,current,2026093003,button,preflop,297,1664.2794612794612,2203.0,0.0,0.0,0.010101010101010102
readout,loose_aggressive,A,current,2026093003,button,river,51,1031.7254901960785,219.0,0.0,0.058823529411764705,0.3137254901960784
readout,loose_aggressive,A,current,2026093003,button,turn,84,1833.8333333333333,983.0,0.0,0.0,0.20238095238095238
readout,loose_aggressive,A,current,2026093003,overall,flop,223,9396.165919282512,4910.0,0.0,0.004484304932735426,0.04932735426008968
readout,loose_aggressive,A,current,2026093003,overall,preflop,426,1296.9413145539907,849.5,0.0,0.0,0.03051643192488263
readout,loose_aggressive,A,current,2026093003,overall,river,96,951.2916666666666,229.5,0.0,0.03125,0.28125
readout,loose_aggressive,A,current,2026093003,overall,turn,159,1711.4150943396226,871.0,0.0,0.012578616352201259,0.18238993710691823
readout,loose_aggressive,C,average,2026093001,big_blind,flop,106,6581.132075471698,3653.5,0.0,0.018867924528301886,0.05660377358490566
readout,loose_aggressive,C,average,2026093001,big_blind,preflop,130,419.12307692307695,423.0,0.0,0.0,0.09230769230769231
readout,loose_aggressive,C,average,2026093001,big_blind,river,44,628.2727272727273,452.0,0.0,0.0,0.20454545454545456
readout,loose_aggressive,C,average,2026093001,big_blind,turn,75,1004.1866666666666,514.0,0.013333333333333334,0.04,0.26666666666666666
readout,loose_aggressive,C,average,2026093001,button,flop,119,7694.3865546218485,3480.0,0.0,0.0,0.058823529411764705
readout,loose_aggressive,C,average,2026093001,button,preflop,295,1591.3830508474575,2093.0,0.0,0.0,0.013559322033898305
readout,loose_aggressive,C,average,2026093001,button,river,36,618.8333333333334,275.5,0.0,0.0,0.3611111111111111
readout,loose_aggressive,C,average,2026093001,button,turn,72,1103.6805555555557,335.5,0.0,0.027777777777777776,0.2916666666666667
readout,loose_aggressive,C,average,2026093001,overall,flop,225,7169.92,3498.0,0.0,0.008888888888888889,0.057777777777777775
readout,loose_aggressive,C,average,2026093001,overall,preflop,425,1232.8094117647058,748.0,0.0,0.0,0.03764705882352941
readout,loose_aggressive,C,average,2026093001,overall,river,80,624.025,399.0,0.0,0.0,0.275
readout,loose_aggressive,C,average,2026093001,overall,turn,147,1052.9183673469388,415.0,0.006802721088435374,0.034013605442176874,0.2789115646258503
readout,loose_aggressive,C,average,2026093002,big_blind,flop,110,7090.727272727273,4185.0,0.0,0.0,0.045454545454545456
readout,loose_aggressive,C,average,2026093002,big_blind,preflop,125,447.312,395.0,0.0,0.0,0.048
readout,loose_aggressive,C,average,2026093002,big_blind,river,48,596.75,514.5,0.0,0.0,0.125
readout,loose_aggressive,C,average,2026093002,big_blind,turn,71,1140.3239436619717,824.0,0.0,0.028169014084507043,0.2112676056338028
readout,loose_aggressive,C,average,2026093002,button,flop,113,8247.513274336283,3761.0,0.0,0.0,0.05309734513274336
readout,loose_aggressive,C,average,2026093002,button,preflop,297,1565.2356902356903,2074.0,0.0,0.0,0.006734006734006734
readout,loose_aggressive,C,average,2026093002,button,river,43,619.0697674418604,327.0,0.0,0.023255813953488372,0.3023255813953488
readout,loose_aggressive,C,average,2026093002,button,turn,66,1343.8333333333333,427.0,0.0,0.030303030303030304,0.18181818181818182
readout,loose_aggressive,C,average,2026093002,overall,flop,223,7676.90134529148,3988.0,0.0,0.0,0.04932735426008968
readout,loose_aggressive,C,average,2026093002,overall,preflop,422,1234.0971563981043,820.0,0.0,0.0,0.018957345971563982
readout,loose_aggressive,C,average,2026093002,overall,river,91,607.2967032967033,383.0,0.0,0.01098901098901099,0.2087912087912088
readout,loose_aggressive,C,average,2026093002,overall,turn,137,1238.3649635036497,572.0,0.0,0.029197080291970802,0.19708029197080293
readout,loose_aggressive,C,average,2026093003,big_blind,flop,109,6713.293577981652,3846.0,0.0,0.0,0.03669724770642202
readout,loose_aggressive,C,average,2026093003,big_blind,preflop,126,434.8095238095238,451.0,0.0,0.0,0.06349206349206349
readout,loose_aggressive,C,average,2026093003,big_blind,river,50,604.88,485.0,0.0,0.0,0.16
readout,loose_aggressive,C,average,2026093003,big_blind,turn,77,1113.909090909091,875.0,0.0,0.025974025974025976,0.15584415584415584
readout,loose_aggressive,C,average,2026093003,button,flop,123,7755.609756097561,3543.0,0.0,0.0,0.032520325203252036
readout,loose_aggressive,C,average,2026093003,button,preflop,299,1600.4816053511706,2130.0,0.0,0.0,0.010033444816053512
readout,loose_aggressive,C,average,2026093003,button,river,44,609.5454545454545,196.0,0.0,0.045454545454545456,0.4090909090909091
readout,loose_aggressive,C,average,2026093003,button,turn,77,1115.3636363636363,368.0,0.0,0.03896103896103896,0.24675324675324675
readout,loose_aggressive,C,average,2026093003,overall,flop,232,7265.900862068966,3677.0,0.0,0.0,0.034482758620689655
readout,loose_aggressive,C,average,2026093003,overall,preflop,425,1254.894117647059,862.0,0.0,0.0,0.02588235294117647
readout,loose_aggressive,C,average,2026093003,overall,river,94,607.063829787234,362.0,0.0,0.02127659574468085,0.2765957446808511
readout,loose_aggressive,C,average,2026093003,overall,turn,154,1114.6363636363637,543.0,0.0,0.032467532467532464,0.2012987012987013
readout,loose_aggressive,C,current,2026093001,big_blind,flop,106,6787.669811320755,3653.5,0.0,0.009433962264150943,0.04716981132075472
readout,loose_aggressive,C,current,2026093001,big_blind,preflop,128,424.359375,429.5,0.0,0.0,0.078125
readout,loose_aggressive,C,current,2026093001,big_blind,river,51,518.0392156862745,387.0,0.0,0.0,0.23529411764705882
readout,loose_aggressive,C,current,2026093001,big_blind,turn,75,1093.4133333333334,603.0,0.0,0.013333333333333334,0.17333333333333334
readout,loose_aggressive,C,current,2026093001,button,flop,122,8538.844262295082,3498.5,0.0,0.0,0.04918032786885246
readout,loose_aggressive,C,current,2026093001,button,preflop,297,1581.5319865319866,2093.0,0.0,0.0,0.016835016835016835
readout,loose_aggressive,C,current,2026093001,button,river,41,1194.1951219512196,465.0,0.0,0.0,0.14634146341463414
readout,loose_aggressive,C,current,2026093001,button,turn,81,1523.888888888889,521.0,0.0,0.037037037037037035,0.2345679012345679
readout,loose_aggressive,C,current,2026093001,overall,flop,228,7724.701754385965,3507.5,0.0,0.0043859649122807015,0.04824561403508772
readout,loose_aggressive,C,current,2026093001,overall,preflop,425,1233.0188235294117,748.0,0.0,0.0,0.03529411764705882
readout,loose_aggressive,C,current,2026093001,overall,river,92,819.3695652173913,419.0,0.0,0.0,0.1956521739130435
readout,loose_aggressive,C,current,2026093001,overall,turn,156,1316.929487179487,556.0,0.0,0.02564102564102564,0.20512820512820512
readout,loose_aggressive,C,current,2026093002,big_blind,flop,103,7253.504854368932,4185.0,0.0,0.0,0.06796116504854369
readout,loose_aggressive,C,current,2026093002,big_blind,preflop,128,437.78125,392.5,0.0,0.0,0.078125
readout,loose_aggressive,C,current,2026093002,big_blind,river,49,690.5918367346939,523.0,0.0,0.0,0.1836734693877551
readout,loose_aggressive,C,current,2026093002,big_blind,turn,73,1272.5890410958905,1078.0,0.0,0.0136986301369863,0.2328767123287671
readout,loose_aggressive,C,current,2026093002,button,flop,120,8280.383333333333,2969.0,0.0,0.008333333333333333,0.058333333333333334
readout,loose_aggressive,C,current,2026093002,button,preflop,298,1553.996644295302,2074.0,0.0,0.0,0.010067114093959731
readout,loose_aggressive,C,current,2026093002,button,river,43,592.5581395348837,237.0,0.0,0.023255813953488372,0.3023255813953488
readout,loose_aggressive,C,current,2026093002,button,turn,61,1021.2950819672132,397.0,0.0,0.03278688524590164,0.19672131147540983
readout,loose_aggressive,C,current,2026093002,overall,flop,223,7806.085201793722,3692.0,0.0,0.004484304932735426,0.06278026905829596
readout,loose_aggressive,C,current,2026093002,overall,preflop,426,1218.6079812206572,751.0,0.0,0.0,0.03051643192488263
readout,loose_aggressive,C,current,2026093002,overall,river,92,644.7717391304348,353.5,0.0,0.010869565217391304,0.2391304347826087
readout,loose_aggressive,C,current,2026093002,overall,turn,134,1158.1940298507463,578.0,0.0,0.022388059701492536,0.21641791044776118
readout,loose_aggressive,C,current,2026093003,big_blind,flop,110,6465.590909090909,3846.0,0.0,0.0,0.05454545454545454
readout,loose_aggressive,C,current,2026093003,big_blind,preflop,128,429.890625,445.0,0.0,0.0,0.0703125
readout,loose_aggressive,C,current,2026093003,big_blind,river,48,652.7291666666666,485.0,0.0,0.0,0.20833333333333334
readout,loose_aggressive,C,current,2026093003,big_blind,turn,80,1123.8125,885.0,0.025,0.0375,0.125
readout,loose_aggressive,C,current,2026093003,button,flop,132,7613.19696969697,3543.0,0.0,0.0,0.030303030303030304
readout,loose_aggressive,C,current,2026093003,button,preflop,302,1593.08940397351,2128.0,0.0,0.0,0.009933774834437087
readout,loose_aggressive,C,current,2026093003,button,river,47,449.59574468085106,222.0,0.0,0.0,0.3191489361702128
readout,loose_aggressive,C,current,2026093003,button,turn,77,794.922077922078,378.0,0.0,0.03896103896103896,0.24675324675324675
readout,loose_aggressive,C,current,2026093003,overall,flop,242,7091.55785123967,3624.0,0.0,0.0,0.04132231404958678
readout,loose_aggressive,C,current,2026093003,overall,preflop,430,1246.8348837209303,870.5,0.0,0.0,0.027906976744186046
readout,loose_aggressive,C,current,2026093003,overall,river,95,552.2315789473685,299.0,0.0,0.0,0.2631578947368421
readout,loose_aggressive,C,current,2026093003,overall,turn,157,962.5095541401274,558.0,0.012738853503184714,0.03821656050955414,0.18471337579617833
readout,loose_passive,A,average,2026093001,big_blind,flop,147,11011.775510204081,5703.0,0.006802721088435374,0.02040816326530612,0.02040816326530612
readout,loose_passive,A,average,2026093001,big_blind,preflop,148,554.7162162162163,696.0,0.0,0.0,0.0
readout,loose_passive,A,average,2026093001,big_blind,river,98,1273.0102040816328,1162.0,0.02040816326530612,0.02040816326530612,0.08163265306122448
readout,loose_passive,A,average,2026093001,big_blind,turn,109,2228.1100917431195,1201.0,0.0,0.0,0.027522935779816515
readout,loose_passive,A,average,2026093001,button,flop,150,10344.58,5780.0,0.013333333333333334,0.013333333333333334,0.013333333333333334
readout,loose_passive,A,average,2026093001,button,preflop,260,1798.496153846154,2200.5,0.0038461538461538464,0.0038461538461538464,0.0038461538461538464
readout,loose_passive,A,average,2026093001,button,river,99,1164.4141414141413,400.0,0.020202020202020204,0.050505050505050504,0.1919191919191919
readout,loose_passive,A,average,2026093001,button,turn,112,2090.714285714286,1050.0,0.0,0.0,0.0625
readout,loose_passive,A,average,2026093001,overall,flop,297,10674.808080808081,5780.0,0.010101010101010102,0.016835016835016835,0.016835016835016835
readout,loose_passive,A,average,2026093001,overall,preflop,408,1347.3210784313726,778.5,0.0024509803921568627,0.0024509803921568627,0.0024509803921568627
readout,loose_passive,A,average,2026093001,overall,river,197,1218.4365482233502,859.0,0.02030456852791878,0.03553299492385787,0.13705583756345177
readout,loose_passive,A,average,2026093001,overall,turn,221,2158.4796380090497,1109.0,0.0,0.0,0.04524886877828054
readout,loose_passive,A,average,2026093002,big_blind,flop,147,10634.244897959185,5282.0,0.006802721088435374,0.02040816326530612,0.02040816326530612
readout,loose_passive,A,average,2026093002,big_blind,preflop,148,539.8108108108108,671.0,0.0,0.0,0.006756756756756757
readout,loose_passive,A,average,2026093002,big_blind,river,87,1066.6896551724137,945.0,0.0,0.0,0.06896551724137931
readout,loose_passive,A,average,2026093002,big_blind,turn,102,2094.0098039215686,1153.5,0.0,0.0,0.029411764705882353
readout,loose_passive,A,average,2026093002,button,flop,142,10691.25352112676,5829.0,0.007042253521126761,0.007042253521126761,0.007042253521126761
readout,loose_passive,A,average,2026093002,button,preflop,261,1782.551724137931,2191.0,0.007662835249042145,0.007662835249042145,0.007662835249042145
readout,loose_passive,A,average,2026093002,button,river,86,1183.8372093023256,373.5,0.023255813953488372,0.046511627906976744,0.19767441860465115
readout,loose_passive,A,average,2026093002,button,turn,96,2044.15625,1150.5,0.0,0.010416666666666666,0.041666666666666664
readout,loose_passive,A,average,2026093002,overall,flop,289,10662.256055363321,5829.0,0.006920415224913495,0.01384083044982699,0.01384083044982699
readout,loose_passive,A,average,2026093002,overall,preflop,409,1332.8557457212714,780.0,0.004889975550122249,0.004889975550122249,0.007334963325183374
readout,loose_passive,A,average,2026093002,overall,river,173,1124.9248554913295,711.0,0.011560693641618497,0.023121387283236993,0.1329479768786127
readout,loose_passive,A,average,2026093002,overall,turn,198,2069.838383838384,1153.5,0.0,0.005050505050505051,0.03535353535353535
readout,loose_passive,A,average,2026093003,big_blind,flop,145,10293.593103448276,5447.0,0.006896551724137931,0.020689655172413793,0.020689655172413793
readout,loose_passive,A,average,2026093003,big_blind,preflop,148,514.8783783783783,634.0,0.0,0.0,0.006756756756756757
readout,loose_passive,A,average,2026093003,big_blind,river,93,1110.1935483870968,967.0,0.0,0.010752688172043012,0.06451612903225806
readout,loose_passive,A,average,2026093003,big_blind,turn,103,2097.242718446602,1144.0,0.009708737864077669,0.009708737864077669,0.04854368932038835
readout,loose_passive,A,average,2026093003,button,flop,144,10570.597222222223,5741.0,0.0,0.0,0.006944444444444444
readout,loose_passive,A,average,2026093003,button,preflop,260,1813.0192307692307,2216.0,0.0,0.0,0.0
readout,loose_passive,A,average,2026093003,button,river,89,1228.5280898876404,343.0,0.02247191011235955,0.033707865168539325,0.3146067415730337
readout,loose_passive,A,average,2026093003,button,turn,102,2199.7156862745096,1005.0,0.00980392156862745,0.0196078431372549,0.10784313725490197
readout,loose_passive,A,average,2026093003,overall,flop,289,10431.615916955017,5741.0,0.0034602076124567475,0.010380622837370242,0.01384083044982699
readout,loose_passive,A,average,2026093003,overall,preflop,408,1342.125,788.0,0.0,0.0,0.0024509803921568627
readout,loose_passive,A,average,2026093003,overall,river,182,1168.0604395604396,720.0,0.01098901098901099,0.02197802197802198,0.18681318681318682
readout,loose_passive,A,average,2026093003,overall,turn,205,2148.2292682926827,1033.0,0.00975609756097561,0.014634146341463415,0.07804878048780488
readout,loose_passive,A,current,2026093001,big_blind,flop,144,11094.145833333334,5703.0,0.0,0.013888888888888888,0.013888888888888888
readout,loose_passive,A,current,2026093001,big_blind,preflop,148,554.7162162162163,696.0,0.0,0.0,0.0
readout,loose_passive,A,current,2026093001,big_blind,river,97,1287.4639175257732,1153.0,0.0,0.0,0.08247422680412371
readout,loose_passive,A,current,2026093001,big_blind,turn,105,2297.8,1125.0,0.0,0.0,0.0380952380952381
readout,loose_passive,A,current,2026093001,button,flop,150,10563.946666666667,5780.0,0.006666666666666667,0.006666666666666667,0.013333333333333334
readout,loose_passive,A,current,2026093001,button,preflop,259,1800.100386100386,2201.0,0.007722007722007722,0.007722007722007722,0.007722007722007722
readout,loose_passive,A,current,2026093001,button,river,87,1176.3103448275863,461.0,0.0,0.022988505747126436,0.1839080459770115
readout,loose_passive,A,current,2026093001,button,turn,107,2261.8971962616824,1148.0,0.0,0.018691588785046728,0.06542056074766354
readout,loose_passive,A,current,2026093001,overall,flop,294,10823.63605442177,5780.0,0.003401360544217687,0.01020408163265306,0.013605442176870748
readout,loose_passive,A,current,2026093001,overall,preflop,407,1347.2334152334151,777.0,0.004914004914004914,0.004914004914004914,0.004914004914004914
readout,loose_passive,A,current,2026093001,overall,river,184,1234.9076086956522,806.0,0.0,0.010869565217391304,0.13043478260869565
readout,loose_passive,A,current,2026093001,overall,turn,212,2279.6792452830186,1144.5,0.0,0.009433962264150943,0.05188679245283019
readout,loose_passive,A,current,2026093002,big_blind,flop,145,10624.420689655173,5282.0,0.006896551724137931,0.020689655172413793,0.020689655172413793
readout,loose_passive,A,current,2026093002,big_blind,preflop,148,539.8108108108108,671.0,0.0,0.0,0.006756756756756757
readout,loose_passive,A,current,2026093002,big_blind,river,95,1059.8,945.0,0.0,0.0,0.06315789473684211
readout,loose_passive,A,current,2026093002,big_blind,turn,108,1982.4537037037037,1103.0,0.0,0.0,0.037037037037037035
readout,loose_passive,A,current,2026093002,button,flop,146,10230.184931506848,5829.0,0.0136986301369863,0.0136986301369863,0.0136986301369863
readout,loose_passive,A,current,2026093002,button,preflop,261,1782.551724137931,2191.0,0.007662835249042145,0.007662835249042145,0.007662835249042145
readout,loose_passive,A,current,2026093002,button,river,95,1426.1368421052632,601.0,0.031578947368421054,0.06315789473684211,0.16842105263157894
readout,loose_passive,A,current,2026093002,button,turn,106,2258.8396226415093,1643.0,0.009433962264150943,0.018867924528301886,0.04716981132075472
readout,loose_passive,A,current,2026093002,overall,flop,291,10426.625429553265,5829.0,0.010309278350515464,0.01718213058419244,0.01718213058419244
readout,loose_passive,A,current,2026093002,overall,preflop,409,1332.8557457212714,780.0,0.004889975550122249,0.004889975550122249,0.007334963325183374
readout,loose_passive,A,current,2026093002,overall,river,190,1242.9684210526316,820.5,0.015789473684210527,0.031578947368421054,0.11578947368421053
readout,loose_passive,A,current,2026093002,overall,turn,214,2119.355140186916,1313.5,0.004672897196261682,0.009345794392523364,0.04205607476635514
readout,loose_passive,A,current,2026093003,big_blind,flop,145,10301.48275862069,5447.0,0.006896551724137931,0.020689655172413793,0.020689655172413793
readout,loose_passive,A,current,2026093003,big_blind,preflop,148,514.8783783783783,634.0,0.0,0.0,0.006756756756756757
readout,loose_passive,A,current,2026093003,big_blind,river,91,1494.4615384615386,1098.0,0.01098901098901099,0.01098901098901099,0.04395604395604396
readout,loose_passive,A,current,2026093003,big_blind,turn,110,2263.909090909091,1056.0,0.00909090909090909,0.00909090909090909,0.045454545454545456
readout,loose_passive,A,current,2026093003,button,flop,146,10172.54109589041,5741.0,0.00684931506849315,0.00684931506849315,0.0136986301369863
readout,loose_passive,A,current,2026093003,button,preflop,259,1816.4285714285713,2216.0,0.0,0.0,0.0
readout,loose_passive,A,current,2026093003,button,river,95,1117.7157894736843,411.0,0.042105263157894736,0.08421052631578947,0.2631578947368421
readout,loose_passive,A,current,2026093003,button,turn,104,2190.6634615384614,1005.0,0.0,0.019230769230769232,0.11538461538461539
readout,loose_passive,A,current,2026093003,overall,flop,291,10236.790378006874,5741.0,0.006872852233676976,0.013745704467353952,0.01718213058419244
readout,loose_passive,A,current,2026093003,overall,preflop,407,1343.137592137592,788.0,0.0,0.0,0.002457002457002457
readout,loose_passive,A,current,2026093003,overall,river,186,1302.0376344086021,658.0,0.026881720430107527,0.04838709677419355,0.15591397849462366
readout,loose_passive,A,current,2026093003,overall,turn,214,2228.3130841121497,1008.0,0.004672897196261682,0.014018691588785047,0.0794392523364486
readout,loose_passive,C,average,2026093001,big_blind,flop,144,7823.520833333333,4468.0,0.006944444444444444,0.020833333333333332,0.027777777777777776
readout,loose_passive,C,average,2026093001,big_blind,preflop,147,490.48979591836735,603.0,0.0,0.0,0.0
readout,loose_passive,C,average,2026093001,big_blind,river,92,793.5434782608696,763.0,0.0,0.010869565217391304,0.10869565217391304
readout,loose_passive,C,average,2026093001,big_blind,turn,108,1381.388888888889,973.5,0.0,0.0,0.06481481481481481
readout,loose_passive,C,average,2026093001,button,flop,149,9952.879194630872,5536.0,0.006711409395973154,0.006711409395973154,0.006711409395973154
readout,loose_passive,C,average,2026093001,button,preflop,260,1729.5115384615385,2119.0,0.0038461538461538464,0.0038461538461538464,0.0038461538461538464
readout,loose_passive,C,average,2026093001,button,river,96,995.6770833333334,430.0,0.0,0.041666666666666664,0.14583333333333334
readout,loose_passive,C,average,2026093001,button,turn,107,1739.5327102803737,807.0,0.0,0.0,0.056074766355140186
readout,loose_passive,C,average,2026093001,overall,flop,293,8906.368600682594,5142.0,0.006825938566552901,0.013651877133105802,0.017064846416382253
readout,loose_passive,C,average,2026093001,overall,preflop,407,1282.002457002457,750.0,0.002457002457002457,0.002457002457002457,0.002457002457002457
readout,loose_passive,C,average,2026093001,overall,river,188,896.7606382978723,683.5,0.0,0.026595744680851064,0.1276595744680851
readout,loose_passive,C,average,2026093001,overall,turn,215,1559.6279069767443,933.0,0.0,0.0,0.06046511627906977
readout,loose_passive,C,average,2026093002,big_blind,flop,146,8415.897260273972,4713.5,0.00684931506849315,0.02054794520547945,0.0273972602739726
readout,loose_passive,C,average,2026093002,big_blind,preflop,148,520.3783783783783,644.0,0.0,0.0,0.006756756756756757
readout,loose_passive,C,average,2026093002,big_blind,river,96,934.8645833333334,912.5,0.0,0.0,0.052083333333333336
readout,loose_passive,C,average,2026093002,big_blind,turn,112,1697.982142857143,1113.5,0.0,0.0,0.03571428571428571
readout,loose_passive,C,average,2026093002,button,flop,164,10626.164634146342,5897.0,0.0,0.0,0.0
readout,loose_passive,C,average,2026093002,button,preflop,261,1695.4865900383143,2080.0,0.0,0.0,0.0
readout,loose_passive,C,average,2026093002,button,river,100,911.87,354.5,0.01,0.02,0.18
readout,loose_passive,C,average,2026093002,button,turn,113,1829.646017699115,1102.0,0.0,0.008849557522123894,0.061946902654867256
readout,loose_passive,C,average,2026093002,overall,flop,310,9585.2,5895.0,0.0032258064516129032,0.00967741935483871,0.012903225806451613
readout,loose_passive,C,average,2026093002,overall,preflop,409,1270.2640586797065,746.0,0.0,0.0,0.0024449877750611247
readout,loose_passive,C,average,2026093002,overall,river,196,923.1326530612245,719.5,0.00510204081632653,0.01020408163265306,0.11734693877551021
readout,loose_passive,C,average,2026093002,overall,turn,225,1764.1066666666666,1102.0,0.0,0.0044444444444444444,0.04888888888888889
readout,loose_passive,C,average,2026093003,big_blind,flop,147,7877.972789115646,3846.0,0.0,0.013605442176870748,0.02040816326530612
readout,loose_passive,C,average,2026093003,big_blind,preflop,148,490.68918918918916,609.5,0.0,0.0,0.006756756756756757
readout,loose_passive,C,average,2026093003,big_blind,river,89,814.9887640449438,865.0,0.0,0.0,0.10112359550561797
readout,loose_passive,C,average,2026093003,big_blind,turn,109,1497.1926605504586,1028.0,0.0,0.0,0.06422018348623854
readout,loose_passive,C,average,2026093003,button,flop,147,9773.57142857143,5334.0,0.0,0.0,0.006802721088435374
readout,loose_passive,C,average,2026093003,button,preflop,259,1749.1853281853282,2139.0,0.0,0.0,0.0
readout,loose_passive,C,average,2026093003,button,river,92,733.2826086956521,292.0,0.021739130434782608,0.03260869565217391,0.15217391304347827
readout,loose_passive,C,average,2026093003,button,turn,101,1492.3960396039604,697.0,0.0,0.019801980198019802,0.07920792079207921
readout,loose_passive,C,average,2026093003,overall,flop,294,8825.772108843537,4878.0,0.0,0.006802721088435374,0.013605442176870748
readout,loose_passive,C,average,2026093003,overall,preflop,407,1291.5503685503686,761.0,0.0,0.0,0.002457002457002457
readout,loose_passive,C,average,2026093003,overall,river,181,773.4585635359116,524.0,0.011049723756906077,0.016574585635359115,0.1270718232044199
readout,loose_passive,C,average,2026093003,overall,turn,210,1494.8857142857144,820.0,0.0,0.009523809523809525,0.07142857142857142
readout,loose_passive,C,current,2026093001,big_blind,flop,142,7883.5,4518.0,0.014084507042253521,0.028169014084507043,0.04225352112676056
readout,loose_passive,C,current,2026093001,big_blind,preflop,149,484.5503355704698,603.0,0.0,0.0,0.013422818791946308
readout,loose_passive,C,current,2026093001,big_blind,river,95,771.0526315789474,699.0,0.010526315789473684,0.021052631578947368,0.1368421052631579
readout,loose_passive,C,current,2026093001,big_blind,turn,109,1448.4954128440368,933.0,0.0,0.0,0.06422018348623854
readout,loose_passive,C,current,2026093001,button,flop,155,9810.012903225806,5600.0,0.0064516129032258064,0.0064516129032258064,0.012903225806451613
readout,loose_passive,C,current,2026093001,button,preflop,260,1727.7961538461539,2119.0,0.007692307692307693,0.007692307692307693,0.007692307692307693
readout,loose_passive,C,current,2026093001,button,river,99,1186.020202020202,472.0,0.020202020202020204,0.06060606060606061,0.15151515151515152
readout,loose_passive,C,current,2026093001,button,turn,112,2037.830357142857,944.0,0.0,0.017857142857142856,0.08035714285714286
readout,loose_passive,C,current,2026093001,overall,flop,297,8888.919191919193,5178.0,0.010101010101010102,0.016835016835016835,0.026936026936026935
readout,loose_passive,C,current,2026093001,overall,preflop,409,1274.877750611247,750.0,0.004889975550122249,0.004889975550122249,0.009779951100244499
readout,loose_passive,C,current,2026093001,overall,river,194,982.8144329896908,657.5,0.015463917525773196,0.041237113402061855,0.14432989690721648
readout,loose_passive,C,current,2026093001,overall,turn,221,1747.1628959276018,944.0,0.0,0.00904977375565611,0.07239819004524888
readout,loose_passive,C,current,2026093002,big_blind,flop,146,8336.897260273972,4785.0,0.0,0.0136986301369863,0.02054794520547945
readout,loose_passive,C,current,2026093002,big_blind,preflop,147,523.3809523809524,644.0,0.0,0.0,0.0
readout,loose_passive,C,current,2026093002,big_blind,river,99,1021.3232323232323,928.0,0.0,0.0,0.050505050505050504
readout,loose_passive,C,current,2026093002,big_blind,turn,111,1775.5495495495495,1088.0,0.0,0.0,0.06306306306306306
readout,loose_passive,C,current,2026093002,button,flop,162,10554.327160493827,5897.0,0.0,0.0,0.0
readout,loose_passive,C,current,2026093002,button,preflop,261,1695.4865900383143,2080.0,0.0,0.0,0.0
readout,loose_passive,C,current,2026093002,button,river,92,974.5869565217391,382.0,0.021739130434782608,0.03260869565217391,0.16304347826086957
readout,loose_passive,C,current,2026093002,button,turn,108,1674.0833333333333,727.5,0.0,0.018518518518518517,0.09259259259259259
readout,loose_passive,C,current,2026093002,overall,flop,308,9503.207792207791,5895.0,0.0,0.006493506493506494,0.00974025974025974
readout,loose_passive,C,current,2026093002,overall,preflop,408,1273.1838235294117,746.5,0.0,0.0,0.0
readout,loose_passive,C,current,2026093002,overall,river,191,998.8115183246073,789.0,0.010471204188481676,0.015706806282722512,0.10471204188481675
readout,loose_passive,C,current,2026093002,overall,turn,219,1725.5114155251142,922.0,0.0,0.0091324200913242,0.0776255707762557
readout,loose_passive,C,current,2026093003,big_blind,flop,147,7681.632653061224,4517.0,0.013605442176870748,0.027210884353741496,0.034013605442176874
readout,loose_passive,C,current,2026093003,big_blind,preflop,148,490.68918918918916,609.5,0.0,0.0,0.006756756756756757
readout,loose_passive,C,current,2026093003,big_blind,river,93,919.010752688172,865.0,0.0,0.0,0.10752688172043011
readout,loose_passive,C,current,2026093003,big_blind,turn,103,1376.126213592233,719.0,0.0,0.0,0.07766990291262135
readout,loose_passive,C,current,2026093003,button,flop,150,9518.56,5334.0,0.006666666666666667,0.006666666666666667,0.013333333333333334
readout,loose_passive,C,current,2026093003,button,preflop,259,1747.3938223938223,2139.0,0.003861003861003861,0.003861003861003861,0.003861003861003861
readout,loose_passive,C,current,2026093003,button,river,94,833.8191489361702,357.0,0.02127659574468085,0.05319148936170213,0.20212765957446807
readout,loose_passive,C,current,2026093003,button,turn,98,1362.5816326530612,697.0,0.0,0.030612244897959183,0.08163265306122448
readout,loose_passive,C,current,2026093003,overall,flop,297,8609.373737373737,4672.0,0.010101010101010102,0.016835016835016835,0.02356902356902357
readout,loose_passive,C,current,2026093003,overall,preflop,407,1290.4103194103195,761.0,0.002457002457002457,0.002457002457002457,0.004914004914004914
readout,loose_passive,C,current,2026093003,overall,river,187,876.187165775401,701.0,0.0106951871657754,0.026737967914438502,0.15508021390374332
readout,loose_passive,C,current,2026093003,overall,turn,201,1369.5223880597016,697.0,0.0,0.014925373134328358,0.07960199004975124
readout,native-pressure,A,average,2026093001,big_blind,flop,334,4180.443113772455,1775.0,0.0,0.011976047904191617,0.11676646706586827
readout,native-pressure,A,average,2026093001,big_blind,preflop,317,400.2870662460568,543.0,0.0,0.0,0.19242902208201892
readout,native-pressure,A,average,2026093001,big_blind,river,76,207.47368421052633,88.0,0.06578947368421052,0.15789473684210525,0.5263157894736842
readout,native-pressure,A,average,2026093001,big_blind,turn,177,554.4689265536723,190.0,0.01694915254237288,0.0903954802259887,0.384180790960452
readout,native-pressure,A,average,2026093001,button,flop,165,1977.6606060606061,886.0,0.0,0.012121212121212121,0.11515151515151516
readout,native-pressure,A,average,2026093001,button,preflop,504,1068.5238095238096,769.0,0.0,0.005952380952380952,0.1349206349206349
readout,native-pressure,A,average,2026093001,button,river,43,188.48837209302326,76.0,0.0,0.046511627906976744,0.6046511627906976
readout,native-pressure,A,average,2026093001,button,turn,83,322.43373493975906,112.0,0.012048192771084338,0.1566265060240964,0.43373493975903615
readout,native-pressure,A,average,2026093001,overall,flop,499,3452.068136272545,1311.0,0.0,0.012024048096192385,0.11623246492985972
readout,native-pressure,A,average,2026093001,overall,preflop,821,810.5079171741778,568.0,0.0,0.0036540803897685747,0.15712545676004872
readout,native-pressure,A,average,2026093001,overall,river,119,200.61344537815125,88.0,0.04201680672268908,0.11764705882352941,0.5546218487394958
readout,native-pressure,A,average,2026093001,overall,turn,260,480.3961538461538,162.0,0.015384615384615385,0.11153846153846154,0.4
readout,native-pressure,A,average,2026093002,big_blind,flop,296,4375.040540540541,1874.0,0.0,0.0033783783783783786,0.11486486486486487
readout,native-pressure,A,average,2026093002,big_blind,preflop,330,406.7121212121212,579.0,0.0,0.006060606060606061,0.22121212121212122
readout,native-pressure,A,average,2026093002,big_blind,river,66,246.72727272727272,113.0,0.0,0.10606060606060606,0.45454545454545453
readout,native-pressure,A,average,2026093002,big_blind,turn,150,531.6666666666666,174.5,0.006666666666666667,0.09333333333333334,0.41333333333333333
readout,native-pressure,A,average,2026093002,button,flop,165,1660.9030303030304,713.0,0.0,0.024242424242424242,0.1696969696969697
readout,native-pressure,A,average,2026093002,button,preflop,529,1002.9338374291116,744.0,0.001890359168241966,0.02835538752362949,0.1833648393194707
readout,native-pressure,A,average,2026093002,button,river,52,125.57692307692308,59.5,0.019230769230769232,0.17307692307692307,0.5961538461538461
readout,native-pressure,A,average,2026093002,button,turn,102,210.13725490196077,70.0,0.0196078431372549,0.17647058823529413,0.6078431372549019
readout,native-pressure,A,average,2026093002,overall,flop,461,3403.603036876356,1188.0,0.0,0.010845986984815618,0.13449023861171366
readout,native-pressure,A,average,2026093002,overall,preflop,859,773.8847497089639,592.0,0.0011641443538998836,0.01979045401629802,0.1979045401629802
readout,native-pressure,A,average,2026093002,overall,river,118,193.33898305084745,81.5,0.00847457627118644,0.13559322033898305,0.5169491525423728
readout,native-pressure,A,average,2026093002,overall,turn,252,401.5238095238095,105.0,0.011904761904761904,0.12698412698412698,0.49206349206349204
readout,native-pressure,A,average,2026093003,big_blind,flop,282,4179.251773049646,1837.0,0.0035460992907801418,0.010638297872340425,0.12056737588652482
readout,native-pressure,A,average,2026093003,big_blind,preflop,336,370.3779761904762,536.0,0.002976190476190476,0.011904761904761904,0.23511904761904762
readout,native-pressure,A,average,2026093003,big_blind,river,68,138.4558823529412,68.0,0.04411764705882353,0.19117647058823528,0.5882352941176471
readout,native-pressure,A,average,2026093003,big_blind,turn,120,461.275,137.0,0.008333333333333333,0.058333333333333334,0.4583333333333333
readout,native-pressure,A,average,2026093003,button,flop,145,1996.510344827586,1095.0,0.0,0.013793103448275862,0.1103448275862069
readout,native-pressure,A,average,2026093003,button,preflop,531,1015.6892655367232,754.0,0.0,0.02071563088512241,0.19397363465160075
readout,native-pressure,A,average,2026093003,button,river,45,179.48888888888888,80.0,0.044444444444444446,0.2222222222222222,0.5111111111111111
readout,native-pressure,A,average,2026093003,button,turn,99,315.2828282828283,98.0,0.050505050505050504,0.10101010101010101,0.5050505050505051
readout,native-pressure,A,average,2026093003,overall,flop,427,3438.03981264637,1496.0,0.00234192037470726,0.0117096018735363,0.117096018735363
readout,native-pressure,A,average,2026093003,overall,preflop,867,765.603229527105,551.0,0.0011534025374855825,0.01730103806228374,0.209919261822376
readout,native-pressure,A,average,2026093003,overall,river,113,154.79646017699116,76.0,0.04424778761061947,0.20353982300884957,0.5575221238938053
readout,native-pressure,A,average,2026093003,overall,turn,219,395.27853881278537,107.0,0.0273972602739726,0.0776255707762557,0.4794520547945205
readout,native-pressure,A,current,2026093001,big_blind,flop,385,4291.649350649351,1696.0,0.007792207792207792,0.02857142857142857,0.15584415584415584
readout,native-pressure,A,current,2026093001,big_blind,preflop,324,391.9753086419753,542.0,0.0,0.012345679012345678,0.20987654320987653
readout,native-pressure,A,current,2026093001,big_blind,river,83,252.85542168674698,120.0,0.060240963855421686,0.1927710843373494,0.46987951807228917
readout,native-pressure,A,current,2026093001,big_blind,turn,184,549.3695652173913,152.5,0.016304347826086956,0.08152173913043478,0.42391304347826086
readout,native-pressure,A,current,2026093001,button,flop,186,1767.3548387096773,846.5,0.005376344086021506,0.010752688172043012,0.14516129032258066
readout,native-pressure,A,current,2026093001,button,preflop,515,1037.8796116504855,753.0,0.001941747572815534,0.031067961165048542,0.13980582524271845
readout,native-pressure,A,current,2026093001,button,river,51,172.72549019607843,70.0,0.0,0.09803921568627451,0.5686274509803921
readout,native-pressure,A,current,2026093001,button,turn,105,352.44761904761907,113.0,0.009523809523809525,0.06666666666666667,0.4095238095238095
readout,native-pressure,A,current,2026093001,overall,flop,571,3469.3747810858144,1286.0,0.0070052539404553416,0.02276707530647986,0.15236427320490367
readout,native-pressure,A,current,2026093001,overall,preflop,839,788.4481525625745,565.0,0.0011918951132300357,0.023837902264600714,0.16686531585220502
readout,native-pressure,A,current,2026093001,overall,river,134,222.3582089552239,90.5,0.03731343283582089,0.15671641791044777,0.5074626865671642
readout,native-pressure,A,current,2026093001,overall,turn,289,477.8235294117647,140.0,0.01384083044982699,0.07612456747404844,0.4186851211072664
readout,native-pressure,A,current,2026093002,big_blind,flop,290,4524.024137931035,1810.0,0.006896551724137931,0.02413793103448276,0.12758620689655173
readout,native-pressure,A,current,2026093002,big_blind,preflop,335,402.5134328358209,576.0,0.0,0.005970149253731343,0.2298507462686567
readout,native-pressure,A,current,2026093002,big_blind,river,72,260.90277777777777,110.5,0.013888888888888888,0.16666666666666666,0.4444444444444444
readout,native-pressure,A,current,2026093002,big_blind,turn,149,605.510067114094,190.0,0.0,0.10738255033557047,0.3624161073825503
readout,native-pressure,A,current,2026093002,button,flop,153,1850.7254901960785,869.0,0.0,0.026143790849673203,0.19607843137254902
readout,native-pressure,A,current,2026093002,button,preflop,524,1021.0209923664122,752.0,0.0,0.02099236641221374,0.16984732824427481
readout,native-pressure,A,current,2026093002,button,river,56,122.69642857142857,59.5,0.07142857142857142,0.17857142857142858,0.5892857142857143
readout,native-pressure,A,current,2026093002,button,turn,114,298.4824561403509,70.0,0.05263157894736842,0.16666666666666666,0.5614035087719298
readout,native-pressure,A,current,2026093002,overall,flop,443,3600.7404063205418,1127.0,0.004514672686230248,0.024830699774266364,0.15124153498871332
readout,native-pressure,A,current,2026093002,overall,preflop,859,779.8102444703143,594.0,0.0,0.015133876600698487,0.19324796274738068
readout,native-pressure,A,current,2026093002,overall,river,128,200.4375,96.5,0.0390625,0.171875,0.5078125
readout,native-pressure,A,current,2026093002,overall,turn,263,472.42585551330797,143.0,0.022813688212927757,0.13307984790874525,0.44866920152091255
readout,native-pressure,A,current,2026093003,big_blind,flop,331,4095.1722054380666,1649.0,0.0,0.00906344410876133,0.09969788519637462
readout,native-pressure,A,current,2026093003,big_blind,preflop,320,386.025,540.0,0.0,0.009375,0.196875
readout,native-pressure,A,current,2026093003,big_blind,river,57,169.6315789473684,87.0,0.0,0.10526315789473684,0.5789473684210527
readout,native-pressure,A,current,2026093003,big_blind,turn,120,351.2583333333333,96.0,0.0,0.10833333333333334,0.5083333333333333
readout,native-pressure,A,current,2026093003,button,flop,170,1713.0588235294117,913.0,0.0,0.023529411764705882,0.11764705882352941
readout,native-pressure,A,current,2026093003,button,preflop,518,1044.2258687258686,767.0,0.0,0.013513513513513514,0.16795366795366795
readout,native-pressure,A,current,2026093003,button,river,72,127.72222222222223,56.5,0.0,0.1388888888888889,0.6388888888888888
readout,native-pressure,A,current,2026093003,button,turn,130,295.83076923076925,105.0,0.015384615384615385,0.11538461538461539,0.4846153846153846
readout,native-pressure,A,current,2026093003,overall,flop,501,3286.870259481038,1280.0,0.0,0.013972055888223553,0.10578842315369262
readout,native-pressure,A,current,2026093003,overall,preflop,838,792.8842482100239,554.0,0.0,0.011933174224343675,0.17899761336515513
readout,native-pressure,A,current,2026093003,overall,river,129,146.24031007751938,68.0,0.0,0.12403100775193798,0.6124031007751938
readout,native-pressure,A,current,2026093003,overall,turn,250,322.436,103.0,0.008,0.112,0.496
readout,native-pressure,C,average,2026093001,big_blind,flop,317,4583.706624605678,2191.0,0.0,0.012618296529968454,0.0914826498422713
readout,native-pressure,C,average,2026093001,big_blind,preflop,331,384.34441087613294,548.0,0.0,0.006042296072507553,0.22658610271903323
readout,native-pressure,C,average,2026093001,big_blind,river,56,1044.3035714285713,414.0,0.0,0.03571428571428571,0.17857142857142858
readout,native-pressure,C,average,2026093001,big_blind,turn,146,981.0342465753424,445.5,0.0,0.0410958904109589,0.2328767123287671
readout,native-pressure,C,average,2026093001,button,flop,173,1727.3699421965318,763.0,0.0,0.011560693641618497,0.19653179190751446
readout,native-pressure,C,average,2026093001,button,preflop,514,1007.5525291828794,735.5,0.0,0.017509727626459144,0.1867704280155642
readout,native-pressure,C,average,2026093001,button,river,47,199.10638297872342,115.0,0.02127659574468085,0.0851063829787234,0.425531914893617
readout,native-pressure,C,average,2026093001,button,turn,106,221.1320754716981,90.5,0.0,0.11320754716981132,0.5283018867924528
readout,native-pressure,C,average,2026093001,overall,flop,490,3575.2448979591836,1451.0,0.0,0.012244897959183673,0.12857142857142856
readout,native-pressure,C,average,2026093001,overall,preflop,845,763.4319526627219,568.0,0.0,0.01301775147928994,0.20236686390532543
readout,native-pressure,C,average,2026093001,overall,river,103,658.6310679611651,248.0,0.009708737864077669,0.05825242718446602,0.2912621359223301
readout,native-pressure,C,average,2026093001,overall,turn,252,661.3928571428571,239.5,0.0,0.07142857142857142,0.35714285714285715
readout,native-pressure,C,average,2026093002,big_blind,flop,312,4370.733974358975,2051.0,0.0,0.003205128205128205,0.07371794871794872
readout,native-pressure,C,average,2026093002,big_blind,preflop,329,386.93313069908817,539.0,0.0,0.0182370820668693,0.20364741641337386
readout,native-pressure,C,average,2026093002,big_blind,river,83,902.0240963855422,293.0,0.0,0.08433734939759036,0.2289156626506024
readout,native-pressure,C,average,2026093002,big_blind,turn,154,908.4415584415584,432.5,0.0,0.012987012987012988,0.18831168831168832
readout,native-pressure,C,average,2026093002,button,flop,191,1412.607329842932,687.0,0.0,0.02617801047120419,0.19895287958115182
readout,native-pressure,C,average,2026093002,button,preflop,519,978.2100192678228,713.0,0.0,0.015414258188824663,0.16377649325626203
readout,native-pressure,C,average,2026093002,button,river,54,177.62962962962962,116.0,0.018518518518518517,0.037037037037037035,0.46296296296296297
readout,native-pressure,C,average,2026093002,button,turn,109,201.11926605504587,116.0,0.009174311926605505,0.10091743119266056,0.45871559633027525
readout,native-pressure,C,average,2026093002,overall,flop,503,3247.469184890656,1173.0,0.0,0.011928429423459244,0.12127236580516898
readout,native-pressure,C,average,2026093002,overall,preflop,848,748.811320754717,564.0,0.0,0.01650943396226415,0.1792452830188679
readout,native-pressure,C,average,2026093002,overall,river,137,616.4963503649635,209.0,0.0072992700729927005,0.06569343065693431,0.32116788321167883
readout,native-pressure,C,average,2026093002,overall,turn,263,615.2927756653993,230.0,0.0038022813688212928,0.049429657794676805,0.30038022813688214
readout,native-pressure,C,average,2026093003,big_blind,flop,285,4718.249122807018,1969.0,0.0,0.021052631578947368,0.08070175438596491
readout,native-pressure,C,average,2026093003,big_blind,preflop,335,383.64179104477614,545.0,0.0,0.005970149253731343,0.22686567164179106
readout,native-pressure,C,average,2026093003,big_blind,river,63,1028.142857142857,358.0,0.0,0.031746031746031744,0.19047619047619047
readout,native-pressure,C,average,2026093003,big_blind,turn,138,1031.4927536231885,371.5,0.0,0.021739130434782608,0.2318840579710145
readout,native-pressure,C,average,2026093003,button,flop,165,1614.6,704.0,0.0,0.024242424242424242,0.17575757575757575
readout,native-pressure,C,average,2026093003,button,preflop,535,980.4672897196261,727.0,0.0,0.020560747663551402,0.19439252336448598
readout,native-pressure,C,average,2026093003,button,river,34,163.91176470588235,153.0,0.029411764705882353,0.029411764705882353,0.29411764705882354
readout,native-pressure,C,average,2026093003,button,turn,83,194.02409638554218,99.0,0.0,0.060240963855421686,0.5060240963855421
readout,native-pressure,C,average,2026093003,overall,flop,450,3580.2444444444445,1437.0,0.0,0.022222222222222223,0.11555555555555555
readout,native-pressure,C,average,2026093003,overall,preflop,870,750.6551724137931,569.0,0.0,0.014942528735632184,0.20689655172413793
readout,native-pressure,C,average,2026093003,overall,river,97,725.2164948453608,239.0,0.010309278350515464,0.030927835051546393,0.2268041237113402
readout,native-pressure,C,average,2026093003,overall,turn,221,716.9683257918552,248.0,0.0,0.03619909502262444,0.334841628959276
readout,native-pressure,C,current,2026093001,big_blind,flop,332,4187.280120481928,1818.0,0.0,0.006024096385542169,0.09939759036144578
readout,native-pressure,C,current,2026093001,big_blind,preflop,328,387.7073170731707,548.5,0.0,0.009146341463414634,0.21951219512195122
readout,native-pressure,C,current,2026093001,big_blind,river,83,1036.7469879518073,542.0,0.0,0.024096385542168676,0.10843373493975904
readout,native-pressure,C,current,2026093001,big_blind,turn,178,949.129213483146,498.0,0.0,0.028089887640449437,0.2247191011235955
readout,native-pressure,C,current,2026093001,button,flop,169,1712.301775147929,764.0,0.0,0.005917159763313609,0.21301775147928995
readout,native-pressure,C,current,2026093001,button,preflop,520,991.5634615384615,730.0,0.0,0.009615384615384616,0.18846153846153846
readout,native-pressure,C,current,2026093001,button,river,48,200.8125,135.0,0.0,0.08333333333333333,0.3958333333333333
readout,native-pressure,C,current,2026093001,button,turn,117,254.64102564102564,114.0,0.008547008547008548,0.1111111111111111,0.4700854700854701
readout,native-pressure,C,current,2026093001,overall,flop,501,3352.4071856287424,1457.0,0.0,0.005988023952095809,0.1377245508982036
readout,native-pressure,C,current,2026093001,overall,preflop,848,757.996462264151,566.0,0.0,0.009433962264150943,0.20047169811320756
readout,native-pressure,C,current,2026093001,overall,river,131,730.4503816793894,317.0,0.0,0.04580152671755725,0.21374045801526717
readout,native-pressure,C,current,2026093001,overall,turn,295,673.6881355932203,316.0,0.003389830508474576,0.061016949152542375,0.3220338983050847
readout,native-pressure,C,current,2026093002,big_blind,flop,307,4190.592833876221,1998.0,0.0,0.016286644951140065,0.08794788273615635
readout,native-pressure,C,current,2026093002,big_blind,preflop,331,383.18429003021146,539.0,0.0,0.030211480362537766,0.22054380664652568
readout,native-pressure,C,current,2026093002,big_blind,river,86,860.9069767441861,240.0,0.0,0.046511627906976744,0.22093023255813954
readout,native-pressure,C,current,2026093002,big_blind,turn,149,1007.9127516778524,450.0,0.0,0.020134228187919462,0.19463087248322147
readout,native-pressure,C,current,2026093002,button,flop,206,1407.2475728155339,657.5,0.0,0.009708737864077669,0.18932038834951456
readout,native-pressure,C,current,2026093002,button,preflop,509,996.320235756385,723.0,0.0,0.003929273084479371,0.16306483300589392
readout,native-pressure,C,current,2026093002,button,river,44,195.0,176.5,0.0,0.0,0.3181818181818182
readout,native-pressure,C,current,2026093002,button,turn,119,203.6218487394958,116.0,0.01680672268907563,0.11764705882352941,0.47058823529411764
readout,native-pressure,C,current,2026093002,overall,flop,513,3072.914230019493,1030.0,0.0,0.01364522417153996,0.1286549707602339
readout,native-pressure,C,current,2026093002,overall,preflop,840,754.7154761904762,564.0,0.0,0.014285714285714285,0.18571428571428572
readout,native-pressure,C,current,2026093002,overall,river,130,635.5230769230769,234.0,0.0,0.03076923076923077,0.25384615384615383
readout,native-pressure,C,current,2026093002,overall,turn,268,650.7835820895523,246.0,0.007462686567164179,0.06343283582089553,0.31716417910447764
readout,native-pressure,C,current,2026093003,big_blind,flop,322,4811.518633540372,2177.0,0.0,0.012422360248447204,0.07142857142857142
readout,native-pressure,C,current,2026093003,big_blind,preflop,324,394.0,547.0,0.0,0.006172839506172839,0.20987654320987653
readout,native-pressure,C,current,2026093003,big_blind,river,74,1022.0675675675676,345.0,0.02702702702702703,0.05405405405405406,0.1891891891891892
readout,native-pressure,C,current,2026093003,big_blind,turn,136,994.4926470588235,528.0,0.0,0.029411764705882353,0.19852941176470587
readout,native-pressure,C,current,2026093003,button,flop,188,1759.127659574468,912.0,0.0,0.015957446808510637,0.14893617021276595
readout,native-pressure,C,current,2026093003,button,preflop,504,1029.0813492063492,738.5,0.0,0.011904761904761904,0.17063492063492064
readout,native-pressure,C,current,2026093003,button,river,55,188.76363636363635,147.0,0.0,0.03636363636363636,0.38181818181818183
readout,native-pressure,C,current,2026093003,button,turn,119,242.5546218487395,147.0,0.008403361344537815,0.07563025210084033,0.3865546218487395
readout,native-pressure,C,current,2026093003,overall,flop,510,3686.323529411765,1416.5,0.0,0.013725490196078431,0.1
readout,native-pressure,C,current,2026093003,overall,preflop,828,780.5712560386473,574.0,0.0,0.00966183574879227,0.1859903381642512
readout,native-pressure,C,current,2026093003,overall,river,129,666.7829457364342,217.0,0.015503875968992248,0.046511627906976744,0.2713178294573643
readout,native-pressure,C,current,2026093003,overall,turn,255,643.5882352941177,253.0,0.00392156862745098,0.050980392156862744,0.28627450980392155
readout,passive,A,average,2026093001,big_blind,flop,256,11902.3125,6357.0,0.0,0.00390625,0.00390625
readout,passive,A,average,2026093001,big_blind,preflop,256,573.90625,698.0,0.0,0.0,0.0
readout,passive,A,average,2026093001,big_blind,river,250,1270.472,957.0,0.0,0.0,0.056
readout,passive,A,average,2026093001,big_blind,turn,256,2333.3984375,1893.0,0.0,0.00390625,0.03125
readout,passive,A,average,2026093001,button,flop,201,8769.57711442786,5737.0,0.0,0.0,0.024875621890547265
readout,passive,A,average,2026093001,button,preflop,256,1818.21875,2196.5,0.0,0.0,0.0
readout,passive,A,average,2026093001,button,river,198,827.3838383838383,267.0,0.0,0.04040404040404041,0.2474747474747475
readout,passive,A,average,2026093001,button,turn,201,1713.9900497512438,738.0,0.0,0.014925373134328358,0.11442786069651742
readout,passive,A,average,2026093001,overall,flop,457,10524.457330415755,5737.0,0.0,0.002188183807439825,0.01312910284463895
readout,passive,A,average,2026093001,overall,preflop,512,1196.0625,743.5,0.0,0.0,0.0
readout,passive,A,average,2026093001,overall,river,448,1074.642857142857,668.0,0.0,0.017857142857142856,0.140625
readout,passive,A,average,2026093001,overall,turn,457,2060.9671772428883,1258.0,0.0,0.0087527352297593,0.06783369803063458
readout,passive,A,average,2026093002,big_blind,flop,256,11405.53125,6270.0,0.0,0.00390625,0.0078125
readout,passive,A,average,2026093002,big_blind,preflop,256,556.06640625,678.0,0.0,0.0,0.0
readout,passive,A,average,2026093002,big_blind,river,252,1330.8015873015872,1029.0,0.0,0.0,0.047619047619047616
readout,passive,A,average,2026093002,big_blind,turn,256,2397.140625,1780.0,0.0,0.00390625,0.05078125
readout,passive,A,average,2026093002,button,flop,206,8804.441747572815,5728.0,0.0,0.0,0.02912621359223301
readout,passive,A,average,2026093002,button,preflop,256,1816.14453125,2197.0,0.0,0.0,0.0
readout,passive,A,average,2026093002,button,river,202,888.3960396039604,383.5,0.0,0.04455445544554455,0.2079207920792079
readout,passive,A,average,2026093002,button,turn,206,1765.6407766990292,946.0,0.0,0.014563106796116505,0.10679611650485436
readout,passive,A,average,2026093002,overall,flop,462,10245.738095238095,5728.0,0.0,0.0021645021645021645,0.017316017316017316
readout,passive,A,average,2026093002,overall,preflop,512,1186.10546875,727.0,0.0,0.0,0.0
readout,passive,A,average,2026093002,overall,river,454,1133.9603524229076,711.0,0.0,0.019823788546255508,0.11894273127753303
readout,passive,A,average,2026093002,overall,turn,462,2115.5627705627708,1313.0,0.0,0.008658008658008658,0.07575757575757576
readout,passive,A,average,2026093003,big_blind,flop,256,10927.33203125,5996.0,0.0,0.00390625,0.00390625
readout,passive,A,average,2026093003,big_blind,preflop,256,529.9453125,643.0,0.0,0.0,0.0
readout,passive,A,average,2026093003,big_blind,river,248,1222.4354838709678,1005.0,0.0,0.0,0.05241935483870968
readout,passive,A,average,2026093003,big_blind,turn,256,2332.75,1729.5,0.0,0.00390625,0.0546875
readout,passive,A,average,2026093003,button,flop,205,8300.058536585366,5607.0,0.0,0.004878048780487805,0.024390243902439025
readout,passive,A,average,2026093003,button,preflop,256,1836.27734375,2225.0,0.0,0.0,0.0
readout,passive,A,average,2026093003,button,river,201,737.5671641791045,259.0,0.004975124378109453,0.05970149253731343,0.27860696517412936
readout,passive,A,average,2026093003,button,turn,205,1543.2829268292683,778.0,0.0,0.024390243902439025,0.13658536585365855
readout,passive,A,average,2026093003,overall,flop,461,9759.02169197397,5741.0,0.0,0.004338394793926247,0.013015184381778741
readout,passive,A,average,2026093003,overall,preflop,512,1183.111328125,713.0,0.0,0.0,0.0
readout,passive,A,average,2026093003,overall,river,449,1005.3786191536748,623.0,0.0022271714922048997,0.026726057906458798,0.15367483296213807
readout,passive,A,average,2026093003,overall,turn,461,1981.6854663774404,1171.0,0.0,0.013015184381778741,0.0911062906724512
readout,passive,A,current,2026093001,big_blind,flop,256,11871.89453125,6357.0,0.0,0.00390625,0.00390625
readout,passive,A,current,2026093001,big_blind,preflop,256,573.90625,698.0,0.0,0.0,0.0
readout,passive,A,current,2026093001,big_blind,river,250,1425.2,1220.0,0.0,0.0,0.064
readout,passive,A,current,2026093001,big_blind,turn,256,2599.01171875,1971.0,0.0,0.00390625,0.03515625
readout,passive,A,current,2026093001,button,flop,204,8506.274509803921,5737.0,0.0,0.0,0.029411764705882353
readout,passive,A,current,2026093001,button,preflop,256,1818.21875,2196.5,0.0,0.0,0.0
readout,passive,A,current,2026093001,button,river,201,877.1442786069651,276.0,0.009950248756218905,0.04975124378109453,0.29850746268656714
readout,passive,A,current,2026093001,button,turn,204,1604.6274509803923,669.5,0.0,0.00980392156862745,0.09803921568627451
readout,passive,A,current,2026093001,overall,flop,460,10379.315217391304,5737.0,0.0,0.002173913043478261,0.015217391304347827
readout,passive,A,current,2026093001,overall,preflop,512,1196.0625,743.5,0.0,0.0,0.0
readout,passive,A,current,2026093001,overall,river,451,1180.9445676274945,770.0,0.004434589800443459,0.022172949002217297,0.16851441241685144
readout,passive,A,current,2026093001,overall,turn,460,2158.0239130434784,1243.5,0.0,0.006521739130434782,0.06304347826086956
readout,passive,A,current,2026093002,big_blind,flop,256,11368.734375,6270.0,0.0,0.00390625,0.0078125
readout,passive,A,current,2026093002,big_blind,preflop,256,556.06640625,678.0,0.0,0.0,0.0
readout,passive,A,current,2026093002,big_blind,river,255,1211.0941176470587,976.0,0.0,0.0,0.03529411764705882
readout,passive,A,current,2026093002,big_blind,turn,256,2246.765625,1618.0,0.0,0.00390625,0.046875
readout,passive,A,current,2026093002,button,flop,206,8645.160194174758,5196.0,0.0,0.0,0.02912621359223301
readout,passive,A,current,2026093002,button,preflop,256,1816.14453125,2197.0,0.0,0.0,0.0
readout,passive,A,current,2026093002,button,river,204,1048.3039215686274,373.0,0.004901960784313725,0.04411764705882353,0.23529411764705882
readout,passive,A,current,2026093002,button,turn,206,1783.995145631068,952.0,0.0,0.014563106796116505,0.1262135922330097
readout,passive,A,current,2026093002,overall,flop,462,10154.32683982684,5728.0,0.0,0.0021645021645021645,0.017316017316017316
readout,passive,A,current,2026093002,overall,preflop,512,1186.10546875,727.0,0.0,0.0,0.0
readout,passive,A,current,2026093002,overall,river,459,1138.7429193899782,738.0,0.002178649237472767,0.0196078431372549,0.12418300653594772
readout,passive,A,current,2026093002,overall,turn,462,2040.422077922078,1243.0,0.0,0.008658008658008658,0.08225108225108226
readout,passive,A,current,2026093003,big_blind,flop,256,10903.60546875,5996.0,0.0,0.00390625,0.00390625
readout,passive,A,current,2026093003,big_blind,preflop,256,529.9453125,643.0,0.0,0.0,0.0
readout,passive,A,current,2026093003,big_blind,river,251,1454.7171314741036,1194.0,0.0,0.0,0.04780876494023904
readout,passive,A,current,2026093003,big_blind,turn,256,2661.7890625,1874.0,0.0,0.00390625,0.03515625
readout,passive,A,current,2026093003,button,flop,201,8781.592039800995,5607.0,0.0,0.0,0.024875621890547265
readout,passive,A,current,2026093003,button,preflop,256,1836.27734375,2225.0,0.0,0.0,0.0
readout,passive,A,current,2026093003,button,river,198,801.6464646464647,223.0,0.005050505050505051,0.045454545454545456,0.35353535353535354
readout,passive,A,current,2026093003,button,turn,201,1611.81592039801,641.0,0.0,0.009950248756218905,0.11940298507462686
readout,passive,A,current,2026093003,overall,flop,457,9970.291028446389,5741.0,0.0,0.002188183807439825,0.01312910284463895
readout,passive,A,current,2026093003,overall,preflop,512,1183.111328125,713.0,0.0,0.0,0.0
readout,passive,A,current,2026093003,overall,river,449,1166.726057906459,756.0,0.0022271714922048997,0.0200445434298441,0.18262806236080179
readout,passive,A,current,2026093003,overall,turn,457,2199.984682713348,1171.0,0.0,0.006564551422319475,0.07221006564551423
readout,passive,C,average,2026093001,big_blind,flop,256,8203.71484375,4568.0,0.0,0.00390625,0.01953125
readout,passive,C,average,2026093001,big_blind,preflop,256,506.09765625,615.0,0.0,0.0,0.0
readout,passive,C,average,2026093001,big_blind,river,253,871.2648221343874,748.0,0.0,0.0,0.06324110671936758
readout,passive,C,average,2026093001,big_blind,turn,256,1519.78515625,1093.0,0.0,0.0,0.078125
readout,passive,C,average,2026093001,button,flop,202,8376.623762376237,5480.0,0.0,0.0,0.024752475247524754
readout,passive,C,average,2026093001,button,preflop,256,1748.5703125,2110.0,0.0,0.0,0.0
readout,passive,C,average,2026093001,button,river,199,674.6984924623116,394.0,0.0,0.0,0.1658291457286432
readout,passive,C,average,2026093001,button,turn,202,1462.8316831683169,774.0,0.0,0.01485148514851485,0.12376237623762376
readout,passive,C,average,2026093001,overall,flop,458,8279.975982532751,4568.0,0.0,0.002183406113537118,0.021834061135371178
readout,passive,C,average,2026093001,overall,preflop,512,1127.333984375,677.0,0.0,0.0,0.0
readout,passive,C,average,2026093001,overall,river,452,784.7234513274336,616.5,0.0,0.0,0.1084070796460177
readout,passive,C,average,2026093001,overall,turn,458,1494.6659388646287,964.0,0.0,0.006550218340611353,0.0982532751091703
readout,passive,C,average,2026093002,big_blind,flop,256,8780.66015625,4785.0,0.0,0.00390625,0.01953125
readout,passive,C,average,2026093002,big_blind,preflop,256,535.2109375,657.0,0.0,0.0,0.0
readout,passive,C,average,2026093002,big_blind,river,250,1054.812,907.0,0.0,0.0,0.04
readout,passive,C,average,2026093002,big_blind,turn,256,1773.80078125,1359.0,0.0,0.0,0.06640625
readout,passive,C,average,2026093002,button,flop,205,9006.59024390244,4931.0,0.0,0.0,0.024390243902439025
readout,passive,C,average,2026093002,button,preflop,256,1723.3125,2092.0,0.0,0.0,0.0
readout,passive,C,average,2026093002,button,river,203,623.5812807881773,371.0,0.0,0.0049261083743842365,0.15763546798029557
readout,passive,C,average,2026093002,button,turn,205,1407.580487804878,724.0,0.0,0.00975609756097561,0.1024390243902439
readout,passive,C,average,2026093002,overall,flop,461,8881.127982646422,4785.0,0.0,0.0021691973969631237,0.021691973969631236
readout,passive,C,average,2026093002,overall,preflop,512,1129.26171875,698.5,0.0,0.0,0.0
readout,passive,C,average,2026093002,overall,river,453,861.5673289183223,704.0,0.0,0.002207505518763797,0.09271523178807947
readout,passive,C,average,2026093002,overall,turn,461,1610.9479392624728,1087.0,0.0,0.004338394793926247,0.0824295010845987
readout,passive,C,average,2026093003,big_blind,flop,256,8395.9921875,4672.0,0.0,0.00390625,0.015625
readout,passive,C,average,2026093003,big_blind,preflop,256,505.0859375,616.0,0.0,0.0,0.0
readout,passive,C,average,2026093003,big_blind,river,251,900.4860557768924,810.0,0.0,0.0,0.04780876494023904
readout,passive,C,average,2026093003,big_blind,turn,256,1587.25,1252.0,0.0,0.0,0.0546875
readout,passive,C,average,2026093003,button,flop,203,8195.487684729063,4367.0,0.0,0.0049261083743842365,0.024630541871921183
readout,passive,C,average,2026093003,button,preflop,256,1769.62109375,2146.0,0.0,0.0,0.0
readout,passive,C,average,2026093003,button,river,199,608.8793969849246,360.0,0.0,0.010050251256281407,0.1457286432160804
readout,passive,C,average,2026093003,button,turn,203,1393.487684729064,712.0,0.0,0.014778325123152709,0.12315270935960591
readout,passive,C,average,2026093003,overall,flop,459,8307.315904139434,4517.0,0.0,0.004357298474945534,0.0196078431372549
readout,passive,C,average,2026093003,overall,preflop,512,1137.353515625,688.5,0.0,0.0,0.0
readout,passive,C,average,2026093003,overall,river,450,771.5311111111112,584.0,0.0,0.0044444444444444444,0.09111111111111111
readout,passive,C,average,2026093003,overall,turn,459,1501.5555555555557,1019.0,0.0,0.006535947712418301,0.08496732026143791
readout,passive,C,current,2026093001,big_blind,flop,256,8125.6015625,4568.0,0.0,0.00390625,0.01953125
readout,passive,C,current,2026093001,big_blind,preflop,256,506.09765625,615.0,0.0,0.0,0.0
readout,passive,C,current,2026093001,big_blind,river,255,819.4627450980392,748.0,0.0,0.0,0.043137254901960784
readout,passive,C,current,2026093001,big_blind,turn,256,1527.92578125,1125.0,0.0,0.00390625,0.06640625
readout,passive,C,current,2026093001,button,flop,206,8415.126213592233,5480.0,0.0,0.0,0.019417475728155338
readout,passive,C,current,2026093001,button,preflop,256,1748.5703125,2110.0,0.0,0.0,0.0
readout,passive,C,current,2026093001,button,river,204,760.4215686274509,413.0,0.0,0.0196078431372549,0.1323529411764706
readout,passive,C,current,2026093001,button,turn,206,1587.6699029126214,915.0,0.0,0.009708737864077669,0.13592233009708737
readout,passive,C,current,2026093001,overall,flop,462,8254.69696969697,4568.0,0.0,0.0021645021645021645,0.01948051948051948
readout,passive,C,current,2026093001,overall,preflop,512,1127.333984375,677.0,0.0,0.0,0.0
readout,passive,C,current,2026093001,overall,river,459,793.2222222222222,656.0,0.0,0.008714596949891068,0.08278867102396514
readout,passive,C,current,2026093001,overall,turn,462,1554.564935064935,1024.0,0.0,0.006493506493506494,0.09740259740259741
readout,passive,C,current,2026093002,big_blind,flop,256,8937.09765625,4785.0,0.0,0.00390625,0.01953125
readout,passive,C,current,2026093002,big_blind,preflop,256,535.2109375,657.0,0.0,0.0,0.0
readout,passive,C,current,2026093002,big_blind,river,251,1029.0996015936255,927.0,0.0,0.0,0.055776892430278883
readout,passive,C,current,2026093002,big_blind,turn,256,1788.90625,1268.0,0.0,0.0,0.05859375
readout,passive,C,current,2026093002,button,flop,204,9076.196078431372,5895.0,0.0,0.0,0.024509803921568627
readout,passive,C,current,2026093002,button,preflop,256,1723.3125,2092.0,0.0,0.0,0.0
readout,passive,C,current,2026093002,button,river,198,645.2979797979798,371.0,0.0,0.010101010101010102,0.1414141414141414
readout,passive,C,current,2026093002,button,turn,204,1349.5588235294117,731.0,0.004901960784313725,0.004901960784313725,0.11764705882352941
readout,passive,C,current,2026093002,overall,flop,460,8998.784782608696,4931.0,0.0,0.002173913043478261,0.021739130434782608
readout,passive,C,current,2026093002,overall,preflop,512,1129.26171875,698.5,0.0,0.0,0.0
readout,passive,C,current,2026093002,overall,river,449,859.8507795100222,707.0,0.0,0.004454342984409799,0.0935412026726058
readout,passive,C,current,2026093002,overall,turn,460,1594.0652173913043,1087.0,0.002173913043478261,0.002173913043478261,0.08478260869565217
readout,passive,C,current,2026093003,big_blind,flop,256,8329.10546875,4672.0,0.0,0.00390625,0.015625
readout,passive,C,current,2026093003,big_blind,preflop,256,505.0859375,616.0,0.0,0.0,0.0
readout,passive,C,current,2026093003,big_blind,river,250,917.0,898.5,0.0,0.0,0.056
readout,passive,C,current,2026093003,big_blind,turn,256,1589.421875,1290.0,0.0,0.0,0.0546875
readout,passive,C,current,2026093003,button,flop,208,8246.634615384615,4367.0,0.0,0.0,0.019230769230769232
readout,passive,C,current,2026093003,button,preflop,256,1769.62109375,2146.0,0.0,0.0,0.0
readout,passive,C,current,2026093003,button,river,206,635.1019417475728,362.0,0.0,0.024271844660194174,0.1650485436893204
readout,passive,C,current,2026093003,button,turn,208,1180.548076923077,661.0,0.0,0.009615384615384616,0.125
readout,passive,C,current,2026093003,overall,flop,464,8292.135775862069,4517.0,0.0,0.0021551724137931034,0.017241379310344827
readout,passive,C,current,2026093003,overall,preflop,512,1137.353515625,688.5,0.0,0.0,0.0
readout,passive,C,current,2026093003,overall,river,456,789.6513157894736,709.0,0.0,0.010964912280701754,0.10526315789473684
readout,passive,C,current,2026093003,overall,turn,464,1406.1336206896551,1008.0,0.0,0.004310344827586207,0.08620689655172414
readout,pot_pressure,A,average,2026093001,big_blind,flop,41,11401.512195121952,5113.0,0.2682926829268293,0.2682926829268293,0.2682926829268293
readout,pot_pressure,A,average,2026093001,big_blind,preflop,68,303.88235294117646,81.5,0.47058823529411764,0.47058823529411764,0.5
readout,pot_pressure,A,average,2026093001,big_blind,river,14,774.9285714285714,785.0,0.35714285714285715,0.35714285714285715,0.42857142857142855
readout,pot_pressure,A,average,2026093001,big_blind,turn,22,2769.2727272727275,2392.0,0.22727272727272727,0.22727272727272727,0.22727272727272727
readout,pot_pressure,A,average,2026093001,button,flop,106,8056.047169811321,4985.0,0.25471698113207547,0.25471698113207547,0.27358490566037735
readout,pot_pressure,A,average,2026093001,button,preflop,285,1578.5859649122808,2190.0,0.10175438596491228,0.10175438596491228,0.10175438596491228
readout,pot_pressure,A,average,2026093001,button,river,18,1088.0555555555557,0.0,0.7222222222222222,0.7222222222222222,0.7222222222222222
readout,pot_pressure,A,average,2026093001,button,turn,44,2161.840909090909,716.5,0.36363636363636365,0.36363636363636365,0.36363636363636365
readout,pot_pressure,A,average,2026093001,overall,flop,147,8989.13605442177,5113.0,0.2585034013605442,0.2585034013605442,0.272108843537415
readout,pot_pressure,A,average,2026093001,overall,preflop,353,1333.0339943342776,1135.0,0.17280453257790368,0.17280453257790368,0.17847025495750707
readout,pot_pressure,A,average,2026093001,overall,river,32,951.0625,0.0,0.5625,0.5625,0.59375
readout,pot_pressure,A,average,2026093001,overall,turn,66,2364.318181818182,1008.0,0.3181818181818182,0.3181818181818182,0.3181818181818182
readout,pot_pressure,A,average,2026093002,big_blind,flop,41,10619.707317073171,5035.0,0.2682926829268293,0.2682926829268293,0.2682926829268293
readout,pot_pressure,A,average,2026093002,big_blind,preflop,69,299.2463768115942,105.0,0.4492753623188406,0.4492753623188406,0.4927536231884058
readout,pot_pressure,A,average,2026093002,big_blind,river,18,539.3888888888889,72.5,0.4444444444444444,0.4444444444444444,0.5
readout,pot_pressure,A,average,2026093002,big_blind,turn,21,2174.3333333333335,1204.0,0.23809523809523808,0.23809523809523808,0.2857142857142857
readout,pot_pressure,A,average,2026093002,button,flop,94,7965.627659574468,4455.5,0.32978723404255317,0.32978723404255317,0.32978723404255317
readout,pot_pressure,A,average,2026093002,button,preflop,286,1567.7587412587413,2183.0,0.0979020979020979,0.0979020979020979,0.0979020979020979
readout,pot_pressure,A,average,2026093002,button,river,14,1282.0,0.0,0.6428571428571429,0.6428571428571429,0.6428571428571429
readout,pot_pressure,A,average,2026093002,button,turn,32,2477.0,840.5,0.34375,0.34375,0.375
readout,pot_pressure,A,average,2026093002,overall,flop,135,8771.68148148148,4605.0,0.3111111111111111,0.3111111111111111,0.3111111111111111
readout,pot_pressure,A,average,2026093002,overall,preflop,355,1321.2028169014084,1143.0,0.16619718309859155,0.16619718309859155,0.17464788732394365
readout,pot_pressure,A,average,2026093002,overall,river,32,864.28125,0.0,0.53125,0.53125,0.5625
readout,pot_pressure,A,average,2026093002,overall,turn,53,2357.0754716981132,960.0,0.3018867924528302,0.3018867924528302,0.33962264150943394
readout,pot_pressure,A,average,2026093003,big_blind,flop,42,10346.952380952382,5159.0,0.2619047619047619,0.2619047619047619,0.2619047619047619
readout,pot_pressure,A,average,2026093003,big_blind,preflop,68,286.3970588235294,118.5,0.47058823529411764,0.47058823529411764,0.5
readout,pot_pressure,A,average,2026093003,big_blind,river,12,803.1666666666666,645.0,0.3333333333333333,0.3333333333333333,0.4166666666666667
readout,pot_pressure,A,average,2026093003,big_blind,turn,22,2130.6363636363635,1343.5,0.2727272727272727,0.2727272727272727,0.2727272727272727
readout,pot_pressure,A,average,2026093003,button,flop,76,7901.763157894737,2593.0,0.32894736842105265,0.32894736842105265,0.34210526315789475
readout,pot_pressure,A,average,2026093003,button,preflop,285,1587.238596491228,2195.0,0.10175438596491228,0.10175438596491228,0.10175438596491228
readout,pot_pressure,A,average,2026093003,button,river,13,1212.076923076923,0.0,0.6923076923076923,0.6923076923076923,0.6923076923076923
readout,pot_pressure,A,average,2026093003,button,turn,27,1839.4814814814815,432.0,0.3333333333333333,0.3333333333333333,0.3333333333333333
readout,pot_pressure,A,average,2026093003,overall,flop,118,8772.084745762711,3080.0,0.3050847457627119,0.3050847457627119,0.3135593220338983
readout,pot_pressure,A,average,2026093003,overall,preflop,353,1336.6515580736543,1163.0,0.17280453257790368,0.17280453257790368,0.17847025495750707
readout,pot_pressure,A,average,2026093003,overall,river,25,1015.8,0.0,0.52,0.52,0.56
readout,pot_pressure,A,average,2026093003,overall,turn,49,1970.204081632653,538.0,0.30612244897959184,0.30612244897959184,0.30612244897959184
readout,pot_pressure,A,current,2026093001,big_blind,flop,41,11333.829268292682,5418.0,0.2682926829268293,0.2682926829268293,0.2682926829268293
readout,pot_pressure,A,current,2026093001,big_blind,preflop,68,305.38235294117646,107.0,0.45588235294117646,0.45588235294117646,0.4852941176470588
readout,pot_pressure,A,current,2026093001,big_blind,river,15,693.6,250.0,0.4,0.4,0.4666666666666667
readout,pot_pressure,A,current,2026093001,big_blind,turn,23,2080.304347826087,1051.0,0.30434782608695654,0.30434782608695654,0.30434782608695654
readout,pot_pressure,A,current,2026093001,button,flop,94,7214.36170212766,4456.0,0.2765957446808511,0.2765957446808511,0.2978723404255319
readout,pot_pressure,A,current,2026093001,button,preflop,286,1573.0664335664335,2190.0,0.1048951048951049,0.1048951048951049,0.1048951048951049
readout,pot_pressure,A,current,2026093001,button,river,10,514.4,0.0,0.8,0.8,0.8
readout,pot_pressure,A,current,2026093001,button,turn,45,2174.0444444444443,592.0,0.37777777777777777,0.37777777777777777,0.37777777777777777
readout,pot_pressure,A,current,2026093001,overall,flop,135,8465.45925925926,4523.0,0.2740740740740741,0.2740740740740741,0.28888888888888886
readout,pot_pressure,A,current,2026093001,overall,preflop,354,1329.5564971751412,1133.5,0.17231638418079095,0.17231638418079095,0.17796610169491525
readout,pot_pressure,A,current,2026093001,overall,river,25,621.92,0.0,0.56,0.56,0.6
readout,pot_pressure,A,current,2026093001,overall,turn,68,2142.3382352941176,884.5,0.35294117647058826,0.35294117647058826,0.35294117647058826
readout,pot_pressure,A,current,2026093002,big_blind,flop,43,10035.023255813954,4390.0,0.3023255813953488,0.3023255813953488,0.3023255813953488
readout,pot_pressure,A,current,2026093002,big_blind,preflop,68,300.7352941176471,85.5,0.47058823529411764,0.47058823529411764,0.5
readout,pot_pressure,A,current,2026093002,big_blind,river,21,655.1904761904761,494.0,0.38095238095238093,0.38095238095238093,0.42857142857142855
readout,pot_pressure,A,current,2026093002,big_blind,turn,28,2015.0714285714287,1006.5,0.2857142857142857,0.2857142857142857,0.32142857142857145
readout,pot_pressure,A,current,2026093002,button,flop,98,6806.673469387755,4455.5,0.29591836734693877,0.29591836734693877,0.29591836734693877
readout,pot_pressure,A,current,2026093002,button,preflop,289,1551.484429065744,2183.0,0.10726643598615918,0.10726643598615918,0.10726643598615918
readout,pot_pressure,A,current,2026093002,button,river,26,1644.2692307692307,122.5,0.5,0.5,0.5
readout,pot_pressure,A,current,2026093002,button,turn,46,1731.8478260869565,451.5,0.3695652173913043,0.3695652173913043,0.41304347826086957
readout,pot_pressure,A,current,2026093002,overall,flop,141,7791.2056737588655,4390.0,0.2978723404255319,0.2978723404255319,0.2978723404255319
readout,pot_pressure,A,current,2026093002,overall,preflop,357,1313.2464985994397,1143.0,0.17647058823529413,0.17647058823529413,0.18207282913165265
readout,pot_pressure,A,current,2026093002,overall,river,47,1202.340425531915,245.0,0.44680851063829785,0.44680851063829785,0.46808510638297873
readout,pot_pressure,A,current,2026093002,overall,turn,74,1839.0135135135135,588.5,0.33783783783783783,0.33783783783783783,0.3783783783783784
readout,pot_pressure,A,current,2026093003,big_blind,flop,39,9927.51282051282,4091.0,0.2564102564102564,0.2564102564102564,0.2564102564102564
readout,pot_pressure,A,current,2026093003,big_blind,preflop,69,283.57971014492756,92.0,0.463768115942029,0.463768115942029,0.5072463768115942
readout,pot_pressure,A,current,2026093003,big_blind,river,8,939.375,21.5,0.5,0.5,0.625
readout,pot_pressure,A,current,2026093003,big_blind,turn,16,1661.625,406.0,0.3125,0.3125,0.3125
readout,pot_pressure,A,current,2026093003,button,flop,80,6556.7375,2568.5,0.3375,0.3375,0.3375
readout,pot_pressure,A,current,2026093003,button,preflop,288,1570.704861111111,2195.0,0.1111111111111111,0.1111111111111111,0.1111111111111111
readout,pot_pressure,A,current,2026093003,button,river,13,558.7692307692307,0.0,0.6923076923076923,0.6923076923076923,0.6923076923076923
readout,pot_pressure,A,current,2026093003,button,turn,27,2679.222222222222,1346.0,0.25925925925925924,0.25925925925925924,0.25925925925925924
readout,pot_pressure,A,current,2026093003,overall,flop,119,7661.44537815126,2794.0,0.31092436974789917,0.31092436974789917,0.31092436974789917
readout,pot_pressure,A,current,2026093003,overall,preflop,357,1321.9327731092437,1126.0,0.1792717086834734,0.1792717086834734,0.1876750700280112
readout,pot_pressure,A,current,2026093003,overall,river,21,703.7619047619048,0.0,0.6190476190476191,0.6190476190476191,0.6666666666666666
readout,pot_pressure,A,current,2026093003,overall,turn,43,2300.5813953488373,683.0,0.27906976744186046,0.27906976744186046,0.27906976744186046
readout,pot_pressure,C,average,2026093001,big_blind,flop,41,8529.487804878048,3902.0,0.2926829268292683,0.2926829268292683,0.2926829268292683
readout,pot_pressure,C,average,2026093001,big_blind,preflop,68,269.8529411764706,84.0,0.47058823529411764,0.47058823529411764,0.5
readout,pot_pressure,C,average,2026093001,big_blind,river,13,439.0769230769231,448.0,0.46153846153846156,0.46153846153846156,0.46153846153846156
readout,pot_pressure,C,average,2026093001,big_blind,turn,26,1482.576923076923,1086.0,0.2692307692307692,0.2692307692307692,0.2692307692307692
readout,pot_pressure,C,average,2026093001,button,flop,84,6979.0952380952385,2576.5,0.3333333333333333,0.3333333333333333,0.34523809523809523
readout,pot_pressure,C,average,2026093001,button,preflop,280,1544.6285714285714,2108.0,0.08571428571428572,0.08571428571428572,0.08571428571428572
readout,pot_pressure,C,average,2026093001,button,river,8,1197.125,47.0,0.5,0.5,0.625
readout,pot_pressure,C,average,2026093001,button,turn,27,1458.4814814814815,236.0,0.2962962962962963,0.3333333333333333,0.4074074074074074
readout,pot_pressure,C,average,2026093001,overall,flop,125,7487.624,3517.0,0.32,0.32,0.328
readout,pot_pressure,C,average,2026093001,overall,preflop,348,1295.5344827586207,1108.0,0.16091954022988506,0.16091954022988506,0.16666666666666666
readout,pot_pressure,C,average,2026093001,overall,river,21,727.8571428571429,94.0,0.47619047619047616,0.47619047619047616,0.5238095238095238
readout,pot_pressure,C,average,2026093001,overall,turn,53,1470.301886792453,542.0,0.2830188679245283,0.3018867924528302,0.33962264150943394
readout,pot_pressure,C,average,2026093002,big_blind,flop,41,9371.731707317073,3988.0,0.3170731707317073,0.3170731707317073,0.3170731707317073
readout,pot_pressure,C,average,2026093002,big_blind,preflop,68,287.13235294117646,90.5,0.47058823529411764,0.47058823529411764,0.5
readout,pot_pressure,C,average,2026093002,big_blind,river,13,671.8461538461538,707.0,0.3076923076923077,0.3076923076923077,0.3076923076923077
readout,pot_pressure,C,average,2026093002,big_blind,turn,22,1769.4545454545455,1243.5,0.18181818181818182,0.18181818181818182,0.22727272727272727
readout,pot_pressure,C,average,2026093002,button,flop,87,7588.149425287356,3761.0,0.3448275862068966,0.3448275862068966,0.3563218390804598
readout,pot_pressure,C,average,2026093002,button,preflop,286,1486.5384615384614,2063.0,0.1048951048951049,0.1048951048951049,0.1048951048951049
readout,pot_pressure,C,average,2026093002,button,river,11,588.8181818181819,0.0,0.6363636363636364,0.6363636363636364,0.6363636363636364
readout,pot_pressure,C,average,2026093002,button,turn,29,1694.7241379310344,738.0,0.2413793103448276,0.27586206896551724,0.3103448275862069
readout,pot_pressure,C,average,2026093002,overall,flop,128,8159.453125,3874.5,0.3359375,0.3359375,0.34375
readout,pot_pressure,C,average,2026093002,overall,preflop,354,1256.1440677966102,1089.0,0.1751412429378531,0.1751412429378531,0.1807909604519774
readout,pot_pressure,C,average,2026093002,overall,river,24,633.7916666666666,284.5,0.4583333333333333,0.4583333333333333,0.4583333333333333
readout,pot_pressure,C,average,2026093002,overall,turn,51,1726.9607843137255,738.0,0.21568627450980393,0.23529411764705882,0.27450980392156865
readout,pot_pressure,C,average,2026093003,big_blind,flop,45,8188.2,2566.0,0.3111111111111111,0.3111111111111111,0.35555555555555557
readout,pot_pressure,C,average,2026093003,big_blind,preflop,68,276.4852941176471,117.5,0.45588235294117646,0.45588235294117646,0.5
readout,pot_pressure,C,average,2026093003,big_blind,river,16,490.625,449.0,0.375,0.375,0.375
readout,pot_pressure,C,average,2026093003,big_blind,turn,25,1364.24,615.0,0.28,0.28,0.32
readout,pot_pressure,C,average,2026093003,button,flop,85,6646.105882352941,4333.0,0.24705882352941178,0.24705882352941178,0.25882352941176473
readout,pot_pressure,C,average,2026093003,button,preflop,284,1535.5528169014085,2120.0,0.09507042253521127,0.09507042253521127,0.09507042253521127
readout,pot_pressure,C,average,2026093003,button,river,8,2008.5,1899.0,0.375,0.375,0.375
readout,pot_pressure,C,average,2026093003,button,turn,29,1840.6206896551723,547.0,0.20689655172413793,0.2413793103448276,0.3448275862068966
readout,pot_pressure,C,average,2026093003,overall,flop,130,7179.907692307693,3761.5,0.2692307692307692,0.2692307692307692,0.2923076923076923
readout,pot_pressure,C,average,2026093003,overall,preflop,352,1292.3238636363637,1111.0,0.16477272727272727,0.16477272727272727,0.17329545454545456
readout,pot_pressure,C,average,2026093003,overall,river,24,996.5833333333334,474.0,0.375,0.375,0.375
readout,pot_pressure,C,average,2026093003,overall,turn,54,1620.0740740740741,581.0,0.24074074074074073,0.25925925925925924,0.3333333333333333
readout,pot_pressure,C,current,2026093001,big_blind,flop,42,8962.333333333334,3855.5,0.30952380952380953,0.30952380952380953,0.30952380952380953
readout,pot_pressure,C,current,2026093001,big_blind,preflop,69,267.5507246376812,76.0,0.4492753623188406,0.4492753623188406,0.5072463768115942
readout,pot_pressure,C,current,2026093001,big_blind,river,14,449.85714285714283,292.5,0.35714285714285715,0.35714285714285715,0.42857142857142855
readout,pot_pressure,C,current,2026093001,big_blind,turn,27,1289.2222222222222,675.0,0.2962962962962963,0.2962962962962963,0.3333333333333333
readout,pot_pressure,C,current,2026093001,button,flop,79,6510.06329113924,2237.0,0.35443037974683544,0.35443037974683544,0.35443037974683544
readout,pot_pressure,C,current,2026093001,button,preflop,282,1533.6737588652481,2106.0,0.09219858156028368,0.09219858156028368,0.09219858156028368
readout,pot_pressure,C,current,2026093001,button,river,10,409.2,64.0,0.3,0.3,0.6
readout,pot_pressure,C,current,2026093001,button,turn,32,1641.5625,143.5,0.34375,0.375,0.46875
readout,pot_pressure,C,current,2026093001,overall,flop,121,7361.264462809917,2446.0,0.33884297520661155,0.33884297520661155,0.33884297520661155
readout,pot_pressure,C,current,2026093001,overall,preflop,351,1284.7777777777778,1098.0,0.1623931623931624,0.1623931623931624,0.1737891737891738
readout,pot_pressure,C,current,2026093001,overall,river,24,432.9166666666667,115.5,0.3333333333333333,0.3333333333333333,0.5
readout,pot_pressure,C,current,2026093001,overall,turn,59,1480.322033898305,319.0,0.3220338983050847,0.3389830508474576,0.4067796610169492
readout,pot_pressure,C,current,2026093002,big_blind,flop,45,7809.844444444445,2515.0,0.3111111111111111,0.3333333333333333,0.35555555555555557
readout,pot_pressure,C,current,2026093002,big_blind,preflop,67,291.4179104477612,128.0,0.4626865671641791,0.4626865671641791,0.4925373134328358
readout,pot_pressure,C,current,2026093002,big_blind,river,21,609.8571428571429,428.0,0.3333333333333333,0.3333333333333333,0.3333333333333333
readout,pot_pressure,C,current,2026093002,big_blind,turn,25,1768.08,1272.0,0.24,0.24,0.28
readout,pot_pressure,C,current,2026093002,button,flop,86,8410.60465116279,5895.0,0.27906976744186046,0.27906976744186046,0.29069767441860467
readout,pot_pressure,C,current,2026093002,button,preflop,287,1482.6759581881533,2058.0,0.10104529616724739,0.10104529616724739,0.10104529616724739
readout,pot_pressure,C,current,2026093002,button,river,12,280.5,0.0,0.6666666666666666,0.6666666666666666,0.6666666666666666
readout,pot_pressure,C,current,2026093002,button,turn,28,1900.142857142857,547.0,0.2857142857142857,0.32142857142857145,0.35714285714285715
readout,pot_pressure,C,current,2026093002,overall,flop,131,8204.236641221374,4628.0,0.2900763358778626,0.29770992366412213,0.31297709923664124
readout,pot_pressure,C,current,2026093002,overall,preflop,354,1257.2118644067796,1089.0,0.1694915254237288,0.1694915254237288,0.1751412429378531
readout,pot_pressure,C,current,2026093002,overall,river,33,490.09090909090907,153.0,0.45454545454545453,0.45454545454545453,0.45454545454545453
readout,pot_pressure,C,current,2026093002,overall,turn,53,1837.8490566037735,757.0,0.2641509433962264,0.2830188679245283,0.32075471698113206
readout,pot_pressure,C,current,2026093003,big_blind,flop,40,8016.35,3121.5,0.3,0.3,0.3
readout,pot_pressure,C,current,2026093003,big_blind,preflop,70,269.48571428571427,79.0,0.45714285714285713,0.45714285714285713,0.5142857142857142
readout,pot_pressure,C,current,2026093003,big_blind,river,14,363.92857142857144,91.5,0.35714285714285715,0.35714285714285715,0.5
readout,pot_pressure,C,current,2026093003,big_blind,turn,18,1054.3333333333333,443.5,0.2222222222222222,0.2222222222222222,0.2777777777777778
readout,pot_pressure,C,current,2026093003,button,flop,83,7244.457831325301,4333.0,0.25301204819277107,0.25301204819277107,0.25301204819277107
readout,pot_pressure,C,current,2026093003,button,preflop,288,1514.78125,2117.0,0.10416666666666667,0.10416666666666667,0.10416666666666667
readout,pot_pressure,C,current,2026093003,button,river,10,1095.8,308.0,0.1,0.2,0.3
readout,pot_pressure,C,current,2026093003,button,turn,29,2021.3793103448277,547.0,0.20689655172413793,0.2413793103448276,0.3793103448275862
readout,pot_pressure,C,current,2026093003,overall,flop,123,7495.4796747967475,4333.0,0.2682926829268293,0.2682926829268293,0.2682926829268293
readout,pot_pressure,C,current,2026093003,overall,preflop,358,1271.2877094972066,1086.0,0.17318435754189945,0.17318435754189945,0.18435754189944134
readout,pot_pressure,C,current,2026093003,overall,river,24,668.875,261.0,0.25,0.2916666666666667,0.4166666666666667
readout,pot_pressure,C,current,2026093003,overall,turn,47,1651.0212765957447,504.0,0.2127659574468085,0.23404255319148937,0.3404255319148936
readout,selective-stackoff,A,average,2026093001,big_blind,flop,72,10202.986111111111,5113.0,0.0,0.0,0.013888888888888888
readout,selective-stackoff,A,average,2026093001,big_blind,preflop,86,582.8488372093024,698.0,0.0,0.0,0.0
readout,selective-stackoff,A,average,2026093001,big_blind,river,34,1610.3235294117646,1539.0,0.0,0.0,0.029411764705882353
readout,selective-stackoff,A,average,2026093001,big_blind,turn,46,2112.913043478261,1689.0,0.0,0.0,0.043478260869565216
readout,selective-stackoff,A,average,2026093001,button,flop,124,11557.040322580646,7223.0,0.0,0.0,0.008064516129032258
readout,selective-stackoff,A,average,2026093001,button,preflop,256,1798.171875,2197.0,0.0,0.0,0.0
readout,selective-stackoff,A,average,2026093001,button,river,62,1663.3709677419354,920.5,0.0,0.03225806451612903,0.1774193548387097
readout,selective-stackoff,A,average,2026093001,button,turn,78,2429.2179487179487,1428.5,0.0,0.0,0.0641025641025641
readout,selective-stackoff,A,average,2026093001,overall,flop,196,11059.632653061224,6357.0,0.0,0.0,0.01020408163265306
readout,selective-stackoff,A,average,2026093001,overall,preflop,342,1492.56432748538,2136.0,0.0,0.0,0.0
readout,selective-stackoff,A,average,2026093001,overall,river,96,1644.5833333333333,1439.0,0.0,0.020833333333333332,0.125
readout,selective-stackoff,A,average,2026093001,overall,turn,124,2311.8790322580644,1466.0,0.0,0.0,0.056451612903225805
readout,selective-stackoff,A,average,2026093002,big_blind,flop,66,9510.484848484848,4989.5,0.0,0.0,0.030303030303030304
readout,selective-stackoff,A,average,2026093002,big_blind,preflop,87,560.8965517241379,677.0,0.0,0.0,0.011494252873563218
readout,selective-stackoff,A,average,2026093002,big_blind,river,40,1164.275,1002.0,0.0,0.0,0.05
readout,selective-stackoff,A,average,2026093002,big_blind,turn,45,2210.688888888889,2055.0,0.0,0.0,0.044444444444444446
readout,selective-stackoff,A,average,2026093002,button,flop,122,12171.467213114754,6780.0,0.0,0.0,0.00819672131147541
readout,selective-stackoff,A,average,2026093002,button,preflop,256,1790.3046875,2188.0,0.0,0.0,0.0
readout,selective-stackoff,A,average,2026093002,button,river,51,1537.3529411764705,548.0,0.0196078431372549,0.0196078431372549,0.11764705882352941
readout,selective-stackoff,A,average,2026093002,button,turn,72,2585.75,1267.5,0.0,0.0,0.05555555555555555
readout,selective-stackoff,A,average,2026093002,overall,flop,188,11237.29255319149,6049.5,0.0,0.0,0.015957446808510637
readout,selective-stackoff,A,average,2026093002,overall,preflop,343,1478.4723032069971,2140.0,0.0,0.0,0.0029154518950437317
readout,selective-stackoff,A,average,2026093002,overall,river,91,1373.3626373626373,752.0,0.01098901098901099,0.01098901098901099,0.08791208791208792
readout,selective-stackoff,A,average,2026093002,overall,turn,117,2441.4957264957266,1618.0,0.0,0.0,0.05128205128205128
readout,selective-stackoff,A,average,2026093003,big_blind,flop,69,8350.159420289856,4910.0,0.0,0.0,0.014492753623188406
readout,selective-stackoff,A,average,2026093003,big_blind,preflop,88,525.6590909090909,638.5,0.0,0.0,0.022727272727272728
readout,selective-stackoff,A,average,2026093003,big_blind,river,41,1103.4634146341464,1005.0,0.0,0.0,0.024390243902439025
readout,selective-stackoff,A,average,2026093003,big_blind,turn,47,1640.2553191489362,1070.0,0.0,0.0,0.0425531914893617
readout,selective-stackoff,A,average,2026093003,button,flop,102,10683.970588235294,5741.0,0.0,0.0,0.00980392156862745
readout,selective-stackoff,A,average,2026093003,button,preflop,256,1813.85546875,2219.0,0.0,0.0,0.0
readout,selective-stackoff,A,average,2026093003,button,river,41,1591.341463414634,896.0,0.0,0.04878048780487805,0.1951219512195122
readout,selective-stackoff,A,average,2026093003,button,turn,59,2633.1525423728813,1420.0,0.0,0.0,0.05084745762711865
readout,selective-stackoff,A,average,2026093003,overall,flop,171,9742.25730994152,5607.0,0.0,0.0,0.011695906432748537
readout,selective-stackoff,A,average,2026093003,overall,preflop,344,1484.3168604651162,2167.0,0.0,0.0,0.005813953488372093
readout,selective-stackoff,A,average,2026093003,overall,river,82,1347.4024390243903,950.5,0.0,0.024390243902439025,0.10975609756097561
readout,selective-stackoff,A,average,2026093003,overall,turn,106,2192.9056603773583,1224.5,0.0,0.0,0.04716981132075472
readout,selective-stackoff,A,current,2026093001,big_blind,flop,69,8984.521739130434,5053.0,0.0,0.0,0.0
readout,selective-stackoff,A,current,2026093001,big_blind,preflop,87,577.0229885057471,698.0,0.0,0.0,0.011494252873563218
readout,selective-stackoff,A,current,2026093001,big_blind,river,34,1359.8823529411766,921.5,0.0,0.0,0.08823529411764706
readout,selective-stackoff,A,current,2026093001,big_blind,turn,45,1753.2444444444445,1220.0,0.0,0.0,0.08888888888888889
readout,selective-stackoff,A,current,2026093001,button,flop,120,11726.85,7223.0,0.0,0.0,0.008333333333333333
readout,selective-stackoff,A,current,2026093001,button,preflop,256,1798.171875,2197.0,0.0,0.0,0.0
readout,selective-stackoff,A,current,2026093001,button,river,48,1781.9791666666667,1239.0,0.0,0.08333333333333333,0.14583333333333334
readout,selective-stackoff,A,current,2026093001,button,turn,72,2649.402777777778,1498.0,0.0,0.0,0.08333333333333333
readout,selective-stackoff,A,current,2026093001,overall,flop,189,10725.682539682539,5780.0,0.0,0.0,0.005291005291005291
readout,selective-stackoff,A,current,2026093001,overall,preflop,343,1488.4344023323615,2136.0,0.0,0.0,0.0029154518950437317
readout,selective-stackoff,A,current,2026093001,overall,river,82,1606.9634146341464,1007.0,0.0,0.04878048780487805,0.12195121951219512
readout,selective-stackoff,A,current,2026093001,overall,turn,117,2304.7264957264956,1252.0,0.0,0.0,0.08547008547008547
readout,selective-stackoff,A,current,2026093002,big_blind,flop,69,10359.144927536232,5354.0,0.0,0.0,0.014492753623188406
readout,selective-stackoff,A,current,2026093002,big_blind,preflop,86,566.3488372093024,677.5,0.0,0.0,0.0
readout,selective-stackoff,A,current,2026093002,big_blind,river,40,1164.925,945.0,0.0,0.0,0.075
readout,selective-stackoff,A,current,2026093002,big_blind,turn,48,1998.2916666666667,1599.5,0.0,0.0,0.041666666666666664
readout,selective-stackoff,A,current,2026093002,button,flop,115,12196.721739130435,7281.0,0.0,0.0,0.008695652173913044
readout,selective-stackoff,A,current,2026093002,button,preflop,256,1790.3046875,2188.0,0.0,0.0,0.0
readout,selective-stackoff,A,current,2026093002,button,river,60,1912.1833333333334,781.5,0.0,0.016666666666666666,0.11666666666666667
readout,selective-stackoff,A,current,2026093002,button,turn,75,2749.08,1354.0,0.0,0.0,0.08
readout,selective-stackoff,A,current,2026093002,overall,flop,184,11507.630434782608,6270.0,0.0,0.0,0.010869565217391304
readout,selective-stackoff,A,current,2026093002,overall,preflop,342,1482.5263157894738,2140.0,0.0,0.0,0.0
readout,selective-stackoff,A,current,2026093002,overall,river,100,1613.28,945.0,0.0,0.01,0.1
readout,selective-stackoff,A,current,2026093002,overall,turn,123,2456.089430894309,1581.0,0.0,0.0,0.06504065040650407
readout,selective-stackoff,A,current,2026093003,big_blind,flop,71,9177.647887323943,5447.0,0.0,0.0,0.0
readout,selective-stackoff,A,current,2026093003,big_blind,preflop,87,531.4252873563219,643.0,0.0,0.0,0.011494252873563218
readout,selective-stackoff,A,current,2026093003,big_blind,river,44,1281.75,1005.0,0.0,0.0,0.045454545454545456
readout,selective-stackoff,A,current,2026093003,big_blind,turn,49,1786.0204081632653,1008.0,0.0,0.0,0.061224489795918366
readout,selective-stackoff,A,current,2026093003,button,flop,104,10981.5,6816.5,0.0,0.0,0.009615384615384616
readout,selective-stackoff,A,current,2026093003,button,preflop,256,1813.85546875,2219.0,0.0,0.0,0.0
readout,selective-stackoff,A,current,2026093003,button,river,39,1564.025641025641,621.0,0.0,0.05128205128205128,0.23076923076923078
readout,selective-stackoff,A,current,2026093003,button,turn,65,2588.5846153846155,1420.0,0.0,0.0,0.06153846153846154
readout,selective-stackoff,A,current,2026093003,overall,flop,175,10249.65142857143,5741.0,0.0,0.0,0.005714285714285714
readout,selective-stackoff,A,current,2026093003,overall,preflop,343,1488.5743440233236,2172.0,0.0,0.0,0.0029154518950437317
readout,selective-stackoff,A,current,2026093003,overall,river,83,1414.3855421686746,756.0,0.0,0.024096385542168676,0.13253012048192772
readout,selective-stackoff,A,current,2026093003,overall,turn,114,2243.622807017544,1329.5,0.0,0.0,0.06140350877192982
readout,selective-stackoff,C,average,2026093001,big_blind,flop,64,7400.125,4468.0,0.0,0.0,0.015625
readout,selective-stackoff,C,average,2026093001,big_blind,preflop,87,513.9425287356322,621.0,0.0,0.0,0.011494252873563218
readout,selective-stackoff,C,average,2026093001,big_blind,river,33,709.2727272727273,605.0,0.0,0.0,0.06060606060606061
readout,selective-stackoff,C,average,2026093001,big_blind,turn,45,1323.9555555555555,1093.0,0.0,0.0,0.1111111111111111
readout,selective-stackoff,C,average,2026093001,button,flop,110,11970.581818181818,7112.0,0.0,0.0,0.00909090909090909
readout,selective-stackoff,C,average,2026093001,button,preflop,256,1729.3359375,2110.0,0.0,0.0,0.0
readout,selective-stackoff,C,average,2026093001,button,river,43,1028.2558139534883,586.0,0.0,0.0,0.11627906976744186
readout,selective-stackoff,C,average,2026093001,button,turn,68,2078.764705882353,1186.0,0.0,0.014705882352941176,0.11764705882352941
readout,selective-stackoff,C,average,2026093001,overall,flop,174,10289.494252873563,5600.0,0.0,0.0,0.011494252873563218
readout,selective-stackoff,C,average,2026093001,overall,preflop,343,1421.058309037901,2060.0,0.0,0.0,0.0029154518950437317
readout,selective-stackoff,C,average,2026093001,overall,river,76,889.75,602.5,0.0,0.0,0.09210526315789473
readout,selective-stackoff,C,average,2026093001,overall,turn,113,1778.1769911504425,1165.0,0.0,0.008849557522123894,0.11504424778761062
readout,selective-stackoff,C,average,2026093002,big_blind,flop,67,8423.55223880597,4785.0,0.0,0.0,0.0
readout,selective-stackoff,C,average,2026093002,big_blind,preflop,86,546.3139534883721,654.5,0.0,0.0,0.0
readout,selective-stackoff,C,average,2026093002,big_blind,river,38,966.7368421052631,942.5,0.0,0.0,0.02631578947368421
readout,selective-stackoff,C,average,2026093002,big_blind,turn,50,1586.62,1359.0,0.0,0.0,0.04
readout,selective-stackoff,C,average,2026093002,button,flop,119,11926.38655462185,7374.0,0.0,0.0,0.0
readout,selective-stackoff,C,average,2026093002,button,preflop,256,1697.33984375,2074.0,0.0,0.0,0.0
readout,selective-stackoff,C,average,2026093002,button,river,38,1418.5263157894738,1042.5,0.0,0.0,0.10526315789473684
readout,selective-stackoff,C,average,2026093002,button,turn,65,2072.107692307692,1383.0,0.0,0.015384615384615385,0.06153846153846154
readout,selective-stackoff,C,average,2026093002,overall,flop,186,10664.612903225807,6198.0,0.0,0.0,0.0
readout,selective-stackoff,C,average,2026093002,overall,preflop,342,1407.9005847953217,2016.0,0.0,0.0,0.0
readout,selective-stackoff,C,average,2026093002,overall,river,76,1192.6315789473683,974.5,0.0,0.0,0.06578947368421052
readout,selective-stackoff,C,average,2026093002,overall,turn,115,1861.0260869565218,1359.0,0.0,0.008695652173913044,0.05217391304347826
readout,selective-stackoff,C,average,2026093003,big_blind,flop,74,7336.756756756757,4517.0,0.0,0.0,0.02702702702702703
readout,selective-stackoff,C,average,2026093003,big_blind,preflop,87,512.5977011494252,625.0,0.0,0.0,0.011494252873563218
readout,selective-stackoff,C,average,2026093003,big_blind,river,36,904.9722222222222,768.0,0.0,0.0,0.027777777777777776
readout,selective-stackoff,C,average,2026093003,big_blind,turn,47,1244.7659574468084,863.0,0.0,0.0,0.10638297872340426
readout,selective-stackoff,C,average,2026093003,button,flop,123,10558.731707317073,6508.0,0.0,0.0,0.0
readout,selective-stackoff,C,average,2026093003,button,preflop,256,1747.26953125,2139.0,0.0,0.0,0.0
readout,selective-stackoff,C,average,2026093003,button,river,46,1121.5,483.0,0.0,0.0,0.1956521739130435
readout,selective-stackoff,C,average,2026093003,button,turn,75,1886.8666666666666,1183.0,0.0,0.04,0.10666666666666667
readout,selective-stackoff,C,average,2026093003,overall,flop,197,9348.446700507615,5334.0,0.0,0.0,0.01015228426395939
readout,selective-stackoff,C,average,2026093003,overall,preflop,343,1434.1020408163265,2089.0,0.0,0.0,0.0029154518950437317
readout,selective-stackoff,C,average,2026093003,overall,river,82,1026.439024390244,649.5,0.0,0.0,0.12195121951219512
readout,selective-stackoff,C,average,2026093003,overall,turn,122,1639.5,1023.5,0.0,0.02459016393442623,0.10655737704918032
readout,selective-stackoff,C,current,2026093001,big_blind,flop,67,7262.850746268657,3902.0,0.0,0.0,0.029850746268656716
readout,selective-stackoff,C,current,2026093001,big_blind,preflop,87,513.9425287356322,621.0,0.0,0.0,0.011494252873563218
readout,selective-stackoff,C,current,2026093001,big_blind,river,42,690.2380952380952,580.0,0.023809523809523808,0.023809523809523808,0.16666666666666666
readout,selective-stackoff,C,current,2026093001,big_blind,turn,48,1340.4583333333333,1280.5,0.0,0.0,0.10416666666666667
readout,selective-stackoff,C,current,2026093001,button,flop,121,12323.537190082645,7112.0,0.0,0.0,0.008264462809917356
readout,selective-stackoff,C,current,2026093001,button,preflop,256,1729.3359375,2110.0,0.0,0.0,0.0
readout,selective-stackoff,C,current,2026093001,button,river,52,1191.9615384615386,691.0,0.0,0.038461538461538464,0.19230769230769232
readout,selective-stackoff,C,current,2026093001,button,turn,87,2472.8505747126437,1207.0,0.0,0.0,0.08045977011494253
readout,selective-stackoff,C,current,2026093001,overall,flop,188,10519.994680851063,5590.5,0.0,0.0,0.015957446808510637
readout,selective-stackoff,C,current,2026093001,overall,preflop,343,1421.058309037901,2060.0,0.0,0.0,0.0029154518950437317
readout,selective-stackoff,C,current,2026093001,overall,river,94,967.7872340425532,598.5,0.010638297872340425,0.031914893617021274,0.18085106382978725
readout,selective-stackoff,C,current,2026093001,overall,turn,135,2070.222222222222,1249.0,0.0,0.0,0.08888888888888889
readout,selective-stackoff,C,current,2026093002,big_blind,flop,68,8446.70588235294,4642.0,0.0,0.0,0.0
readout,selective-stackoff,C,current,2026093002,big_blind,preflop,86,546.3139534883721,654.5,0.0,0.0,0.0
readout,selective-stackoff,C,current,2026093002,big_blind,river,39,1048.6923076923076,1002.0,0.0,0.0,0.05128205128205128
readout,selective-stackoff,C,current,2026093002,big_blind,turn,51,1590.2941176470588,1272.0,0.0,0.0,0.0196078431372549
readout,selective-stackoff,C,current,2026093002,button,flop,119,11692.789915966387,6546.0,0.0,0.0,0.0
readout,selective-stackoff,C,current,2026093002,button,preflop,256,1697.33984375,2074.0,0.0,0.0,0.0
readout,selective-stackoff,C,current,2026093002,button,river,48,1054.8541666666667,619.0,0.0,0.020833333333333332,0.14583333333333334
readout,selective-stackoff,C,current,2026093002,button,turn,65,1693.1692307692308,845.0,0.0,0.03076923076923077,0.16923076923076924
readout,selective-stackoff,C,current,2026093002,overall,flop,187,10512.395721925133,5897.0,0.0,0.0,0.0
readout,selective-stackoff,C,current,2026093002,overall,preflop,342,1407.9005847953217,2016.0,0.0,0.0,0.0
readout,selective-stackoff,C,current,2026093002,overall,river,87,1052.0919540229886,807.0,0.0,0.011494252873563218,0.10344827586206896
readout,selective-stackoff,C,current,2026093002,overall,turn,116,1647.9396551724137,994.5,0.0,0.017241379310344827,0.10344827586206896
readout,selective-stackoff,C,current,2026093003,big_blind,flop,68,7685.89705882353,4517.0,0.0,0.0,0.029411764705882353
readout,selective-stackoff,C,current,2026093003,big_blind,preflop,87,512.5977011494252,625.0,0.0,0.0,0.011494252873563218
readout,selective-stackoff,C,current,2026093003,big_blind,river,48,702.3541666666666,571.0,0.0,0.0,0.16666666666666666
readout,selective-stackoff,C,current,2026093003,big_blind,turn,51,1090.2941176470588,745.0,0.0,0.0,0.13725490196078433
readout,selective-stackoff,C,current,2026093003,button,flop,120,10783.558333333332,6508.0,0.0,0.0,0.0
readout,selective-stackoff,C,current,2026093003,button,preflop,256,1747.26953125,2139.0,0.0,0.0,0.0
readout,selective-stackoff,C,current,2026093003,button,river,49,949.2244897959183,481.0,0.0,0.0,0.1836734693877551
readout,selective-stackoff,C,current,2026093003,button,turn,66,1566.621212121212,1097.5,0.0,0.045454545454545456,0.12121212121212122
readout,selective-stackoff,C,current,2026093003,overall,flop,188,9663.127659574468,5334.0,0.0,0.0,0.010638297872340425
readout,selective-stackoff,C,current,2026093003,overall,preflop,343,1434.1020408163265,2089.0,0.0,0.0,0.0029154518950437317
readout,selective-stackoff,C,current,2026093003,overall,river,97,827.0618556701031,563.0,0.0,0.0,0.17525773195876287
readout,selective-stackoff,C,current,2026093003,overall,turn,117,1358.991452991453,988.0,0.0,0.02564102564102564,0.1282051282051282
readout,tight_aggressive,A,average,2026093001,big_blind,flop,19,12719.0,9893.0,0.0,0.0,0.0
readout,tight_aggressive,A,average,2026093001,big_blind,preflop,37,394.4594594594595,351.0,0.0,0.0,0.16216216216216217
readout,tight_aggressive,A,average,2026093001,big_blind,river,13,810.0769230769231,896.0,0.0,0.0,0.38461538461538464
readout,tight_aggressive,A,average,2026093001,big_blind,turn,12,2145.5,2235.5,0.0,0.0,0.08333333333333333
readout,tight_aggressive,A,average,2026093001,button,flop,108,10216.194444444445,5780.0,0.0,0.009259259259259259,0.027777777777777776
readout,tight_aggressive,A,average,2026093001,button,preflop,267,1800.1647940074906,2189.0,0.0,0.0,0.0
readout,tight_aggressive,A,average,2026093001,button,river,10,3093.8,2609.0,0.0,0.0,0.1
readout,tight_aggressive,A,average,2026093001,button,turn,47,2603.3617021276596,1687.0,0.0,0.0425531914893617,0.1276595744680851
readout,tight_aggressive,A,average,2026093001,overall,flop,127,10590.629921259842,5780.0,0.0,0.007874015748031496,0.023622047244094488
readout,tight_aggressive,A,average,2026093001,overall,preflop,304,1629.0756578947369,2172.0,0.0,0.0,0.019736842105263157
readout,tight_aggressive,A,average,2026093001,overall,river,23,1803.0,1016.0,0.0,0.0,0.2608695652173913
readout,tight_aggressive,A,average,2026093001,overall,turn,59,2510.237288135593,1991.0,0.0,0.03389830508474576,0.11864406779661017
readout,tight_aggressive,A,average,2026093002,big_blind,flop,20,13239.4,11397.5,0.0,0.0,0.0
readout,tight_aggressive,A,average,2026093002,big_blind,preflop,35,409.42857142857144,371.0,0.0,0.0,0.08571428571428572
readout,tight_aggressive,A,average,2026093002,big_blind,river,8,1122.875,1122.5,0.0,0.0,0.0
readout,tight_aggressive,A,average,2026093002,big_blind,turn,11,2510.4545454545455,3006.0,0.0,0.0,0.09090909090909091
readout,tight_aggressive,A,average,2026093002,button,flop,100,11530.62,5829.0,0.0,0.01,0.02
readout,tight_aggressive,A,average,2026093002,button,preflop,269,1789.0669144981412,2197.0,0.0,0.0,0.007434944237918215
readout,tight_aggressive,A,average,2026093002,button,river,20,2137.35,1315.5,0.0,0.0,0.1
readout,tight_aggressive,A,average,2026093002,button,turn,50,3318.12,2165.5,0.0,0.0,0.02
readout,tight_aggressive,A,average,2026093002,overall,flop,120,11815.416666666666,5829.0,0.0,0.008333333333333333,0.016666666666666666
readout,tight_aggressive,A,average,2026093002,overall,preflop,304,1630.2269736842106,2188.0,0.0,0.0,0.01644736842105263
readout,tight_aggressive,A,average,2026093002,overall,river,28,1847.5,1170.5,0.0,0.0,0.07142857142857142
readout,tight_aggressive,A,average,2026093002,overall,turn,61,3172.4754098360654,2474.0,0.0,0.0,0.03278688524590164
readout,tight_aggressive,A,average,2026093003,big_blind,flop,21,11186.904761904761,6497.0,0.0,0.0,0.0
readout,tight_aggressive,A,average,2026093003,big_blind,preflop,35,425.34285714285716,469.0,0.0,0.0,0.05714285714285714
readout,tight_aggressive,A,average,2026093003,big_blind,river,6,1494.0,1403.0,0.0,0.0,0.0
readout,tight_aggressive,A,average,2026093003,big_blind,turn,8,2471.875,3288.5,0.0,0.0,0.125
readout,tight_aggressive,A,average,2026093003,button,flop,71,11011.845070422536,5741.0,0.0,0.0,0.028169014084507043
readout,tight_aggressive,A,average,2026093003,button,preflop,266,1813.8872180451128,2213.0,0.0,0.0,0.011278195488721804
readout,tight_aggressive,A,average,2026093003,button,river,13,2215.769230769231,2030.0,0.0,0.0,0.15384615384615385
readout,tight_aggressive,A,average,2026093003,button,turn,32,3038.28125,2034.5,0.0,0.0,0.09375
readout,tight_aggressive,A,average,2026093003,overall,flop,92,11051.804347826086,5741.0,0.0,0.0,0.021739130434782608
readout,tight_aggressive,A,average,2026093003,overall,preflop,301,1652.4285714285713,2203.0,0.0,0.0,0.016611295681063124
readout,tight_aggressive,A,average,2026093003,overall,river,19,1987.842105263158,1597.0,0.0,0.0,0.10526315789473684
readout,tight_aggressive,A,average,2026093003,overall,turn,40,2925.0,2680.5,0.0,0.0,0.1
readout,tight_aggressive,A,current,2026093001,big_blind,flop,24,12731.375,8499.0,0.0,0.0,0.0
readout,tight_aggressive,A,current,2026093001,big_blind,preflop,36,403.3611111111111,353.0,0.0,0.0,0.1388888888888889
readout,tight_aggressive,A,current,2026093001,big_blind,river,12,1620.0,703.0,0.0,0.0,0.4166666666666667
readout,tight_aggressive,A,current,2026093001,big_blind,turn,12,2831.9166666666665,1723.5,0.0,0.0,0.08333333333333333
readout,tight_aggressive,A,current,2026093001,button,flop,102,10272.892156862745,5780.0,0.0,0.0,0.0196078431372549
readout,tight_aggressive,A,current,2026093001,button,preflop,267,1797.5468164794008,2189.0,0.0,0.0,0.003745318352059925
readout,tight_aggressive,A,current,2026093001,button,river,25,1549.32,1146.0,0.0,0.0,0.08
readout,tight_aggressive,A,current,2026093001,button,turn,53,2592.6792452830186,1252.0,0.0,0.0,0.03773584905660377
readout,tight_aggressive,A,current,2026093001,overall,flop,126,10741.174603174602,5780.0,0.0,0.0,0.015873015873015872
readout,tight_aggressive,A,current,2026093001,overall,preflop,303,1631.90099009901,2172.0,0.0,0.0,0.019801980198019802
readout,tight_aggressive,A,current,2026093001,overall,river,37,1572.2432432432433,1016.0,0.0,0.0,0.1891891891891892
readout,tight_aggressive,A,current,2026093001,overall,turn,65,2636.846153846154,1252.0,0.0,0.0,0.046153846153846156
readout,tight_aggressive,A,current,2026093002,big_blind,flop,22,13439.045454545454,11397.5,0.0,0.0,0.045454545454545456
readout,tight_aggressive,A,current,2026093002,big_blind,preflop,34,420.0,371.5,0.0,0.0,0.058823529411764705
readout,tight_aggressive,A,current,2026093002,big_blind,river,14,1372.9285714285713,1021.0,0.0,0.0,0.07142857142857142
readout,tight_aggressive,A,current,2026093002,big_blind,turn,15,2417.266666666667,1618.0,0.0,0.0,0.06666666666666667
readout,tight_aggressive,A,current,2026093002,button,flop,99,11613.545454545454,5829.0,0.0,0.0,0.0
readout,tight_aggressive,A,current,2026093002,button,preflop,269,1788.0408921933085,2197.0,0.0,0.0,0.007434944237918215
readout,tight_aggressive,A,current,2026093002,button,river,33,2210.969696969697,1307.0,0.0,0.0,0.18181818181818182
readout,tight_aggressive,A,current,2026093002,button,turn,55,3465.672727272727,2474.0,0.0,0.0,0.01818181818181818
readout,tight_aggressive,A,current,2026093002,overall,flop,121,11945.454545454546,6655.0,0.0,0.0,0.008264462809917356
readout,tight_aggressive,A,current,2026093002,overall,preflop,303,1634.5313531353136,2188.0,0.0,0.0,0.013201320132013201
readout,tight_aggressive,A,current,2026093002,overall,river,47,1961.340425531915,1175.0,0.0,0.0,0.14893617021276595
readout,tight_aggressive,A,current,2026093002,overall,turn,70,3241.0142857142855,2474.0,0.0,0.0,0.02857142857142857
readout,tight_aggressive,A,current,2026093003,big_blind,flop,22,12544.59090909091,9676.5,0.0,0.0,0.0
readout,tight_aggressive,A,current,2026093003,big_blind,preflop,35,425.1714285714286,469.0,0.0,0.0,0.05714285714285714
readout,tight_aggressive,A,current,2026093003,big_blind,river,8,1704.875,1224.0,0.0,0.0,0.0
readout,tight_aggressive,A,current,2026093003,big_blind,turn,9,2653.0,3128.0,0.0,0.0,0.1111111111111111
readout,tight_aggressive,A,current,2026093003,button,flop,87,10188.666666666666,5607.0,0.0,0.0,0.011494252873563218
readout,tight_aggressive,A,current,2026093003,button,preflop,265,1823.845283018868,2213.0,0.0,0.0,0.0037735849056603774
readout,tight_aggressive,A,current,2026093003,button,river,24,2505.9166666666665,2032.5,0.0,0.0,0.08333333333333333
readout,tight_aggressive,A,current,2026093003,button,turn,45,3212.133333333333,1660.0,0.0,0.0,0.08888888888888889
readout,tight_aggressive,A,current,2026093003,overall,flop,109,10664.174311926605,5741.0,0.0,0.0,0.009174311926605505
readout,tight_aggressive,A,current,2026093003,overall,preflop,300,1660.6666666666667,2203.0,0.0,0.0,0.01
readout,tight_aggressive,A,current,2026093003,overall,river,32,2305.65625,1418.0,0.0,0.0,0.0625
readout,tight_aggressive,A,current,2026093003,overall,turn,54,3118.9444444444443,1724.0,0.0,0.0,0.09259259259259259
readout,tight_aggressive,C,average,2026093001,big_blind,flop,26,7328.153846153846,3020.0,0.0,0.0,0.038461538461538464
readout,tight_aggressive,C,average,2026093001,big_blind,preflop,36,381.6111111111111,411.0,0.0,0.0,0.1111111111111111
readout,tight_aggressive,C,average,2026093001,big_blind,river,10,553.7,534.0,0.0,0.0,0.2
readout,tight_aggressive,C,average,2026093001,big_blind,turn,15,1163.4666666666667,816.0,0.0,0.0,0.06666666666666667
readout,tight_aggressive,C,average,2026093001,button,flop,83,9087.927710843374,5536.0,0.0,0.012048192771084338,0.024096385542168676
readout,tight_aggressive,C,average,2026093001,button,preflop,266,1734.0751879699249,2104.0,0.0,0.0,0.0
readout,tight_aggressive,C,average,2026093001,button,river,15,1234.9333333333334,412.0,0.0,0.0,0.2
readout,tight_aggressive,C,average,2026093001,button,turn,36,2101.3888888888887,717.0,0.0,0.0,0.1111111111111111
readout,tight_aggressive,C,average,2026093001,overall,flop,109,8668.165137614678,5536.0,0.0,0.009174311926605505,0.027522935779816515
readout,tight_aggressive,C,average,2026093001,overall,preflop,302,1572.8543046357615,2092.0,0.0,0.0,0.013245033112582781
readout,tight_aggressive,C,average,2026093001,overall,river,25,962.44,456.0,0.0,0.0,0.2
readout,tight_aggressive,C,average,2026093001,overall,turn,51,1825.5294117647059,777.0,0.0,0.0,0.09803921568627451
readout,tight_aggressive,C,average,2026093002,big_blind,flop,24,9201.916666666666,4680.0,0.0,0.0,0.0
readout,tight_aggressive,C,average,2026093002,big_blind,preflop,36,388.19444444444446,372.0,0.0,0.0,0.1111111111111111
readout,tight_aggressive,C,average,2026093002,big_blind,river,6,1234.5,1410.0,0.0,0.0,0.0
readout,tight_aggressive,C,average,2026093002,big_blind,turn,15,1808.0,1272.0,0.0,0.0,0.13333333333333333
readout,tight_aggressive,C,average,2026093002,button,flop,91,11488.384615384615,5897.0,0.0,0.0,0.0
readout,tight_aggressive,C,average,2026093002,button,preflop,267,1702.685393258427,2089.0,0.0,0.0,0.003745318352059925
readout,tight_aggressive,C,average,2026093002,button,river,19,1338.421052631579,442.0,0.0,0.05263157894736842,0.15789473684210525
readout,tight_aggressive,C,average,2026093002,button,turn,39,2296.5897435897436,973.0,0.0,0.0,0.1282051282051282
readout,tight_aggressive,C,average,2026093002,overall,flop,115,11011.208695652174,5897.0,0.0,0.0,0.0
readout,tight_aggressive,C,average,2026093002,overall,preflop,303,1546.5082508250825,2076.0,0.0,0.0,0.0165016501650165
readout,tight_aggressive,C,average,2026093002,overall,river,25,1313.48,547.0,0.0,0.04,0.12
readout,tight_aggressive,C,average,2026093002,overall,turn,54,2160.8703703703704,1016.0,0.0,0.0,0.12962962962962962
readout,tight_aggressive,C,average,2026093003,big_blind,flop,20,9574.6,6912.5,0.0,0.0,0.0
readout,tight_aggressive,C,average,2026093003,big_blind,preflop,36,386.75,413.5,0.0,0.0,0.1111111111111111
readout,tight_aggressive,C,average,2026093003,big_blind,river,5,1007.2,1082.0,0.0,0.0,0.0
readout,tight_aggressive,C,average,2026093003,big_blind,turn,8,1436.875,999.5,0.0,0.0,0.25
readout,tight_aggressive,C,average,2026093003,button,flop,89,10207.85393258427,5334.0,0.0,0.011235955056179775,0.033707865168539325
readout,tight_aggressive,C,average,2026093003,button,preflop,265,1756.154716981132,2133.0,0.0,0.0,0.0
readout,tight_aggressive,C,average,2026093003,button,river,9,1377.4444444444443,401.0,0.0,0.0,0.2222222222222222
readout,tight_aggressive,C,average,2026093003,button,turn,23,2693.1739130434785,2354.0,0.0,0.0,0.08695652173913043
readout,tight_aggressive,C,average,2026093003,overall,flop,109,10091.660550458715,5334.0,0.0,0.009174311926605505,0.027522935779816515
readout,tight_aggressive,C,average,2026093003,overall,preflop,301,1592.3720930232557,2127.0,0.0,0.0,0.013289036544850499
readout,tight_aggressive,C,average,2026093003,overall,river,14,1245.2142857142858,579.0,0.0,0.0,0.14285714285714285
readout,tight_aggressive,C,average,2026093003,overall,turn,31,2368.967741935484,2183.0,0.0,0.0,0.12903225806451613
readout,tight_aggressive,C,current,2026093001,big_blind,flop,25,7897.32,3697.0,0.0,0.0,0.04
readout,tight_aggressive,C,current,2026093001,big_blind,preflop,36,381.6666666666667,411.0,0.0,0.0,0.1111111111111111
readout,tight_aggressive,C,current,2026093001,big_blind,river,11,444.90909090909093,417.0,0.0,0.0,0.45454545454545453
readout,tight_aggressive,C,current,2026093001,big_blind,turn,14,1138.0,732.5,0.0,0.0,0.14285714285714285
readout,tight_aggressive,C,current,2026093001,button,flop,83,9587.313253012047,5536.0,0.0,0.012048192771084338,0.03614457831325301
readout,tight_aggressive,C,current,2026093001,button,preflop,264,1738.5492424242425,2104.0,0.0,0.0,0.0
readout,tight_aggressive,C,current,2026093001,button,river,11,863.9090909090909,412.0,0.0,0.0,0.09090909090909091
readout,tight_aggressive,C,current,2026093001,button,turn,42,2462.8809523809523,1439.5,0.0,0.0,0.07142857142857142
readout,tight_aggressive,C,current,2026093001,overall,flop,108,9196.111111111111,5536.0,0.0,0.009259259259259259,0.037037037037037035
readout,tight_aggressive,C,current,2026093001,overall,preflop,300,1575.7233333333334,2092.0,0.0,0.0,0.013333333333333334
readout,tight_aggressive,C,current,2026093001,overall,river,22,654.4090909090909,414.5,0.0,0.0,0.2727272727272727
readout,tight_aggressive,C,current,2026093001,overall,turn,56,2131.660714285714,1098.5,0.0,0.0,0.08928571428571429
readout,tight_aggressive,C,current,2026093002,big_blind,flop,23,9488.0,9295.0,0.0,0.0,0.043478260869565216
readout,tight_aggressive,C,current,2026093002,big_blind,preflop,35,398.0,375.0,0.0,0.0,0.08571428571428572
readout,tight_aggressive,C,current,2026093002,big_blind,river,11,901.0,742.0,0.0,0.0,0.09090909090909091
readout,tight_aggressive,C,current,2026093002,big_blind,turn,16,1886.0,1270.5,0.0,0.0,0.0625
readout,tight_aggressive,C,current,2026093002,button,flop,90,10433.711111111112,5897.0,0.0,0.011111111111111112,0.011111111111111112
readout,tight_aggressive,C,current,2026093002,button,preflop,267,1708.7078651685392,2089.0,0.0,0.0,0.0
readout,tight_aggressive,C,current,2026093002,button,river,16,1679.0,487.0,0.0,0.0,0.0625
readout,tight_aggressive,C,current,2026093002,button,turn,39,1959.025641025641,1016.0,0.0,0.0,0.05128205128205128
readout,tight_aggressive,C,current,2026093002,overall,flop,113,10241.221238938053,5897.0,0.0,0.008849557522123894,0.017699115044247787
readout,tight_aggressive,C,current,2026093002,overall,preflop,302,1556.8046357615895,2076.5,0.0,0.0,0.009933774834437087
readout,tight_aggressive,C,current,2026093002,overall,river,27,1362.037037037037,741.0,0.0,0.0,0.07407407407407407
readout,tight_aggressive,C,current,2026093002,overall,turn,55,1937.7818181818182,1087.0,0.0,0.0,0.05454545454545454
readout,tight_aggressive,C,current,2026093003,big_blind,flop,21,9764.047619047618,4878.0,0.0,0.0,0.0
readout,tight_aggressive,C,current,2026093003,big_blind,preflop,36,387.05555555555554,413.5,0.0,0.0,0.08333333333333333
readout,tight_aggressive,C,current,2026093003,big_blind,river,7,814.8571428571429,595.0,0.0,0.0,0.0
readout,tight_aggressive,C,current,2026093003,big_blind,turn,7,2071.5714285714284,2854.0,0.0,0.0,0.14285714285714285
readout,tight_aggressive,C,current,2026093003,button,flop,90,9371.433333333332,5169.0,0.0,0.011111111111111112,0.022222222222222223
readout,tight_aggressive,C,current,2026093003,button,preflop,264,1765.6818181818182,2133.0,0.0,0.0,0.0
readout,tight_aggressive,C,current,2026093003,button,river,9,2033.2222222222222,409.0,0.0,0.0,0.1111111111111111
readout,tight_aggressive,C,current,2026093003,button,turn,31,2001.4193548387098,840.0,0.0,0.0,0.06451612903225806
readout,tight_aggressive,C,current,2026093003,overall,flop,111,9445.711711711712,5169.0,0.0,0.009009009009009009,0.018018018018018018
readout,tight_aggressive,C,current,2026093003,overall,preflop,300,1600.2466666666667,2127.0,0.0,0.0,0.01
readout,tight_aggressive,C,current,2026093003,overall,river,16,1500.1875,579.0,0.0,0.0,0.0625
readout,tight_aggressive,C,current,2026093003,overall,turn,38,2014.342105263158,939.5,0.0,0.0,0.07894736842105263
readout,tight_passive,A,average,2026093001,big_blind,flop,16,7804.8125,3979.0,0.0,0.0,0.0
readout,tight_passive,A,average,2026093001,big_blind,preflop,16,550.25,699.5,0.0,0.0,0.0
readout,tight_passive,A,average,2026093001,big_blind,river,6,972.6666666666666,937.5,0.0,0.0,0.16666666666666666
readout,tight_passive,A,average,2026093001,big_blind,turn,10,1300.8,790.5,0.0,0.0,0.0
readout,tight_passive,A,average,2026093001,button,flop,103,11887.0,7223.0,0.0,0.0,0.019417475728155338
readout,tight_passive,A,average,2026093001,button,preflop,256,1821.44921875,2201.0,0.0,0.0,0.0
readout,tight_passive,A,average,2026093001,button,river,32,2113.28125,1553.0,0.0,0.0,0.03125
readout,tight_passive,A,average,2026093001,button,turn,53,3133.830188679245,1991.0,0.0,0.0,0.05660377358490566
readout,tight_passive,A,average,2026093001,overall,flop,119,11338.134453781513,7223.0,0.0,0.0,0.01680672268907563
readout,tight_passive,A,average,2026093001,overall,preflop,272,1746.672794117647,2198.0,0.0,0.0,0.0
readout,tight_passive,A,average,2026093001,overall,river,38,1933.1842105263158,1373.0,0.0,0.0,0.05263157894736842
readout,tight_passive,A,average,2026093001,overall,turn,63,2842.873015873016,1687.0,0.0,0.0,0.047619047619047616
readout,tight_passive,A,average,2026093002,big_blind,flop,16,7498.375,3490.5,0.0,0.0,0.0
readout,tight_passive,A,average,2026093002,big_blind,preflop,16,543.5625,674.0,0.0,0.0,0.0
readout,tight_passive,A,average,2026093002,big_blind,river,7,827.8571428571429,1097.0,0.0,0.0,0.14285714285714285
readout,tight_passive,A,average,2026093002,big_blind,turn,10,1418.6,851.0,0.1,0.1,0.1
readout,tight_passive,A,average,2026093002,button,flop,106,13772.905660377359,7281.0,0.0,0.0,0.02830188679245283
readout,tight_passive,A,average,2026093002,button,preflop,256,1814.71875,2194.0,0.0,0.0,0.0
readout,tight_passive,A,average,2026093002,button,river,34,2172.6176470588234,1760.0,0.0,0.0,0.14705882352941177
readout,tight_passive,A,average,2026093002,button,turn,56,3690.7678571428573,2999.0,0.0,0.0,0.05357142857142857
readout,tight_passive,A,average,2026093002,overall,flop,122,12950.016393442624,7281.0,0.0,0.0,0.02459016393442623
readout,tight_passive,A,average,2026093002,overall,preflop,272,1739.9448529411766,2189.0,0.0,0.0,0.0
readout,tight_passive,A,average,2026093002,overall,river,41,1943.0243902439024,1494.0,0.0,0.0,0.14634146341463414
readout,tight_passive,A,average,2026093002,overall,turn,66,3346.5,2887.0,0.015151515151515152,0.015151515151515152,0.06060606060606061
readout,tight_passive,A,average,2026093003,big_blind,flop,16,7085.875,3328.0,0.0,0.0,0.0
readout,tight_passive,A,average,2026093003,big_blind,preflop,16,512.6875,628.0,0.0,0.0,0.0
readout,tight_passive,A,average,2026093003,big_blind,river,7,918.4285714285714,967.0,0.0,0.0,0.14285714285714285
readout,tight_passive,A,average,2026093003,big_blind,turn,10,1441.8,999.0,0.1,0.1,0.1
readout,tight_passive,A,average,2026093003,button,flop,98,10970.887755102041,7263.0,0.0,0.0,0.01020408163265306
readout,tight_passive,A,average,2026093003,button,preflop,256,1832.30859375,2218.5,0.0,0.0,0.0
readout,tight_passive,A,average,2026093003,button,river,30,2568.1,2345.5,0.03333333333333333,0.03333333333333333,0.2
readout,tight_passive,A,average,2026093003,button,turn,44,3553.0454545454545,1853.0,0.022727272727272728,0.022727272727272728,0.09090909090909091
readout,tight_passive,A,average,2026093003,overall,flop,114,10425.622807017544,5791.5,0.0,0.0,0.008771929824561403
readout,tight_passive,A,average,2026093003,overall,preflop,272,1754.6838235294117,2214.0,0.0,0.0,0.0
readout,tight_passive,A,average,2026093003,overall,river,37,2256.0,1967.0,0.02702702702702703,0.02702702702702703,0.1891891891891892
readout,tight_passive,A,average,2026093003,overall,turn,54,3162.074074074074,1836.0,0.037037037037037035,0.037037037037037035,0.09259259259259259
readout,tight_passive,A,current,2026093001,big_blind,flop,15,6413.8,3016.0,0.0,0.0,0.0
readout,tight_passive,A,current,2026093001,big_blind,preflop,16,550.25,699.5,0.0,0.0,0.0
readout,tight_passive,A,current,2026093001,big_blind,river,6,1017.6666666666666,1292.0,0.0,0.0,0.16666666666666666
readout,tight_passive,A,current,2026093001,big_blind,turn,8,596.125,470.5,0.0,0.0,0.0
readout,tight_passive,A,current,2026093001,button,flop,84,11807.404761904761,7223.0,0.0,0.0,0.023809523809523808
readout,tight_passive,A,current,2026093001,button,preflop,256,1821.44921875,2201.0,0.0,0.0,0.0
readout,tight_passive,A,current,2026093001,button,river,23,3132.2608695652175,3125.0,0.0,0.0,0.0
readout,tight_passive,A,current,2026093001,button,turn,43,3381.3488372093025,2050.0,0.0,0.0,0.06976744186046512
readout,tight_passive,A,current,2026093001,overall,flop,99,10990.191919191919,7223.0,0.0,0.0,0.020202020202020204
readout,tight_passive,A,current,2026093001,overall,preflop,272,1746.672794117647,2198.0,0.0,0.0,0.0
readout,tight_passive,A,current,2026093001,overall,river,29,2694.7586206896553,2446.0,0.0,0.0,0.034482758620689655
readout,tight_passive,A,current,2026093001,overall,turn,51,2944.450980392157,1687.0,0.0,0.0,0.058823529411764705
readout,tight_passive,A,current,2026093002,big_blind,flop,15,7804.133333333333,4205.0,0.0,0.0,0.0
readout,tight_passive,A,current,2026093002,big_blind,preflop,16,543.5625,674.0,0.0,0.0,0.0
readout,tight_passive,A,current,2026093002,big_blind,river,6,887.5,1117.0,0.0,0.0,0.16666666666666666
readout,tight_passive,A,current,2026093002,big_blind,turn,9,1438.4444444444443,599.0,0.1111111111111111,0.1111111111111111,0.1111111111111111
readout,tight_passive,A,current,2026093002,button,flop,114,12783.140350877193,7281.0,0.0,0.0,0.02631578947368421
readout,tight_passive,A,current,2026093002,button,preflop,256,1814.71875,2194.0,0.0,0.0,0.0
readout,tight_passive,A,current,2026093002,button,river,36,2654.222222222222,2368.5,0.0,0.0,0.1388888888888889
readout,tight_passive,A,current,2026093002,button,turn,69,3555.1159420289855,2887.0,0.0,0.0,0.028985507246376812
readout,tight_passive,A,current,2026093002,overall,flop,129,12204.186046511628,7281.0,0.0,0.0,0.023255813953488372
readout,tight_passive,A,current,2026093002,overall,preflop,272,1739.9448529411766,2189.0,0.0,0.0,0.0
readout,tight_passive,A,current,2026093002,overall,river,42,2401.8333333333335,1787.0,0.0,0.0,0.14285714285714285
readout,tight_passive,A,current,2026093002,overall,turn,78,3310.8846153846152,2887.0,0.01282051282051282,0.01282051282051282,0.038461538461538464
readout,tight_passive,A,current,2026093003,big_blind,flop,16,7101.6875,3328.0,0.0,0.0,0.0
readout,tight_passive,A,current,2026093003,big_blind,preflop,16,512.6875,628.0,0.0,0.0,0.0
readout,tight_passive,A,current,2026093003,big_blind,river,8,663.25,406.5,0.0,0.0,0.125
readout,tight_passive,A,current,2026093003,big_blind,turn,9,1197.6666666666667,605.0,0.0,0.0,0.0
readout,tight_passive,A,current,2026093003,button,flop,90,11574.7,7263.0,0.0,0.0,0.011111111111111112
readout,tight_passive,A,current,2026093003,button,preflop,256,1832.30859375,2218.5,0.0,0.0,0.0
readout,tight_passive,A,current,2026093003,button,river,25,2306.4,2035.0,0.0,0.04,0.12
readout,tight_passive,A,current,2026093003,button,turn,45,4237.9111111111115,3856.0,0.0,0.0,0.1111111111111111
readout,tight_passive,A,current,2026093003,overall,flop,106,10899.528301886792,5919.0,0.0,0.0,0.009433962264150943
readout,tight_passive,A,current,2026093003,overall,preflop,272,1754.6838235294117,2214.0,0.0,0.0,0.0
readout,tight_passive,A,current,2026093003,overall,river,33,1908.060606060606,1242.0,0.0,0.030303030303030304,0.12121212121212122
readout,tight_passive,A,current,2026093003,overall,turn,54,3731.203703703704,1836.0,0.0,0.0,0.09259259259259259
readout,tight_passive,C,average,2026093001,big_blind,flop,16,4733.875,2273.5,0.0,0.0,0.0
readout,tight_passive,C,average,2026093001,big_blind,preflop,16,483.125,600.0,0.0,0.0,0.0
readout,tight_passive,C,average,2026093001,big_blind,river,7,831.0,763.0,0.0,0.0,0.14285714285714285
readout,tight_passive,C,average,2026093001,big_blind,turn,11,761.0909090909091,477.0,0.0,0.0,0.18181818181818182
readout,tight_passive,C,average,2026093001,button,flop,89,12286.977528089888,7112.0,0.0,0.0,0.011235955056179775
readout,tight_passive,C,average,2026093001,button,preflop,256,1750.98046875,2121.0,0.0,0.0,0.0
readout,tight_passive,C,average,2026093001,button,river,21,1995.1904761904761,1733.0,0.0,0.0,0.09523809523809523
readout,tight_passive,C,average,2026093001,button,turn,41,2954.951219512195,1874.0,0.04878048780487805,0.04878048780487805,0.12195121951219512
readout,tight_passive,C,average,2026093001,overall,flop,105,11136.028571428571,7112.0,0.0,0.0,0.009523809523809525
readout,tight_passive,C,average,2026093001,overall,preflop,272,1676.4007352941176,2113.0,0.0,0.0,0.0
readout,tight_passive,C,average,2026093001,overall,river,28,1704.142857142857,1162.0,0.0,0.0,0.10714285714285714
readout,tight_passive,C,average,2026093001,overall,turn,52,2490.8653846153848,1157.5,0.038461538461538464,0.038461538461538464,0.1346153846153846
readout,tight_passive,C,average,2026093002,big_blind,flop,15,6260.6,2520.0,0.0,0.0,0.06666666666666667
readout,tight_passive,C,average,2026093002,big_blind,preflop,17,494.88235294117646,625.0,0.0,0.0,0.058823529411764705
readout,tight_passive,C,average,2026093002,big_blind,river,6,955.0,927.5,0.0,0.0,0.0
readout,tight_passive,C,average,2026093002,big_blind,turn,12,941.4166666666666,738.0,0.08333333333333333,0.08333333333333333,0.16666666666666666
readout,tight_passive,C,average,2026093002,button,flop,98,11949.622448979591,7374.0,0.0,0.0,0.030612244897959183
readout,tight_passive,C,average,2026093002,button,preflop,256,1722.23828125,2082.0,0.0,0.0,0.0
readout,tight_passive,C,average,2026093002,button,river,25,1105.64,407.0,0.0,0.0,0.2
readout,tight_passive,C,average,2026093002,button,turn,43,2325.279069767442,1016.0,0.046511627906976744,0.046511627906976744,0.16279069767441862
readout,tight_passive,C,average,2026093002,overall,flop,113,11194.442477876106,5897.0,0.0,0.0,0.035398230088495575
readout,tight_passive,C,average,2026093002,overall,preflop,273,1645.8095238095239,2076.0,0.0,0.0,0.003663003663003663
readout,tight_passive,C,average,2026093002,overall,river,31,1076.483870967742,497.0,0.0,0.0,0.16129032258064516
readout,tight_passive,C,average,2026093002,overall,turn,55,2023.3454545454545,880.0,0.05454545454545454,0.05454545454545454,0.16363636363636364
readout,tight_passive,C,average,2026093003,big_blind,flop,16,5427.5625,2460.0,0.0,0.0,0.0625
readout,tight_passive,C,average,2026093003,big_blind,preflop,16,495.75,619.5,0.0,0.0,0.0
readout,tight_passive,C,average,2026093003,big_blind,river,6,822.6666666666666,970.5,0.0,0.0,0.0
readout,tight_passive,C,average,2026093003,big_blind,turn,11,711.1818181818181,544.0,0.09090909090909091,0.09090909090909091,0.2727272727272727
readout,tight_passive,C,average,2026093003,button,flop,91,10071.483516483517,6508.0,0.0,0.0,0.03296703296703297
readout,tight_passive,C,average,2026093003,button,preflop,256,1765.0078125,2135.5,0.0,0.0,0.0
readout,tight_passive,C,average,2026093003,button,river,17,1739.1176470588234,2001.0,0.0,0.0,0.11764705882352941
readout,tight_passive,C,average,2026093003,button,turn,33,2567.181818181818,1526.0,0.030303030303030304,0.030303030303030304,0.15151515151515152
readout,tight_passive,C,average,2026093003,overall,flop,107,9377.065420560748,6128.0,0.0,0.0,0.037383177570093455
readout,tight_passive,C,average,2026093003,overall,preflop,272,1690.3455882352941,2131.5,0.0,0.0,0.0
readout,tight_passive,C,average,2026093003,overall,river,23,1500.0434782608695,1082.0,0.0,0.0,0.08695652173913043
readout,tight_passive,C,average,2026093003,overall,turn,44,2103.181818181818,995.0,0.045454545454545456,0.045454545454545456,0.18181818181818182
readout,tight_passive,C,current,2026093001,big_blind,flop,16,4795.9375,2325.0,0.0,0.0,0.0
readout,tight_passive,C,current,2026093001,big_blind,preflop,16,483.125,600.0,0.0,0.0,0.0
readout,tight_passive,C,current,2026093001,big_blind,river,7,703.5714285714286,745.0,0.0,0.0,0.0
readout,tight_passive,C,current,2026093001,big_blind,turn,10,497.4,544.5,0.1,0.1,0.3
readout,tight_passive,C,current,2026093001,button,flop,81,10474.41975308642,7112.0,0.0,0.0,0.012345679012345678
readout,tight_passive,C,current,2026093001,button,preflop,256,1750.98046875,2121.0,0.0,0.0,0.0
readout,tight_passive,C,current,2026093001,button,river,19,1738.0526315789473,1515.0,0.0,0.0,0.05263157894736842
readout,tight_passive,C,current,2026093001,button,turn,46,3318.5,3449.0,0.021739130434782608,0.021739130434782608,0.13043478260869565
readout,tight_passive,C,current,2026093001,overall,flop,97,9537.762886597939,5600.0,0.0,0.0,0.010309278350515464
readout,tight_passive,C,current,2026093001,overall,preflop,272,1676.4007352941176,2113.0,0.0,0.0,0.0
readout,tight_passive,C,current,2026093001,overall,river,26,1459.5384615384614,876.0,0.0,0.0,0.038461538461538464
readout,tight_passive,C,current,2026093001,overall,turn,56,2814.7321428571427,1874.0,0.03571428571428571,0.03571428571428571,0.16071428571428573
readout,tight_passive,C,current,2026093002,big_blind,flop,15,6143.266666666666,2520.0,0.0,0.0,0.06666666666666667
readout,tight_passive,C,current,2026093002,big_blind,preflop,17,494.88235294117646,625.0,0.0,0.0,0.058823529411764705
readout,tight_passive,C,current,2026093002,big_blind,river,7,846.5714285714286,789.0,0.0,0.0,0.0
readout,tight_passive,C,current,2026093002,big_blind,turn,10,973.7,859.5,0.1,0.1,0.1
readout,tight_passive,C,current,2026093002,button,flop,100,12268.27,7374.0,0.0,0.0,0.03
readout,tight_passive,C,current,2026093002,button,preflop,256,1722.23828125,2082.0,0.0,0.0,0.0
readout,tight_passive,C,current,2026093002,button,river,29,1481.7586206896551,1055.0,0.0,0.0,0.20689655172413793
readout,tight_passive,C,current,2026093002,button,turn,44,2661.5227272727275,2039.0,0.0,0.0,0.06818181818181818
readout,tight_passive,C,current,2026093002,overall,flop,115,11469.35652173913,7374.0,0.0,0.0,0.034782608695652174
readout,tight_passive,C,current,2026093002,overall,preflop,273,1645.8095238095239,2076.0,0.0,0.0,0.003663003663003663
readout,tight_passive,C,current,2026093002,overall,river,36,1358.25,867.5,0.0,0.0,0.16666666666666666
readout,tight_passive,C,current,2026093002,overall,turn,54,2348.962962962963,1377.5,0.018518518518518517,0.018518518518518517,0.07407407407407407
readout,tight_passive,C,current,2026093003,big_blind,flop,15,4499.466666666666,2431.0,0.0,0.0,0.06666666666666667
readout,tight_passive,C,current,2026093003,big_blind,preflop,16,495.75,619.5,0.0,0.0,0.0
readout,tight_passive,C,current,2026093003,big_blind,river,8,489.125,457.0,0.0,0.0,0.125
readout,tight_passive,C,current,2026093003,big_blind,turn,10,645.3,574.0,0.0,0.0,0.2
readout,tight_passive,C,current,2026093003,button,flop,101,11177.386138613861,6508.0,0.0,0.0,0.009900990099009901
readout,tight_passive,C,current,2026093003,button,preflop,256,1765.0078125,2135.5,0.0,0.0,0.0
readout,tight_passive,C,current,2026093003,button,river,22,1501.0454545454545,880.0,0.0,0.0,0.13636363636363635
readout,tight_passive,C,current,2026093003,button,turn,35,2659.6,2025.0,0.0,0.0,0.08571428571428572
readout,tight_passive,C,current,2026093003,overall,flop,116,10313.862068965518,6508.0,0.0,0.0,0.017241379310344827
readout,tight_passive,C,current,2026093003,overall,preflop,272,1690.3455882352941,2131.5,0.0,0.0,0.0
readout,tight_passive,C,current,2026093003,overall,river,30,1231.2,681.0,0.0,0.0,0.13333333333333333
readout,tight_passive,C,current,2026093003,overall,turn,45,2211.9777777777776,1526.0,0.0,0.0,0.1111111111111111
readout,uniform,A,average,2026093001,big_blind,flop,165,6436.757575757576,2650.0,0.0,0.006060606060606061,0.048484848484848485
readout,uniform,A,average,2026093001,big_blind,preflop,205,418.01951219512193,378.0,0.0,0.0,0.04878048780487805
readout,uniform,A,average,2026093001,big_blind,river,31,499.64516129032256,269.0,0.0,0.03225806451612903,0.2903225806451613
readout,uniform,A,average,2026093001,big_blind,turn,78,665.4487179487179,252.5,0.0,0.02564102564102564,0.2692307692307692
readout,uniform,A,average,2026093001,button,flop,131,3158.740458015267,1621.0,0.0,0.030534351145038167,0.10687022900763359
readout,uniform,A,average,2026093001,button,preflop,373,1463.402144772118,2136.0,0.0,0.0,0.00804289544235925
readout,uniform,A,average,2026093001,button,river,34,72.41176470588235,63.0,0.0,0.08823529411764706,0.7647058823529411
readout,uniform,A,average,2026093001,button,turn,63,336.36507936507934,177.0,0.015873015873015872,0.1111111111111111,0.36507936507936506
readout,uniform,A,average,2026093001,overall,flop,296,4986.013513513513,2108.0,0.0,0.016891891891891893,0.07432432432432433
readout,uniform,A,average,2026093001,overall,preflop,578,1092.6349480968859,750.0,0.0,0.0,0.02249134948096886
readout,uniform,A,average,2026093001,overall,river,65,276.16923076923075,91.0,0.0,0.06153846153846154,0.5384615384615384
readout,uniform,A,average,2026093001,overall,turn,141,518.4113475177305,209.0,0.0070921985815602835,0.06382978723404255,0.3120567375886525
readout,uniform,A,average,2026093002,big_blind,flop,168,6352.166666666667,2378.0,0.0,0.0,0.05952380952380952
readout,uniform,A,average,2026093002,big_blind,preflop,208,417.4326923076923,383.5,0.0,0.0,0.057692307692307696
readout,uniform,A,average,2026093002,big_blind,river,25,317.64,202.0,0.0,0.08,0.36
readout,uniform,A,average,2026093002,big_blind,turn,70,637.6428571428571,195.5,0.0,0.02857142857142857,0.35714285714285715
readout,uniform,A,average,2026093002,button,flop,138,3280.413043478261,1354.0,0.0,0.021739130434782608,0.12318840579710146
readout,uniform,A,average,2026093002,button,preflop,377,1454.3236074270558,2135.0,0.0,0.0,0.005305039787798408
readout,uniform,A,average,2026093002,button,river,35,211.05714285714285,39.0,0.0,0.2,0.8
readout,uniform,A,average,2026093002,button,turn,68,418.4117647058824,149.0,0.0,0.08823529411764706,0.4411764705882353
readout,uniform,A,average,2026093002,overall,flop,306,4966.866013071895,1863.0,0.0,0.00980392156862745,0.08823529411764706
readout,uniform,A,average,2026093002,overall,preflop,585,1085.6512820512821,739.0,0.0,0.0,0.023931623931623933
readout,uniform,A,average,2026093002,overall,river,60,255.46666666666667,62.5,0.0,0.15,0.6166666666666667
readout,uniform,A,average,2026093002,overall,turn,138,529.6159420289855,171.5,0.0,0.057971014492753624,0.39855072463768115
readout,uniform,A,average,2026093003,big_blind,flop,178,6756.601123595506,3377.5,0.0,0.0056179775280898875,0.06179775280898876
readout,uniform,A,average,2026093003,big_blind,preflop,204,429.47058823529414,479.0,0.0,0.0,0.058823529411764705
readout,uniform,A,average,2026093003,big_blind,river,41,470.780487804878,253.0,0.0,0.024390243902439025,0.1951219512195122
readout,uniform,A,average,2026093003,big_blind,turn,102,876.5294117647059,291.0,0.0,0.00980392156862745,0.23529411764705882
readout,uniform,A,average,2026093003,button,flop,139,3469.971223021583,1552.0,0.007194244604316547,0.02158273381294964,0.1079136690647482
readout,uniform,A,average,2026093003,button,preflop,372,1451.9086021505377,2138.0,0.0,0.0,0.002688172043010753
readout,uniform,A,average,2026093003,button,river,30,211.73333333333332,45.0,0.0,0.13333333333333333,0.7333333333333333
readout,uniform,A,average,2026093003,button,turn,57,499.0,154.0,0.0,0.05263157894736842,0.40350877192982454
readout,uniform,A,average,2026093003,overall,flop,317,5315.460567823344,2518.0,0.0031545741324921135,0.012618296529968454,0.08201892744479496
readout,uniform,A,average,2026093003,overall,preflop,576,1089.795138888889,717.0,0.0,0.0,0.022569444444444444
readout,uniform,A,average,2026093003,overall,river,71,361.32394366197184,138.0,0.0,0.07042253521126761,0.4225352112676056
readout,uniform,A,average,2026093003,overall,turn,159,741.188679245283,244.0,0.0,0.025157232704402517,0.29559748427672955
readout,uniform,A,current,2026093001,big_blind,flop,177,6707.175141242938,3363.0,0.0,0.0,0.05649717514124294
readout,uniform,A,current,2026093001,big_blind,preflop,208,412.17788461538464,377.5,0.0,0.0,0.0673076923076923
readout,uniform,A,current,2026093001,big_blind,river,39,539.7948717948718,201.0,0.0,0.02564102564102564,0.28205128205128205
readout,uniform,A,current,2026093001,big_blind,turn,75,943.8533333333334,336.0,0.0,0.02666666666666667,0.22666666666666666
readout,uniform,A,current,2026093001,button,flop,133,3354.0827067669175,1739.0,0.0,0.03759398496240601,0.11278195488721804
readout,uniform,A,current,2026093001,button,preflop,364,1473.4423076923076,2152.0,0.0,0.0,0.008241758241758242
readout,uniform,A,current,2026093001,button,river,33,172.21212121212122,78.0,0.0,0.06060606060606061,0.5757575757575758
readout,uniform,A,current,2026093001,button,turn,61,425.7704918032787,235.0,0.01639344262295082,0.11475409836065574,0.32786885245901637
readout,uniform,A,current,2026093001,overall,flop,310,5268.590322580645,2263.0,0.0,0.016129032258064516,0.08064516129032258
readout,uniform,A,current,2026093001,overall,preflop,572,1087.527972027972,739.5,0.0,0.0,0.02972027972027972
readout,uniform,A,current,2026093001,overall,river,72,371.31944444444446,142.0,0.0,0.041666666666666664,0.4166666666666667
readout,uniform,A,current,2026093001,overall,turn,136,711.4779411764706,277.0,0.007352941176470588,0.0661764705882353,0.27205882352941174
readout,uniform,A,current,2026093002,big_blind,flop,158,6931.708860759493,3128.0,0.0,0.0,0.05063291139240506
readout,uniform,A,current,2026093002,big_blind,preflop,206,420.45631067961165,384.0,0.0,0.0,0.05825242718446602
readout,uniform,A,current,2026093002,big_blind,river,28,585.8928571428571,329.0,0.0,0.03571428571428571,0.17857142857142858
readout,uniform,A,current,2026093002,big_blind,turn,77,1120.935064935065,461.0,0.0,0.012987012987012988,0.2597402597402597
readout,uniform,A,current,2026093002,button,flop,145,4065.537931034483,2240.0,0.0,0.020689655172413793,0.0896551724137931
readout,uniform,A,current,2026093002,button,preflop,372,1470.2876344086021,2140.0,0.0,0.0,0.010752688172043012
readout,uniform,A,current,2026093002,button,river,42,176.9047619047619,64.0,0.0,0.16666666666666666,0.6190476190476191
readout,uniform,A,current,2026093002,button,turn,74,443.4054054054054,189.0,0.0,0.05405405405405406,0.40540540540540543
readout,uniform,A,current,2026093002,overall,flop,303,5560.108910891089,2289.0,0.0,0.009900990099009901,0.06930693069306931
readout,uniform,A,current,2026093002,overall,preflop,578,1096.1262975778548,742.5,0.0,0.0,0.02768166089965398
readout,uniform,A,current,2026093002,overall,river,70,340.5,122.0,0.0,0.11428571428571428,0.44285714285714284
readout,uniform,A,current,2026093002,overall,turn,151,788.9006622516556,282.0,0.0,0.033112582781456956,0.33112582781456956
readout,uniform,A,current,2026093003,big_blind,flop,164,6526.213414634146,3286.0,0.0,0.018292682926829267,0.06707317073170732
readout,uniform,A,current,2026093003,big_blind,preflop,204,429.84313725490193,479.0,0.0,0.0,0.058823529411764705
readout,uniform,A,current,2026093003,big_blind,river,39,480.64102564102564,180.0,0.0,0.05128205128205128,0.3076923076923077
readout,uniform,A,current,2026093003,big_blind,turn,77,1116.142857142857,321.0,0.0,0.012987012987012988,0.24675324675324675
readout,uniform,A,current,2026093003,button,flop,138,3440.0,1928.5,0.0,0.021739130434782608,0.07246376811594203
readout,uniform,A,current,2026093003,button,preflop,372,1455.8978494623657,2138.0,0.0,0.0,0.005376344086021506
readout,uniform,A,current,2026093003,button,river,32,85.5,30.0,0.03125,0.21875,0.75
readout,uniform,A,current,2026093003,button,turn,69,322.42028985507244,124.0,0.0,0.043478260869565216,0.42028985507246375
readout,uniform,A,current,2026093003,overall,flop,302,5115.956953642384,2297.0,0.0,0.019867549668874173,0.0695364238410596
readout,uniform,A,current,2026093003,overall,preflop,576,1092.5034722222222,719.0,0.0,0.0,0.024305555555555556
readout,uniform,A,current,2026093003,overall,river,71,302.5492957746479,99.0,0.014084507042253521,0.1267605633802817,0.5070422535211268
readout,uniform,A,current,2026093003,overall,turn,146,741.027397260274,211.0,0.0,0.0273972602739726,0.3287671232876712
readout,uniform,C,average,2026093001,big_blind,flop,177,6304.129943502825,3373.0,0.0,0.0,0.05084745762711865
readout,uniform,C,average,2026093001,big_blind,preflop,207,403.3333333333333,407.0,0.0,0.0,0.07246376811594203
readout,uniform,C,average,2026093001,big_blind,river,30,624.6,281.0,0.0,0.03333333333333333,0.26666666666666666
readout,uniform,C,average,2026093001,big_blind,turn,85,848.0117647058823,369.0,0.0,0.011764705882352941,0.27058823529411763
readout,uniform,C,average,2026093001,button,flop,130,3142.746153846154,1592.0,0.0,0.023076923076923078,0.08461538461538462
readout,uniform,C,average,2026093001,button,preflop,366,1426.379781420765,2066.0,0.0,0.0,0.01639344262295082
readout,uniform,C,average,2026093001,button,river,27,119.37037037037037,97.0,0.0,0.0,0.5185185185185185
readout,uniform,C,average,2026093001,button,turn,57,338.6666666666667,188.0,0.0,0.017543859649122806,0.3508771929824561
readout,uniform,C,average,2026093001,overall,flop,307,4965.4332247557,2410.0,0.0,0.009771986970684038,0.06514657980456026
readout,uniform,C,average,2026093001,overall,preflop,573,1056.7975567190226,707.0,0.0,0.0,0.03664921465968586
readout,uniform,C,average,2026093001,overall,river,57,385.280701754386,132.0,0.0,0.017543859649122806,0.38596491228070173
readout,uniform,C,average,2026093001,overall,turn,142,643.556338028169,277.5,0.0,0.014084507042253521,0.3028169014084507
readout,uniform,C,average,2026093002,big_blind,flop,161,6411.453416149068,3400.0,0.0,0.006211180124223602,0.049689440993788817
readout,uniform,C,average,2026093002,big_blind,preflop,208,403.13461538461536,376.0,0.0,0.0,0.057692307692307696
readout,uniform,C,average,2026093002,big_blind,river,36,691.0277777777778,443.0,0.0,0.0,0.19444444444444445
readout,uniform,C,average,2026093002,big_blind,turn,84,847.0119047619048,427.5,0.0,0.023809523809523808,0.23809523809523808
readout,uniform,C,average,2026093002,button,flop,144,3009.722222222222,1292.5,0.0,0.006944444444444444,0.1597222222222222
readout,uniform,C,average,2026093002,button,preflop,381,1356.5091863517061,1111.0,0.0,0.0,0.010498687664041995
readout,uniform,C,average,2026093002,button,river,35,335.0571428571429,78.0,0.0,0.11428571428571428,0.5714285714285714
readout,uniform,C,average,2026093002,button,turn,74,464.7432432432432,132.5,0.02702702702702703,0.05405405405405406,0.40540540540540543
readout,uniform,C,average,2026093002,overall,flop,305,4805.390163934426,2001.0,0.0,0.006557377049180328,0.10163934426229508
readout,uniform,C,average,2026093002,overall,preflop,589,1019.8336162988115,695.0,0.0,0.0,0.027164685908319185
readout,uniform,C,average,2026093002,overall,river,71,515.5492957746479,207.0,0.0,0.056338028169014086,0.38028169014084506
readout,uniform,C,average,2026093002,overall,turn,158,667.9746835443038,247.0,0.012658227848101266,0.0379746835443038,0.31645569620253167
readout,uniform,C,average,2026093003,big_blind,flop,169,6411.627218934911,3221.0,0.0,0.005917159763313609,0.0650887573964497
readout,uniform,C,average,2026093003,big_blind,preflop,208,408.4375,439.5,0.0,0.0,0.07211538461538461
readout,uniform,C,average,2026093003,big_blind,river,35,684.9142857142857,418.0,0.0,0.0,0.14285714285714285
readout,uniform,C,average,2026093003,big_blind,turn,70,945.3,442.0,0.0,0.0,0.18571428571428572
readout,uniform,C,average,2026093003,button,flop,136,3206.2132352941176,1481.5,0.0,0.022058823529411766,0.11764705882352941
readout,uniform,C,average,2026093003,button,preflop,377,1400.5888594164455,2061.0,0.0,0.0,0.007957559681697613
readout,uniform,C,average,2026093003,button,river,29,302.6551724137931,114.0,0.0,0.034482758620689655,0.4827586206896552
readout,uniform,C,average,2026093003,button,turn,53,402.0566037735849,185.0,0.0,0.05660377358490566,0.33962264150943394
readout,uniform,C,average,2026093003,overall,flop,305,4982.327868852459,2184.0,0.0,0.013114754098360656,0.08852459016393442
readout,uniform,C,average,2026093003,overall,preflop,585,1047.8239316239317,693.0,0.0,0.0,0.03076923076923077
readout,uniform,C,average,2026093003,overall,river,64,511.703125,217.0,0.0,0.015625,0.296875
readout,uniform,C,average,2026093003,overall,turn,123,711.219512195122,337.0,0.0,0.024390243902439025,0.25203252032520324
readout,uniform,C,current,2026093001,big_blind,flop,171,6456.485380116959,3373.0,0.0,0.0,0.05847953216374269
readout,uniform,C,current,2026093001,big_blind,preflop,206,404.91747572815535,409.0,0.0,0.0,0.06796116504854369
readout,uniform,C,current,2026093001,big_blind,river,21,726.6666666666666,501.0,0.0,0.0,0.2857142857142857
readout,uniform,C,current,2026093001,big_blind,turn,80,1152.925,644.0,0.0,0.0,0.175
readout,uniform,C,current,2026093001,button,flop,139,3163.8920863309354,1578.0,0.0,0.02158273381294964,0.08633093525179857
readout,uniform,C,current,2026093001,button,preflop,372,1407.241935483871,2060.0,0.0,0.0,0.016129032258064516
readout,uniform,C,current,2026093001,button,river,33,206.24242424242425,97.0,0.0,0.06060606060606061,0.5151515151515151
readout,uniform,C,current,2026093001,button,turn,64,337.0625,220.5,0.0,0.015625,0.28125
readout,uniform,C,current,2026093001,overall,flop,310,4980.129032258064,2205.0,0.0,0.00967741935483871,0.07096774193548387
readout,uniform,C,current,2026093001,overall,preflop,578,1050.0121107266436,705.0,0.0,0.0,0.03460207612456748
readout,uniform,C,current,2026093001,overall,river,54,408.6296296296296,150.5,0.0,0.037037037037037035,0.42592592592592593
readout,uniform,C,current,2026093001,overall,turn,144,790.3194444444445,329.5,0.0,0.006944444444444444,0.2222222222222222
readout,uniform,C,current,2026093002,big_blind,flop,158,7291.7405063291135,3953.0,0.0,0.0,0.056962025316455694
readout,uniform,C,current,2026093002,big_blind,preflop,207,404.1449275362319,377.0,0.0,0.0,0.057971014492753624
readout,uniform,C,current,2026093002,big_blind,river,35,732.4857142857143,405.0,0.0,0.02857142857142857,0.22857142857142856
readout,uniform,C,current,2026093002,big_blind,turn,81,938.2469135802469,483.0,0.0,0.012345679012345678,0.16049382716049382
readout,uniform,C,current,2026093002,button,flop,145,3292.4,1629.0,0.0,0.020689655172413793,0.09655172413793103
readout,uniform,C,current,2026093002,button,preflop,371,1377.4258760107816,2016.0,0.0,0.0,0.008086253369272238
readout,uniform,C,current,2026093002,button,river,48,150.04166666666666,89.5,0.0,0.041666666666666664,0.5416666666666666
readout,uniform,C,current,2026093002,button,turn,76,348.8421052631579,125.5,0.0,0.07894736842105263,0.3684210526315789
readout,uniform,C,current,2026093002,overall,flop,303,5377.864686468647,2115.0,0.0,0.009900990099009901,0.07590759075907591
readout,uniform,C,current,2026093002,overall,preflop,578,1028.8633217993079,695.0,0.0,0.0,0.025951557093425604
readout,uniform,C,current,2026093002,overall,river,83,395.65060240963857,139.0,0.0,0.03614457831325301,0.40963855421686746
readout,uniform,C,current,2026093002,overall,turn,157,652.9299363057324,239.0,0.0,0.044585987261146494,0.2611464968152866
readout,uniform,C,current,2026093003,big_blind,flop,166,6161.174698795181,3221.0,0.0,0.0,0.060240963855421686
readout,uniform,C,current,2026093003,big_blind,preflop,208,408.03365384615387,439.5,0.0,0.0,0.07692307692307693
readout,uniform,C,current,2026093003,big_blind,river,44,604.75,342.0,0.0,0.0,0.20454545454545456
readout,uniform,C,current,2026093003,big_blind,turn,75,1042.9733333333334,512.0,0.0,0.013333333333333334,0.17333333333333334
readout,uniform,C,current,2026093003,button,flop,141,3370.063829787234,1591.0,0.0070921985815602835,0.02127659574468085,0.09219858156028368
readout,uniform,C,current,2026093003,button,preflop,378,1402.6746031746031,2061.0,0.0,0.0,0.0026455026455026454
readout,uniform,C,current,2026093003,button,river,44,251.6818181818182,108.0,0.0,0.022727272727272728,0.4772727272727273
readout,uniform,C,current,2026093003,button,turn,77,422.1948051948052,195.0,0.0,0.03896103896103896,0.3116883116883117
readout,uniform,C,current,2026093003,overall,flop,307,4879.263843648208,2123.0,0.003257328990228013,0.009771986970684038,0.0749185667752443
readout,uniform,C,current,2026093003,overall,preflop,586,1049.627986348123,704.5,0.0,0.0,0.02901023890784983
readout,uniform,C,current,2026093003,overall,river,88,428.21590909090907,160.0,0.0,0.011363636363636364,0.3409090909090909
readout,uniform,C,current,2026093003,overall,turn,152,728.5,332.5,0.0,0.02631578947368421,0.24342105263157895
