cell,first_large_response,hands,panel,position,readout,seed,stage,target_chips
A,continued,104,lbr,big_blind,current,2026093001,primary,-20500
A,folded,103,lbr,big_blind,current,2026093001,primary,78600
A,no_large_raise,817,lbr,big_blind,current,2026093001,primary,-120800
A,continued,88,lbr,button,current,2026093001,primary,1400
A,folded,64,lbr,button,current,2026093001,primary,40600
A,no_large_raise,872,lbr,button,current,2026093001,primary,-118500
A,continued,192,lbr,overall,current,2026093001,primary,-19100
A,folded,167,lbr,overall,current,2026093001,primary,119200
A,no_large_raise,1689,lbr,overall,current,2026093001,primary,-239300
C,continued,84,lbr,big_blind,current,2026093001,primary,-43400
C,folded,96,lbr,big_blind,current,2026093001,primary,73200
C,no_large_raise,844,lbr,big_blind,current,2026093001,primary,-129800
C,continued,85,lbr,button,current,2026093001,primary,-4700
C,folded,65,lbr,button,current,2026093001,primary,45100
C,no_large_raise,874,lbr,button,current,2026093001,primary,-135050
C,continued,169,lbr,overall,current,2026093001,primary,-48100
C,folded,161,lbr,overall,current,2026093001,primary,118300
C,no_large_raise,1718,lbr,overall,current,2026093001,primary,-264850
A,continued,97,lbr,big_blind,current,2026093002,primary,-14000
A,folded,104,lbr,big_blind,current,2026093002,primary,83300
A,no_large_raise,823,lbr,big_blind,current,2026093002,primary,-123900
A,continued,87,lbr,button,current,2026093002,primary,-7200
A,folded,97,lbr,button,current,2026093002,primary,63100
A,no_large_raise,840,lbr,button,current,2026093002,primary,-127600
A,continued,184,lbr,overall,current,2026093002,primary,-21200
A,folded,201,lbr,overall,current,2026093002,primary,146400
A,no_large_raise,1663,lbr,overall,current,2026093002,primary,-251500
C,continued,91,lbr,big_blind,current,2026093002,primary,-33600
C,folded,111,lbr,big_blind,current,2026093002,primary,84200
C,no_large_raise,822,lbr,big_blind,current,2026093002,primary,-136900
C,continued,106,lbr,button,current,2026093002,primary,-27200
C,folded,68,lbr,button,current,2026093002,primary,41300
C,no_large_raise,850,lbr,button,current,2026093002,primary,-132200
C,continued,197,lbr,overall,current,2026093002,primary,-60800
C,folded,179,lbr,overall,current,2026093002,primary,125500
C,no_large_raise,1672,lbr,overall,current,2026093002,primary,-269100
A,continued,124,lbr,big_blind,current,2026093003,primary,-27200
A,folded,122,lbr,big_blind,current,2026093003,primary,91500
A,no_large_raise,778,lbr,big_blind,current,2026093003,primary,-114800
A,continued,92,lbr,button,current,2026093003,primary,-3500
A,folded,77,lbr,button,current,2026093003,primary,53700
A,no_large_raise,855,lbr,button,current,2026093003,primary,-93900
A,continued,216,lbr,overall,current,2026093003,primary,-30700
A,folded,199,lbr,overall,current,2026093003,primary,145200
A,no_large_raise,1633,lbr,overall,current,2026093003,primary,-208700
C,continued,112,lbr,big_blind,current,2026093003,primary,-29600
C,folded,106,lbr,big_blind,current,2026093003,primary,81500
C,no_large_raise,806,lbr,big_blind,current,2026093003,primary,-122100
C,continued,92,lbr,button,current,2026093003,primary,-16300
C,folded,50,lbr,button,current,2026093003,primary,34400
C,no_large_raise,882,lbr,button,current,2026093003,primary,-102700
C,continued,204,lbr,overall,current,2026093003,primary,-45900
C,folded,156,lbr,overall,current,2026093003,primary,115900
C,no_large_raise,1688,lbr,overall,current,2026093003,primary,-224800
A,continued,14,loose_aggressive,big_blind,current,2026093001,primary,-4000
A,no_large_raise,498,loose_aggressive,big_blind,current,2026093001,primary,29150
A,continued,23,loose_aggressive,button,current,2026093001,primary,-21800
A,folded,9,loose_aggressive,button,current,2026093001,primary,7600
A,no_large_raise,480,loose_aggressive,button,current,2026093001,primary,-24050
A,continued,37,loose_aggressive,overall,current,2026093001,primary,-25800
A,folded,9,loose_aggressive,overall,current,2026093001,primary,7600
A,no_large_raise,978,loose_aggressive,overall,current,2026093001,primary,5100
C,continued,20,loose_aggressive,big_blind,current,2026093001,primary,-2000
C,no_large_raise,492,loose_aggressive,big_blind,current,2026093001,primary,21350
C,continued,26,loose_aggressive,button,current,2026093001,primary,-14200
C,folded,6,loose_aggressive,button,current,2026093001,primary,4500
C,no_large_raise,480,loose_aggressive,button,current,2026093001,primary,-10100
C,continued,46,loose_aggressive,overall,current,2026093001,primary,-16200
C,folded,6,loose_aggressive,overall,current,2026093001,primary,4500
C,no_large_raise,972,loose_aggressive,overall,current,2026093001,primary,11250
A,continued,17,loose_aggressive,big_blind,current,2026093002,primary,-2000
A,folded,2,loose_aggressive,big_blind,current,2026093002,primary,1500
A,no_large_raise,493,loose_aggressive,big_blind,current,2026093002,primary,22850
A,continued,24,loose_aggressive,button,current,2026093002,primary,7600
A,folded,7,loose_aggressive,button,current,2026093002,primary,5100
A,no_large_raise,481,loose_aggressive,button,current,2026093002,primary,-40100
A,continued,41,loose_aggressive,overall,current,2026093002,primary,5600
A,folded,9,loose_aggressive,overall,current,2026093002,primary,6600
A,no_large_raise,974,loose_aggressive,overall,current,2026093002,primary,-17250
C,continued,24,loose_aggressive,big_blind,current,2026093002,primary,11200
C,no_large_raise,488,loose_aggressive,big_blind,current,2026093002,primary,14150
C,continued,32,loose_aggressive,button,current,2026093002,primary,-16600
C,folded,4,loose_aggressive,button,current,2026093002,primary,2700
C,no_large_raise,476,loose_aggressive,button,current,2026093002,primary,-21000
C,continued,56,loose_aggressive,overall,current,2026093002,primary,-5400
C,folded,4,loose_aggressive,overall,current,2026093002,primary,2700
C,no_large_raise,964,loose_aggressive,overall,current,2026093002,primary,-6850
A,continued,19,loose_aggressive,big_blind,current,2026093003,primary,800
A,folded,1,loose_aggressive,big_blind,current,2026093003,primary,900
A,no_large_raise,492,loose_aggressive,big_blind,current,2026093003,primary,14250
A,continued,29,loose_aggressive,button,current,2026093003,primary,-22400
A,folded,6,loose_aggressive,button,current,2026093003,primary,4900
A,no_large_raise,477,loose_aggressive,button,current,2026093003,primary,-1400
A,continued,48,loose_aggressive,overall,current,2026093003,primary,-21600
A,folded,7,loose_aggressive,overall,current,2026093003,primary,5800
A,no_large_raise,969,loose_aggressive,overall,current,2026093003,primary,12850
C,continued,21,loose_aggressive,big_blind,current,2026093003,primary,4800
C,folded,1,loose_aggressive,big_blind,current,2026093003,primary,1200
C,no_large_raise,490,loose_aggressive,big_blind,current,2026093003,primary,20650
C,continued,25,loose_aggressive,button,current,2026093003,primary,12400
C,folded,3,loose_aggressive,button,current,2026093003,primary,2100
C,no_large_raise,484,loose_aggressive,button,current,2026093003,primary,-15600
C,continued,46,loose_aggressive,overall,current,2026093003,primary,17200
C,folded,4,loose_aggressive,overall,current,2026093003,primary,3300
C,no_large_raise,974,loose_aggressive,overall,current,2026093003,primary,5050
A,continued,21,loose_passive,big_blind,current,2026093001,primary,-5800
A,no_large_raise,491,loose_passive,big_blind,current,2026093001,primary,3200
A,continued,36,loose_passive,button,current,2026093001,primary,7000
A,no_large_raise,476,loose_passive,button,current,2026093001,primary,11000
A,continued,57,loose_passive,overall,current,2026093001,primary,1200
A,no_large_raise,967,loose_passive,overall,current,2026093001,primary,14200
C,continued,22,loose_passive,big_blind,current,2026093001,primary,-14200
C,folded,1,loose_passive,big_blind,current,2026093001,primary,600
C,no_large_raise,489,loose_passive,big_blind,current,2026093001,primary,7700
C,continued,32,loose_passive,button,current,2026093001,primary,14000
C,no_large_raise,480,loose_passive,button,current,2026093001,primary,1450
C,continued,54,loose_passive,overall,current,2026093001,primary,-200
C,folded,1,loose_passive,overall,current,2026093001,primary,600
C,no_large_raise,969,loose_passive,overall,current,2026093001,primary,9150
A,continued,29,loose_passive,big_blind,current,2026093002,primary,7500
A,folded,1,loose_passive,big_blind,current,2026093002,primary,600
A,no_large_raise,482,loose_passive,big_blind,current,2026093002,primary,3400
A,continued,36,loose_passive,button,current,2026093002,primary,4000
A,folded,1,loose_passive,button,current,2026093002,primary,600
A,no_large_raise,475,loose_passive,button,current,2026093002,primary,10150
A,continued,65,loose_passive,overall,current,2026093002,primary,11500
A,folded,2,loose_passive,overall,current,2026093002,primary,1200
A,no_large_raise,957,loose_passive,overall,current,2026093002,primary,13550
C,continued,27,loose_passive,big_blind,current,2026093002,primary,-2600
C,no_large_raise,485,loose_passive,big_blind,current,2026093002,primary,6800
C,continued,45,loose_passive,button,current,2026093002,primary,-2700
C,no_large_raise,467,loose_passive,button,current,2026093002,primary,11600
C,continued,72,loose_passive,overall,current,2026093002,primary,-5300
C,no_large_raise,952,loose_passive,overall,current,2026093002,primary,18400
A,continued,30,loose_passive,big_blind,current,2026093003,primary,5600
A,folded,3,loose_passive,big_blind,current,2026093003,primary,2200
A,no_large_raise,479,loose_passive,big_blind,current,2026093003,primary,-500
A,continued,40,loose_passive,button,current,2026093003,primary,-9500
A,no_large_raise,472,loose_passive,button,current,2026093003,primary,14850
A,continued,70,loose_passive,overall,current,2026093003,primary,-3900
A,folded,3,loose_passive,overall,current,2026093003,primary,2200
A,no_large_raise,951,loose_passive,overall,current,2026093003,primary,14350
C,continued,26,loose_passive,big_blind,current,2026093003,primary,-1200
C,folded,2,loose_passive,big_blind,current,2026093003,primary,1000
C,no_large_raise,484,loose_passive,big_blind,current,2026093003,primary,1800
C,continued,50,loose_passive,button,current,2026093003,primary,9700
C,folded,1,loose_passive,button,current,2026093003,primary,900
C,no_large_raise,461,loose_passive,button,current,2026093003,primary,9100
C,continued,76,loose_passive,overall,current,2026093003,primary,8500
C,folded,3,loose_passive,overall,current,2026093003,primary,1900
C,no_large_raise,945,loose_passive,overall,current,2026093003,primary,10900
A,continued,496,native-pressure,big_blind,current,2026093001,primary,171700
A,folded,301,native-pressure,big_blind,current,2026093001,primary,246900
A,no_large_raise,1251,native-pressure,big_blind,current,2026093001,primary,-206600
A,continued,450,native-pressure,button,current,2026093001,primary,145700
A,folded,239,native-pressure,button,current,2026093001,primary,161000
A,no_large_raise,1359,native-pressure,button,current,2026093001,primary,-67300
A,continued,946,native-pressure,overall,current,2026093001,primary,317400
A,folded,540,native-pressure,overall,current,2026093001,primary,407900
A,no_large_raise,2610,native-pressure,overall,current,2026093001,primary,-273900
C,continued,372,native-pressure,big_blind,current,2026093001,primary,148500
C,folded,274,native-pressure,big_blind,current,2026093001,primary,235900
C,no_large_raise,1402,native-pressure,big_blind,current,2026093001,primary,-116700
C,continued,482,native-pressure,button,current,2026093001,primary,107200
C,folded,210,native-pressure,button,current,2026093001,primary,138300
C,no_large_raise,1356,native-pressure,button,current,2026093001,primary,-4650
C,continued,854,native-pressure,overall,current,2026093001,primary,255700
C,folded,484,native-pressure,overall,current,2026093001,primary,374200
C,no_large_raise,2758,native-pressure,overall,current,2026093001,primary,-121350
A,continued,453,native-pressure,big_blind,current,2026093002,primary,171100
A,folded,264,native-pressure,big_blind,current,2026093002,primary,228900
A,no_large_raise,1331,native-pressure,big_blind,current,2026093002,primary,-124200
A,continued,434,native-pressure,button,current,2026093002,primary,156500
A,folded,213,native-pressure,button,current,2026093002,primary,146600
A,no_large_raise,1401,native-pressure,button,current,2026093002,primary,4550
A,continued,887,native-pressure,overall,current,2026093002,primary,327600
A,folded,477,native-pressure,overall,current,2026093002,primary,375500
A,no_large_raise,2732,native-pressure,overall,current,2026093002,primary,-119650
C,continued,374,native-pressure,big_blind,current,2026093002,primary,123000
C,folded,269,native-pressure,big_blind,current,2026093002,primary,212500
C,no_large_raise,1405,native-pressure,big_blind,current,2026093002,primary,-2400
C,continued,434,native-pressure,button,current,2026093002,primary,216400
C,folded,174,native-pressure,button,current,2026093002,primary,118600
C,no_large_raise,1440,native-pressure,button,current,2026093002,primary,-83550
C,continued,808,native-pressure,overall,current,2026093002,primary,339400
C,folded,443,native-pressure,overall,current,2026093002,primary,331100
C,no_large_raise,2845,native-pressure,overall,current,2026093002,primary,-85950
A,continued,453,native-pressure,big_blind,current,2026093003,primary,199800
A,folded,250,native-pressure,big_blind,current,2026093003,primary,201500
A,no_large_raise,1345,native-pressure,big_blind,current,2026093003,primary,-119800
A,continued,487,native-pressure,button,current,2026093003,primary,96200
A,folded,245,native-pressure,button,current,2026093003,primary,173800
A,no_large_raise,1316,native-pressure,button,current,2026093003,primary,-65350
A,continued,940,native-pressure,overall,current,2026093003,primary,296000
A,folded,495,native-pressure,overall,current,2026093003,primary,375300
A,no_large_raise,2661,native-pressure,overall,current,2026093003,primary,-185150
C,continued,424,native-pressure,big_blind,current,2026093003,primary,127400
C,folded,244,native-pressure,big_blind,current,2026093003,primary,196800
C,no_large_raise,1380,native-pressure,big_blind,current,2026093003,primary,-112500
C,continued,489,native-pressure,button,current,2026093003,primary,199800
C,folded,216,native-pressure,button,current,2026093003,primary,156100
C,no_large_raise,1343,native-pressure,button,current,2026093003,primary,11950
C,continued,913,native-pressure,overall,current,2026093003,primary,327200
C,folded,460,native-pressure,overall,current,2026093003,primary,352900
C,no_large_raise,2723,native-pressure,overall,current,2026093003,primary,-100550
A,continued,76,passive,big_blind,current,2026093001,primary,29200
A,no_large_raise,436,passive,big_blind,current,2026093001,primary,6200
A,continued,120,passive,button,current,2026093001,primary,96100
A,no_large_raise,392,passive,button,current,2026093001,primary,3950
A,continued,196,passive,overall,current,2026093001,primary,125300
A,no_large_raise,828,passive,overall,current,2026093001,primary,10150
C,continued,73,passive,big_blind,current,2026093001,primary,31500
C,no_large_raise,439,passive,big_blind,current,2026093001,primary,100
C,continued,124,passive,button,current,2026093001,primary,92600
C,no_large_raise,388,passive,button,current,2026093001,primary,4100
C,continued,197,passive,overall,current,2026093001,primary,124100
C,no_large_raise,827,passive,overall,current,2026093001,primary,4200
A,continued,68,passive,big_blind,current,2026093002,primary,17100
A,no_large_raise,444,passive,big_blind,current,2026093002,primary,7000
A,continued,95,passive,button,current,2026093002,primary,83900
A,no_large_raise,417,passive,button,current,2026093002,primary,-3650
A,continued,163,passive,overall,current,2026093002,primary,101000
A,no_large_raise,861,passive,overall,current,2026093002,primary,3350
C,continued,95,passive,big_blind,current,2026093002,primary,11100
C,no_large_raise,417,passive,big_blind,current,2026093002,primary,10700
C,continued,120,passive,button,current,2026093002,primary,67500
C,no_large_raise,392,passive,button,current,2026093002,primary,9450
C,continued,215,passive,overall,current,2026093002,primary,78600
C,no_large_raise,809,passive,overall,current,2026093002,primary,20150
A,continued,79,passive,big_blind,current,2026093003,primary,58800
A,no_large_raise,433,passive,big_blind,current,2026093003,primary,-12900
A,continued,135,passive,button,current,2026093003,primary,69300
A,no_large_raise,377,passive,button,current,2026093003,primary,200
A,continued,214,passive,overall,current,2026093003,primary,128100
A,no_large_raise,810,passive,overall,current,2026093003,primary,-12700
C,continued,76,passive,big_blind,current,2026093003,primary,36800
C,no_large_raise,436,passive,big_blind,current,2026093003,primary,800
C,continued,136,passive,button,current,2026093003,primary,89800
C,no_large_raise,376,passive,button,current,2026093003,primary,2100
C,continued,212,passive,overall,current,2026093003,primary,126600
C,no_large_raise,812,passive,overall,current,2026093003,primary,2900
A,continued,17,pot_pressure,big_blind,current,2026093001,primary,-10000
A,folded,9,pot_pressure,big_blind,current,2026093001,primary,4400
A,no_large_raise,486,pot_pressure,big_blind,current,2026093001,primary,5000
A,continued,18,pot_pressure,button,current,2026093001,primary,-18400
A,folded,38,pot_pressure,button,current,2026093001,primary,17500
A,no_large_raise,456,pot_pressure,button,current,2026093001,primary,9300
A,continued,35,pot_pressure,overall,current,2026093001,primary,-28400
A,folded,47,pot_pressure,overall,current,2026093001,primary,21900
A,no_large_raise,942,pot_pressure,overall,current,2026093001,primary,14300
C,continued,16,pot_pressure,big_blind,current,2026093001,primary,-7200
C,folded,8,pot_pressure,big_blind,current,2026093001,primary,4300
C,no_large_raise,488,pot_pressure,big_blind,current,2026093001,primary,6600
C,continued,16,pot_pressure,button,current,2026093001,primary,-8000
C,folded,43,pot_pressure,button,current,2026093001,primary,20900
C,no_large_raise,453,pot_pressure,button,current,2026093001,primary,2100
C,continued,32,pot_pressure,overall,current,2026093001,primary,-15200
C,folded,51,pot_pressure,overall,current,2026093001,primary,25200
C,no_large_raise,941,pot_pressure,overall,current,2026093001,primary,8700
A,continued,18,pot_pressure,big_blind,current,2026093002,primary,-15200
A,folded,9,pot_pressure,big_blind,current,2026093002,primary,4000
A,no_large_raise,485,pot_pressure,big_blind,current,2026093002,primary,4000
A,continued,17,pot_pressure,button,current,2026093002,primary,-12400
A,folded,41,pot_pressure,button,current,2026093002,primary,20200
A,no_large_raise,454,pot_pressure,button,current,2026093002,primary,4400
A,continued,35,pot_pressure,overall,current,2026093002,primary,-27600
A,folded,50,pot_pressure,overall,current,2026093002,primary,24200
A,no_large_raise,939,pot_pressure,overall,current,2026093002,primary,8400
C,continued,15,pot_pressure,big_blind,current,2026093002,primary,-9200
C,folded,9,pot_pressure,big_blind,current,2026093002,primary,4900
C,no_large_raise,488,pot_pressure,big_blind,current,2026093002,primary,100
C,continued,14,pot_pressure,button,current,2026093002,primary,-8000
C,folded,32,pot_pressure,button,current,2026093002,primary,15500
C,no_large_raise,466,pot_pressure,button,current,2026093002,primary,-3850
C,continued,29,pot_pressure,overall,current,2026093002,primary,-17200
C,folded,41,pot_pressure,overall,current,2026093002,primary,20400
C,no_large_raise,954,pot_pressure,overall,current,2026093002,primary,-3750
A,continued,16,pot_pressure,big_blind,current,2026093003,primary,-11200
A,folded,6,pot_pressure,big_blind,current,2026093003,primary,3600
A,no_large_raise,490,pot_pressure,big_blind,current,2026093003,primary,8500
A,continued,19,pot_pressure,button,current,2026093003,primary,-10000
A,folded,48,pot_pressure,button,current,2026093003,primary,23700
A,no_large_raise,445,pot_pressure,button,current,2026093003,primary,22750
A,continued,35,pot_pressure,overall,current,2026093003,primary,-21200
A,folded,54,pot_pressure,overall,current,2026093003,primary,27300
A,no_large_raise,935,pot_pressure,overall,current,2026093003,primary,31250
C,continued,17,pot_pressure,big_blind,current,2026093003,primary,-14000
C,folded,7,pot_pressure,big_blind,current,2026093003,primary,4000
C,no_large_raise,488,pot_pressure,big_blind,current,2026093003,primary,7100
C,continued,24,pot_pressure,button,current,2026093003,primary,-19200
C,folded,44,pot_pressure,button,current,2026093003,primary,19900
C,no_large_raise,444,pot_pressure,button,current,2026093003,primary,10900
C,continued,41,pot_pressure,overall,current,2026093003,primary,-33200
C,folded,51,pot_pressure,overall,current,2026093003,primary,23900
C,no_large_raise,932,pot_pressure,overall,current,2026093003,primary,18000
A,continued,16,selective-stackoff,big_blind,current,2026093001,primary,-12600
A,folded,5,selective-stackoff,big_blind,current,2026093001,primary,2700
A,no_large_raise,2027,selective-stackoff,big_blind,current,2026093001,primary,91500
A,continued,33,selective-stackoff,button,current,2026093001,primary,-28100
A,folded,3,selective-stackoff,button,current,2026093001,primary,1200
A,no_large_raise,2012,selective-stackoff,button,current,2026093001,primary,89200
A,continued,49,selective-stackoff,overall,current,2026093001,primary,-40700
A,folded,8,selective-stackoff,overall,current,2026093001,primary,3900
A,no_large_raise,4039,selective-stackoff,overall,current,2026093001,primary,180700
C,continued,19,selective-stackoff,big_blind,current,2026093001,primary,-12900
C,folded,5,selective-stackoff,big_blind,current,2026093001,primary,2700
C,no_large_raise,2024,selective-stackoff,big_blind,current,2026093001,primary,79200
C,continued,33,selective-stackoff,button,current,2026093001,primary,-16700
C,folded,5,selective-stackoff,button,current,2026093001,primary,3100
C,no_large_raise,2010,selective-stackoff,button,current,2026093001,primary,79550
C,continued,52,selective-stackoff,overall,current,2026093001,primary,-29600
C,folded,10,selective-stackoff,overall,current,2026093001,primary,5800
C,no_large_raise,4034,selective-stackoff,overall,current,2026093001,primary,158750
A,continued,15,selective-stackoff,big_blind,current,2026093002,primary,-17300
A,folded,5,selective-stackoff,big_blind,current,2026093002,primary,2600
A,no_large_raise,2028,selective-stackoff,big_blind,current,2026093002,primary,86500
A,continued,32,selective-stackoff,button,current,2026093002,primary,-22100
A,folded,4,selective-stackoff,button,current,2026093002,primary,2100
A,no_large_raise,2012,selective-stackoff,button,current,2026093002,primary,67400
A,continued,47,selective-stackoff,overall,current,2026093002,primary,-39400
A,folded,9,selective-stackoff,overall,current,2026093002,primary,4700
A,no_large_raise,4040,selective-stackoff,overall,current,2026093002,primary,153900
C,continued,18,selective-stackoff,big_blind,current,2026093002,primary,-14800
C,folded,8,selective-stackoff,big_blind,current,2026093002,primary,3900
C,no_large_raise,2022,selective-stackoff,big_blind,current,2026093002,primary,82500
C,continued,41,selective-stackoff,button,current,2026093002,primary,-6300
C,folded,8,selective-stackoff,button,current,2026093002,primary,4700
C,no_large_raise,1999,selective-stackoff,button,current,2026093002,primary,79650
C,continued,59,selective-stackoff,overall,current,2026093002,primary,-21100
C,folded,16,selective-stackoff,overall,current,2026093002,primary,8600
C,no_large_raise,4021,selective-stackoff,overall,current,2026093002,primary,162150
A,continued,21,selective-stackoff,big_blind,current,2026093003,primary,-18400
A,folded,7,selective-stackoff,big_blind,current,2026093003,primary,3600
A,no_large_raise,2020,selective-stackoff,big_blind,current,2026093003,primary,85500
A,continued,32,selective-stackoff,button,current,2026093003,primary,-26200
A,folded,7,selective-stackoff,button,current,2026093003,primary,3300
A,no_large_raise,2009,selective-stackoff,button,current,2026093003,primary,97000
A,continued,53,selective-stackoff,overall,current,2026093003,primary,-44600
A,folded,14,selective-stackoff,overall,current,2026093003,primary,6900
A,no_large_raise,4029,selective-stackoff,overall,current,2026093003,primary,182500
C,continued,17,selective-stackoff,big_blind,current,2026093003,primary,-14400
C,folded,10,selective-stackoff,big_blind,current,2026093003,primary,5300
C,no_large_raise,2021,selective-stackoff,big_blind,current,2026093003,primary,83300
C,continued,40,selective-stackoff,button,current,2026093003,primary,-8300
C,folded,1,selective-stackoff,button,current,2026093003,primary,400
C,no_large_raise,2007,selective-stackoff,button,current,2026093003,primary,82600
C,continued,57,selective-stackoff,overall,current,2026093003,primary,-22700
C,folded,11,selective-stackoff,overall,current,2026093003,primary,5700
C,no_large_raise,4028,selective-stackoff,overall,current,2026093003,primary,165900
A,continued,1,tight_aggressive,big_blind,current,2026093001,primary,-2000
A,folded,1,tight_aggressive,big_blind,current,2026093001,primary,900
A,no_large_raise,510,tight_aggressive,big_blind,current,2026093001,primary,8300
A,continued,5,tight_aggressive,button,current,2026093001,primary,2000
A,folded,2,tight_aggressive,button,current,2026093001,primary,1100
A,no_large_raise,505,tight_aggressive,button,current,2026093001,primary,27400
A,continued,6,tight_aggressive,overall,current,2026093001,primary,0
A,folded,3,tight_aggressive,overall,current,2026093001,primary,2000
A,no_large_raise,1015,tight_aggressive,overall,current,2026093001,primary,35700
C,continued,2,tight_aggressive,big_blind,current,2026093001,primary,-4000
C,folded,1,tight_aggressive,big_blind,current,2026093001,primary,900
C,no_large_raise,509,tight_aggressive,big_blind,current,2026093001,primary,16100
C,continued,2,tight_aggressive,button,current,2026093001,primary,0
C,folded,4,tight_aggressive,button,current,2026093001,primary,2600
C,no_large_raise,506,tight_aggressive,button,current,2026093001,primary,25450
C,continued,4,tight_aggressive,overall,current,2026093001,primary,-4000
C,folded,5,tight_aggressive,overall,current,2026093001,primary,3500
C,no_large_raise,1015,tight_aggressive,overall,current,2026093001,primary,41550
A,continued,1,tight_aggressive,big_blind,current,2026093002,primary,-2000
A,folded,2,tight_aggressive,big_blind,current,2026093002,primary,1800
A,no_large_raise,509,tight_aggressive,big_blind,current,2026093002,primary,11000
A,continued,5,tight_aggressive,button,current,2026093002,primary,-8000
A,folded,3,tight_aggressive,button,current,2026093002,primary,2400
A,no_large_raise,504,tight_aggressive,button,current,2026093002,primary,26950
A,continued,6,tight_aggressive,overall,current,2026093002,primary,-10000
A,folded,5,tight_aggressive,overall,current,2026093002,primary,4200
A,no_large_raise,1013,tight_aggressive,overall,current,2026093002,primary,37950
C,continued,3,tight_aggressive,big_blind,current,2026093002,primary,-6000
C,folded,1,tight_aggressive,big_blind,current,2026093002,primary,900
C,no_large_raise,508,tight_aggressive,big_blind,current,2026093002,primary,9500
C,continued,9,tight_aggressive,button,current,2026093002,primary,-10200
C,folded,3,tight_aggressive,button,current,2026093002,primary,2700
C,no_large_raise,500,tight_aggressive,button,current,2026093002,primary,31350
C,continued,12,tight_aggressive,overall,current,2026093002,primary,-16200
C,folded,4,tight_aggressive,overall,current,2026093002,primary,3600
C,no_large_raise,1008,tight_aggressive,overall,current,2026093002,primary,40850
A,continued,2,tight_aggressive,big_blind,current,2026093003,primary,0
A,no_large_raise,510,tight_aggressive,big_blind,current,2026093003,primary,12900
A,continued,4,tight_aggressive,button,current,2026093003,primary,-4000
A,folded,1,tight_aggressive,button,current,2026093003,primary,900
A,no_large_raise,507,tight_aggressive,button,current,2026093003,primary,27700
A,continued,6,tight_aggressive,overall,current,2026093003,primary,-4000
A,folded,1,tight_aggressive,overall,current,2026093003,primary,900
A,no_large_raise,1017,tight_aggressive,overall,current,2026093003,primary,40600
C,continued,1,tight_aggressive,big_blind,current,2026093003,primary,-1200
C,folded,1,tight_aggressive,big_blind,current,2026093003,primary,1200
C,no_large_raise,510,tight_aggressive,big_blind,current,2026093003,primary,10700
C,continued,4,tight_aggressive,button,current,2026093003,primary,-800
C,no_large_raise,508,tight_aggressive,button,current,2026093003,primary,21900
C,continued,5,tight_aggressive,overall,current,2026093003,primary,-2000
C,folded,1,tight_aggressive,overall,current,2026093003,primary,1200
C,no_large_raise,1018,tight_aggressive,overall,current,2026093003,primary,32600
A,continued,1,tight_passive,big_blind,current,2026093001,primary,-1200
A,no_large_raise,511,tight_passive,big_blind,current,2026093001,primary,26100
A,continued,5,tight_passive,button,current,2026093001,primary,-6000
A,no_large_raise,507,tight_passive,button,current,2026093001,primary,27600
A,continued,6,tight_passive,overall,current,2026093001,primary,-7200
A,no_large_raise,1018,tight_passive,overall,current,2026093001,primary,53700
C,continued,2,tight_passive,big_blind,current,2026093001,primary,-4000
C,no_large_raise,510,tight_passive,big_blind,current,2026093001,primary,23400
C,continued,3,tight_passive,button,current,2026093001,primary,-1400
C,no_large_raise,509,tight_passive,button,current,2026093001,primary,28550
C,continued,5,tight_passive,overall,current,2026093001,primary,-5400
C,no_large_raise,1019,tight_passive,overall,current,2026093001,primary,51950
A,continued,1,tight_passive,big_blind,current,2026093002,primary,-2000
A,no_large_raise,511,tight_passive,big_blind,current,2026093002,primary,22300
A,continued,3,tight_passive,button,current,2026093002,primary,-1200
A,no_large_raise,509,tight_passive,button,current,2026093002,primary,26800
A,continued,4,tight_passive,overall,current,2026093002,primary,-3200
A,no_large_raise,1020,tight_passive,overall,current,2026093002,primary,49100
C,continued,1,tight_passive,big_blind,current,2026093002,primary,-2000
C,no_large_raise,511,tight_passive,big_blind,current,2026093002,primary,24600
C,continued,3,tight_passive,button,current,2026093002,primary,-2200
C,no_large_raise,509,tight_passive,button,current,2026093002,primary,30600
C,continued,4,tight_passive,overall,current,2026093002,primary,-4200
C,no_large_raise,1020,tight_passive,overall,current,2026093002,primary,55200
A,continued,2,tight_passive,big_blind,current,2026093003,primary,-3200
A,no_large_raise,510,tight_passive,big_blind,current,2026093003,primary,25700
A,continued,3,tight_passive,button,current,2026093003,primary,-5200
A,no_large_raise,509,tight_passive,button,current,2026093003,primary,25100
A,continued,5,tight_passive,overall,current,2026093003,primary,-8400
A,no_large_raise,1019,tight_passive,overall,current,2026093003,primary,50800
C,continued,2,tight_passive,big_blind,current,2026093003,primary,-3200
C,no_large_raise,510,tight_passive,big_blind,current,2026093003,primary,26600
C,continued,4,tight_passive,button,current,2026093003,primary,-2000
C,no_large_raise,508,tight_passive,button,current,2026093003,primary,29950
C,continued,6,tight_passive,overall,current,2026093003,primary,-5200
C,no_large_raise,1018,tight_passive,overall,current,2026093003,primary,56550
A,continued,21,uniform,big_blind,current,2026093001,primary,15200
A,folded,25,uniform,big_blind,current,2026093001,primary,18800
A,no_large_raise,466,uniform,big_blind,current,2026093001,primary,24200
A,continued,27,uniform,button,current,2026093001,primary,12000
A,folded,42,uniform,button,current,2026093001,primary,28200
A,no_large_raise,443,uniform,button,current,2026093001,primary,31200
A,continued,48,uniform,overall,current,2026093001,primary,27200
A,folded,67,uniform,overall,current,2026093001,primary,47000
A,no_large_raise,909,uniform,overall,current,2026093001,primary,55400
C,continued,22,uniform,big_blind,current,2026093001,primary,6000
C,folded,22,uniform,big_blind,current,2026093001,primary,16700
C,no_large_raise,468,uniform,big_blind,current,2026093001,primary,19200
C,continued,39,uniform,button,current,2026093001,primary,-1800
C,folded,36,uniform,button,current,2026093001,primary,27800
C,no_large_raise,437,uniform,button,current,2026093001,primary,21650
C,continued,61,uniform,overall,current,2026093001,primary,4200
C,folded,58,uniform,overall,current,2026093001,primary,44500
C,no_large_raise,905,uniform,overall,current,2026093001,primary,40850
A,continued,32,uniform,big_blind,current,2026093002,primary,27000
A,folded,24,uniform,big_blind,current,2026093002,primary,18000
A,no_large_raise,456,uniform,big_blind,current,2026093002,primary,11200
A,continued,30,uniform,button,current,2026093002,primary,10800
A,folded,34,uniform,button,current,2026093002,primary,24100
A,no_large_raise,448,uniform,button,current,2026093002,primary,16200
A,continued,62,uniform,overall,current,2026093002,primary,37800
A,folded,58,uniform,overall,current,2026093002,primary,42100
A,no_large_raise,904,uniform,overall,current,2026093002,primary,27400
C,continued,17,uniform,big_blind,current,2026093002,primary,19200
C,folded,23,uniform,big_blind,current,2026093002,primary,17000
C,no_large_raise,472,uniform,big_blind,current,2026093002,primary,17800
C,continued,39,uniform,button,current,2026093002,primary,34300
C,folded,33,uniform,button,current,2026093002,primary,22200
C,no_large_raise,440,uniform,button,current,2026093002,primary,8350
C,continued,56,uniform,overall,current,2026093002,primary,53500
C,folded,56,uniform,overall,current,2026093002,primary,39200
C,no_large_raise,912,uniform,overall,current,2026093002,primary,26150
A,continued,20,uniform,big_blind,current,2026093003,primary,17800
A,folded,23,uniform,big_blind,current,2026093003,primary,18300
A,no_large_raise,469,uniform,big_blind,current,2026093003,primary,28200
A,continued,33,uniform,button,current,2026093003,primary,11300
A,folded,44,uniform,button,current,2026093003,primary,28900
A,no_large_raise,435,uniform,button,current,2026093003,primary,25850
A,continued,53,uniform,overall,current,2026093003,primary,29100
A,folded,67,uniform,overall,current,2026093003,primary,47200
A,no_large_raise,904,uniform,overall,current,2026093003,primary,54050
C,continued,25,uniform,big_blind,current,2026093003,primary,30900
C,folded,27,uniform,big_blind,current,2026093003,primary,21600
C,no_large_raise,460,uniform,big_blind,current,2026093003,primary,8400
C,continued,35,uniform,button,current,2026093003,primary,14000
C,folded,32,uniform,button,current,2026093003,primary,23300
C,no_large_raise,445,uniform,button,current,2026093003,primary,35000
C,continued,60,uniform,overall,current,2026093003,primary,44900
C,folded,59,uniform,overall,current,2026093003,primary,44900
C,no_large_raise,905,uniform,overall,current,2026093003,primary,43400
A,continued,44,lbr,big_blind,average,2026093001,readout,-8200
A,folded,31,lbr,big_blind,average,2026093001,readout,23200
A,no_large_raise,181,lbr,big_blind,average,2026093001,readout,-37900
A,continued,26,lbr,button,average,2026093001,readout,8000
A,folded,19,lbr,button,average,2026093001,readout,13100
A,no_large_raise,211,lbr,button,average,2026093001,readout,-19850
A,continued,70,lbr,overall,average,2026093001,readout,-200
A,folded,50,lbr,overall,average,2026093001,readout,36300
A,no_large_raise,392,lbr,overall,average,2026093001,readout,-57750
A,continued,39,lbr,big_blind,current,2026093001,readout,-16000
A,folded,30,lbr,big_blind,current,2026093001,readout,23500
A,no_large_raise,187,lbr,big_blind,current,2026093001,readout,-31200
A,continued,17,lbr,button,current,2026093001,readout,800
A,folded,23,lbr,button,current,2026093001,readout,17700
A,no_large_raise,216,lbr,button,current,2026093001,readout,-53950
A,continued,56,lbr,overall,current,2026093001,readout,-15200
A,folded,53,lbr,overall,current,2026093001,readout,41200
A,no_large_raise,403,lbr,overall,current,2026093001,readout,-85150
C,continued,36,lbr,big_blind,average,2026093001,readout,800
C,folded,27,lbr,big_blind,average,2026093001,readout,21100
C,no_large_raise,193,lbr,big_blind,average,2026093001,readout,-49400
C,continued,33,lbr,button,average,2026093001,readout,4700
C,folded,22,lbr,button,average,2026093001,readout,14500
C,no_large_raise,201,lbr,button,average,2026093001,readout,-22350
C,continued,69,lbr,overall,average,2026093001,readout,5500
C,folded,49,lbr,overall,average,2026093001,readout,35600
C,no_large_raise,394,lbr,overall,average,2026093001,readout,-71750
C,continued,28,lbr,big_blind,current,2026093001,readout,-6000
C,folded,19,lbr,big_blind,current,2026093001,readout,15300
C,no_large_raise,209,lbr,big_blind,current,2026093001,readout,-32900
C,continued,24,lbr,button,current,2026093001,readout,-1800
C,folded,22,lbr,button,current,2026093001,readout,14700
C,no_large_raise,210,lbr,button,current,2026093001,readout,-21500
C,continued,52,lbr,overall,current,2026093001,readout,-7800
C,folded,41,lbr,overall,current,2026093001,readout,30000
C,no_large_raise,419,lbr,overall,current,2026093001,readout,-54400
A,continued,38,lbr,big_blind,average,2026093002,readout,-23100
A,folded,22,lbr,big_blind,average,2026093002,readout,15900
A,no_large_raise,196,lbr,big_blind,average,2026093002,readout,-32600
A,continued,35,lbr,button,average,2026093002,readout,-1900
A,folded,15,lbr,button,average,2026093002,readout,8500
A,no_large_raise,206,lbr,button,average,2026093002,readout,-26500
A,continued,73,lbr,overall,average,2026093002,readout,-25000
A,folded,37,lbr,overall,average,2026093002,readout,24400
A,no_large_raise,402,lbr,overall,average,2026093002,readout,-59100
A,continued,37,lbr,big_blind,current,2026093002,readout,-17900
A,folded,28,lbr,big_blind,current,2026093002,readout,21200
A,no_large_raise,191,lbr,big_blind,current,2026093002,readout,-38400
A,continued,26,lbr,button,current,2026093002,readout,10700
A,folded,19,lbr,button,current,2026093002,readout,12400
A,no_large_raise,211,lbr,button,current,2026093002,readout,-33950
A,continued,63,lbr,overall,current,2026093002,readout,-7200
A,folded,47,lbr,overall,current,2026093002,readout,33600
A,no_large_raise,402,lbr,overall,current,2026093002,readout,-72350
C,continued,48,lbr,big_blind,average,2026093002,readout,-4000
C,folded,26,lbr,big_blind,average,2026093002,readout,17100
C,no_large_raise,182,lbr,big_blind,average,2026093002,readout,-17900
C,continued,38,lbr,button,average,2026093002,readout,8100
C,folded,20,lbr,button,average,2026093002,readout,13200
C,no_large_raise,198,lbr,button,average,2026093002,readout,-20200
C,continued,86,lbr,overall,average,2026093002,readout,4100
C,folded,46,lbr,overall,average,2026093002,readout,30300
C,no_large_raise,380,lbr,overall,average,2026093002,readout,-38100
C,continued,34,lbr,big_blind,current,2026093002,readout,-25500
C,folded,31,lbr,big_blind,current,2026093002,readout,21200
C,no_large_raise,191,lbr,big_blind,current,2026093002,readout,-31800
C,continued,26,lbr,button,current,2026093002,readout,4100
C,folded,18,lbr,button,current,2026093002,readout,11000
C,no_large_raise,212,lbr,button,current,2026093002,readout,-29400
C,continued,60,lbr,overall,current,2026093002,readout,-21400
C,folded,49,lbr,overall,current,2026093002,readout,32200
C,no_large_raise,403,lbr,overall,current,2026093002,readout,-61200
A,continued,42,lbr,big_blind,average,2026093003,readout,-5400
A,folded,20,lbr,big_blind,average,2026093003,readout,15600
A,no_large_raise,194,lbr,big_blind,average,2026093003,readout,-42900
A,continued,38,lbr,button,average,2026093003,readout,23900
A,folded,20,lbr,button,average,2026093003,readout,13400
A,no_large_raise,198,lbr,button,average,2026093003,readout,-35650
A,continued,80,lbr,overall,average,2026093003,readout,18500
A,folded,40,lbr,overall,average,2026093003,readout,29000
A,no_large_raise,392,lbr,overall,average,2026093003,readout,-78550
A,continued,35,lbr,big_blind,current,2026093003,readout,-12000
A,folded,32,lbr,big_blind,current,2026093003,readout,24700
A,no_large_raise,189,lbr,big_blind,current,2026093003,readout,-39900
A,continued,26,lbr,button,current,2026093003,readout,20800
A,folded,20,lbr,button,current,2026093003,readout,13800
A,no_large_raise,210,lbr,button,current,2026093003,readout,-42950
A,continued,61,lbr,overall,current,2026093003,readout,8800
A,folded,52,lbr,overall,current,2026093003,readout,38500
A,no_large_raise,399,lbr,overall,current,2026093003,readout,-82850
C,continued,37,lbr,big_blind,average,2026093003,readout,-2000
C,folded,24,lbr,big_blind,average,2026093003,readout,17800
C,no_large_raise,195,lbr,big_blind,average,2026093003,readout,-40900
C,continued,36,lbr,button,average,2026093003,readout,23600
C,folded,8,lbr,button,average,2026093003,readout,5300
C,no_large_raise,212,lbr,button,average,2026093003,readout,-39950
C,continued,73,lbr,overall,average,2026093003,readout,21600
C,folded,32,lbr,overall,average,2026093003,readout,23100
C,no_large_raise,407,lbr,overall,average,2026093003,readout,-80850
C,continued,32,lbr,big_blind,current,2026093003,readout,-8000
C,folded,21,lbr,big_blind,current,2026093003,readout,16100
C,no_large_raise,203,lbr,big_blind,current,2026093003,readout,-28300
C,continued,19,lbr,button,current,2026093003,readout,14000
C,folded,15,lbr,button,current,2026093003,readout,10600
C,no_large_raise,222,lbr,button,current,2026093003,readout,-50250
C,continued,51,lbr,overall,current,2026093003,readout,6000
C,folded,36,lbr,overall,current,2026093003,readout,26700
C,no_large_raise,425,lbr,overall,current,2026093003,readout,-78550
A,continued,8,loose_aggressive,big_blind,average,2026093001,readout,600
A,folded,1,loose_aggressive,big_blind,average,2026093001,readout,1200
A,no_large_raise,247,loose_aggressive,big_blind,average,2026093001,readout,-5700
A,continued,10,loose_aggressive,button,average,2026093001,readout,4300
A,folded,1,loose_aggressive,button,average,2026093001,readout,600
A,no_large_raise,245,loose_aggressive,button,average,2026093001,readout,-13100
A,continued,18,loose_aggressive,overall,average,2026093001,readout,4900
A,folded,2,loose_aggressive,overall,average,2026093001,readout,1800
A,no_large_raise,492,loose_aggressive,overall,average,2026093001,readout,-18800
A,continued,11,loose_aggressive,big_blind,current,2026093001,readout,-1800
A,no_large_raise,245,loose_aggressive,big_blind,current,2026093001,readout,1300
A,continued,13,loose_aggressive,button,current,2026093001,readout,300
A,folded,1,loose_aggressive,button,current,2026093001,readout,1200
A,no_large_raise,242,loose_aggressive,button,current,2026093001,readout,2150
A,continued,24,loose_aggressive,overall,current,2026093001,readout,-1500
A,folded,1,loose_aggressive,overall,current,2026093001,readout,1200
A,no_large_raise,487,loose_aggressive,overall,current,2026093001,readout,3450
C,continued,7,loose_aggressive,big_blind,average,2026093001,readout,-1200
C,folded,1,loose_aggressive,big_blind,average,2026093001,readout,600
C,no_large_raise,248,loose_aggressive,big_blind,average,2026093001,readout,-1000
C,continued,12,loose_aggressive,button,average,2026093001,readout,7800
C,folded,2,loose_aggressive,button,average,2026093001,readout,1200
C,no_large_raise,242,loose_aggressive,button,average,2026093001,readout,-8650
C,continued,19,loose_aggressive,overall,average,2026093001,readout,6600
C,folded,3,loose_aggressive,overall,average,2026093001,readout,1800
C,no_large_raise,490,loose_aggressive,overall,average,2026093001,readout,-9650
C,continued,8,loose_aggressive,big_blind,current,2026093001,readout,800
C,no_large_raise,248,loose_aggressive,big_blind,current,2026093001,readout,400
C,continued,11,loose_aggressive,button,current,2026093001,readout,8000
C,folded,1,loose_aggressive,button,current,2026093001,readout,600
C,no_large_raise,244,loose_aggressive,button,current,2026093001,readout,-2750
C,continued,19,loose_aggressive,overall,current,2026093001,readout,8800
C,folded,1,loose_aggressive,overall,current,2026093001,readout,600
C,no_large_raise,492,loose_aggressive,overall,current,2026093001,readout,-2350
A,continued,9,loose_aggressive,big_blind,average,2026093002,readout,-2200
A,no_large_raise,247,loose_aggressive,big_blind,average,2026093002,readout,-3800
A,continued,19,loose_aggressive,button,average,2026093002,readout,5800
A,folded,1,loose_aggressive,button,average,2026093002,readout,600
A,no_large_raise,236,loose_aggressive,button,average,2026093002,readout,-2600
A,continued,28,loose_aggressive,overall,average,2026093002,readout,3600
A,folded,1,loose_aggressive,overall,average,2026093002,readout,600
A,no_large_raise,483,loose_aggressive,overall,average,2026093002,readout,-6400
A,continued,14,loose_aggressive,big_blind,current,2026093002,readout,9200
A,no_large_raise,242,loose_aggressive,big_blind,current,2026093002,readout,4000
A,continued,16,loose_aggressive,button,current,2026093002,readout,8000
A,folded,2,loose_aggressive,button,current,2026093002,readout,2100
A,no_large_raise,238,loose_aggressive,button,current,2026093002,readout,-3550
A,continued,30,loose_aggressive,overall,current,2026093002,readout,17200
A,folded,2,loose_aggressive,overall,current,2026093002,readout,2100
A,no_large_raise,480,loose_aggressive,overall,current,2026093002,readout,450
C,continued,11,loose_aggressive,big_blind,average,2026093002,readout,5800
C,no_large_raise,245,loose_aggressive,big_blind,average,2026093002,readout,2700
C,continued,7,loose_aggressive,button,average,2026093002,readout,4000
C,folded,2,loose_aggressive,button,average,2026093002,readout,1600
C,no_large_raise,247,loose_aggressive,button,average,2026093002,readout,2300
C,continued,18,loose_aggressive,overall,average,2026093002,readout,9800
C,folded,2,loose_aggressive,overall,average,2026093002,readout,1600
C,no_large_raise,492,loose_aggressive,overall,average,2026093002,readout,5000
C,continued,13,loose_aggressive,big_blind,current,2026093002,readout,-800
C,no_large_raise,243,loose_aggressive,big_blind,current,2026093002,readout,2900
C,continued,12,loose_aggressive,button,current,2026093002,readout,0
C,folded,2,loose_aggressive,button,current,2026093002,readout,1500
C,no_large_raise,242,loose_aggressive,button,current,2026093002,readout,6900
C,continued,25,loose_aggressive,overall,current,2026093002,readout,-800
C,folded,2,loose_aggressive,overall,current,2026093002,readout,1500
C,no_large_raise,485,loose_aggressive,overall,current,2026093002,readout,9800
A,continued,7,loose_aggressive,big_blind,average,2026093003,readout,2000
A,no_large_raise,249,loose_aggressive,big_blind,average,2026093003,readout,-2600
A,continued,14,loose_aggressive,button,average,2026093003,readout,9600
A,folded,3,loose_aggressive,button,average,2026093003,readout,1600
A,no_large_raise,239,loose_aggressive,button,average,2026093003,readout,-8700
A,continued,21,loose_aggressive,overall,average,2026093003,readout,11600
A,folded,3,loose_aggressive,overall,average,2026093003,readout,1600
A,no_large_raise,488,loose_aggressive,overall,average,2026093003,readout,-11300
A,continued,10,loose_aggressive,big_blind,current,2026093003,readout,800
A,no_large_raise,246,loose_aggressive,big_blind,current,2026093003,readout,1500
A,continued,14,loose_aggressive,button,current,2026093003,readout,-3200
A,folded,1,loose_aggressive,button,current,2026093003,readout,600
A,no_large_raise,241,loose_aggressive,button,current,2026093003,readout,-3300
A,continued,24,loose_aggressive,overall,current,2026093003,readout,-2400
A,folded,1,loose_aggressive,overall,current,2026093003,readout,600
A,no_large_raise,487,loose_aggressive,overall,current,2026093003,readout,-1800
C,continued,12,loose_aggressive,big_blind,average,2026093003,readout,-1200
C,folded,1,loose_aggressive,big_blind,average,2026093003,readout,600
C,no_large_raise,243,loose_aggressive,big_blind,average,2026093003,readout,-1900
C,continued,10,loose_aggressive,button,average,2026093003,readout,0
C,folded,3,loose_aggressive,button,average,2026093003,readout,2400
C,no_large_raise,243,loose_aggressive,button,average,2026093003,readout,4850
C,continued,22,loose_aggressive,overall,average,2026093003,readout,-1200
C,folded,4,loose_aggressive,overall,average,2026093003,readout,3000
C,no_large_raise,486,loose_aggressive,overall,average,2026093003,readout,2950
C,continued,9,loose_aggressive,big_blind,current,2026093003,readout,6000
C,folded,1,loose_aggressive,big_blind,current,2026093003,readout,600
C,no_large_raise,246,loose_aggressive,big_blind,current,2026093003,readout,-300
C,continued,6,loose_aggressive,button,current,2026093003,readout,2000
C,folded,2,loose_aggressive,button,current,2026093003,readout,1000
C,no_large_raise,248,loose_aggressive,button,current,2026093003,readout,16450
C,continued,15,loose_aggressive,overall,current,2026093003,readout,8000
C,folded,3,loose_aggressive,overall,current,2026093003,readout,1600
C,no_large_raise,494,loose_aggressive,overall,current,2026093003,readout,16150
A,continued,13,loose_passive,big_blind,average,2026093001,readout,3600
A,folded,1,loose_passive,big_blind,average,2026093001,readout,600
A,no_large_raise,242,loose_passive,big_blind,average,2026093001,readout,7150
A,continued,12,loose_passive,button,average,2026093001,readout,-3200
A,folded,1,loose_passive,button,average,2026093001,readout,600
A,no_large_raise,243,loose_passive,button,average,2026093001,readout,-7250
A,continued,25,loose_passive,overall,average,2026093001,readout,400
A,folded,2,loose_passive,overall,average,2026093001,readout,1200
A,no_large_raise,485,loose_passive,overall,average,2026093001,readout,-100
A,continued,12,loose_passive,big_blind,current,2026093001,readout,-2500
A,no_large_raise,244,loose_passive,big_blind,current,2026093001,readout,9350
A,continued,18,loose_passive,button,current,2026093001,readout,-10200
A,no_large_raise,238,loose_passive,button,current,2026093001,readout,-2800
A,continued,30,loose_passive,overall,current,2026093001,readout,-12700
A,no_large_raise,482,loose_passive,overall,current,2026093001,readout,6550
C,continued,12,loose_passive,big_blind,average,2026093001,readout,-4800
C,folded,1,loose_passive,big_blind,average,2026093001,readout,600
C,no_large_raise,243,loose_passive,big_blind,average,2026093001,readout,10450
C,continued,21,loose_passive,button,average,2026093001,readout,-6600
C,no_large_raise,235,loose_passive,button,average,2026093001,readout,-2200
C,continued,33,loose_passive,overall,average,2026093001,readout,-11400
C,folded,1,loose_passive,overall,average,2026093001,readout,600
C,no_large_raise,478,loose_passive,overall,average,2026093001,readout,8250
C,continued,14,loose_passive,big_blind,current,2026093001,readout,-2700
C,no_large_raise,242,loose_passive,big_blind,current,2026093001,readout,6950
C,continued,18,loose_passive,button,current,2026093001,readout,-7200
C,no_large_raise,238,loose_passive,button,current,2026093001,readout,1950
C,continued,32,loose_passive,overall,current,2026093001,readout,-9900
C,no_large_raise,480,loose_passive,overall,current,2026093001,readout,8900
A,continued,12,loose_passive,big_blind,average,2026093002,readout,-14100
A,folded,1,loose_passive,big_blind,average,2026093002,readout,600
A,no_large_raise,243,loose_passive,big_blind,average,2026093002,readout,13750
A,continued,15,loose_passive,button,average,2026093002,readout,-3400
A,no_large_raise,241,loose_passive,button,average,2026093002,readout,-6250
A,continued,27,loose_passive,overall,average,2026093002,readout,-17500
A,folded,1,loose_passive,overall,average,2026093002,readout,600
A,no_large_raise,484,loose_passive,overall,average,2026093002,readout,7500
A,continued,14,loose_passive,big_blind,current,2026093002,readout,-1300
A,folded,1,loose_passive,big_blind,current,2026093002,readout,600
A,no_large_raise,241,loose_passive,big_blind,current,2026093002,readout,7050
A,continued,9,loose_passive,button,current,2026093002,readout,-6000
A,folded,1,loose_passive,button,current,2026093002,readout,600
A,no_large_raise,246,loose_passive,button,current,2026093002,readout,-7150
A,continued,23,loose_passive,overall,current,2026093002,readout,-7300
A,folded,2,loose_passive,overall,current,2026093002,readout,1200
A,no_large_raise,487,loose_passive,overall,current,2026093002,readout,-100
C,continued,12,loose_passive,big_blind,average,2026093002,readout,-8900
C,no_large_raise,244,loose_passive,big_blind,average,2026093002,readout,12150
C,continued,23,loose_passive,button,average,2026093002,readout,-8300
C,no_large_raise,233,loose_passive,button,average,2026093002,readout,-4550
C,continued,35,loose_passive,overall,average,2026093002,readout,-17200
C,no_large_raise,477,loose_passive,overall,average,2026093002,readout,7600
C,continued,10,loose_passive,big_blind,current,2026093002,readout,-1200
C,no_large_raise,246,loose_passive,big_blind,current,2026093002,readout,10550
C,continued,27,loose_passive,button,current,2026093002,readout,-20800
C,no_large_raise,229,loose_passive,button,current,2026093002,readout,-2900
C,continued,37,loose_passive,overall,current,2026093002,readout,-22000
C,no_large_raise,475,loose_passive,overall,current,2026093002,readout,7650
A,continued,13,loose_passive,big_blind,average,2026093003,readout,-3200
A,no_large_raise,243,loose_passive,big_blind,average,2026093003,readout,13250
A,continued,14,loose_passive,button,average,2026093003,readout,300
A,no_large_raise,242,loose_passive,button,average,2026093003,readout,-6350
A,continued,27,loose_passive,overall,average,2026093003,readout,-2900
A,no_large_raise,485,loose_passive,overall,average,2026093003,readout,6900
A,continued,12,loose_passive,big_blind,current,2026093003,readout,7100
A,no_large_raise,244,loose_passive,big_blind,current,2026093003,readout,5850
A,continued,19,loose_passive,button,current,2026093003,readout,-16100
A,folded,1,loose_passive,button,current,2026093003,readout,600
A,no_large_raise,236,loose_passive,button,current,2026093003,readout,-2000
A,continued,31,loose_passive,overall,current,2026093003,readout,-9000
A,folded,1,loose_passive,overall,current,2026093003,readout,600
A,no_large_raise,480,loose_passive,overall,current,2026093003,readout,3850
C,continued,15,loose_passive,big_blind,average,2026093003,readout,-4100
C,no_large_raise,241,loose_passive,big_blind,average,2026093003,readout,11750
C,continued,22,loose_passive,button,average,2026093003,readout,-1400
C,no_large_raise,234,loose_passive,button,average,2026093003,readout,-9400
C,continued,37,loose_passive,overall,average,2026093003,readout,-5500
C,no_large_raise,475,loose_passive,overall,average,2026093003,readout,2350
C,continued,15,loose_passive,big_blind,current,2026093003,readout,2800
C,no_large_raise,241,loose_passive,big_blind,current,2026093003,readout,9750
C,continued,29,loose_passive,button,current,2026093003,readout,-16800
C,folded,1,loose_passive,button,current,2026093003,readout,600
C,no_large_raise,226,loose_passive,button,current,2026093003,readout,-2900
C,continued,44,loose_passive,overall,current,2026093003,readout,-14000
C,folded,1,loose_passive,overall,current,2026093003,readout,600
C,no_large_raise,467,loose_passive,overall,current,2026093003,readout,6850
A,continued,56,native-pressure,big_blind,average,2026093001,readout,14900
A,folded,30,native-pressure,big_blind,average,2026093001,readout,25800
A,no_large_raise,170,native-pressure,big_blind,average,2026093001,readout,-15200
A,continued,42,native-pressure,button,average,2026093001,readout,-5900
A,folded,32,native-pressure,button,average,2026093001,readout,21300
A,no_large_raise,182,native-pressure,button,average,2026093001,readout,-450
A,continued,98,native-pressure,overall,average,2026093001,readout,9000
A,folded,62,native-pressure,overall,average,2026093001,readout,47100
A,no_large_raise,352,native-pressure,overall,average,2026093001,readout,-15650
A,continued,60,native-pressure,big_blind,current,2026093001,readout,14500
A,folded,38,native-pressure,big_blind,current,2026093001,readout,29500
A,no_large_raise,158,native-pressure,big_blind,current,2026093001,readout,-15700
A,continued,59,native-pressure,button,current,2026093001,readout,-8800
A,folded,28,native-pressure,button,current,2026093001,readout,18600
A,no_large_raise,169,native-pressure,button,current,2026093001,readout,-6950
A,continued,119,native-pressure,overall,current,2026093001,readout,5700
A,folded,66,native-pressure,overall,current,2026093001,readout,48100
A,no_large_raise,327,native-pressure,overall,current,2026093001,readout,-22650
C,continued,47,native-pressure,big_blind,average,2026093001,readout,13300
C,folded,26,native-pressure,big_blind,average,2026093001,readout,23700
C,no_large_raise,183,native-pressure,big_blind,average,2026093001,readout,-11900
C,continued,50,native-pressure,button,average,2026093001,readout,11200
C,folded,32,native-pressure,button,average,2026093001,readout,21600
C,no_large_raise,174,native-pressure,button,average,2026093001,readout,-1350
C,continued,97,native-pressure,overall,average,2026093001,readout,24500
C,folded,58,native-pressure,overall,average,2026093001,readout,45300
C,no_large_raise,357,native-pressure,overall,average,2026093001,readout,-13250
C,continued,43,native-pressure,big_blind,current,2026093001,readout,26000
C,folded,20,native-pressure,big_blind,current,2026093001,readout,17400
C,no_large_raise,193,native-pressure,big_blind,current,2026093001,readout,-700
C,continued,68,native-pressure,button,current,2026093001,readout,-7400
C,folded,22,native-pressure,button,current,2026093001,readout,14300
C,no_large_raise,166,native-pressure,button,current,2026093001,readout,600
C,continued,111,native-pressure,overall,current,2026093001,readout,18600
C,folded,42,native-pressure,overall,current,2026093001,readout,31700
C,no_large_raise,359,native-pressure,overall,current,2026093001,readout,-100
A,continued,64,native-pressure,big_blind,average,2026093002,readout,18500
A,folded,27,native-pressure,big_blind,average,2026093002,readout,23300
A,no_large_raise,165,native-pressure,big_blind,average,2026093002,readout,-13200
A,continued,52,native-pressure,button,average,2026093002,readout,16600
A,folded,29,native-pressure,button,average,2026093002,readout,18600
A,no_large_raise,175,native-pressure,button,average,2026093002,readout,-26850
A,continued,116,native-pressure,overall,average,2026093002,readout,35100
A,folded,56,native-pressure,overall,average,2026093002,readout,41900
A,no_large_raise,340,native-pressure,overall,average,2026093002,readout,-40050
A,continued,53,native-pressure,big_blind,current,2026093002,readout,16000
A,folded,33,native-pressure,big_blind,current,2026093002,readout,29700
A,no_large_raise,170,native-pressure,big_blind,current,2026093002,readout,-6800
A,continued,52,native-pressure,button,current,2026093002,readout,2000
A,folded,36,native-pressure,button,current,2026093002,readout,24700
A,no_large_raise,168,native-pressure,button,current,2026093002,readout,-8100
A,continued,105,native-pressure,overall,current,2026093002,readout,18000
A,folded,69,native-pressure,overall,current,2026093002,readout,54400
A,no_large_raise,338,native-pressure,overall,current,2026093002,readout,-14900
C,continued,52,native-pressure,big_blind,average,2026093002,readout,-1000
C,folded,31,native-pressure,big_blind,average,2026093002,readout,25200
C,no_large_raise,173,native-pressure,big_blind,average,2026093002,readout,-2300
C,continued,59,native-pressure,button,average,2026093002,readout,34200
C,folded,31,native-pressure,button,average,2026093002,readout,21300
C,no_large_raise,166,native-pressure,button,average,2026093002,readout,-10700
C,continued,111,native-pressure,overall,average,2026093002,readout,33200
C,folded,62,native-pressure,overall,average,2026093002,readout,46500
C,no_large_raise,339,native-pressure,overall,average,2026093002,readout,-13000
C,continued,40,native-pressure,big_blind,current,2026093002,readout,2000
C,folded,26,native-pressure,big_blind,current,2026093002,readout,22500
C,no_large_raise,190,native-pressure,big_blind,current,2026093002,readout,20900
C,continued,55,native-pressure,button,current,2026093002,readout,8100
C,folded,22,native-pressure,button,current,2026093002,readout,16700
C,no_large_raise,179,native-pressure,button,current,2026093002,readout,1200
C,continued,95,native-pressure,overall,current,2026093002,readout,10100
C,folded,48,native-pressure,overall,current,2026093002,readout,39200
C,no_large_raise,369,native-pressure,overall,current,2026093002,readout,22100
A,continued,52,native-pressure,big_blind,average,2026093003,readout,-7400
A,folded,30,native-pressure,big_blind,average,2026093003,readout,25700
A,no_large_raise,174,native-pressure,big_blind,average,2026093003,readout,-4200
A,continued,53,native-pressure,button,average,2026093003,readout,5500
A,folded,34,native-pressure,button,average,2026093003,readout,22500
A,no_large_raise,169,native-pressure,button,average,2026093003,readout,-4700
A,continued,105,native-pressure,overall,average,2026093003,readout,-1900
A,folded,64,native-pressure,overall,average,2026093003,readout,48200
A,no_large_raise,343,native-pressure,overall,average,2026093003,readout,-8900
A,continued,49,native-pressure,big_blind,current,2026093003,readout,14000
A,folded,32,native-pressure,big_blind,current,2026093003,readout,26400
A,no_large_raise,175,native-pressure,big_blind,current,2026093003,readout,-15400
A,continued,59,native-pressure,button,current,2026093003,readout,22200
A,folded,33,native-pressure,button,current,2026093003,readout,25500
A,no_large_raise,164,native-pressure,button,current,2026093003,readout,-26100
A,continued,108,native-pressure,overall,current,2026093003,readout,36200
A,folded,65,native-pressure,overall,current,2026093003,readout,51900
A,no_large_raise,339,native-pressure,overall,current,2026093003,readout,-41500
C,continued,48,native-pressure,big_blind,average,2026093003,readout,6800
C,folded,28,native-pressure,big_blind,average,2026093003,readout,22000
C,no_large_raise,180,native-pressure,big_blind,average,2026093003,readout,-13300
C,continued,52,native-pressure,button,average,2026093003,readout,10500
C,folded,30,native-pressure,button,average,2026093003,readout,21600
C,no_large_raise,174,native-pressure,button,average,2026093003,readout,-20450
C,continued,100,native-pressure,overall,average,2026093003,readout,17300
C,folded,58,native-pressure,overall,average,2026093003,readout,43600
C,no_large_raise,354,native-pressure,overall,average,2026093003,readout,-33750
C,continued,41,native-pressure,big_blind,current,2026093003,readout,22000
C,folded,32,native-pressure,big_blind,current,2026093003,readout,25400
C,no_large_raise,183,native-pressure,big_blind,current,2026093003,readout,-16500
C,continued,65,native-pressure,button,current,2026093003,readout,15000
C,folded,25,native-pressure,button,current,2026093003,readout,18600
C,no_large_raise,166,native-pressure,button,current,2026093003,readout,-9350
C,continued,106,native-pressure,overall,current,2026093003,readout,37000
C,folded,57,native-pressure,overall,current,2026093003,readout,44000
C,no_large_raise,349,native-pressure,overall,current,2026093003,readout,-25850
A,continued,36,passive,big_blind,average,2026093001,readout,27500
A,no_large_raise,220,passive,big_blind,average,2026093001,readout,-7100
A,continued,47,passive,button,average,2026093001,readout,34100
A,no_large_raise,209,passive,button,average,2026093001,readout,2950
A,continued,83,passive,overall,average,2026093001,readout,61600
A,no_large_raise,429,passive,overall,average,2026093001,readout,-4150
A,continued,33,passive,big_blind,current,2026093001,readout,7800
A,no_large_raise,223,passive,big_blind,current,2026093001,readout,-2400
A,continued,51,passive,button,current,2026093001,readout,44700
A,no_large_raise,205,passive,button,current,2026093001,readout,5300
A,continued,84,passive,overall,current,2026093001,readout,52500
A,no_large_raise,428,passive,overall,current,2026093001,readout,2900
C,continued,31,passive,big_blind,average,2026093001,readout,4600
C,no_large_raise,225,passive,big_blind,average,2026093001,readout,-2600
C,continued,44,passive,button,average,2026093001,readout,35500
C,no_large_raise,212,passive,button,average,2026093001,readout,6000
C,continued,75,passive,overall,average,2026093001,readout,40100
C,no_large_raise,437,passive,overall,average,2026093001,readout,3400
C,continued,30,passive,big_blind,current,2026093001,readout,17300
C,no_large_raise,226,passive,big_blind,current,2026093001,readout,-900
C,continued,59,passive,button,current,2026093001,readout,31700
C,no_large_raise,197,passive,button,current,2026093001,readout,5300
C,continued,89,passive,overall,current,2026093001,readout,49000
C,no_large_raise,423,passive,overall,current,2026093001,readout,4400
A,continued,38,passive,big_blind,average,2026093002,readout,4100
A,no_large_raise,218,passive,big_blind,average,2026093002,readout,-100
A,continued,46,passive,button,average,2026093002,readout,44900
A,no_large_raise,210,passive,button,average,2026093002,readout,7100
A,continued,84,passive,overall,average,2026093002,readout,49000
A,no_large_raise,428,passive,overall,average,2026093002,readout,7000
A,continued,30,passive,big_blind,current,2026093002,readout,17400
A,no_large_raise,226,passive,big_blind,current,2026093002,readout,600
A,continued,50,passive,button,current,2026093002,readout,49400
A,no_large_raise,206,passive,button,current,2026093002,readout,4900
A,continued,80,passive,overall,current,2026093002,readout,66800
A,no_large_raise,432,passive,overall,current,2026093002,readout,5500
C,continued,35,passive,big_blind,average,2026093002,readout,8600
C,no_large_raise,221,passive,big_blind,average,2026093002,readout,-1400
C,continued,46,passive,button,average,2026093002,readout,36700
C,no_large_raise,210,passive,button,average,2026093002,readout,6650
C,continued,81,passive,overall,average,2026093002,readout,45300
C,no_large_raise,431,passive,overall,average,2026093002,readout,5250
C,continued,39,passive,big_blind,current,2026093002,readout,13300
C,no_large_raise,217,passive,big_blind,current,2026093002,readout,-4800
C,continued,56,passive,button,current,2026093002,readout,36000
C,no_large_raise,200,passive,button,current,2026093002,readout,10400
C,continued,95,passive,overall,current,2026093002,readout,49300
C,no_large_raise,417,passive,overall,current,2026093002,readout,5600
A,continued,41,passive,big_blind,average,2026093003,readout,21800
A,no_large_raise,215,passive,big_blind,average,2026093003,readout,-8500
A,continued,55,passive,button,average,2026093003,readout,44400
A,no_large_raise,201,passive,button,average,2026093003,readout,6450
A,continued,96,passive,overall,average,2026093003,readout,66200
A,no_large_raise,416,passive,overall,average,2026093003,readout,-2050
A,continued,31,passive,big_blind,current,2026093003,readout,19400
A,no_large_raise,225,passive,big_blind,current,2026093003,readout,-6000
A,continued,64,passive,button,current,2026093003,readout,35500
A,no_large_raise,192,passive,button,current,2026093003,readout,9150
A,continued,95,passive,overall,current,2026093003,readout,54900
A,no_large_raise,417,passive,overall,current,2026093003,readout,3150
C,continued,30,passive,big_blind,average,2026093003,readout,16800
C,no_large_raise,226,passive,big_blind,average,2026093003,readout,-2400
C,continued,54,passive,button,average,2026093003,readout,39700
C,no_large_raise,202,passive,button,average,2026093003,readout,6850
C,continued,84,passive,overall,average,2026093003,readout,56500
C,no_large_raise,428,passive,overall,average,2026093003,readout,4450
C,continued,32,passive,big_blind,current,2026093003,readout,1200
C,no_large_raise,224,passive,big_blind,current,2026093003,readout,1500
C,continued,59,passive,button,current,2026093003,readout,40400
C,no_large_raise,197,passive,button,current,2026093003,readout,11900
C,continued,91,passive,overall,current,2026093003,readout,41600
C,no_large_raise,421,passive,overall,current,2026093003,readout,13400
A,continued,9,pot_pressure,big_blind,average,2026093001,readout,-4400
A,folded,5,pot_pressure,big_blind,average,2026093001,readout,2000
A,no_large_raise,242,pot_pressure,big_blind,average,2026093001,readout,13900
A,continued,17,pot_pressure,button,average,2026093001,readout,-19600
A,folded,16,pot_pressure,button,average,2026093001,readout,7100
A,no_large_raise,223,pot_pressure,button,average,2026093001,readout,3650
A,continued,26,pot_pressure,overall,average,2026093001,readout,-24000
A,folded,21,pot_pressure,overall,average,2026093001,readout,9100
A,no_large_raise,465,pot_pressure,overall,average,2026093001,readout,17550
A,continued,10,pot_pressure,big_blind,current,2026093001,readout,-5600
A,folded,4,pot_pressure,big_blind,current,2026093001,readout,1600
A,no_large_raise,242,pot_pressure,big_blind,current,2026093001,readout,11000
A,continued,19,pot_pressure,button,current,2026093001,readout,-27600
A,folded,14,pot_pressure,button,current,2026093001,readout,6300
A,no_large_raise,223,pot_pressure,button,current,2026093001,readout,2450
A,continued,29,pot_pressure,overall,current,2026093001,readout,-33200
A,folded,18,pot_pressure,overall,current,2026093001,readout,7900
A,no_large_raise,465,pot_pressure,overall,current,2026093001,readout,13450
C,continued,10,pot_pressure,big_blind,average,2026093001,readout,-2400
C,folded,5,pot_pressure,big_blind,average,2026093001,readout,2000
C,no_large_raise,241,pot_pressure,big_blind,average,2026093001,readout,13400
C,continued,15,pot_pressure,button,average,2026093001,readout,-19600
C,folded,11,pot_pressure,button,average,2026093001,readout,5600
C,no_large_raise,230,pot_pressure,button,average,2026093001,readout,4650
C,continued,25,pot_pressure,overall,average,2026093001,readout,-22000
C,folded,16,pot_pressure,overall,average,2026093001,readout,7600
C,no_large_raise,471,pot_pressure,overall,average,2026093001,readout,18050
C,continued,9,pot_pressure,big_blind,current,2026093001,readout,-5200
C,folded,6,pot_pressure,big_blind,current,2026093001,readout,2400
C,no_large_raise,241,pot_pressure,big_blind,current,2026093001,readout,11900
C,continued,14,pot_pressure,button,current,2026093001,readout,-18400
C,folded,10,pot_pressure,button,current,2026093001,readout,5100
C,no_large_raise,232,pot_pressure,button,current,2026093001,readout,6050
C,continued,23,pot_pressure,overall,current,2026093001,readout,-23600
C,folded,16,pot_pressure,overall,current,2026093001,readout,7500
C,no_large_raise,473,pot_pressure,overall,current,2026093001,readout,17950
A,continued,11,pot_pressure,big_blind,average,2026093002,readout,-4400
A,folded,5,pot_pressure,big_blind,average,2026093002,readout,2400
A,no_large_raise,240,pot_pressure,big_blind,average,2026093002,readout,11200
A,continued,14,pot_pressure,button,average,2026093002,readout,-20800
A,folded,13,pot_pressure,button,average,2026093002,readout,5600
A,no_large_raise,229,pot_pressure,button,average,2026093002,readout,6750
A,continued,25,pot_pressure,overall,average,2026093002,readout,-25200
A,folded,18,pot_pressure,overall,average,2026093002,readout,8000
A,no_large_raise,469,pot_pressure,overall,average,2026093002,readout,17950
A,continued,11,pot_pressure,big_blind,current,2026093002,readout,-4400
A,folded,6,pot_pressure,big_blind,current,2026093002,readout,2400
A,no_large_raise,239,pot_pressure,big_blind,current,2026093002,readout,12300
A,continued,18,pot_pressure,button,current,2026093002,readout,-24800
A,folded,14,pot_pressure,button,current,2026093002,readout,6000
A,no_large_raise,224,pot_pressure,button,current,2026093002,readout,-150
A,continued,29,pot_pressure,overall,current,2026093002,readout,-29200
A,folded,20,pot_pressure,overall,current,2026093002,readout,8400
A,no_large_raise,463,pot_pressure,overall,current,2026093002,readout,12150
C,continued,8,pot_pressure,big_blind,average,2026093002,readout,800
C,folded,6,pot_pressure,big_blind,average,2026093002,readout,2400
C,no_large_raise,242,pot_pressure,big_blind,average,2026093002,readout,12000
C,continued,14,pot_pressure,button,average,2026093002,readout,-18400
C,folded,12,pot_pressure,button,average,2026093002,readout,4800
C,no_large_raise,230,pot_pressure,button,average,2026093002,readout,-800
C,continued,22,pot_pressure,overall,average,2026093002,readout,-17600
C,folded,18,pot_pressure,overall,average,2026093002,readout,7200
C,no_large_raise,472,pot_pressure,overall,average,2026093002,readout,11200
C,continued,8,pot_pressure,big_blind,current,2026093002,readout,-3200
C,folded,6,pot_pressure,big_blind,current,2026093002,readout,2400
C,no_large_raise,242,pot_pressure,big_blind,current,2026093002,readout,9100
C,continued,15,pot_pressure,button,current,2026093002,readout,-18800
C,folded,9,pot_pressure,button,current,2026093002,readout,3700
C,no_large_raise,232,pot_pressure,button,current,2026093002,readout,3300
C,continued,23,pot_pressure,overall,current,2026093002,readout,-22000
C,folded,15,pot_pressure,overall,current,2026093002,readout,6100
C,no_large_raise,474,pot_pressure,overall,current,2026093002,readout,12400
A,continued,8,pot_pressure,big_blind,average,2026093003,readout,-2400
A,folded,5,pot_pressure,big_blind,average,2026093003,readout,2000
A,no_large_raise,243,pot_pressure,big_blind,average,2026093003,readout,12200
A,continued,15,pot_pressure,button,average,2026093003,readout,-20400
A,folded,14,pot_pressure,button,average,2026093003,readout,7100
A,no_large_raise,227,pot_pressure,button,average,2026093003,readout,14550
A,continued,23,pot_pressure,overall,average,2026093003,readout,-22800
A,folded,19,pot_pressure,overall,average,2026093003,readout,9100
A,no_large_raise,470,pot_pressure,overall,average,2026093003,readout,26750
A,continued,10,pot_pressure,big_blind,current,2026093003,readout,-4000
A,folded,6,pot_pressure,big_blind,current,2026093003,readout,2800
A,no_large_raise,240,pot_pressure,big_blind,current,2026093003,readout,13000
A,continued,17,pot_pressure,button,current,2026093003,readout,-27600
A,folded,13,pot_pressure,button,current,2026093003,readout,6300
A,no_large_raise,226,pot_pressure,button,current,2026093003,readout,14550
A,continued,27,pot_pressure,overall,current,2026093003,readout,-31600
A,folded,19,pot_pressure,overall,current,2026093003,readout,9100
A,no_large_raise,466,pot_pressure,overall,current,2026093003,readout,27550
C,continued,9,pot_pressure,big_blind,average,2026093003,readout,-400
C,folded,7,pot_pressure,big_blind,average,2026093003,readout,2800
C,no_large_raise,240,pot_pressure,big_blind,average,2026093003,readout,12600
C,continued,14,pot_pressure,button,average,2026093003,readout,-18400
C,folded,10,pot_pressure,button,average,2026093003,readout,4000
C,no_large_raise,232,pot_pressure,button,average,2026093003,readout,6050
C,continued,23,pot_pressure,overall,average,2026093003,readout,-18800
C,folded,17,pot_pressure,overall,average,2026093003,readout,6800
C,no_large_raise,472,pot_pressure,overall,average,2026093003,readout,18650
C,continued,8,pot_pressure,big_blind,current,2026093003,readout,800
C,folded,5,pot_pressure,big_blind,current,2026093003,readout,2000
C,no_large_raise,243,pot_pressure,big_blind,current,2026093003,readout,14800
C,continued,11,pot_pressure,button,current,2026093003,readout,-17200
C,folded,10,pot_pressure,button,current,2026093003,readout,4900
C,no_large_raise,235,pot_pressure,button,current,2026093003,readout,-1600
C,continued,19,pot_pressure,overall,current,2026093003,readout,-16400
C,folded,15,pot_pressure,overall,current,2026093003,readout,6900
C,no_large_raise,478,pot_pressure,overall,current,2026093003,readout,13200
A,continued,1,selective-stackoff,big_blind,average,2026093001,readout,0
A,folded,1,selective-stackoff,big_blind,average,2026093001,readout,400
A,no_large_raise,254,selective-stackoff,big_blind,average,2026093001,readout,10800
A,continued,6,selective-stackoff,button,average,2026093001,readout,-3000
A,no_large_raise,250,selective-stackoff,button,average,2026093001,readout,6700
A,continued,7,selective-stackoff,overall,average,2026093001,readout,-3000
A,folded,1,selective-stackoff,overall,average,2026093001,readout,400
A,no_large_raise,504,selective-stackoff,overall,average,2026093001,readout,17500
A,continued,3,selective-stackoff,big_blind,current,2026093001,readout,-1500
A,folded,1,selective-stackoff,big_blind,current,2026093001,readout,400
A,no_large_raise,252,selective-stackoff,big_blind,current,2026093001,readout,11200
A,continued,5,selective-stackoff,button,current,2026093001,readout,-2000
A,no_large_raise,251,selective-stackoff,button,current,2026093001,readout,11350
A,continued,8,selective-stackoff,overall,current,2026093001,readout,-3500
A,folded,1,selective-stackoff,overall,current,2026093001,readout,400
A,no_large_raise,503,selective-stackoff,overall,current,2026093001,readout,22550
C,continued,1,selective-stackoff,big_blind,average,2026093001,readout,1800
C,folded,2,selective-stackoff,big_blind,average,2026093001,readout,1300
C,no_large_raise,253,selective-stackoff,big_blind,average,2026093001,readout,10200
C,continued,5,selective-stackoff,button,average,2026093001,readout,-2600
C,no_large_raise,251,selective-stackoff,button,average,2026093001,readout,8850
C,continued,6,selective-stackoff,overall,average,2026093001,readout,-800
C,folded,2,selective-stackoff,overall,average,2026093001,readout,1300
C,no_large_raise,504,selective-stackoff,overall,average,2026093001,readout,19050
C,continued,3,selective-stackoff,big_blind,current,2026093001,readout,2000
C,no_large_raise,253,selective-stackoff,big_blind,current,2026093001,readout,10900
C,continued,10,selective-stackoff,button,current,2026093001,readout,1000
C,folded,1,selective-stackoff,button,current,2026093001,readout,400
C,no_large_raise,245,selective-stackoff,button,current,2026093001,readout,5900
C,continued,13,selective-stackoff,overall,current,2026093001,readout,3000
C,folded,1,selective-stackoff,overall,current,2026093001,readout,400
C,no_large_raise,498,selective-stackoff,overall,current,2026093001,readout,16800
A,continued,1,selective-stackoff,big_blind,average,2026093002,readout,2000
A,no_large_raise,255,selective-stackoff,big_blind,average,2026093002,readout,10600
A,continued,5,selective-stackoff,button,average,2026093002,readout,-4500
A,no_large_raise,251,selective-stackoff,button,average,2026093002,readout,7650
A,continued,6,selective-stackoff,overall,average,2026093002,readout,-2500
A,no_large_raise,506,selective-stackoff,overall,average,2026093002,readout,18250
A,continued,1,selective-stackoff,big_blind,current,2026093002,readout,2000
A,no_large_raise,255,selective-stackoff,big_blind,current,2026093002,readout,9000
A,continued,7,selective-stackoff,button,current,2026093002,readout,-5300
A,no_large_raise,249,selective-stackoff,button,current,2026093002,readout,5000
A,continued,8,selective-stackoff,overall,current,2026093002,readout,-3300
A,no_large_raise,504,selective-stackoff,overall,current,2026093002,readout,14000
C,no_large_raise,256,selective-stackoff,big_blind,average,2026093002,readout,12100
C,continued,3,selective-stackoff,button,average,2026093002,readout,-1500
C,no_large_raise,253,selective-stackoff,button,average,2026093002,readout,11100
C,continued,3,selective-stackoff,overall,average,2026093002,readout,-1500
C,no_large_raise,509,selective-stackoff,overall,average,2026093002,readout,23200
C,continued,2,selective-stackoff,big_blind,current,2026093002,readout,300
C,folded,1,selective-stackoff,big_blind,current,2026093002,readout,400
C,no_large_raise,253,selective-stackoff,big_blind,current,2026093002,readout,9600
C,continued,11,selective-stackoff,button,current,2026093002,readout,-5200
C,no_large_raise,245,selective-stackoff,button,current,2026093002,readout,11400
C,continued,13,selective-stackoff,overall,current,2026093002,readout,-4900
C,folded,1,selective-stackoff,overall,current,2026093002,readout,400
C,no_large_raise,498,selective-stackoff,overall,current,2026093002,readout,21000
A,continued,2,selective-stackoff,big_blind,average,2026093003,readout,1500
A,folded,1,selective-stackoff,big_blind,average,2026093003,readout,400
A,no_large_raise,253,selective-stackoff,big_blind,average,2026093003,readout,11600
A,continued,8,selective-stackoff,button,average,2026093003,readout,-5900
A,no_large_raise,248,selective-stackoff,button,average,2026093003,readout,10050
A,continued,10,selective-stackoff,overall,average,2026093003,readout,-4400
A,folded,1,selective-stackoff,overall,average,2026093003,readout,400
A,no_large_raise,501,selective-stackoff,overall,average,2026093003,readout,21650
A,continued,1,selective-stackoff,big_blind,current,2026093003,readout,-1200
A,folded,1,selective-stackoff,big_blind,current,2026093003,readout,400
A,no_large_raise,254,selective-stackoff,big_blind,current,2026093003,readout,13300
A,continued,6,selective-stackoff,button,current,2026093003,readout,5000
A,no_large_raise,250,selective-stackoff,button,current,2026093003,readout,12600
A,continued,7,selective-stackoff,overall,current,2026093003,readout,3800
A,folded,1,selective-stackoff,overall,current,2026093003,readout,400
A,no_large_raise,504,selective-stackoff,overall,current,2026093003,readout,25900
C,continued,1,selective-stackoff,big_blind,average,2026093003,readout,0
C,folded,1,selective-stackoff,big_blind,average,2026093003,readout,400
C,no_large_raise,254,selective-stackoff,big_blind,average,2026093003,readout,11100
C,continued,9,selective-stackoff,button,average,2026093003,readout,-4900
C,no_large_raise,247,selective-stackoff,button,average,2026093003,readout,10200
C,continued,10,selective-stackoff,overall,average,2026093003,readout,-4900
C,folded,1,selective-stackoff,overall,average,2026093003,readout,400
C,no_large_raise,501,selective-stackoff,overall,average,2026093003,readout,21300
C,continued,2,selective-stackoff,big_blind,current,2026093003,readout,4000
C,folded,1,selective-stackoff,big_blind,current,2026093003,readout,400
C,no_large_raise,253,selective-stackoff,big_blind,current,2026093003,readout,10800
C,continued,9,selective-stackoff,button,current,2026093003,readout,-10000
C,no_large_raise,247,selective-stackoff,button,current,2026093003,readout,6550
C,continued,11,selective-stackoff,overall,current,2026093003,readout,-6000
C,folded,1,selective-stackoff,overall,current,2026093003,readout,400
C,no_large_raise,500,selective-stackoff,overall,current,2026093003,readout,17350
A,continued,2,tight_aggressive,big_blind,average,2026093001,readout,0
A,folded,1,tight_aggressive,big_blind,average,2026093001,readout,900
A,no_large_raise,253,tight_aggressive,big_blind,average,2026093001,readout,7650
A,continued,1,tight_aggressive,button,average,2026093001,readout,2000
A,folded,1,tight_aggressive,button,average,2026093001,readout,600
A,no_large_raise,254,tight_aggressive,button,average,2026093001,readout,10250
A,continued,3,tight_aggressive,overall,average,2026093001,readout,2000
A,folded,2,tight_aggressive,overall,average,2026093001,readout,1500
A,no_large_raise,507,tight_aggressive,overall,average,2026093001,readout,17900
A,continued,1,tight_aggressive,big_blind,current,2026093001,readout,2000
A,no_large_raise,255,tight_aggressive,big_blind,current,2026093001,readout,10750
A,continued,2,tight_aggressive,button,current,2026093001,readout,3800
A,folded,1,tight_aggressive,button,current,2026093001,readout,600
A,no_large_raise,253,tight_aggressive,button,current,2026093001,readout,10300
A,continued,3,tight_aggressive,overall,current,2026093001,readout,5800
A,folded,1,tight_aggressive,overall,current,2026093001,readout,600
A,no_large_raise,508,tight_aggressive,overall,current,2026093001,readout,21050
C,continued,2,tight_aggressive,big_blind,average,2026093001,readout,-4000
C,folded,1,tight_aggressive,big_blind,average,2026093001,readout,600
C,no_large_raise,253,tight_aggressive,big_blind,average,2026093001,readout,14750
C,continued,1,tight_aggressive,button,average,2026093001,readout,2000
C,no_large_raise,255,tight_aggressive,button,average,2026093001,readout,11300
C,continued,3,tight_aggressive,overall,average,2026093001,readout,-2000
C,folded,1,tight_aggressive,overall,average,2026093001,readout,600
C,no_large_raise,508,tight_aggressive,overall,average,2026093001,readout,26050
C,continued,6,tight_aggressive,big_blind,current,2026093001,readout,4000
C,no_large_raise,250,tight_aggressive,big_blind,current,2026093001,readout,10050
C,no_large_raise,256,tight_aggressive,button,current,2026093001,readout,12800
C,continued,6,tight_aggressive,overall,current,2026093001,readout,4000
C,no_large_raise,506,tight_aggressive,overall,current,2026093001,readout,22850
A,continued,3,tight_aggressive,big_blind,average,2026093002,readout,-1500
A,no_large_raise,253,tight_aggressive,big_blind,average,2026093002,readout,11650
A,folded,1,tight_aggressive,button,average,2026093002,readout,600
A,no_large_raise,255,tight_aggressive,button,average,2026093002,readout,18500
A,continued,3,tight_aggressive,overall,average,2026093002,readout,-1500
A,folded,1,tight_aggressive,overall,average,2026093002,readout,600
A,no_large_raise,508,tight_aggressive,overall,average,2026093002,readout,30150
A,continued,2,tight_aggressive,big_blind,current,2026093002,readout,4000
A,no_large_raise,254,tight_aggressive,big_blind,current,2026093002,readout,8350
A,continued,2,tight_aggressive,button,current,2026093002,readout,0
A,folded,1,tight_aggressive,button,current,2026093002,readout,600
A,no_large_raise,253,tight_aggressive,button,current,2026093002,readout,13200
A,continued,4,tight_aggressive,overall,current,2026093002,readout,4000
A,folded,1,tight_aggressive,overall,current,2026093002,readout,600
A,no_large_raise,507,tight_aggressive,overall,current,2026093002,readout,21550
C,continued,2,tight_aggressive,big_blind,average,2026093002,readout,-4000
C,no_large_raise,254,tight_aggressive,big_blind,average,2026093002,readout,12850
C,continued,2,tight_aggressive,button,average,2026093002,readout,0
C,no_large_raise,254,tight_aggressive,button,average,2026093002,readout,18700
C,continued,4,tight_aggressive,overall,average,2026093002,readout,-4000
C,no_large_raise,508,tight_aggressive,overall,average,2026093002,readout,31550
C,continued,4,tight_aggressive,big_blind,current,2026093002,readout,0
C,no_large_raise,252,tight_aggressive,big_blind,current,2026093002,readout,8650
C,continued,2,tight_aggressive,button,current,2026093002,readout,0
C,no_large_raise,254,tight_aggressive,button,current,2026093002,readout,15050
C,continued,6,tight_aggressive,overall,current,2026093002,readout,0
C,no_large_raise,506,tight_aggressive,overall,current,2026093002,readout,23700
A,continued,2,tight_aggressive,big_blind,average,2026093003,readout,0
A,no_large_raise,254,tight_aggressive,big_blind,average,2026093003,readout,13550
A,continued,2,tight_aggressive,button,average,2026093003,readout,0
A,no_large_raise,254,tight_aggressive,button,average,2026093003,readout,14150
A,continued,4,tight_aggressive,overall,average,2026093003,readout,0
A,no_large_raise,508,tight_aggressive,overall,average,2026093003,readout,27700
A,continued,2,tight_aggressive,big_blind,current,2026093003,readout,0
A,no_large_raise,254,tight_aggressive,big_blind,current,2026093003,readout,12350
A,continued,2,tight_aggressive,button,current,2026093003,readout,0
A,no_large_raise,254,tight_aggressive,button,current,2026093003,readout,16850
A,continued,4,tight_aggressive,overall,current,2026093003,readout,0
A,no_large_raise,508,tight_aggressive,overall,current,2026093003,readout,29200
C,continued,2,tight_aggressive,big_blind,average,2026093003,readout,0
C,no_large_raise,254,tight_aggressive,big_blind,average,2026093003,readout,9450
C,continued,1,tight_aggressive,button,average,2026093003,readout,2000
C,folded,1,tight_aggressive,button,average,2026093003,readout,600
C,no_large_raise,254,tight_aggressive,button,average,2026093003,readout,20100
C,continued,3,tight_aggressive,overall,average,2026093003,readout,2000
C,folded,1,tight_aggressive,overall,average,2026093003,readout,600
C,no_large_raise,508,tight_aggressive,overall,average,2026093003,readout,29550
C,continued,4,tight_aggressive,big_blind,current,2026093003,readout,0
C,no_large_raise,252,tight_aggressive,big_blind,current,2026093003,readout,13850
C,folded,1,tight_aggressive,button,current,2026093003,readout,600
C,no_large_raise,255,tight_aggressive,button,current,2026093003,readout,21450
C,continued,4,tight_aggressive,overall,current,2026093003,readout,0
C,folded,1,tight_aggressive,overall,current,2026093003,readout,600
C,no_large_raise,507,tight_aggressive,overall,current,2026093003,readout,35300
A,continued,3,tight_passive,big_blind,average,2026093001,readout,-2000
A,no_large_raise,253,tight_passive,big_blind,average,2026093001,readout,12900
A,continued,5,tight_passive,button,average,2026093001,readout,-8000
A,no_large_raise,251,tight_passive,button,average,2026093001,readout,14400
A,continued,8,tight_passive,overall,average,2026093001,readout,-10000
A,no_large_raise,504,tight_passive,overall,average,2026093001,readout,27300
A,continued,2,tight_passive,big_blind,current,2026093001,readout,0
A,no_large_raise,254,tight_passive,big_blind,current,2026093001,readout,12300
A,continued,3,tight_passive,button,current,2026093001,readout,0
A,no_large_raise,253,tight_passive,button,current,2026093001,readout,12850
A,continued,5,tight_passive,overall,current,2026093001,readout,0
A,no_large_raise,507,tight_passive,overall,current,2026093001,readout,25150
C,continued,2,tight_passive,big_blind,average,2026093001,readout,0
C,no_large_raise,254,tight_passive,big_blind,average,2026093001,readout,10700
C,continued,4,tight_passive,button,average,2026093001,readout,-1600
C,no_large_raise,252,tight_passive,button,average,2026093001,readout,13950
C,continued,6,tight_passive,overall,average,2026093001,readout,-1600
C,no_large_raise,506,tight_passive,overall,average,2026093001,readout,24650
C,continued,2,tight_passive,big_blind,current,2026093001,readout,200
C,no_large_raise,254,tight_passive,big_blind,current,2026093001,readout,12400
C,continued,3,tight_passive,button,current,2026093001,readout,0
C,no_large_raise,253,tight_passive,button,current,2026093001,readout,16600
C,continued,5,tight_passive,overall,current,2026093001,readout,200
C,no_large_raise,507,tight_passive,overall,current,2026093001,readout,29000
A,continued,2,tight_passive,big_blind,average,2026093002,readout,800
A,no_large_raise,254,tight_passive,big_blind,average,2026093002,readout,12300
A,continued,2,tight_passive,button,average,2026093002,readout,0
A,no_large_raise,254,tight_passive,button,average,2026093002,readout,12100
A,continued,4,tight_passive,overall,average,2026093002,readout,800
A,no_large_raise,508,tight_passive,overall,average,2026093002,readout,24400
A,continued,1,tight_passive,big_blind,current,2026093002,readout,2000
A,no_large_raise,255,tight_passive,big_blind,current,2026093002,readout,12500
A,continued,1,tight_passive,button,current,2026093002,readout,1800
A,no_large_raise,255,tight_passive,button,current,2026093002,readout,11100
A,continued,2,tight_passive,overall,current,2026093002,readout,3800
A,no_large_raise,510,tight_passive,overall,current,2026093002,readout,23600
C,folded,1,tight_passive,big_blind,average,2026093002,readout,900
C,no_large_raise,255,tight_passive,big_blind,average,2026093002,readout,10800
C,continued,3,tight_passive,button,average,2026093002,readout,800
C,no_large_raise,253,tight_passive,button,average,2026093002,readout,18200
C,continued,3,tight_passive,overall,average,2026093002,readout,800
C,folded,1,tight_passive,overall,average,2026093002,readout,900
C,no_large_raise,508,tight_passive,overall,average,2026093002,readout,29000
C,folded,1,tight_passive,big_blind,current,2026093002,readout,400
C,no_large_raise,255,tight_passive,big_blind,current,2026093002,readout,11100
C,continued,1,tight_passive,button,current,2026093002,readout,-2000
C,no_large_raise,255,tight_passive,button,current,2026093002,readout,18850
C,continued,1,tight_passive,overall,current,2026093002,readout,-2000
C,folded,1,tight_passive,overall,current,2026093002,readout,400
C,no_large_raise,510,tight_passive,overall,current,2026093002,readout,29950
A,continued,2,tight_passive,big_blind,average,2026093003,readout,800
A,no_large_raise,254,tight_passive,big_blind,average,2026093003,readout,12000
A,continued,6,tight_passive,button,average,2026093003,readout,-1800
A,no_large_raise,250,tight_passive,button,average,2026093003,readout,12550
A,continued,8,tight_passive,overall,average,2026093003,readout,-1000
A,no_large_raise,504,tight_passive,overall,average,2026093003,readout,24550
A,continued,2,tight_passive,big_blind,current,2026093003,readout,800
A,no_large_raise,254,tight_passive,big_blind,current,2026093003,readout,11000
A,continued,4,tight_passive,button,current,2026093003,readout,1800
A,no_large_raise,252,tight_passive,button,current,2026093003,readout,16850
A,continued,6,tight_passive,overall,current,2026093003,readout,2600
A,no_large_raise,506,tight_passive,overall,current,2026093003,readout,27850
C,continued,1,tight_passive,big_blind,average,2026093003,readout,1200
C,no_large_raise,255,tight_passive,big_blind,average,2026093003,readout,11700
C,continued,1,tight_passive,button,average,2026093003,readout,-2000
C,no_large_raise,255,tight_passive,button,average,2026093003,readout,15500
C,continued,2,tight_passive,overall,average,2026093003,readout,-800
C,no_large_raise,510,tight_passive,overall,average,2026093003,readout,27200
C,continued,2,tight_passive,big_blind,current,2026093003,readout,0
C,no_large_raise,254,tight_passive,big_blind,current,2026093003,readout,13000
C,continued,1,tight_passive,button,current,2026093003,readout,-2000
C,no_large_raise,255,tight_passive,button,current,2026093003,readout,18300
C,continued,3,tight_passive,overall,current,2026093003,readout,-2000
C,no_large_raise,509,tight_passive,overall,current,2026093003,readout,31300
A,continued,11,uniform,big_blind,average,2026093001,readout,6000
A,folded,13,uniform,big_blind,average,2026093001,readout,7900
A,no_large_raise,232,uniform,big_blind,average,2026093001,readout,12000
A,continued,17,uniform,button,average,2026093001,readout,5200
A,folded,12,uniform,button,average,2026093001,readout,7700
A,no_large_raise,227,uniform,button,average,2026093001,readout,17700
A,continued,28,uniform,overall,average,2026093001,readout,11200
A,folded,25,uniform,overall,average,2026093001,readout,15600
A,no_large_raise,459,uniform,overall,average,2026093001,readout,29700
A,continued,4,uniform,big_blind,current,2026093001,readout,-4000
A,folded,12,uniform,big_blind,current,2026093001,readout,8300
A,no_large_raise,240,uniform,big_blind,current,2026093001,readout,13300
A,continued,18,uniform,button,current,2026093001,readout,12900
A,folded,20,uniform,button,current,2026093001,readout,13700
A,no_large_raise,218,uniform,button,current,2026093001,readout,18500
A,continued,22,uniform,overall,current,2026093001,readout,8900
A,folded,32,uniform,overall,current,2026093001,readout,22000
A,no_large_raise,458,uniform,overall,current,2026093001,readout,31800
C,continued,9,uniform,big_blind,average,2026093001,readout,4900
C,folded,15,uniform,big_blind,average,2026093001,readout,11000
C,no_large_raise,232,uniform,big_blind,average,2026093001,readout,6100
C,continued,21,uniform,button,average,2026093001,readout,12000
C,folded,14,uniform,button,average,2026093001,readout,10600
C,no_large_raise,221,uniform,button,average,2026093001,readout,13750
C,continued,30,uniform,overall,average,2026093001,readout,16900
C,folded,29,uniform,overall,average,2026093001,readout,21600
C,no_large_raise,453,uniform,overall,average,2026093001,readout,19850
C,continued,11,uniform,big_blind,current,2026093001,readout,9500
C,folded,14,uniform,big_blind,current,2026093001,readout,9500
C,no_large_raise,231,uniform,big_blind,current,2026093001,readout,8600
C,continued,18,uniform,button,current,2026093001,readout,7700
C,folded,19,uniform,button,current,2026093001,readout,14500
C,no_large_raise,219,uniform,button,current,2026093001,readout,17700
C,continued,29,uniform,overall,current,2026093001,readout,17200
C,folded,33,uniform,overall,current,2026093001,readout,24000
C,no_large_raise,450,uniform,overall,current,2026093001,readout,26300
A,continued,13,uniform,big_blind,average,2026093002,readout,9800
A,folded,13,uniform,big_blind,average,2026093002,readout,8700
A,no_large_raise,230,uniform,big_blind,average,2026093002,readout,5500
A,continued,22,uniform,button,average,2026093002,readout,8000
A,folded,18,uniform,button,average,2026093002,readout,13600
A,no_large_raise,216,uniform,button,average,2026093002,readout,21900
A,continued,35,uniform,overall,average,2026093002,readout,17800
A,folded,31,uniform,overall,average,2026093002,readout,22300
A,no_large_raise,446,uniform,overall,average,2026093002,readout,27400
A,continued,11,uniform,big_blind,current,2026093002,readout,6200
A,folded,9,uniform,big_blind,current,2026093002,readout,6100
A,no_large_raise,236,uniform,big_blind,current,2026093002,readout,-400
A,continued,16,uniform,button,current,2026093002,readout,5700
A,folded,16,uniform,button,current,2026093002,readout,10500
A,no_large_raise,224,uniform,button,current,2026093002,readout,12200
A,continued,27,uniform,overall,current,2026093002,readout,11900
A,folded,25,uniform,overall,current,2026093002,readout,16600
A,no_large_raise,460,uniform,overall,current,2026093002,readout,11800
C,continued,12,uniform,big_blind,average,2026093002,readout,12600
C,folded,9,uniform,big_blind,average,2026093002,readout,6500
C,no_large_raise,235,uniform,big_blind,average,2026093002,readout,-5000
C,continued,18,uniform,button,average,2026093002,readout,13300
C,folded,17,uniform,button,average,2026093002,readout,12500
C,no_large_raise,221,uniform,button,average,2026093002,readout,10750
C,continued,30,uniform,overall,average,2026093002,readout,25900
C,folded,26,uniform,overall,average,2026093002,readout,19000
C,no_large_raise,456,uniform,overall,average,2026093002,readout,5750
C,continued,9,uniform,big_blind,current,2026093002,readout,13200
C,folded,14,uniform,big_blind,current,2026093002,readout,8900
C,no_large_raise,233,uniform,big_blind,current,2026093002,readout,3700
C,continued,22,uniform,button,current,2026093002,readout,18900
C,folded,25,uniform,button,current,2026093002,readout,19200
C,no_large_raise,209,uniform,button,current,2026093002,readout,-300
C,continued,31,uniform,overall,current,2026093002,readout,32100
C,folded,39,uniform,overall,current,2026093002,readout,28100
C,no_large_raise,442,uniform,overall,current,2026093002,readout,3400
A,continued,17,uniform,big_blind,average,2026093003,readout,13400
A,folded,12,uniform,big_blind,average,2026093003,readout,9500
A,no_large_raise,227,uniform,big_blind,average,2026093003,readout,6400
A,continued,19,uniform,button,average,2026093003,readout,15400
A,folded,16,uniform,button,average,2026093003,readout,11500
A,no_large_raise,221,uniform,button,average,2026093003,readout,-350
A,continued,36,uniform,overall,average,2026093003,readout,28800
A,folded,28,uniform,overall,average,2026093003,readout,21000
A,no_large_raise,448,uniform,overall,average,2026093003,readout,6050
A,continued,7,uniform,big_blind,current,2026093003,readout,5800
A,folded,14,uniform,big_blind,current,2026093003,readout,9700
A,no_large_raise,235,uniform,big_blind,current,2026093003,readout,2400
A,continued,18,uniform,button,current,2026093003,readout,14000
A,folded,16,uniform,button,current,2026093003,readout,11100
A,no_large_raise,222,uniform,button,current,2026093003,readout,7900
A,continued,25,uniform,overall,current,2026093003,readout,19800
A,folded,30,uniform,overall,current,2026093003,readout,20800
A,no_large_raise,457,uniform,overall,current,2026093003,readout,10300
C,continued,10,uniform,big_blind,average,2026093003,readout,7200
C,folded,13,uniform,big_blind,average,2026093003,readout,9000
C,no_large_raise,233,uniform,big_blind,average,2026093003,readout,6300
C,continued,16,uniform,button,average,2026093003,readout,12000
C,folded,16,uniform,button,average,2026093003,readout,11500
C,no_large_raise,224,uniform,button,average,2026093003,readout,-1500
C,continued,26,uniform,overall,average,2026093003,readout,19200
C,folded,29,uniform,overall,average,2026093003,readout,20500
C,no_large_raise,457,uniform,overall,average,2026093003,readout,4800
C,continued,11,uniform,big_blind,current,2026093003,readout,2200
C,folded,12,uniform,big_blind,current,2026093003,readout,8100
C,no_large_raise,233,uniform,big_blind,current,2026093003,readout,-3500
C,continued,18,uniform,button,current,2026093003,readout,17200
C,folded,22,uniform,button,current,2026093003,readout,16600
C,no_large_raise,216,uniform,button,current,2026093003,readout,3000
C,continued,29,uniform,overall,current,2026093003,readout,19400
C,folded,34,uniform,overall,current,2026093003,readout,24700
C,no_large_raise,449,uniform,overall,current,2026093003,readout,-500
