run,deal_seed,hand,player,group,cumulative_bb
two-each-1,2026092411,100,loose-aggressive,scripted,467.0
two-each-1,2026092411,100,random-1,random,-736.75
two-each-1,2026092411,100,random-2,random,1155.25
two-each-1,2026092411,100,tight-passive,scripted,258.0
two-each-1,2026092411,100,trained-1,trained,-671.5
two-each-1,2026092411,100,trained-2,trained,-472.0
two-each-1,2026092411,200,loose-aggressive,scripted,1339.5
two-each-1,2026092411,200,random-1,random,-326.75
two-each-1,2026092411,200,random-2,random,-85.5
two-each-1,2026092411,200,tight-passive,scripted,381.5
two-each-1,2026092411,200,trained-1,trained,-1105.25
two-each-1,2026092411,200,trained-2,trained,-203.5
two-each-1,2026092411,300,loose-aggressive,scripted,1760.5
two-each-1,2026092411,300,random-1,random,-412.75
two-each-1,2026092411,300,random-2,random,-1037.5
two-each-1,2026092411,300,tight-passive,scripted,1165.0
two-each-1,2026092411,300,trained-1,trained,-339.25
two-each-1,2026092411,300,trained-2,trained,-1136.0
two-each-1,2026092411,400,loose-aggressive,scripted,3915.0
two-each-1,2026092411,400,random-1,random,-415.25
two-each-1,2026092411,400,random-2,random,-1826.5
two-each-1,2026092411,400,tight-passive,scripted,1035.5
two-each-1,2026092411,400,trained-1,trained,-839.75
two-each-1,2026092411,400,trained-2,trained,-1869.0
two-each-1,2026092411,500,loose-aggressive,scripted,5418.0
two-each-1,2026092411,500,random-1,random,-1029.25
two-each-1,2026092411,500,random-2,random,-2037.0
two-each-1,2026092411,500,tight-passive,scripted,1313.0
two-each-1,2026092411,500,trained-1,trained,-1314.5
two-each-1,2026092411,500,trained-2,trained,-2350.25
two-each-1,2026092411,600,loose-aggressive,scripted,6733.5
two-each-1,2026092411,600,random-1,random,-1515.25
two-each-1,2026092411,600,random-2,random,-2776.25
two-each-1,2026092411,600,tight-passive,scripted,1179.5
two-each-1,2026092411,600,trained-1,trained,-261.75
two-each-1,2026092411,600,trained-2,trained,-3359.75
two-each-1,2026092411,700,loose-aggressive,scripted,7389.5
two-each-1,2026092411,700,random-1,random,-1504.0
two-each-1,2026092411,700,random-2,random,-2526.25
two-each-1,2026092411,700,tight-passive,scripted,1248.0
two-each-1,2026092411,700,trained-1,trained,-822.5
two-each-1,2026092411,700,trained-2,trained,-3784.75
two-each-1,2026092411,800,loose-aggressive,scripted,9585.5
two-each-1,2026092411,800,random-1,random,-3161.5
two-each-1,2026092411,800,random-2,random,-2205.75
two-each-1,2026092411,800,tight-passive,scripted,962.5
two-each-1,2026092411,800,trained-1,trained,-1826.5
two-each-1,2026092411,800,trained-2,trained,-3354.25
two-each-1,2026092411,900,loose-aggressive,scripted,10805.25
two-each-1,2026092411,900,random-1,random,-3996.75
two-each-1,2026092411,900,random-2,random,-2954.75
two-each-1,2026092411,900,tight-passive,scripted,1257.5
two-each-1,2026092411,900,trained-1,trained,-1466.0
two-each-1,2026092411,900,trained-2,trained,-3645.25
two-each-1,2026092411,1000,loose-aggressive,scripted,11097.0
two-each-1,2026092411,1000,random-1,random,-4163.25
two-each-1,2026092411,1000,random-2,random,-2108.75
two-each-1,2026092411,1000,tight-passive,scripted,1099.5
two-each-1,2026092411,1000,trained-1,trained,-2628.0
two-each-1,2026092411,1000,trained-2,trained,-3296.5
two-each-1,2026092411,1100,loose-aggressive,scripted,11466.5
two-each-1,2026092411,1100,random-1,random,-4628.5
two-each-1,2026092411,1100,random-2,random,-2612.5
two-each-1,2026092411,1100,tight-passive,scripted,1414.5
two-each-1,2026092411,1100,trained-1,trained,-1971.0
two-each-1,2026092411,1100,trained-2,trained,-3669.0
two-each-1,2026092411,1200,loose-aggressive,scripted,12763.5
two-each-1,2026092411,1200,random-1,random,-4939.0
two-each-1,2026092411,1200,random-2,random,-2850.75
two-each-1,2026092411,1200,tight-passive,scripted,1356.5
two-each-1,2026092411,1200,trained-1,trained,-2587.25
two-each-1,2026092411,1200,trained-2,trained,-3743.0
two-each-1,2026092411,1300,loose-aggressive,scripted,12787.5
two-each-1,2026092411,1300,random-1,random,-5493.0
two-each-1,2026092411,1300,random-2,random,-2474.5
two-each-1,2026092411,1300,tight-passive,scripted,2006.0
two-each-1,2026092411,1300,trained-1,trained,-3226.25
two-each-1,2026092411,1300,trained-2,trained,-3599.75
two-each-1,2026092411,1400,loose-aggressive,scripted,13172.5
two-each-1,2026092411,1400,random-1,random,-6262.0
two-each-1,2026092411,1400,random-2,random,-2081.0
two-each-1,2026092411,1400,tight-passive,scripted,1851.0
two-each-1,2026092411,1400,trained-1,trained,-3250.25
two-each-1,2026092411,1400,trained-2,trained,-3430.25
two-each-1,2026092411,1500,loose-aggressive,scripted,13668.5
two-each-1,2026092411,1500,random-1,random,-7149.75
two-each-1,2026092411,1500,random-2,random,-2911.5
two-each-1,2026092411,1500,tight-passive,scripted,1853.0
two-each-1,2026092411,1500,trained-1,trained,-2576.75
two-each-1,2026092411,1500,trained-2,trained,-2883.5
two-each-1,2026092411,1600,loose-aggressive,scripted,13910.5
two-each-1,2026092411,1600,random-1,random,-7546.5
two-each-1,2026092411,1600,random-2,random,-3750.0
two-each-1,2026092411,1600,tight-passive,scripted,2440.25
two-each-1,2026092411,1600,trained-1,trained,-2855.5
two-each-1,2026092411,1600,trained-2,trained,-2198.75
two-each-1,2026092411,1700,loose-aggressive,scripted,14705.0
two-each-1,2026092411,1700,random-1,random,-7926.5
two-each-1,2026092411,1700,random-2,random,-4098.0
two-each-1,2026092411,1700,tight-passive,scripted,3000.75
two-each-1,2026092411,1700,trained-1,trained,-2076.5
two-each-1,2026092411,1700,trained-2,trained,-3604.75
two-each-1,2026092411,1800,loose-aggressive,scripted,15585.0
two-each-1,2026092411,1800,random-1,random,-6601.75
two-each-1,2026092411,1800,random-2,random,-4174.5
two-each-1,2026092411,1800,tight-passive,scripted,2858.75
two-each-1,2026092411,1800,trained-1,trained,-3309.0
two-each-1,2026092411,1800,trained-2,trained,-4358.5
two-each-1,2026092411,1900,loose-aggressive,scripted,16849.0
two-each-1,2026092411,1900,random-1,random,-6976.25
two-each-1,2026092411,1900,random-2,random,-4313.25
two-each-1,2026092411,1900,tight-passive,scripted,3133.75
two-each-1,2026092411,1900,trained-1,trained,-3472.0
two-each-1,2026092411,1900,trained-2,trained,-5221.25
two-each-1,2026092411,2000,loose-aggressive,scripted,18404.5
two-each-1,2026092411,2000,random-1,random,-8653.5
two-each-1,2026092411,2000,random-2,random,-4768.0
two-each-1,2026092411,2000,tight-passive,scripted,3385.75
two-each-1,2026092411,2000,trained-1,trained,-3391.5
two-each-1,2026092411,2000,trained-2,trained,-4977.25
two-each-1,2026092411,2100,loose-aggressive,scripted,19656.5
two-each-1,2026092411,2100,random-1,random,-9314.5
two-each-1,2026092411,2100,random-2,random,-4940.5
two-each-1,2026092411,2100,tight-passive,scripted,3654.25
two-each-1,2026092411,2100,trained-1,trained,-3444.5
two-each-1,2026092411,2100,trained-2,trained,-5611.25
two-each-1,2026092411,2200,loose-aggressive,scripted,22051.5
two-each-1,2026092411,2200,random-1,random,-10592.0
two-each-1,2026092411,2200,random-2,random,-5138.5
two-each-1,2026092411,2200,tight-passive,scripted,3511.25
two-each-1,2026092411,2200,trained-1,trained,-4569.0
two-each-1,2026092411,2200,trained-2,trained,-5263.25
two-each-1,2026092411,2300,loose-aggressive,scripted,24213.75
two-each-1,2026092411,2300,random-1,random,-11605.0
two-each-1,2026092411,2300,random-2,random,-6431.0
two-each-1,2026092411,2300,tight-passive,scripted,3533.5
two-each-1,2026092411,2300,trained-1,trained,-4535.5
two-each-1,2026092411,2300,trained-2,trained,-5175.75
two-each-1,2026092411,2400,loose-aggressive,scripted,25604.75
two-each-1,2026092411,2400,random-1,random,-11476.25
two-each-1,2026092411,2400,random-2,random,-8043.0
two-each-1,2026092411,2400,tight-passive,scripted,4210.5
two-each-1,2026092411,2400,trained-1,trained,-4671.0
two-each-1,2026092411,2400,trained-2,trained,-5625.0
two-each-1,2026092411,2500,loose-aggressive,scripted,26235.75
two-each-1,2026092411,2500,random-1,random,-11502.75
two-each-1,2026092411,2500,random-2,random,-7384.5
two-each-1,2026092411,2500,tight-passive,scripted,4209.0
two-each-1,2026092411,2500,trained-1,trained,-5030.5
two-each-1,2026092411,2500,trained-2,trained,-6527.0
two-each-1,2026092411,2600,loose-aggressive,scripted,27646.75
two-each-1,2026092411,2600,random-1,random,-11807.0
two-each-1,2026092411,2600,random-2,random,-9469.0
two-each-1,2026092411,2600,tight-passive,scripted,4104.0
two-each-1,2026092411,2600,trained-1,trained,-4993.0
two-each-1,2026092411,2600,trained-2,trained,-5481.75
two-each-1,2026092411,2700,loose-aggressive,scripted,27799.75
two-each-1,2026092411,2700,random-1,random,-11662.5
two-each-1,2026092411,2700,random-2,random,-9107.5
two-each-1,2026092411,2700,tight-passive,scripted,4447.25
two-each-1,2026092411,2700,trained-1,trained,-6310.0
two-each-1,2026092411,2700,trained-2,trained,-5167.0
two-each-1,2026092411,2800,loose-aggressive,scripted,28744.0
two-each-1,2026092411,2800,random-1,random,-12331.25
two-each-1,2026092411,2800,random-2,random,-8758.75
two-each-1,2026092411,2800,tight-passive,scripted,4244.5
two-each-1,2026092411,2800,trained-1,trained,-6763.5
two-each-1,2026092411,2800,trained-2,trained,-5135.0
two-each-1,2026092411,2900,loose-aggressive,scripted,29779.5
two-each-1,2026092411,2900,random-1,random,-12712.75
two-each-1,2026092411,2900,random-2,random,-8477.25
two-each-1,2026092411,2900,tight-passive,scripted,4084.0
two-each-1,2026092411,2900,trained-1,trained,-7084.5
two-each-1,2026092411,2900,trained-2,trained,-5589.0
two-each-1,2026092411,3000,loose-aggressive,scripted,30844.5
two-each-1,2026092411,3000,random-1,random,-12907.75
two-each-1,2026092411,3000,random-2,random,-9493.75
two-each-1,2026092411,3000,tight-passive,scripted,4288.5
two-each-1,2026092411,3000,trained-1,trained,-6987.75
two-each-1,2026092411,3000,trained-2,trained,-5743.75
two-each-2,2026092412,100,loose-aggressive,scripted,2068.12
two-each-2,2026092412,100,random-1,random,-512.37
two-each-2,2026092412,100,random-2,random,-1067.25
two-each-2,2026092412,100,tight-passive,scripted,165.13
two-each-2,2026092412,100,trained-1,trained,-460.38
two-each-2,2026092412,100,trained-2,trained,-193.25
two-each-2,2026092412,200,loose-aggressive,scripted,2113.62
two-each-2,2026092412,200,random-1,random,-178.87
two-each-2,2026092412,200,random-2,random,-1007.25
two-each-2,2026092412,200,tight-passive,scripted,501.63
two-each-2,2026092412,200,trained-1,trained,-558.38
two-each-2,2026092412,200,trained-2,trained,-870.75
two-each-2,2026092412,300,loose-aggressive,scripted,3337.37
two-each-2,2026092412,300,random-1,random,-470.87
two-each-2,2026092412,300,random-2,random,-939.75
two-each-2,2026092412,300,tight-passive,scripted,689.63
two-each-2,2026092412,300,trained-1,trained,-1445.88
two-each-2,2026092412,300,trained-2,trained,-1170.5
two-each-2,2026092412,400,loose-aggressive,scripted,3912.87
two-each-2,2026092412,400,random-1,random,-365.87
two-each-2,2026092412,400,random-2,random,-1347.75
two-each-2,2026092412,400,tight-passive,scripted,1163.63
two-each-2,2026092412,400,trained-1,trained,-2283.63
two-each-2,2026092412,400,trained-2,trained,-1079.25
two-each-2,2026092412,500,loose-aggressive,scripted,5017.87
two-each-2,2026092412,500,random-1,random,-668.87
two-each-2,2026092412,500,random-2,random,-2088.75
two-each-2,2026092412,500,tight-passive,scripted,1832.13
two-each-2,2026092412,500,trained-1,trained,-3128.63
two-each-2,2026092412,500,trained-2,trained,-963.75
two-each-2,2026092412,600,loose-aggressive,scripted,5949.37
two-each-2,2026092412,600,random-1,random,-889.37
two-each-2,2026092412,600,random-2,random,-2746.75
two-each-2,2026092412,600,tight-passive,scripted,1569.13
two-each-2,2026092412,600,trained-1,trained,-2696.13
two-each-2,2026092412,600,trained-2,trained,-1186.25
two-each-2,2026092412,700,loose-aggressive,scripted,7639.87
two-each-2,2026092412,700,random-1,random,-1764.37
two-each-2,2026092412,700,random-2,random,-2485.25
two-each-2,2026092412,700,tight-passive,scripted,1644.13
two-each-2,2026092412,700,trained-1,trained,-2538.13
two-each-2,2026092412,700,trained-2,trained,-2496.25
two-each-2,2026092412,800,loose-aggressive,scripted,8585.87
two-each-2,2026092412,800,random-1,random,-2129.87
two-each-2,2026092412,800,random-2,random,-2404.25
two-each-2,2026092412,800,tight-passive,scripted,1846.13
two-each-2,2026092412,800,trained-1,trained,-2572.13
two-each-2,2026092412,800,trained-2,trained,-3325.75
two-each-2,2026092412,900,loose-aggressive,scripted,9184.87
two-each-2,2026092412,900,random-1,random,-1914.62
two-each-2,2026092412,900,random-2,random,-2871.25
two-each-2,2026092412,900,tight-passive,scripted,2522.88
two-each-2,2026092412,900,trained-1,trained,-4221.38
two-each-2,2026092412,900,trained-2,trained,-2700.5
two-each-2,2026092412,1000,loose-aggressive,scripted,10253.87
two-each-2,2026092412,1000,random-1,random,-1633.62
two-each-2,2026092412,1000,random-2,random,-3366.25
two-each-2,2026092412,1000,tight-passive,scripted,2605.38
two-each-2,2026092412,1000,trained-1,trained,-5158.38
two-each-2,2026092412,1000,trained-2,trained,-2701.0
two-each-2,2026092412,1100,loose-aggressive,scripted,10996.37
two-each-2,2026092412,1100,random-1,random,-1313.12
two-each-2,2026092412,1100,random-2,random,-3873.25
two-each-2,2026092412,1100,tight-passive,scripted,2976.88
two-each-2,2026092412,1100,trained-1,trained,-6046.88
two-each-2,2026092412,1100,trained-2,trained,-2740.0
two-each-2,2026092412,1200,loose-aggressive,scripted,12412.37
two-each-2,2026092412,1200,random-1,random,-1971.12
two-each-2,2026092412,1200,random-2,random,-3380.5
two-each-2,2026092412,1200,tight-passive,scripted,3136.38
two-each-2,2026092412,1200,trained-1,trained,-6756.13
two-each-2,2026092412,1200,trained-2,trained,-3441.0
two-each-2,2026092412,1300,loose-aggressive,scripted,13421.62
two-each-2,2026092412,1300,random-1,random,-3628.12
two-each-2,2026092412,1300,random-2,random,-3729.5
two-each-2,2026092412,1300,tight-passive,scripted,3016.38
two-each-2,2026092412,1300,trained-1,trained,-6070.38
two-each-2,2026092412,1300,trained-2,trained,-3010.0
two-each-2,2026092412,1400,loose-aggressive,scripted,12939.12
two-each-2,2026092412,1400,random-1,random,-3920.12
two-each-2,2026092412,1400,random-2,random,-3013.5
two-each-2,2026092412,1400,tight-passive,scripted,2969.38
two-each-2,2026092412,1400,trained-1,trained,-6601.88
two-each-2,2026092412,1400,trained-2,trained,-2373.0
two-each-2,2026092412,1500,loose-aggressive,scripted,12469.12
two-each-2,2026092412,1500,random-1,random,-4000.62
two-each-2,2026092412,1500,random-2,random,-1420.75
two-each-2,2026092412,1500,tight-passive,scripted,3251.13
two-each-2,2026092412,1500,trained-1,trained,-7308.13
two-each-2,2026092412,1500,trained-2,trained,-2990.75
two-each-2,2026092412,1600,loose-aggressive,scripted,13638.37
two-each-2,2026092412,1600,random-1,random,-5491.62
two-each-2,2026092412,1600,random-2,random,-2593.75
two-each-2,2026092412,1600,tight-passive,scripted,3976.13
two-each-2,2026092412,1600,trained-1,trained,-8445.88
two-each-2,2026092412,1600,trained-2,trained,-1083.25
two-each-2,2026092412,1700,loose-aggressive,scripted,13918.37
two-each-2,2026092412,1700,random-1,random,-4975.62
two-each-2,2026092412,1700,random-2,random,-3132.25
two-each-2,2026092412,1700,tight-passive,scripted,4387.13
two-each-2,2026092412,1700,trained-1,trained,-8685.88
two-each-2,2026092412,1700,trained-2,trained,-1511.75
two-each-2,2026092412,1800,loose-aggressive,scripted,15412.87
two-each-2,2026092412,1800,random-1,random,-5327.37
two-each-2,2026092412,1800,random-2,random,-3498.25
two-each-2,2026092412,1800,tight-passive,scripted,4466.13
two-each-2,2026092412,1800,trained-1,trained,-9239.38
two-each-2,2026092412,1800,trained-2,trained,-1814.0
two-each-2,2026092412,1900,loose-aggressive,scripted,16816.87
two-each-2,2026092412,1900,random-1,random,-6474.62
two-each-2,2026092412,1900,random-2,random,-3273.0
two-each-2,2026092412,1900,tight-passive,scripted,4373.13
two-each-2,2026092412,1900,trained-1,trained,-9350.88
two-each-2,2026092412,1900,trained-2,trained,-2091.5
two-each-2,2026092412,2000,loose-aggressive,scripted,17726.87
two-each-2,2026092412,2000,random-1,random,-5839.12
two-each-2,2026092412,2000,random-2,random,-3484.25
two-each-2,2026092412,2000,tight-passive,scripted,4438.63
two-each-2,2026092412,2000,trained-1,trained,-9710.88
two-each-2,2026092412,2000,trained-2,trained,-3131.25
two-each-2,2026092412,2100,loose-aggressive,scripted,17471.87
two-each-2,2026092412,2100,random-1,random,-5875.62
two-each-2,2026092412,2100,random-2,random,-3305.5
two-each-2,2026092412,2100,tight-passive,scripted,4596.63
two-each-2,2026092412,2100,trained-1,trained,-9464.38
two-each-2,2026092412,2100,trained-2,trained,-3423.0
two-each-2,2026092412,2200,loose-aggressive,scripted,18113.87
two-each-2,2026092412,2200,random-1,random,-6662.87
two-each-2,2026092412,2200,random-2,random,-4214.0
two-each-2,2026092412,2200,tight-passive,scripted,4964.63
two-each-2,2026092412,2200,trained-1,trained,-8974.63
two-each-2,2026092412,2200,trained-2,trained,-3227.0
two-each-2,2026092412,2300,loose-aggressive,scripted,20459.87
two-each-2,2026092412,2300,random-1,random,-6896.87
two-each-2,2026092412,2300,random-2,random,-3852.25
two-each-2,2026092412,2300,tight-passive,scripted,4805.63
two-each-2,2026092412,2300,trained-1,trained,-9919.38
two-each-2,2026092412,2300,trained-2,trained,-4597.0
two-each-2,2026092412,2400,loose-aggressive,scripted,21884.37
two-each-2,2026092412,2400,random-1,random,-8586.87
two-each-2,2026092412,2400,random-2,random,-2865.75
two-each-2,2026092412,2400,tight-passive,scripted,5018.63
two-each-2,2026092412,2400,trained-1,trained,-10746.38
two-each-2,2026092412,2400,trained-2,trained,-4704.0
two-each-2,2026092412,2500,loose-aggressive,scripted,23209.12
two-each-2,2026092412,2500,random-1,random,-8432.62
two-each-2,2026092412,2500,random-2,random,-3457.25
two-each-2,2026092412,2500,tight-passive,scripted,5204.63
two-each-2,2026092412,2500,trained-1,trained,-11804.88
two-each-2,2026092412,2500,trained-2,trained,-4719.0
two-each-2,2026092412,2600,loose-aggressive,scripted,23037.87
two-each-2,2026092412,2600,random-1,random,-9100.12
two-each-2,2026092412,2600,random-2,random,-3198.5
two-each-2,2026092412,2600,tight-passive,scripted,5395.13
two-each-2,2026092412,2600,trained-1,trained,-11612.88
two-each-2,2026092412,2600,trained-2,trained,-4521.5
two-each-2,2026092412,2700,loose-aggressive,scripted,24724.37
two-each-2,2026092412,2700,random-1,random,-10812.37
two-each-2,2026092412,2700,random-2,random,-3167.25
two-each-2,2026092412,2700,tight-passive,scripted,5478.88
two-each-2,2026092412,2700,trained-1,trained,-12002.38
two-each-2,2026092412,2700,trained-2,trained,-4221.25
two-each-2,2026092412,2800,loose-aggressive,scripted,26893.87
two-each-2,2026092412,2800,random-1,random,-11449.37
two-each-2,2026092412,2800,random-2,random,-4733.75
two-each-2,2026092412,2800,tight-passive,scripted,6124.88
two-each-2,2026092412,2800,trained-1,trained,-12458.38
two-each-2,2026092412,2800,trained-2,trained,-4377.25
two-each-2,2026092412,2900,loose-aggressive,scripted,28087.46
two-each-2,2026092412,2900,random-1,random,-12574.04
two-each-2,2026092412,2900,random-2,random,-4922.25
two-each-2,2026092412,2900,tight-passive,scripted,6215.38
two-each-2,2026092412,2900,trained-1,trained,-12779.63
two-each-2,2026092412,2900,trained-2,trained,-4026.92
two-each-2,2026092412,3000,loose-aggressive,scripted,30580.46
two-each-2,2026092412,3000,random-1,random,-12777.54
two-each-2,2026092412,3000,random-2,random,-6247.25
two-each-2,2026092412,3000,tight-passive,scripted,6399.88
two-each-2,2026092412,3000,trained-1,trained,-13710.63
two-each-2,2026092412,3000,trained-2,trained,-4244.92
two-each-3,2026092413,100,loose-aggressive,scripted,619.0
two-each-3,2026092413,100,random-1,random,-906.75
two-each-3,2026092413,100,random-2,random,-210.0
two-each-3,2026092413,100,tight-passive,scripted,-110.0
two-each-3,2026092413,100,trained-1,trained,105.25
two-each-3,2026092413,100,trained-2,trained,502.5
two-each-3,2026092413,200,loose-aggressive,scripted,2663.25
two-each-3,2026092413,200,random-1,random,-2057.0
two-each-3,2026092413,200,random-2,random,-1486.0
two-each-3,2026092413,200,tight-passive,scripted,233.0
two-each-3,2026092413,200,trained-1,trained,318.75
two-each-3,2026092413,200,trained-2,trained,328.0
two-each-3,2026092413,300,loose-aggressive,scripted,3208.75
two-each-3,2026092413,300,random-1,random,-2445.5
two-each-3,2026092413,300,random-2,random,-1375.5
two-each-3,2026092413,300,tight-passive,scripted,202.25
two-each-3,2026092413,300,trained-1,trained,295.25
two-each-3,2026092413,300,trained-2,trained,114.75
two-each-3,2026092413,400,loose-aggressive,scripted,3850.25
two-each-3,2026092413,400,random-1,random,-2944.0
two-each-3,2026092413,400,random-2,random,-1550.5
two-each-3,2026092413,400,tight-passive,scripted,452.75
two-each-3,2026092413,400,trained-1,trained,218.75
two-each-3,2026092413,400,trained-2,trained,-27.25
two-each-3,2026092413,500,loose-aggressive,scripted,3112.25
two-each-3,2026092413,500,random-1,random,-1836.25
two-each-3,2026092413,500,random-2,random,-1563.75
two-each-3,2026092413,500,tight-passive,scripted,523.25
two-each-3,2026092413,500,trained-1,trained,-505.25
two-each-3,2026092413,500,trained-2,trained,269.75
two-each-3,2026092413,600,loose-aggressive,scripted,4804.5
two-each-3,2026092413,600,random-1,random,-2910.75
two-each-3,2026092413,600,random-2,random,-1481.75
two-each-3,2026092413,600,tight-passive,scripted,583.0
two-each-3,2026092413,600,trained-1,trained,-1327.25
two-each-3,2026092413,600,trained-2,trained,332.25
two-each-3,2026092413,700,loose-aggressive,scripted,6052.5
two-each-3,2026092413,700,random-1,random,-4239.25
two-each-3,2026092413,700,random-2,random,-1176.75
two-each-3,2026092413,700,tight-passive,scripted,478.5
two-each-3,2026092413,700,trained-1,trained,-1238.25
two-each-3,2026092413,700,trained-2,trained,123.25
two-each-3,2026092413,800,loose-aggressive,scripted,6776.5
two-each-3,2026092413,800,random-1,random,-3482.75
two-each-3,2026092413,800,random-2,random,-840.0
two-each-3,2026092413,800,tight-passive,scripted,561.0
two-each-3,2026092413,800,trained-1,trained,-1745.25
two-each-3,2026092413,800,trained-2,trained,-1269.5
two-each-3,2026092413,900,loose-aggressive,scripted,6233.0
two-each-3,2026092413,900,random-1,random,-3417.75
two-each-3,2026092413,900,random-2,random,-504.75
two-each-3,2026092413,900,tight-passive,scripted,852.5
two-each-3,2026092413,900,trained-1,trained,-2325.5
two-each-3,2026092413,900,trained-2,trained,-837.5
two-each-3,2026092413,1000,loose-aggressive,scripted,6937.0
two-each-3,2026092413,1000,random-1,random,-3668.75
two-each-3,2026092413,1000,random-2,random,-585.75
two-each-3,2026092413,1000,tight-passive,scripted,833.75
two-each-3,2026092413,1000,trained-1,trained,-2555.5
two-each-3,2026092413,1000,trained-2,trained,-960.75
two-each-3,2026092413,1100,loose-aggressive,scripted,7747.75
two-each-3,2026092413,1100,random-1,random,-3842.0
two-each-3,2026092413,1100,random-2,random,-607.25
two-each-3,2026092413,1100,tight-passive,scripted,705.25
two-each-3,2026092413,1100,trained-1,trained,-2361.5
two-each-3,2026092413,1100,trained-2,trained,-1642.25
two-each-3,2026092413,1200,loose-aggressive,scripted,8519.75
two-each-3,2026092413,1200,random-1,random,-4804.5
two-each-3,2026092413,1200,random-2,random,-359.75
two-each-3,2026092413,1200,tight-passive,scripted,1282.75
two-each-3,2026092413,1200,trained-1,trained,-2903.0
two-each-3,2026092413,1200,trained-2,trained,-1735.25
two-each-3,2026092413,1300,loose-aggressive,scripted,8724.41
two-each-3,2026092413,1300,random-1,random,-5298.33
two-each-3,2026092413,1300,random-2,random,-150.25
two-each-3,2026092413,1300,tight-passive,scripted,1669.75
two-each-3,2026092413,1300,trained-1,trained,-3084.0
two-each-3,2026092413,1300,trained-2,trained,-1861.58
two-each-3,2026092413,1400,loose-aggressive,scripted,8929.91
two-each-3,2026092413,1400,random-1,random,-5832.58
two-each-3,2026092413,1400,random-2,random,-826.75
two-each-3,2026092413,1400,tight-passive,scripted,2068.25
two-each-3,2026092413,1400,trained-1,trained,-2654.0
two-each-3,2026092413,1400,trained-2,trained,-1684.83
two-each-3,2026092413,1500,loose-aggressive,scripted,8846.41
two-each-3,2026092413,1500,random-1,random,-6168.08
two-each-3,2026092413,1500,random-2,random,-937.75
two-each-3,2026092413,1500,tight-passive,scripted,2734.25
two-each-3,2026092413,1500,trained-1,trained,-1860.5
two-each-3,2026092413,1500,trained-2,trained,-2614.33
two-each-3,2026092413,1600,loose-aggressive,scripted,10458.08
two-each-3,2026092413,1600,random-1,random,-5981.58
two-each-3,2026092413,1600,random-2,random,-2106.59
two-each-3,2026092413,1600,tight-passive,scripted,3105.25
two-each-3,2026092413,1600,trained-1,trained,-1921.33
two-each-3,2026092413,1600,trained-2,trained,-3553.83
two-each-3,2026092413,1700,loose-aggressive,scripted,11112.58
two-each-3,2026092413,1700,random-1,random,-5568.08
two-each-3,2026092413,1700,random-2,random,-2396.59
two-each-3,2026092413,1700,tight-passive,scripted,2870.25
two-each-3,2026092413,1700,trained-1,trained,-2042.33
two-each-3,2026092413,1700,trained-2,trained,-3975.83
two-each-3,2026092413,1800,loose-aggressive,scripted,12880.33
two-each-3,2026092413,1800,random-1,random,-5927.58
two-each-3,2026092413,1800,random-2,random,-2611.84
two-each-3,2026092413,1800,tight-passive,scripted,3094.25
two-each-3,2026092413,1800,trained-1,trained,-3050.33
two-each-3,2026092413,1800,trained-2,trained,-4384.83
two-each-3,2026092413,1900,loose-aggressive,scripted,13733.83
two-each-3,2026092413,1900,random-1,random,-5710.08
two-each-3,2026092413,1900,random-2,random,-2876.34
two-each-3,2026092413,1900,tight-passive,scripted,3369.25
two-each-3,2026092413,1900,trained-1,trained,-3548.33
two-each-3,2026092413,1900,trained-2,trained,-4968.33
two-each-3,2026092413,2000,loose-aggressive,scripted,14348.08
two-each-3,2026092413,2000,random-1,random,-6737.33
two-each-3,2026092413,2000,random-2,random,-2296.34
two-each-3,2026092413,2000,tight-passive,scripted,3739.75
two-each-3,2026092413,2000,trained-1,trained,-3955.58
two-each-3,2026092413,2000,trained-2,trained,-5098.58
two-each-3,2026092413,2100,loose-aggressive,scripted,16290.2
two-each-3,2026092413,2100,random-1,random,-8120.58
two-each-3,2026092413,2100,random-2,random,-2665.09
two-each-3,2026092413,2100,tight-passive,scripted,4168.63
two-each-3,2026092413,2100,trained-1,trained,-4083.33
two-each-3,2026092413,2100,trained-2,trained,-5589.83
two-each-3,2026092413,2200,loose-aggressive,scripted,16514.2
two-each-3,2026092413,2200,random-1,random,-9507.08
two-each-3,2026092413,2200,random-2,random,-2546.34
two-each-3,2026092413,2200,tight-passive,scripted,4590.13
two-each-3,2026092413,2200,trained-1,trained,-3718.08
two-each-3,2026092413,2200,trained-2,trained,-5332.83
two-each-3,2026092413,2300,loose-aggressive,scripted,18402.2
two-each-3,2026092413,2300,random-1,random,-9688.58
two-each-3,2026092413,2300,random-2,random,-4243.34
two-each-3,2026092413,2300,tight-passive,scripted,4959.13
two-each-3,2026092413,2300,trained-1,trained,-3200.08
two-each-3,2026092413,2300,trained-2,trained,-6229.33
two-each-3,2026092413,2400,loose-aggressive,scripted,20367.7
two-each-3,2026092413,2400,random-1,random,-8229.58
two-each-3,2026092413,2400,random-2,random,-6359.84
two-each-3,2026092413,2400,tight-passive,scripted,5110.63
two-each-3,2026092413,2400,trained-1,trained,-4538.58
two-each-3,2026092413,2400,trained-2,trained,-6350.33
two-each-3,2026092413,2500,loose-aggressive,scripted,21097.2
two-each-3,2026092413,2500,random-1,random,-8612.58
two-each-3,2026092413,2500,random-2,random,-6283.09
two-each-3,2026092413,2500,tight-passive,scripted,4974.63
two-each-3,2026092413,2500,trained-1,trained,-5074.83
two-each-3,2026092413,2500,trained-2,trained,-6101.33
two-each-3,2026092413,2600,loose-aggressive,scripted,21768.7
two-each-3,2026092413,2600,random-1,random,-9417.58
two-each-3,2026092413,2600,random-2,random,-6588.09
two-each-3,2026092413,2600,tight-passive,scripted,5253.63
two-each-3,2026092413,2600,trained-1,trained,-4593.83
two-each-3,2026092413,2600,trained-2,trained,-6422.83
two-each-3,2026092413,2700,loose-aggressive,scripted,21923.7
two-each-3,2026092413,2700,random-1,random,-8522.58
two-each-3,2026092413,2700,random-2,random,-7186.59
two-each-3,2026092413,2700,tight-passive,scripted,5450.63
two-each-3,2026092413,2700,trained-1,trained,-4949.33
two-each-3,2026092413,2700,trained-2,trained,-6715.83
two-each-3,2026092413,2800,loose-aggressive,scripted,23070.95
two-each-3,2026092413,2800,random-1,random,-9445.33
two-each-3,2026092413,2800,random-2,random,-7506.09
two-each-3,2026092413,2800,tight-passive,scripted,5395.13
two-each-3,2026092413,2800,trained-1,trained,-4900.58
two-each-3,2026092413,2800,trained-2,trained,-6614.08
two-each-3,2026092413,2900,loose-aggressive,scripted,24072.7
two-each-3,2026092413,2900,random-1,random,-9981.83
two-each-3,2026092413,2900,random-2,random,-7996.84
two-each-3,2026092413,2900,tight-passive,scripted,6388.63
two-each-3,2026092413,2900,trained-1,trained,-5842.08
two-each-3,2026092413,2900,trained-2,trained,-6640.58
two-each-3,2026092413,3000,loose-aggressive,scripted,24447.7
two-each-3,2026092413,3000,random-1,random,-10144.58
two-each-3,2026092413,3000,random-2,random,-8565.34
two-each-3,2026092413,3000,tight-passive,scripted,6614.63
two-each-3,2026092413,3000,trained-1,trained,-5050.83
two-each-3,2026092413,3000,trained-2,trained,-7301.58
two-each-4,2026092414,100,loose-aggressive,scripted,537.75
two-each-4,2026092414,100,random-1,random,-923.25
two-each-4,2026092414,100,random-2,random,150.25
two-each-4,2026092414,100,tight-passive,scripted,-109.0
two-each-4,2026092414,100,trained-1,trained,822.75
two-each-4,2026092414,100,trained-2,trained,-478.5
two-each-4,2026092414,200,loose-aggressive,scripted,2420.25
two-each-4,2026092414,200,random-1,random,-557.25
two-each-4,2026092414,200,random-2,random,-260.25
two-each-4,2026092414,200,tight-passive,scripted,-150.5
two-each-4,2026092414,200,trained-1,trained,-298.25
two-each-4,2026092414,200,trained-2,trained,-1154.0
two-each-4,2026092414,300,loose-aggressive,scripted,3046.25
two-each-4,2026092414,300,random-1,random,-1424.75
two-each-4,2026092414,300,random-2,random,-1372.0
two-each-4,2026092414,300,tight-passive,scripted,940.5
two-each-4,2026092414,300,trained-1,trained,208.25
two-each-4,2026092414,300,trained-2,trained,-1398.25
two-each-4,2026092414,400,loose-aggressive,scripted,3721.75
two-each-4,2026092414,400,random-1,random,-1539.25
two-each-4,2026092414,400,random-2,random,-1768.5
two-each-4,2026092414,400,tight-passive,scripted,1018.0
two-each-4,2026092414,400,trained-1,trained,-353.75
two-each-4,2026092414,400,trained-2,trained,-1078.25
two-each-4,2026092414,500,loose-aggressive,scripted,3879.75
two-each-4,2026092414,500,random-1,random,-2095.64
two-each-4,2026092414,500,random-2,random,-1307.46
two-each-4,2026092414,500,tight-passive,scripted,1748.23
two-each-4,2026092414,500,trained-1,trained,-254.5
two-each-4,2026092414,500,trained-2,trained,-1970.38
two-each-4,2026092414,600,loose-aggressive,scripted,3764.5
two-each-4,2026092414,600,random-1,random,-2257.64
two-each-4,2026092414,600,random-2,random,-572.96
two-each-4,2026092414,600,tight-passive,scripted,1618.73
two-each-4,2026092414,600,trained-1,trained,-976.75
two-each-4,2026092414,600,trained-2,trained,-1575.88
two-each-4,2026092414,700,loose-aggressive,scripted,4747.5
two-each-4,2026092414,700,random-1,random,-2375.64
two-each-4,2026092414,700,random-2,random,-371.71
two-each-4,2026092414,700,tight-passive,scripted,2459.73
two-each-4,2026092414,700,trained-1,trained,-2363.5
two-each-4,2026092414,700,trained-2,trained,-2096.38
two-each-4,2026092414,800,loose-aggressive,scripted,5046.0
two-each-4,2026092414,800,random-1,random,-3398.14
two-each-4,2026092414,800,random-2,random,589.54
two-each-4,2026092414,800,tight-passive,scripted,2541.73
two-each-4,2026092414,800,trained-1,trained,-2551.25
two-each-4,2026092414,800,trained-2,trained,-2227.88
two-each-4,2026092414,900,loose-aggressive,scripted,5320.25
two-each-4,2026092414,900,random-1,random,-3808.89
two-each-4,2026092414,900,random-2,random,230.79
two-each-4,2026092414,900,tight-passive,scripted,2919.48
two-each-4,2026092414,900,trained-1,trained,-2917.75
two-each-4,2026092414,900,trained-2,trained,-1743.88
two-each-4,2026092414,1000,loose-aggressive,scripted,5887.75
two-each-4,2026092414,1000,random-1,random,-3219.89
two-each-4,2026092414,1000,random-2,random,-77.71
two-each-4,2026092414,1000,tight-passive,scripted,2700.98
two-each-4,2026092414,1000,trained-1,trained,-3655.25
two-each-4,2026092414,1000,trained-2,trained,-1635.88
two-each-4,2026092414,1100,loose-aggressive,scripted,6576.75
two-each-4,2026092414,1100,random-1,random,-3391.14
two-each-4,2026092414,1100,random-2,random,-197.21
two-each-4,2026092414,1100,tight-passive,scripted,3508.98
two-each-4,2026092414,1100,trained-1,trained,-4100.75
two-each-4,2026092414,1100,trained-2,trained,-2396.63
two-each-4,2026092414,1200,loose-aggressive,scripted,6490.25
two-each-4,2026092414,1200,random-1,random,-1930.64
two-each-4,2026092414,1200,random-2,random,-598.71
two-each-4,2026092414,1200,tight-passive,scripted,3688.48
two-each-4,2026092414,1200,trained-1,trained,-5105.75
two-each-4,2026092414,1200,trained-2,trained,-2543.63
two-each-4,2026092414,1300,loose-aggressive,scripted,7318.25
two-each-4,2026092414,1300,random-1,random,-1812.14
two-each-4,2026092414,1300,random-2,random,-334.21
two-each-4,2026092414,1300,tight-passive,scripted,3938.48
two-each-4,2026092414,1300,trained-1,trained,-6682.75
two-each-4,2026092414,1300,trained-2,trained,-2427.63
two-each-4,2026092414,1400,loose-aggressive,scripted,8412.75
two-each-4,2026092414,1400,random-1,random,-2241.14
two-each-4,2026092414,1400,random-2,random,-605.21
two-each-4,2026092414,1400,tight-passive,scripted,4004.23
two-each-4,2026092414,1400,trained-1,trained,-7440.0
two-each-4,2026092414,1400,trained-2,trained,-2130.63
two-each-4,2026092414,1500,loose-aggressive,scripted,8924.0
two-each-4,2026092414,1500,random-1,random,-1552.64
two-each-4,2026092414,1500,random-2,random,-2319.96
two-each-4,2026092414,1500,tight-passive,scripted,5225.73
two-each-4,2026092414,1500,trained-1,trained,-7966.5
two-each-4,2026092414,1500,trained-2,trained,-2310.63
two-each-4,2026092414,1600,loose-aggressive,scripted,8090.0
two-each-4,2026092414,1600,random-1,random,-1470.64
two-each-4,2026092414,1600,random-2,random,-3440.46
two-each-4,2026092414,1600,tight-passive,scripted,5140.23
two-each-4,2026092414,1600,trained-1,trained,-6142.5
two-each-4,2026092414,1600,trained-2,trained,-2176.63
two-each-4,2026092414,1700,loose-aggressive,scripted,8735.75
two-each-4,2026092414,1700,random-1,random,-2455.14
two-each-4,2026092414,1700,random-2,random,-4360.46
two-each-4,2026092414,1700,tight-passive,scripted,5015.73
two-each-4,2026092414,1700,trained-1,trained,-5192.25
two-each-4,2026092414,1700,trained-2,trained,-1743.63
two-each-4,2026092414,1800,loose-aggressive,scripted,9966.25
two-each-4,2026092414,1800,random-1,random,-3548.64
two-each-4,2026092414,1800,random-2,random,-5187.96
two-each-4,2026092414,1800,tight-passive,scripted,5134.23
two-each-4,2026092414,1800,trained-1,trained,-5598.75
two-each-4,2026092414,1800,trained-2,trained,-765.13
two-each-4,2026092414,1900,loose-aggressive,scripted,10868.25
two-each-4,2026092414,1900,random-1,random,-4118.64
two-each-4,2026092414,1900,random-2,random,-6119.96
two-each-4,2026092414,1900,tight-passive,scripted,5009.73
two-each-4,2026092414,1900,trained-1,trained,-5364.75
two-each-4,2026092414,1900,trained-2,trained,-274.63
two-each-4,2026092414,2000,loose-aggressive,scripted,11827.75
two-each-4,2026092414,2000,random-1,random,-6218.64
two-each-4,2026092414,2000,random-2,random,-6797.46
two-each-4,2026092414,2000,tight-passive,scripted,5785.73
two-each-4,2026092414,2000,trained-1,trained,-5036.25
two-each-4,2026092414,2000,trained-2,trained,438.87
two-each-4,2026092414,2100,loose-aggressive,scripted,12912.25
two-each-4,2026092414,2100,random-1,random,-6810.64
two-each-4,2026092414,2100,random-2,random,-6704.96
two-each-4,2026092414,2100,tight-passive,scripted,5742.23
two-each-4,2026092414,2100,trained-1,trained,-5602.25
two-each-4,2026092414,2100,trained-2,trained,463.37
two-each-4,2026092414,2200,loose-aggressive,scripted,12646.75
two-each-4,2026092414,2200,random-1,random,-6907.64
two-each-4,2026092414,2200,random-2,random,-6929.46
two-each-4,2026092414,2200,tight-passive,scripted,5756.73
two-each-4,2026092414,2200,trained-1,trained,-5247.0
two-each-4,2026092414,2200,trained-2,trained,680.62
two-each-4,2026092414,2300,loose-aggressive,scripted,14971.25
two-each-4,2026092414,2300,random-1,random,-7524.64
two-each-4,2026092414,2300,random-2,random,-7832.96
two-each-4,2026092414,2300,tight-passive,scripted,5616.23
two-each-4,2026092414,2300,trained-1,trained,-5571.0
two-each-4,2026092414,2300,trained-2,trained,341.12
two-each-4,2026092414,2400,loose-aggressive,scripted,16611.58
two-each-4,2026092414,2400,random-1,random,-8071.14
two-each-4,2026092414,2400,random-2,random,-8542.87
two-each-4,2026092414,2400,tight-passive,scripted,5818.98
two-each-4,2026092414,2400,trained-1,trained,-5828.0
two-each-4,2026092414,2400,trained-2,trained,11.45
two-each-4,2026092414,2500,loose-aggressive,scripted,16970.08
two-each-4,2026092414,2500,random-1,random,-8338.89
two-each-4,2026092414,2500,random-2,random,-8111.12
two-each-4,2026092414,2500,tight-passive,scripted,5582.48
two-each-4,2026092414,2500,trained-1,trained,-5944.0
two-each-4,2026092414,2500,trained-2,trained,-158.55
two-each-4,2026092414,2600,loose-aggressive,scripted,17561.58
two-each-4,2026092414,2600,random-1,random,-8415.39
two-each-4,2026092414,2600,random-2,random,-7184.62
two-each-4,2026092414,2600,tight-passive,scripted,5354.98
two-each-4,2026092414,2600,trained-1,trained,-6836.0
two-each-4,2026092414,2600,trained-2,trained,-480.55
two-each-4,2026092414,2700,loose-aggressive,scripted,18273.58
two-each-4,2026092414,2700,random-1,random,-9261.39
two-each-4,2026092414,2700,random-2,random,-7091.62
two-each-4,2026092414,2700,tight-passive,scripted,5758.98
two-each-4,2026092414,2700,trained-1,trained,-6481.0
two-each-4,2026092414,2700,trained-2,trained,-1198.55
two-each-4,2026092414,2800,loose-aggressive,scripted,19586.08
two-each-4,2026092414,2800,random-1,random,-10196.89
two-each-4,2026092414,2800,random-2,random,-8048.12
two-each-4,2026092414,2800,tight-passive,scripted,6056.48
two-each-4,2026092414,2800,trained-1,trained,-7167.0
two-each-4,2026092414,2800,trained-2,trained,-230.55
two-each-4,2026092414,2900,loose-aggressive,scripted,22003.58
two-each-4,2026092414,2900,random-1,random,-11333.89
two-each-4,2026092414,2900,random-2,random,-8571.62
two-each-4,2026092414,2900,tight-passive,scripted,7008.98
two-each-4,2026092414,2900,trained-1,trained,-7605.5
two-each-4,2026092414,2900,trained-2,trained,-1501.55
two-each-4,2026092414,3000,loose-aggressive,scripted,22141.83
two-each-4,2026092414,3000,random-1,random,-12082.14
two-each-4,2026092414,3000,random-2,random,-7770.62
two-each-4,2026092414,3000,tight-passive,scripted,7077.98
two-each-4,2026092414,3000,trained-1,trained,-7924.5
two-each-4,2026092414,3000,trained-2,trained,-1442.55
two-each-5,2026092415,100,loose-aggressive,scripted,155.25
two-each-5,2026092415,100,random-1,random,-522.75
two-each-5,2026092415,100,random-2,random,980.5
two-each-5,2026092415,100,tight-passive,scripted,-131.5
two-each-5,2026092415,100,trained-1,trained,-97.5
two-each-5,2026092415,100,trained-2,trained,-384.0
two-each-5,2026092415,200,loose-aggressive,scripted,263.75
two-each-5,2026092415,200,random-1,random,-272.75
two-each-5,2026092415,200,random-2,random,203.75
two-each-5,2026092415,200,tight-passive,scripted,41.0
two-each-5,2026092415,200,trained-1,trained,-674.25
two-each-5,2026092415,200,trained-2,trained,438.5
two-each-5,2026092415,300,loose-aggressive,scripted,67.67
two-each-5,2026092415,300,random-1,random,87.17
two-each-5,2026092415,300,random-2,random,489.66
two-each-5,2026092415,300,tight-passive,scripted,22.5
two-each-5,2026092415,300,trained-1,trained,-467.5
two-each-5,2026092415,300,trained-2,trained,-199.5
two-each-5,2026092415,400,loose-aggressive,scripted,171.17
two-each-5,2026092415,400,random-1,random,164.67
two-each-5,2026092415,400,random-2,random,413.66
two-each-5,2026092415,400,tight-passive,scripted,60.5
two-each-5,2026092415,400,trained-1,trained,-45.0
two-each-5,2026092415,400,trained-2,trained,-765.0
two-each-5,2026092415,500,loose-aggressive,scripted,616.17
two-each-5,2026092415,500,random-1,random,-462.83
two-each-5,2026092415,500,random-2,random,1520.66
two-each-5,2026092415,500,tight-passive,scripted,250.5
two-each-5,2026092415,500,trained-1,trained,-216.5
two-each-5,2026092415,500,trained-2,trained,-1708.0
two-each-5,2026092415,600,loose-aggressive,scripted,1389.76
two-each-5,2026092415,600,random-1,random,-913.25
two-each-5,2026092415,600,random-2,random,1789.74
two-each-5,2026092415,600,tight-passive,scripted,127.75
two-each-5,2026092415,600,trained-1,trained,-1023.0
two-each-5,2026092415,600,trained-2,trained,-1371.0
two-each-5,2026092415,700,loose-aggressive,scripted,1343.76
two-each-5,2026092415,700,random-1,random,-1132.25
two-each-5,2026092415,700,random-2,random,1803.74
two-each-5,2026092415,700,tight-passive,scripted,620.25
two-each-5,2026092415,700,trained-1,trained,-716.25
two-each-5,2026092415,700,trained-2,trained,-1919.25
two-each-5,2026092415,800,loose-aggressive,scripted,933.76
two-each-5,2026092415,800,random-1,random,-1355.75
two-each-5,2026092415,800,random-2,random,1725.74
two-each-5,2026092415,800,tight-passive,scripted,495.25
two-each-5,2026092415,800,trained-1,trained,188.25
two-each-5,2026092415,800,trained-2,trained,-1987.25
two-each-5,2026092415,900,loose-aggressive,scripted,1585.76
two-each-5,2026092415,900,random-1,random,560.75
two-each-5,2026092415,900,random-2,random,1158.24
two-each-5,2026092415,900,tight-passive,scripted,446.25
two-each-5,2026092415,900,trained-1,trained,-1108.75
two-each-5,2026092415,900,trained-2,trained,-2642.25
two-each-5,2026092415,1000,loose-aggressive,scripted,3025.76
two-each-5,2026092415,1000,random-1,random,376.0
two-each-5,2026092415,1000,random-2,random,974.9
two-each-5,2026092415,1000,tight-passive,scripted,206.75
two-each-5,2026092415,1000,trained-1,trained,-1495.33
two-each-5,2026092415,1000,trained-2,trained,-3088.08
two-each-5,2026092415,1100,loose-aggressive,scripted,3189.26
two-each-5,2026092415,1100,random-1,random,-309.0
two-each-5,2026092415,1100,random-2,random,821.9
two-each-5,2026092415,1100,tight-passive,scripted,372.75
two-each-5,2026092415,1100,trained-1,trained,-1593.83
two-each-5,2026092415,1100,trained-2,trained,-2481.08
two-each-5,2026092415,1200,loose-aggressive,scripted,3403.76
two-each-5,2026092415,1200,random-1,random,0.75
two-each-5,2026092415,1200,random-2,random,250.65
two-each-5,2026092415,1200,tight-passive,scripted,634.75
two-each-5,2026092415,1200,trained-1,trained,-807.33
two-each-5,2026092415,1200,trained-2,trained,-3482.58
two-each-5,2026092415,1300,loose-aggressive,scripted,3794.26
two-each-5,2026092415,1300,random-1,random,686.75
two-each-5,2026092415,1300,random-2,random,-685.35
two-each-5,2026092415,1300,tight-passive,scripted,1315.25
two-each-5,2026092415,1300,trained-1,trained,-1692.83
two-each-5,2026092415,1300,trained-2,trained,-3418.08
two-each-5,2026092415,1400,loose-aggressive,scripted,4143.26
two-each-5,2026092415,1400,random-1,random,1132.75
two-each-5,2026092415,1400,random-2,random,209.65
two-each-5,2026092415,1400,tight-passive,scripted,1493.75
two-each-5,2026092415,1400,trained-1,trained,-3016.33
two-each-5,2026092415,1400,trained-2,trained,-3963.08
two-each-5,2026092415,1500,loose-aggressive,scripted,4272.09
two-each-5,2026092415,1500,random-1,random,919.25
two-each-5,2026092415,1500,random-2,random,28.99
two-each-5,2026092415,1500,tight-passive,scripted,2000.75
two-each-5,2026092415,1500,trained-1,trained,-3063.0
two-each-5,2026092415,1500,trained-2,trained,-4158.08
two-each-5,2026092415,1600,loose-aggressive,scripted,5640.84
two-each-5,2026092415,1600,random-1,random,206.25
two-each-5,2026092415,1600,random-2,random,-223.01
two-each-5,2026092415,1600,tight-passive,scripted,1956.75
two-each-5,2026092415,1600,trained-1,trained,-3381.75
two-each-5,2026092415,1600,trained-2,trained,-4199.08
two-each-5,2026092415,1700,loose-aggressive,scripted,6317.34
two-each-5,2026092415,1700,random-1,random,-1330.5
two-each-5,2026092415,1700,random-2,random,-533.51
two-each-5,2026092415,1700,tight-passive,scripted,2187.75
two-each-5,2026092415,1700,trained-1,trained,-2888.0
two-each-5,2026092415,1700,trained-2,trained,-3753.08
two-each-5,2026092415,1800,loose-aggressive,scripted,7012.34
two-each-5,2026092415,1800,random-1,random,-51.0
two-each-5,2026092415,1800,random-2,random,-1016.51
two-each-5,2026092415,1800,tight-passive,scripted,2802.75
two-each-5,2026092415,1800,trained-1,trained,-4271.0
two-each-5,2026092415,1800,trained-2,trained,-4476.58
two-each-5,2026092415,1900,loose-aggressive,scripted,8606.34
two-each-5,2026092415,1900,random-1,random,-66.5
two-each-5,2026092415,1900,random-2,random,-1437.01
two-each-5,2026092415,1900,tight-passive,scripted,3195.25
two-each-5,2026092415,1900,trained-1,trained,-5024.0
two-each-5,2026092415,1900,trained-2,trained,-5274.08
two-each-5,2026092415,2000,loose-aggressive,scripted,8990.84
two-each-5,2026092415,2000,random-1,random,-335.0
two-each-5,2026092415,2000,random-2,random,-1432.01
two-each-5,2026092415,2000,tight-passive,scripted,3076.75
two-each-5,2026092415,2000,trained-1,trained,-4868.5
two-each-5,2026092415,2000,trained-2,trained,-5432.08
two-each-5,2026092415,2100,loose-aggressive,scripted,10816.84
two-each-5,2026092415,2100,random-1,random,-1736.5
two-each-5,2026092415,2100,random-2,random,-1994.51
two-each-5,2026092415,2100,tight-passive,scripted,2836.75
two-each-5,2026092415,2100,trained-1,trained,-4697.0
two-each-5,2026092415,2100,trained-2,trained,-5225.58
two-each-5,2026092415,2200,loose-aggressive,scripted,11839.84
two-each-5,2026092415,2200,random-1,random,-2798.5
two-each-5,2026092415,2200,random-2,random,-1689.01
two-each-5,2026092415,2200,tight-passive,scripted,2750.5
two-each-5,2026092415,2200,trained-1,trained,-4993.0
two-each-5,2026092415,2200,trained-2,trained,-5109.83
two-each-5,2026092415,2300,loose-aggressive,scripted,13174.84
two-each-5,2026092415,2300,random-1,random,-2272.25
two-each-5,2026092415,2300,random-2,random,-2101.26
two-each-5,2026092415,2300,tight-passive,scripted,3064.5
two-each-5,2026092415,2300,trained-1,trained,-5957.0
two-each-5,2026092415,2300,trained-2,trained,-5908.83
two-each-5,2026092415,2400,loose-aggressive,scripted,15535.84
two-each-5,2026092415,2400,random-1,random,-3388.75
two-each-5,2026092415,2400,random-2,random,-2714.76
two-each-5,2026092415,2400,tight-passive,scripted,3136.5
two-each-5,2026092415,2400,trained-1,trained,-6491.0
two-each-5,2026092415,2400,trained-2,trained,-6077.83
two-each-5,2026092415,2500,loose-aggressive,scripted,15899.34
two-each-5,2026092415,2500,random-1,random,-3931.5
two-each-5,2026092415,2500,random-2,random,-2186.01
two-each-5,2026092415,2500,tight-passive,scripted,3009.75
two-each-5,2026092415,2500,trained-1,trained,-6231.75
two-each-5,2026092415,2500,trained-2,trained,-6559.83
two-each-5,2026092415,2600,loose-aggressive,scripted,16679.84
two-each-5,2026092415,2600,random-1,random,-5088.5
two-each-5,2026092415,2600,random-2,random,-1953.51
two-each-5,2026092415,2600,tight-passive,scripted,2969.25
two-each-5,2026092415,2600,trained-1,trained,-6071.25
two-each-5,2026092415,2600,trained-2,trained,-6535.83
two-each-5,2026092415,2700,loose-aggressive,scripted,18155.34
two-each-5,2026092415,2700,random-1,random,-6097.0
two-each-5,2026092415,2700,random-2,random,-3118.01
two-each-5,2026092415,2700,tight-passive,scripted,3072.75
two-each-5,2026092415,2700,trained-1,trained,-5804.75
two-each-5,2026092415,2700,trained-2,trained,-6208.33
two-each-5,2026092415,2800,loose-aggressive,scripted,18209.34
two-each-5,2026092415,2800,random-1,random,-6243.25
two-each-5,2026092415,2800,random-2,random,-3002.01
two-each-5,2026092415,2800,tight-passive,scripted,3257.25
two-each-5,2026092415,2800,trained-1,trained,-6118.5
two-each-5,2026092415,2800,trained-2,trained,-6102.83
two-each-5,2026092415,2900,loose-aggressive,scripted,18486.34
two-each-5,2026092415,2900,random-1,random,-5010.25
two-each-5,2026092415,2900,random-2,random,-3385.51
two-each-5,2026092415,2900,tight-passive,scripted,3188.75
two-each-5,2026092415,2900,trained-1,trained,-6794.5
two-each-5,2026092415,2900,trained-2,trained,-6484.83
two-each-5,2026092415,3000,loose-aggressive,scripted,18653.84
two-each-5,2026092415,3000,random-1,random,-4364.5
two-each-5,2026092415,3000,random-2,random,-3109.26
two-each-5,2026092415,3000,tight-passive,scripted,2955.75
two-each-5,2026092415,3000,trained-1,trained,-6676.0
two-each-5,2026092415,3000,trained-2,trained,-7459.83
three-trained-three-random,2026092416,100,random-1,random,608.0
three-trained-three-random,2026092416,100,random-2,random,-843.0
three-trained-three-random,2026092416,100,random-3,random,787.0
three-trained-three-random,2026092416,100,trained-1,trained,-153.0
three-trained-three-random,2026092416,100,trained-2,trained,-573.0
three-trained-three-random,2026092416,100,trained-3,trained,174.0
three-trained-three-random,2026092416,200,random-1,random,-565.25
three-trained-three-random,2026092416,200,random-2,random,-1381.5
three-trained-three-random,2026092416,200,random-3,random,1600.75
three-trained-three-random,2026092416,200,trained-1,trained,-267.25
three-trained-three-random,2026092416,200,trained-2,trained,-624.5
three-trained-three-random,2026092416,200,trained-3,trained,1237.75
three-trained-three-random,2026092416,300,random-1,random,261.75
three-trained-three-random,2026092416,300,random-2,random,-1516.5
three-trained-three-random,2026092416,300,random-3,random,844.75
three-trained-three-random,2026092416,300,trained-1,trained,-179.25
three-trained-three-random,2026092416,300,trained-2,trained,-487.5
three-trained-three-random,2026092416,300,trained-3,trained,1076.75
three-trained-three-random,2026092416,400,random-1,random,1383.75
three-trained-three-random,2026092416,400,random-2,random,-3.5
three-trained-three-random,2026092416,400,random-3,random,-1230.75
three-trained-three-random,2026092416,400,trained-1,trained,-1526.75
three-trained-three-random,2026092416,400,trained-2,trained,-383.0
three-trained-three-random,2026092416,400,trained-3,trained,1760.25
three-trained-three-random,2026092416,500,random-1,random,1239.75
three-trained-three-random,2026092416,500,random-2,random,893.0
three-trained-three-random,2026092416,500,random-3,random,-2223.5
three-trained-three-random,2026092416,500,trained-1,trained,-1686.0
three-trained-three-random,2026092416,500,trained-2,trained,-964.0
three-trained-three-random,2026092416,500,trained-3,trained,2740.75
three-trained-three-random,2026092416,600,random-1,random,1381.58
three-trained-three-random,2026092416,600,random-2,random,192.5
three-trained-three-random,2026092416,600,random-3,random,-1359.5
three-trained-three-random,2026092416,600,trained-1,trained,-2195.17
three-trained-three-random,2026092416,600,trained-2,trained,-891.5
three-trained-three-random,2026092416,600,trained-3,trained,2872.09
three-trained-three-random,2026092416,700,random-1,random,983.58
three-trained-three-random,2026092416,700,random-2,random,-1032.5
three-trained-three-random,2026092416,700,random-3,random,-1632.5
three-trained-three-random,2026092416,700,trained-1,trained,-2555.67
three-trained-three-random,2026092416,700,trained-2,trained,405.0
three-trained-three-random,2026092416,700,trained-3,trained,3832.09
three-trained-three-random,2026092416,800,random-1,random,1191.08
three-trained-three-random,2026092416,800,random-2,random,-1370.5
three-trained-three-random,2026092416,800,random-3,random,-1562.0
three-trained-three-random,2026092416,800,trained-1,trained,-1577.17
three-trained-three-random,2026092416,800,trained-2,trained,-157.0
three-trained-three-random,2026092416,800,trained-3,trained,3475.59
three-trained-three-random,2026092416,900,random-1,random,1153.58
three-trained-three-random,2026092416,900,random-2,random,-899.75
three-trained-three-random,2026092416,900,random-3,random,-400.75
three-trained-three-random,2026092416,900,trained-1,trained,-961.67
three-trained-three-random,2026092416,900,trained-2,trained,-2438.5
three-trained-three-random,2026092416,900,trained-3,trained,3547.09
three-trained-three-random,2026092416,1000,random-1,random,905.08
three-trained-three-random,2026092416,1000,random-2,random,-941.5
three-trained-three-random,2026092416,1000,random-3,random,249.75
three-trained-three-random,2026092416,1000,trained-1,trained,-1155.17
three-trained-three-random,2026092416,1000,trained-2,trained,-2936.75
three-trained-three-random,2026092416,1000,trained-3,trained,3878.59
three-trained-three-random,2026092416,1100,random-1,random,1143.58
three-trained-three-random,2026092416,1100,random-2,random,-2112.0
three-trained-three-random,2026092416,1100,random-3,random,1441.25
three-trained-three-random,2026092416,1100,trained-1,trained,-2799.67
three-trained-three-random,2026092416,1100,trained-2,trained,-2570.25
three-trained-three-random,2026092416,1100,trained-3,trained,4897.09
three-trained-three-random,2026092416,1200,random-1,random,2631.0
three-trained-three-random,2026092416,1200,random-2,random,-2297.84
three-trained-three-random,2026092416,1200,random-3,random,1284.75
three-trained-three-random,2026092416,1200,trained-1,trained,-4131.0
three-trained-three-random,2026092416,1200,trained-2,trained,-1817.75
three-trained-three-random,2026092416,1200,trained-3,trained,4330.84
three-trained-three-random,2026092416,1300,random-1,random,2009.0
three-trained-three-random,2026092416,1300,random-2,random,-1090.59
three-trained-three-random,2026092416,1300,random-3,random,64.75
three-trained-three-random,2026092416,1300,trained-1,trained,-3806.5
three-trained-three-random,2026092416,1300,trained-2,trained,-2056.25
three-trained-three-random,2026092416,1300,trained-3,trained,4879.59
three-trained-three-random,2026092416,1400,random-1,random,1050.16
three-trained-three-random,2026092416,1400,random-2,random,-463.76
three-trained-three-random,2026092416,1400,random-3,random,-200.08
three-trained-three-random,2026092416,1400,trained-1,trained,-3654.17
three-trained-three-random,2026092416,1400,trained-2,trained,-2106.24
three-trained-three-random,2026092416,1400,trained-3,trained,5374.09
three-trained-three-random,2026092416,1500,random-1,random,1461.32
three-trained-three-random,2026092416,1500,random-2,random,-878.01
three-trained-three-random,2026092416,1500,random-3,random,-207.08
three-trained-three-random,2026092416,1500,trained-1,trained,-3684.0
three-trained-three-random,2026092416,1500,trained-2,trained,-1442.49
three-trained-three-random,2026092416,1500,trained-3,trained,4750.26
three-trained-three-random,2026092416,1600,random-1,random,911.82
three-trained-three-random,2026092416,1600,random-2,random,-1391.26
three-trained-three-random,2026092416,1600,random-3,random,-796.83
three-trained-three-random,2026092416,1600,trained-1,trained,-2707.0
three-trained-three-random,2026092416,1600,trained-2,trained,-867.49
three-trained-three-random,2026092416,1600,trained-3,trained,4850.76
three-trained-three-random,2026092416,1700,random-1,random,33.15
three-trained-three-random,2026092416,1700,random-2,random,-1782.51
three-trained-three-random,2026092416,1700,random-3,random,1776.0
three-trained-three-random,2026092416,1700,trained-1,trained,-2539.75
three-trained-three-random,2026092416,1700,trained-2,trained,-1569.65
three-trained-three-random,2026092416,1700,trained-3,trained,4082.76
three-trained-three-random,2026092416,1800,random-1,random,-661.1
three-trained-three-random,2026092416,1800,random-2,random,-1301.01
three-trained-three-random,2026092416,1800,random-3,random,2321.75
three-trained-three-random,2026092416,1800,trained-1,trained,-2818.0
three-trained-three-random,2026092416,1800,trained-2,trained,-1732.4
three-trained-three-random,2026092416,1800,trained-3,trained,4190.76
three-trained-three-random,2026092416,1900,random-1,random,-854.27
three-trained-three-random,2026092416,1900,random-2,random,-2073.51
three-trained-three-random,2026092416,1900,random-3,random,3482.58
three-trained-three-random,2026092416,1900,trained-1,trained,-2800.5
three-trained-three-random,2026092416,1900,trained-2,trained,-1348.06
three-trained-three-random,2026092416,1900,trained-3,trained,3593.76
three-trained-three-random,2026092416,2000,random-1,random,-884.77
three-trained-three-random,2026092416,2000,random-2,random,-2741.76
three-trained-three-random,2026092416,2000,random-3,random,3453.58
three-trained-three-random,2026092416,2000,trained-1,trained,-2148.5
three-trained-three-random,2026092416,2000,trained-2,trained,-967.31
three-trained-three-random,2026092416,2000,trained-3,trained,3288.76
three-trained-three-random,2026092416,2100,random-1,random,-1900.27
three-trained-three-random,2026092416,2100,random-2,random,-2530.01
three-trained-three-random,2026092416,2100,random-3,random,5039.08
three-trained-three-random,2026092416,2100,trained-1,trained,-2434.25
three-trained-three-random,2026092416,2100,trained-2,trained,-2672.31
three-trained-three-random,2026092416,2100,trained-3,trained,4497.76
three-trained-three-random,2026092416,2200,random-1,random,-3604.77
three-trained-three-random,2026092416,2200,random-2,random,-1587.01
three-trained-three-random,2026092416,2200,random-3,random,6249.08
three-trained-three-random,2026092416,2200,trained-1,trained,-2162.75
three-trained-three-random,2026092416,2200,trained-2,trained,-2979.31
three-trained-three-random,2026092416,2200,trained-3,trained,4084.76
three-trained-three-random,2026092416,2300,random-1,random,-2539.27
three-trained-three-random,2026092416,2300,random-2,random,-2540.26
three-trained-three-random,2026092416,2300,random-3,random,6174.58
three-trained-three-random,2026092416,2300,trained-1,trained,-1330.5
three-trained-three-random,2026092416,2300,trained-2,trained,-2653.31
three-trained-three-random,2026092416,2300,trained-3,trained,2888.76
three-trained-three-random,2026092416,2400,random-1,random,-2752.02
three-trained-three-random,2026092416,2400,random-2,random,-2613.51
three-trained-three-random,2026092416,2400,random-3,random,5787.08
three-trained-three-random,2026092416,2400,trained-1,trained,-587.0
three-trained-three-random,2026092416,2400,trained-2,trained,-2686.31
three-trained-three-random,2026092416,2400,trained-3,trained,2851.76
three-trained-three-random,2026092416,2500,random-1,random,-2424.02
three-trained-three-random,2026092416,2500,random-2,random,-2187.51
three-trained-three-random,2026092416,2500,random-3,random,4714.58
three-trained-three-random,2026092416,2500,trained-1,trained,-711.5
three-trained-three-random,2026092416,2500,trained-2,trained,-1741.81
three-trained-three-random,2026092416,2500,trained-3,trained,2350.26
three-trained-three-random,2026092416,2600,random-1,random,-2731.52
three-trained-three-random,2026092416,2600,random-2,random,-1352.51
three-trained-three-random,2026092416,2600,random-3,random,3981.08
three-trained-three-random,2026092416,2600,trained-1,trained,-390.0
three-trained-three-random,2026092416,2600,trained-2,trained,-1967.31
three-trained-three-random,2026092416,2600,trained-3,trained,2460.26
three-trained-three-random,2026092416,2700,random-1,random,-3194.52
three-trained-three-random,2026092416,2700,random-2,random,-1308.26
three-trained-three-random,2026092416,2700,random-3,random,3658.08
three-trained-three-random,2026092416,2700,trained-1,trained,-220.75
three-trained-three-random,2026092416,2700,trained-2,trained,-1808.31
three-trained-three-random,2026092416,2700,trained-3,trained,2873.76
three-trained-three-random,2026092416,2800,random-1,random,-3647.77
three-trained-three-random,2026092416,2800,random-2,random,-326.51
three-trained-three-random,2026092416,2800,random-3,random,4086.08
three-trained-three-random,2026092416,2800,trained-1,trained,-377.75
three-trained-three-random,2026092416,2800,trained-2,trained,-1420.31
three-trained-three-random,2026092416,2800,trained-3,trained,1686.26
three-trained-three-random,2026092416,2900,random-1,random,-1816.02
three-trained-three-random,2026092416,2900,random-2,random,-513.01
three-trained-three-random,2026092416,2900,random-3,random,2506.58
three-trained-three-random,2026092416,2900,trained-1,trained,785.0
three-trained-three-random,2026092416,2900,trained-2,trained,-1081.56
three-trained-three-random,2026092416,2900,trained-3,trained,119.01
three-trained-three-random,2026092416,3000,random-1,random,-2054.77
three-trained-three-random,2026092416,3000,random-2,random,-772.51
three-trained-three-random,2026092416,3000,random-3,random,3475.58
three-trained-three-random,2026092416,3000,trained-1,trained,1759.0
three-trained-three-random,2026092416,3000,trained-2,trained,-2412.31
three-trained-three-random,2026092416,3000,trained-3,trained,5.01
one-trained-five-random,2026092417,100,random-1,random,-469.25
one-trained-five-random,2026092417,100,random-2,random,-489.5
one-trained-five-random,2026092417,100,random-3,random,-472.5
one-trained-five-random,2026092417,100,random-4,random,-923.5
one-trained-five-random,2026092417,100,random-5,random,1011.5
one-trained-five-random,2026092417,100,trained-1,trained,1343.25
one-trained-five-random,2026092417,200,random-1,random,-442.5
one-trained-five-random,2026092417,200,random-2,random,-895.75
one-trained-five-random,2026092417,200,random-3,random,-542.75
one-trained-five-random,2026092417,200,random-4,random,138.25
one-trained-five-random,2026092417,200,random-5,random,-509.0
one-trained-five-random,2026092417,200,trained-1,trained,2251.75
one-trained-five-random,2026092417,300,random-1,random,-11.0
one-trained-five-random,2026092417,300,random-2,random,-2792.25
one-trained-five-random,2026092417,300,random-3,random,-290.75
one-trained-five-random,2026092417,300,random-4,random,-214.5
one-trained-five-random,2026092417,300,random-5,random,1284.5
one-trained-five-random,2026092417,300,trained-1,trained,2024.0
one-trained-five-random,2026092417,400,random-1,random,257.0
one-trained-five-random,2026092417,400,random-2,random,-3993.0
one-trained-five-random,2026092417,400,random-3,random,-914.5
one-trained-five-random,2026092417,400,random-4,random,-77.5
one-trained-five-random,2026092417,400,random-5,random,1745.5
one-trained-five-random,2026092417,400,trained-1,trained,2982.5
one-trained-five-random,2026092417,500,random-1,random,-1692.0
one-trained-five-random,2026092417,500,random-2,random,-2774.5
one-trained-five-random,2026092417,500,random-3,random,-343.5
one-trained-five-random,2026092417,500,random-4,random,279.25
one-trained-five-random,2026092417,500,random-5,random,1591.0
one-trained-five-random,2026092417,500,trained-1,trained,2939.75
one-trained-five-random,2026092417,600,random-1,random,-1640.0
one-trained-five-random,2026092417,600,random-2,random,-2400.5
one-trained-five-random,2026092417,600,random-3,random,-230.0
one-trained-five-random,2026092417,600,random-4,random,-407.25
one-trained-five-random,2026092417,600,random-5,random,1266.0
one-trained-five-random,2026092417,600,trained-1,trained,3411.75
one-trained-five-random,2026092417,700,random-1,random,-2049.5
one-trained-five-random,2026092417,700,random-2,random,-2821.5
one-trained-five-random,2026092417,700,random-3,random,-921.25
one-trained-five-random,2026092417,700,random-4,random,671.25
one-trained-five-random,2026092417,700,random-5,random,1094.5
one-trained-five-random,2026092417,700,trained-1,trained,4026.5
one-trained-five-random,2026092417,800,random-1,random,-894.5
one-trained-five-random,2026092417,800,random-2,random,-3275.0
one-trained-five-random,2026092417,800,random-3,random,-113.25
one-trained-five-random,2026092417,800,random-4,random,-72.5
one-trained-five-random,2026092417,800,random-5,random,835.25
one-trained-five-random,2026092417,800,trained-1,trained,3520.0
one-trained-five-random,2026092417,900,random-1,random,-1595.75
one-trained-five-random,2026092417,900,random-2,random,-3009.0
one-trained-five-random,2026092417,900,random-3,random,-894.25
one-trained-five-random,2026092417,900,random-4,random,535.0
one-trained-five-random,2026092417,900,random-5,random,2879.25
one-trained-five-random,2026092417,900,trained-1,trained,2084.75
one-trained-five-random,2026092417,1000,random-1,random,-2573.25
one-trained-five-random,2026092417,1000,random-2,random,-4938.58
one-trained-five-random,2026092417,1000,random-3,random,2440.17
one-trained-five-random,2026092417,1000,random-4,random,-528.25
one-trained-five-random,2026092417,1000,random-5,random,3003.66
one-trained-five-random,2026092417,1000,trained-1,trained,2596.25
one-trained-five-random,2026092417,1100,random-1,random,-3128.75
one-trained-five-random,2026092417,1100,random-2,random,-3595.58
one-trained-five-random,2026092417,1100,random-3,random,3777.17
one-trained-five-random,2026092417,1100,random-4,random,-1162.0
one-trained-five-random,2026092417,1100,random-5,random,1824.16
one-trained-five-random,2026092417,1100,trained-1,trained,2285.0
one-trained-five-random,2026092417,1200,random-1,random,-3976.0
one-trained-five-random,2026092417,1200,random-2,random,-4221.83
one-trained-five-random,2026092417,1200,random-3,random,5138.26
one-trained-five-random,2026092417,1200,random-4,random,62.58
one-trained-five-random,2026092417,1200,random-5,random,1299.41
one-trained-five-random,2026092417,1200,trained-1,trained,1697.58
one-trained-five-random,2026092417,1300,random-1,random,-2769.25
one-trained-five-random,2026092417,1300,random-2,random,-3171.83
one-trained-five-random,2026092417,1300,random-3,random,7743.51
one-trained-five-random,2026092417,1300,random-4,random,-1822.67
one-trained-five-random,2026092417,1300,random-5,random,-209.09
one-trained-five-random,2026092417,1300,trained-1,trained,229.33
one-trained-five-random,2026092417,1400,random-1,random,-2828.77
one-trained-five-random,2026092417,1400,random-2,random,-2780.93
one-trained-five-random,2026092417,1400,random-3,random,8612.75
one-trained-five-random,2026092417,1400,random-4,random,-2168.92
one-trained-five-random,2026092417,1400,random-5,random,-2025.19
one-trained-five-random,2026092417,1400,trained-1,trained,1191.06
one-trained-five-random,2026092417,1500,random-1,random,-2951.77
one-trained-five-random,2026092417,1500,random-2,random,-1798.18
one-trained-five-random,2026092417,1500,random-3,random,9136.25
one-trained-five-random,2026092417,1500,random-4,random,-3060.17
one-trained-five-random,2026092417,1500,random-5,random,-1318.19
one-trained-five-random,2026092417,1500,trained-1,trained,-7.94
one-trained-five-random,2026092417,1600,random-1,random,-2950.77
one-trained-five-random,2026092417,1600,random-2,random,-945.68
one-trained-five-random,2026092417,1600,random-3,random,7425.25
one-trained-five-random,2026092417,1600,random-4,random,-3421.17
one-trained-five-random,2026092417,1600,random-5,random,-1569.69
one-trained-five-random,2026092417,1600,trained-1,trained,1462.06
one-trained-five-random,2026092417,1700,random-1,random,-1781.27
one-trained-five-random,2026092417,1700,random-2,random,278.32
one-trained-five-random,2026092417,1700,random-3,random,5949.25
one-trained-five-random,2026092417,1700,random-4,random,-3829.17
one-trained-five-random,2026092417,1700,random-5,random,-2133.19
one-trained-five-random,2026092417,1700,trained-1,trained,1516.06
one-trained-five-random,2026092417,1800,random-1,random,-2579.77
one-trained-five-random,2026092417,1800,random-2,random,2072.82
one-trained-five-random,2026092417,1800,random-3,random,4544.25
one-trained-five-random,2026092417,1800,random-4,random,-2566.67
one-trained-five-random,2026092417,1800,random-5,random,-1735.69
one-trained-five-random,2026092417,1800,trained-1,trained,265.06
one-trained-five-random,2026092417,1900,random-1,random,-1788.27
one-trained-five-random,2026092417,1900,random-2,random,1195.32
one-trained-five-random,2026092417,1900,random-3,random,5975.25
one-trained-five-random,2026092417,1900,random-4,random,-3220.17
one-trained-five-random,2026092417,1900,random-5,random,-2216.69
one-trained-five-random,2026092417,1900,trained-1,trained,54.56
one-trained-five-random,2026092417,2000,random-1,random,-909.27
one-trained-five-random,2026092417,2000,random-2,random,575.07
one-trained-five-random,2026092417,2000,random-3,random,5182.25
one-trained-five-random,2026092417,2000,random-4,random,-2083.92
one-trained-five-random,2026092417,2000,random-5,random,-2230.19
one-trained-five-random,2026092417,2000,trained-1,trained,-533.94
one-trained-five-random,2026092417,2100,random-1,random,-1397.52
one-trained-five-random,2026092417,2100,random-2,random,627.32
one-trained-five-random,2026092417,2100,random-3,random,7553.25
one-trained-five-random,2026092417,2100,random-4,random,-1447.92
one-trained-five-random,2026092417,2100,random-5,random,-2747.19
one-trained-five-random,2026092417,2100,trained-1,trained,-2587.94
one-trained-five-random,2026092417,2200,random-1,random,-2066.52
one-trained-five-random,2026092417,2200,random-2,random,1254.82
one-trained-five-random,2026092417,2200,random-3,random,7680.25
one-trained-five-random,2026092417,2200,random-4,random,-849.92
one-trained-five-random,2026092417,2200,random-5,random,-2124.19
one-trained-five-random,2026092417,2200,trained-1,trained,-3894.44
one-trained-five-random,2026092417,2300,random-1,random,-2280.77
one-trained-five-random,2026092417,2300,random-2,random,1640.32
one-trained-five-random,2026092417,2300,random-3,random,6762.67
one-trained-five-random,2026092417,2300,random-4,random,-301.5
one-trained-five-random,2026092417,2300,random-5,random,-1668.28
one-trained-five-random,2026092417,2300,trained-1,trained,-4152.44
one-trained-five-random,2026092417,2400,random-1,random,-2985.77
one-trained-five-random,2026092417,2400,random-2,random,2280.82
one-trained-five-random,2026092417,2400,random-3,random,6093.17
one-trained-five-random,2026092417,2400,random-4,random,619.0
one-trained-five-random,2026092417,2400,random-5,random,-1498.78
one-trained-five-random,2026092417,2400,trained-1,trained,-4508.44
one-trained-five-random,2026092417,2500,random-1,random,-3030.27
one-trained-five-random,2026092417,2500,random-2,random,1628.57
one-trained-five-random,2026092417,2500,random-3,random,5720.67
one-trained-five-random,2026092417,2500,random-4,random,-699.25
one-trained-five-random,2026092417,2500,random-5,random,828.22
one-trained-five-random,2026092417,2500,trained-1,trained,-4447.94
one-trained-five-random,2026092417,2600,random-1,random,-2235.27
one-trained-five-random,2026092417,2600,random-2,random,1160.32
one-trained-five-random,2026092417,2600,random-3,random,4569.17
one-trained-five-random,2026092417,2600,random-4,random,1966.5
one-trained-five-random,2026092417,2600,random-5,random,-1528.78
one-trained-five-random,2026092417,2600,trained-1,trained,-3931.94
one-trained-five-random,2026092417,2700,random-1,random,-683.77
one-trained-five-random,2026092417,2700,random-2,random,1632.82
one-trained-five-random,2026092417,2700,random-3,random,3603.67
one-trained-five-random,2026092417,2700,random-4,random,2497.0
one-trained-five-random,2026092417,2700,random-5,random,-1971.78
one-trained-five-random,2026092417,2700,trained-1,trained,-5077.94
one-trained-five-random,2026092417,2800,random-1,random,-1723.77
one-trained-five-random,2026092417,2800,random-2,random,1767.32
one-trained-five-random,2026092417,2800,random-3,random,3728.17
one-trained-five-random,2026092417,2800,random-4,random,2872.0
one-trained-five-random,2026092417,2800,random-5,random,-719.78
one-trained-five-random,2026092417,2800,trained-1,trained,-5923.94
one-trained-five-random,2026092417,2900,random-1,random,-1333.86
one-trained-five-random,2026092417,2900,random-2,random,451.32
one-trained-five-random,2026092417,2900,random-3,random,6686.42
one-trained-five-random,2026092417,2900,random-4,random,2849.67
one-trained-five-random,2026092417,2900,random-5,random,-1814.61
one-trained-five-random,2026092417,2900,trained-1,trained,-6838.94
one-trained-five-random,2026092417,3000,random-1,random,-1229.61
one-trained-five-random,2026092417,3000,random-2,random,-820.68
one-trained-five-random,2026092417,3000,random-3,random,6234.17
one-trained-five-random,2026092417,3000,random-4,random,4350.92
one-trained-five-random,2026092417,3000,random-5,random,-2462.36
one-trained-five-random,2026092417,3000,trained-1,trained,-6072.44
trained-tight-passive-four-random,2026092418,100,random-1,random,264.75
trained-tight-passive-four-random,2026092418,100,random-2,random,668.5
trained-tight-passive-four-random,2026092418,100,random-3,random,-751.5
trained-tight-passive-four-random,2026092418,100,random-4,random,184.25
trained-tight-passive-four-random,2026092418,100,tight-passive,scripted,-323.5
trained-tight-passive-four-random,2026092418,100,trained-1,trained,-42.5
trained-tight-passive-four-random,2026092418,200,random-1,random,-452.25
trained-tight-passive-four-random,2026092418,200,random-2,random,1114.5
trained-tight-passive-four-random,2026092418,200,random-3,random,190.75
trained-tight-passive-four-random,2026092418,200,random-4,random,150.25
trained-tight-passive-four-random,2026092418,200,tight-passive,scripted,-445.0
trained-tight-passive-four-random,2026092418,200,trained-1,trained,-558.25
trained-tight-passive-four-random,2026092418,300,random-1,random,-383.25
trained-tight-passive-four-random,2026092418,300,random-2,random,830.0
trained-tight-passive-four-random,2026092418,300,random-3,random,32.0
trained-tight-passive-four-random,2026092418,300,random-4,random,589.25
trained-tight-passive-four-random,2026092418,300,tight-passive,scripted,-379.5
trained-tight-passive-four-random,2026092418,300,trained-1,trained,-688.5
trained-tight-passive-four-random,2026092418,400,random-1,random,-1842.25
trained-tight-passive-four-random,2026092418,400,random-2,random,219.0
trained-tight-passive-four-random,2026092418,400,random-3,random,1840.0
trained-tight-passive-four-random,2026092418,400,random-4,random,581.25
trained-tight-passive-four-random,2026092418,400,tight-passive,scripted,-269.5
trained-tight-passive-four-random,2026092418,400,trained-1,trained,-528.5
trained-tight-passive-four-random,2026092418,500,random-1,random,-1299.0
trained-tight-passive-four-random,2026092418,500,random-2,random,620.25
trained-tight-passive-four-random,2026092418,500,random-3,random,1762.0
trained-tight-passive-four-random,2026092418,500,random-4,random,-586.0
trained-tight-passive-four-random,2026092418,500,tight-passive,scripted,-186.0
trained-tight-passive-four-random,2026092418,500,trained-1,trained,-311.25
trained-tight-passive-four-random,2026092418,600,random-1,random,-18.0
trained-tight-passive-four-random,2026092418,600,random-2,random,567.0
trained-tight-passive-four-random,2026092418,600,random-3,random,627.25
trained-tight-passive-four-random,2026092418,600,random-4,random,-521.5
trained-tight-passive-four-random,2026092418,600,tight-passive,scripted,-218.5
trained-tight-passive-four-random,2026092418,600,trained-1,trained,-436.25
trained-tight-passive-four-random,2026092418,700,random-1,random,1200.16
trained-tight-passive-four-random,2026092418,700,random-2,random,-92.91
trained-tight-passive-four-random,2026092418,700,random-3,random,1061.33
trained-tight-passive-four-random,2026092418,700,random-4,random,-1811.5
trained-tight-passive-four-random,2026092418,700,tight-passive,scripted,262.0
trained-tight-passive-four-random,2026092418,700,trained-1,trained,-619.08
trained-tight-passive-four-random,2026092418,800,random-1,random,2293.16
trained-tight-passive-four-random,2026092418,800,random-2,random,-431.41
trained-tight-passive-four-random,2026092418,800,random-3,random,1414.83
trained-tight-passive-four-random,2026092418,800,random-4,random,-3348.5
trained-tight-passive-four-random,2026092418,800,tight-passive,scripted,441.5
trained-tight-passive-four-random,2026092418,800,trained-1,trained,-369.58
trained-tight-passive-four-random,2026092418,900,random-1,random,2270.91
trained-tight-passive-four-random,2026092418,900,random-2,random,38.84
trained-tight-passive-four-random,2026092418,900,random-3,random,1096.83
trained-tight-passive-four-random,2026092418,900,random-4,random,-2933.25
trained-tight-passive-four-random,2026092418,900,tight-passive,scripted,616.5
trained-tight-passive-four-random,2026092418,900,trained-1,trained,-1089.83
trained-tight-passive-four-random,2026092418,1000,random-1,random,3542.66
trained-tight-passive-four-random,2026092418,1000,random-2,random,-873.91
trained-tight-passive-four-random,2026092418,1000,random-3,random,182.83
trained-tight-passive-four-random,2026092418,1000,random-4,random,-3257.0
trained-tight-passive-four-random,2026092418,1000,tight-passive,scripted,1113.75
trained-tight-passive-four-random,2026092418,1000,trained-1,trained,-708.33
trained-tight-passive-four-random,2026092418,1100,random-1,random,2808.66
trained-tight-passive-four-random,2026092418,1100,random-2,random,-548.41
trained-tight-passive-four-random,2026092418,1100,random-3,random,1627.58
trained-tight-passive-four-random,2026092418,1100,random-4,random,-3231.0
trained-tight-passive-four-random,2026092418,1100,tight-passive,scripted,1406.75
trained-tight-passive-four-random,2026092418,1100,trained-1,trained,-2063.58
trained-tight-passive-four-random,2026092418,1200,random-1,random,2795.16
trained-tight-passive-four-random,2026092418,1200,random-2,random,-1239.41
trained-tight-passive-four-random,2026092418,1200,random-3,random,1606.58
trained-tight-passive-four-random,2026092418,1200,random-4,random,-2868.75
trained-tight-passive-four-random,2026092418,1200,tight-passive,scripted,1274.75
trained-tight-passive-four-random,2026092418,1200,trained-1,trained,-1568.33
trained-tight-passive-four-random,2026092418,1300,random-1,random,2358.16
trained-tight-passive-four-random,2026092418,1300,random-2,random,-1828.91
trained-tight-passive-four-random,2026092418,1300,random-3,random,1691.08
trained-tight-passive-four-random,2026092418,1300,random-4,random,-2007.25
trained-tight-passive-four-random,2026092418,1300,tight-passive,scripted,1249.75
trained-tight-passive-four-random,2026092418,1300,trained-1,trained,-1462.83
trained-tight-passive-four-random,2026092418,1400,random-1,random,929.41
trained-tight-passive-four-random,2026092418,1400,random-2,random,-2935.66
trained-tight-passive-four-random,2026092418,1400,random-3,random,2512.33
trained-tight-passive-four-random,2026092418,1400,random-4,random,-947.5
trained-tight-passive-four-random,2026092418,1400,tight-passive,scripted,1021.75
trained-tight-passive-four-random,2026092418,1400,trained-1,trained,-580.33
trained-tight-passive-four-random,2026092418,1500,random-1,random,1640.16
trained-tight-passive-four-random,2026092418,1500,random-2,random,-1747.91
trained-tight-passive-four-random,2026092418,1500,random-3,random,2541.58
trained-tight-passive-four-random,2026092418,1500,random-4,random,-1468.5
trained-tight-passive-four-random,2026092418,1500,tight-passive,scripted,903.25
trained-tight-passive-four-random,2026092418,1500,trained-1,trained,-1868.58
trained-tight-passive-four-random,2026092418,1600,random-1,random,2812.66
trained-tight-passive-four-random,2026092418,1600,random-2,random,-1804.41
trained-tight-passive-four-random,2026092418,1600,random-3,random,2412.83
trained-tight-passive-four-random,2026092418,1600,random-4,random,-1832.5
trained-tight-passive-four-random,2026092418,1600,tight-passive,scripted,1030.5
trained-tight-passive-four-random,2026092418,1600,trained-1,trained,-2619.08
trained-tight-passive-four-random,2026092418,1700,random-1,random,3194.16
trained-tight-passive-four-random,2026092418,1700,random-2,random,-1000.91
trained-tight-passive-four-random,2026092418,1700,random-3,random,2347.83
trained-tight-passive-four-random,2026092418,1700,random-4,random,-2615.0
trained-tight-passive-four-random,2026092418,1700,tight-passive,scripted,926.5
trained-tight-passive-four-random,2026092418,1700,trained-1,trained,-2852.58
trained-tight-passive-four-random,2026092418,1800,random-1,random,3984.75
trained-tight-passive-four-random,2026092418,1800,random-2,random,-398.83
trained-tight-passive-four-random,2026092418,1800,random-3,random,1760.08
trained-tight-passive-four-random,2026092418,1800,random-4,random,-1897.17
trained-tight-passive-four-random,2026092418,1800,tight-passive,scripted,894.75
trained-tight-passive-four-random,2026092418,1800,trained-1,trained,-4343.58
trained-tight-passive-four-random,2026092418,1900,random-1,random,3481.25
trained-tight-passive-four-random,2026092418,1900,random-2,random,317.67
trained-tight-passive-four-random,2026092418,1900,random-3,random,1123.58
trained-tight-passive-four-random,2026092418,1900,random-4,random,-2443.17
trained-tight-passive-four-random,2026092418,1900,tight-passive,scripted,783.75
trained-tight-passive-four-random,2026092418,1900,trained-1,trained,-3263.08
trained-tight-passive-four-random,2026092418,2000,random-1,random,3345.25
trained-tight-passive-four-random,2026092418,2000,random-2,random,667.92
trained-tight-passive-four-random,2026092418,2000,random-3,random,1258.33
trained-tight-passive-four-random,2026092418,2000,random-4,random,-2443.67
trained-tight-passive-four-random,2026092418,2000,tight-passive,scripted,555.25
trained-tight-passive-four-random,2026092418,2000,trained-1,trained,-3383.08
trained-tight-passive-four-random,2026092418,2100,random-1,random,4027.25
trained-tight-passive-four-random,2026092418,2100,random-2,random,188.42
trained-tight-passive-four-random,2026092418,2100,random-3,random,2231.83
trained-tight-passive-four-random,2026092418,2100,random-4,random,-2295.17
trained-tight-passive-four-random,2026092418,2100,tight-passive,scripted,933.25
trained-tight-passive-four-random,2026092418,2100,trained-1,trained,-5085.58
trained-tight-passive-four-random,2026092418,2200,random-1,random,3848.25
trained-tight-passive-four-random,2026092418,2200,random-2,random,69.42
trained-tight-passive-four-random,2026092418,2200,random-3,random,2691.33
trained-tight-passive-four-random,2026092418,2200,random-4,random,-2548.17
trained-tight-passive-four-random,2026092418,2200,tight-passive,scripted,1296.75
trained-tight-passive-four-random,2026092418,2200,trained-1,trained,-5357.58
trained-tight-passive-four-random,2026092418,2300,random-1,random,4590.75
trained-tight-passive-four-random,2026092418,2300,random-2,random,-105.08
trained-tight-passive-four-random,2026092418,2300,random-3,random,1862.17
trained-tight-passive-four-random,2026092418,2300,random-4,random,-1900.34
trained-tight-passive-four-random,2026092418,2300,tight-passive,scripted,1336.75
trained-tight-passive-four-random,2026092418,2300,trained-1,trained,-5784.25
trained-tight-passive-four-random,2026092418,2400,random-1,random,4665.67
trained-tight-passive-four-random,2026092418,2400,random-2,random,158.58
trained-tight-passive-four-random,2026092418,2400,random-3,random,1263.67
trained-tight-passive-four-random,2026092418,2400,random-4,random,-2106.34
trained-tight-passive-four-random,2026092418,2400,tight-passive,scripted,1633.25
trained-tight-passive-four-random,2026092418,2400,trained-1,trained,-5614.83
trained-tight-passive-four-random,2026092418,2500,random-1,random,5811.67
trained-tight-passive-four-random,2026092418,2500,random-2,random,485.58
trained-tight-passive-four-random,2026092418,2500,random-3,random,230.67
trained-tight-passive-four-random,2026092418,2500,random-4,random,-2567.34
trained-tight-passive-four-random,2026092418,2500,tight-passive,scripted,1509.25
trained-tight-passive-four-random,2026092418,2500,trained-1,trained,-5469.83
trained-tight-passive-four-random,2026092418,2600,random-1,random,5158.67
trained-tight-passive-four-random,2026092418,2600,random-2,random,192.08
trained-tight-passive-four-random,2026092418,2600,random-3,random,115.67
trained-tight-passive-four-random,2026092418,2600,random-4,random,-2228.34
trained-tight-passive-four-random,2026092418,2600,tight-passive,scripted,1717.25
trained-tight-passive-four-random,2026092418,2600,trained-1,trained,-4955.33
trained-tight-passive-four-random,2026092418,2700,random-1,random,5908.17
trained-tight-passive-four-random,2026092418,2700,random-2,random,-32.42
trained-tight-passive-four-random,2026092418,2700,random-3,random,996.17
trained-tight-passive-four-random,2026092418,2700,random-4,random,-2825.84
trained-tight-passive-four-random,2026092418,2700,tight-passive,scripted,1911.25
trained-tight-passive-four-random,2026092418,2700,trained-1,trained,-5957.33
trained-tight-passive-four-random,2026092418,2800,random-1,random,4738.67
trained-tight-passive-four-random,2026092418,2800,random-2,random,84.08
trained-tight-passive-four-random,2026092418,2800,random-3,random,1530.67
trained-tight-passive-four-random,2026092418,2800,random-4,random,-2389.84
trained-tight-passive-four-random,2026092418,2800,tight-passive,scripted,1961.75
trained-tight-passive-four-random,2026092418,2800,trained-1,trained,-5925.33
trained-tight-passive-four-random,2026092418,2900,random-1,random,3940.67
trained-tight-passive-four-random,2026092418,2900,random-2,random,118.08
trained-tight-passive-four-random,2026092418,2900,random-3,random,2332.42
trained-tight-passive-four-random,2026092418,2900,random-4,random,-2256.09
trained-tight-passive-four-random,2026092418,2900,tight-passive,scripted,2137.25
trained-tight-passive-four-random,2026092418,2900,trained-1,trained,-6272.33
trained-tight-passive-four-random,2026092418,3000,random-1,random,2062.67
trained-tight-passive-four-random,2026092418,3000,random-2,random,670.58
trained-tight-passive-four-random,2026092418,3000,random-3,random,2325.42
trained-tight-passive-four-random,2026092418,3000,random-4,random,-2698.84
trained-tight-passive-four-random,2026092418,3000,tight-passive,scripted,3513.25
trained-tight-passive-four-random,2026092418,3000,trained-1,trained,-5873.08
trained-loose-aggressive-four-random,2026092419,100,loose-aggressive,scripted,770.5
trained-loose-aggressive-four-random,2026092419,100,random-1,random,1185.0
trained-loose-aggressive-four-random,2026092419,100,random-2,random,403.17
trained-loose-aggressive-four-random,2026092419,100,random-3,random,-1216.25
trained-loose-aggressive-four-random,2026092419,100,random-4,random,-2370.59
trained-loose-aggressive-four-random,2026092419,100,trained-1,trained,1228.17
trained-loose-aggressive-four-random,2026092419,200,loose-aggressive,scripted,2552.5
trained-loose-aggressive-four-random,2026092419,200,random-1,random,-968.0
trained-loose-aggressive-four-random,2026092419,200,random-2,random,1728.67
trained-loose-aggressive-four-random,2026092419,200,random-3,random,-1419.5
trained-loose-aggressive-four-random,2026092419,200,random-4,random,-2314.09
trained-loose-aggressive-four-random,2026092419,200,trained-1,trained,420.42
trained-loose-aggressive-four-random,2026092419,300,loose-aggressive,scripted,2819.5
trained-loose-aggressive-four-random,2026092419,300,random-1,random,-1310.17
trained-loose-aggressive-four-random,2026092419,300,random-2,random,1179.01
trained-loose-aggressive-four-random,2026092419,300,random-3,random,-345.42
trained-loose-aggressive-four-random,2026092419,300,random-4,random,-2727.34
trained-loose-aggressive-four-random,2026092419,300,trained-1,trained,384.42
trained-loose-aggressive-four-random,2026092419,400,loose-aggressive,scripted,3608.25
trained-loose-aggressive-four-random,2026092419,400,random-1,random,-1216.67
trained-loose-aggressive-four-random,2026092419,400,random-2,random,-29.99
trained-loose-aggressive-four-random,2026092419,400,random-3,random,-1004.42
trained-loose-aggressive-four-random,2026092419,400,random-4,random,-1666.59
trained-loose-aggressive-four-random,2026092419,400,trained-1,trained,309.42
trained-loose-aggressive-four-random,2026092419,500,loose-aggressive,scripted,3224.75
trained-loose-aggressive-four-random,2026092419,500,random-1,random,-601.67
trained-loose-aggressive-four-random,2026092419,500,random-2,random,-293.49
trained-loose-aggressive-four-random,2026092419,500,random-3,random,-874.42
trained-loose-aggressive-four-random,2026092419,500,random-4,random,-1654.59
trained-loose-aggressive-four-random,2026092419,500,trained-1,trained,199.42
trained-loose-aggressive-four-random,2026092419,600,loose-aggressive,scripted,2708.5
trained-loose-aggressive-four-random,2026092419,600,random-1,random,667.58
trained-loose-aggressive-four-random,2026092419,600,random-2,random,302.51
trained-loose-aggressive-four-random,2026092419,600,random-3,random,-1796.42
trained-loose-aggressive-four-random,2026092419,600,random-4,random,-1763.09
trained-loose-aggressive-four-random,2026092419,600,trained-1,trained,-119.08
trained-loose-aggressive-four-random,2026092419,700,loose-aggressive,scripted,3602.5
trained-loose-aggressive-four-random,2026092419,700,random-1,random,15.33
trained-loose-aggressive-four-random,2026092419,700,random-2,random,-721.24
trained-loose-aggressive-four-random,2026092419,700,random-3,random,-1080.17
trained-loose-aggressive-four-random,2026092419,700,random-4,random,-1008.34
trained-loose-aggressive-four-random,2026092419,700,trained-1,trained,-808.08
trained-loose-aggressive-four-random,2026092419,800,loose-aggressive,scripted,4207.0
trained-loose-aggressive-four-random,2026092419,800,random-1,random,-1774.92
trained-loose-aggressive-four-random,2026092419,800,random-2,random,-264.24
trained-loose-aggressive-four-random,2026092419,800,random-3,random,-1617.67
trained-loose-aggressive-four-random,2026092419,800,random-4,random,-893.84
trained-loose-aggressive-four-random,2026092419,800,trained-1,trained,343.67
trained-loose-aggressive-four-random,2026092419,900,loose-aggressive,scripted,4440.0
trained-loose-aggressive-four-random,2026092419,900,random-1,random,-4224.92
trained-loose-aggressive-four-random,2026092419,900,random-2,random,797.26
trained-loose-aggressive-four-random,2026092419,900,random-3,random,-1612.67
trained-loose-aggressive-four-random,2026092419,900,random-4,random,471.16
trained-loose-aggressive-four-random,2026092419,900,trained-1,trained,129.17
trained-loose-aggressive-four-random,2026092419,1000,loose-aggressive,scripted,5690.0
trained-loose-aggressive-four-random,2026092419,1000,random-1,random,-3463.42
trained-loose-aggressive-four-random,2026092419,1000,random-2,random,236.76
trained-loose-aggressive-four-random,2026092419,1000,random-3,random,-2208.67
trained-loose-aggressive-four-random,2026092419,1000,random-4,random,-220.34
trained-loose-aggressive-four-random,2026092419,1000,trained-1,trained,-34.33
trained-loose-aggressive-four-random,2026092419,1100,loose-aggressive,scripted,7267.0
trained-loose-aggressive-four-random,2026092419,1100,random-1,random,-3985.67
trained-loose-aggressive-four-random,2026092419,1100,random-2,random,-541.24
trained-loose-aggressive-four-random,2026092419,1100,random-3,random,-1736.92
trained-loose-aggressive-four-random,2026092419,1100,random-4,random,67.66
trained-loose-aggressive-four-random,2026092419,1100,trained-1,trained,-1070.83
trained-loose-aggressive-four-random,2026092419,1200,loose-aggressive,scripted,9182.5
trained-loose-aggressive-four-random,2026092419,1200,random-1,random,-5141.92
trained-loose-aggressive-four-random,2026092419,1200,random-2,random,-1934.49
trained-loose-aggressive-four-random,2026092419,1200,random-3,random,-2205.42
trained-loose-aggressive-four-random,2026092419,1200,random-4,random,1472.16
trained-loose-aggressive-four-random,2026092419,1200,trained-1,trained,-1372.83
trained-loose-aggressive-four-random,2026092419,1300,loose-aggressive,scripted,10126.5
trained-loose-aggressive-four-random,2026092419,1300,random-1,random,-4918.67
trained-loose-aggressive-four-random,2026092419,1300,random-2,random,-1950.99
trained-loose-aggressive-four-random,2026092419,1300,random-3,random,-2623.92
trained-loose-aggressive-four-random,2026092419,1300,random-4,random,2666.66
trained-loose-aggressive-four-random,2026092419,1300,trained-1,trained,-3299.58
trained-loose-aggressive-four-random,2026092419,1400,loose-aggressive,scripted,10312.5
trained-loose-aggressive-four-random,2026092419,1400,random-1,random,-5230.67
trained-loose-aggressive-four-random,2026092419,1400,random-2,random,-988.99
trained-loose-aggressive-four-random,2026092419,1400,random-3,random,-3776.92
trained-loose-aggressive-four-random,2026092419,1400,random-4,random,1867.16
trained-loose-aggressive-four-random,2026092419,1400,trained-1,trained,-2183.08
trained-loose-aggressive-four-random,2026092419,1500,loose-aggressive,scripted,11393.5
trained-loose-aggressive-four-random,2026092419,1500,random-1,random,-6254.17
trained-loose-aggressive-four-random,2026092419,1500,random-2,random,-1228.99
trained-loose-aggressive-four-random,2026092419,1500,random-3,random,-5302.67
trained-loose-aggressive-four-random,2026092419,1500,random-4,random,3621.91
trained-loose-aggressive-four-random,2026092419,1500,trained-1,trained,-2229.58
trained-loose-aggressive-four-random,2026092419,1600,loose-aggressive,scripted,11960.33
trained-loose-aggressive-four-random,2026092419,1600,random-1,random,-7683.33
trained-loose-aggressive-four-random,2026092419,1600,random-2,random,-1004.16
trained-loose-aggressive-four-random,2026092419,1600,random-3,random,-4120.83
trained-loose-aggressive-four-random,2026092419,1600,random-4,random,3950.07
trained-loose-aggressive-four-random,2026092419,1600,trained-1,trained,-3102.08
trained-loose-aggressive-four-random,2026092419,1700,loose-aggressive,scripted,13269.83
trained-loose-aggressive-four-random,2026092419,1700,random-1,random,-7536.33
trained-loose-aggressive-four-random,2026092419,1700,random-2,random,-2520.66
trained-loose-aggressive-four-random,2026092419,1700,random-3,random,-5536.83
trained-loose-aggressive-four-random,2026092419,1700,random-4,random,4041.57
trained-loose-aggressive-four-random,2026092419,1700,trained-1,trained,-1717.58
trained-loose-aggressive-four-random,2026092419,1800,loose-aggressive,scripted,13802.83
trained-loose-aggressive-four-random,2026092419,1800,random-1,random,-6638.83
trained-loose-aggressive-four-random,2026092419,1800,random-2,random,-3873.66
trained-loose-aggressive-four-random,2026092419,1800,random-3,random,-6951.33
trained-loose-aggressive-four-random,2026092419,1800,random-4,random,3329.57
trained-loose-aggressive-four-random,2026092419,1800,trained-1,trained,331.42
trained-loose-aggressive-four-random,2026092419,1900,loose-aggressive,scripted,15198.33
trained-loose-aggressive-four-random,2026092419,1900,random-1,random,-6563.17
trained-loose-aggressive-four-random,2026092419,1900,random-2,random,-4260.16
trained-loose-aggressive-four-random,2026092419,1900,random-3,random,-7834.08
trained-loose-aggressive-four-random,2026092419,1900,random-4,random,2927.99
trained-loose-aggressive-four-random,2026092419,1900,trained-1,trained,531.09
trained-loose-aggressive-four-random,2026092419,2000,loose-aggressive,scripted,16561.83
trained-loose-aggressive-four-random,2026092419,2000,random-1,random,-8687.17
trained-loose-aggressive-four-random,2026092419,2000,random-2,random,-2931.91
trained-loose-aggressive-four-random,2026092419,2000,random-3,random,-8661.58
trained-loose-aggressive-four-random,2026092419,2000,random-4,random,2231.99
trained-loose-aggressive-four-random,2026092419,2000,trained-1,trained,1486.84
trained-loose-aggressive-four-random,2026092419,2100,loose-aggressive,scripted,17688.66
trained-loose-aggressive-four-random,2026092419,2100,random-1,random,-9916.17
trained-loose-aggressive-four-random,2026092419,2100,random-2,random,-3676.41
trained-loose-aggressive-four-random,2026092419,2100,random-3,random,-8575.58
trained-loose-aggressive-four-random,2026092419,2100,random-4,random,3139.33
trained-loose-aggressive-four-random,2026092419,2100,trained-1,trained,1340.17
trained-loose-aggressive-four-random,2026092419,2200,loose-aggressive,scripted,20596.86
trained-loose-aggressive-four-random,2026092419,2200,random-1,random,-10605.22
trained-loose-aggressive-four-random,2026092419,2200,random-2,random,-4830.96
trained-loose-aggressive-four-random,2026092419,2200,random-3,random,-9887.58
trained-loose-aggressive-four-random,2026092419,2200,random-4,random,3110.53
trained-loose-aggressive-four-random,2026092419,2200,trained-1,trained,1616.37
trained-loose-aggressive-four-random,2026092419,2300,loose-aggressive,scripted,21690.86
trained-loose-aggressive-four-random,2026092419,2300,random-1,random,-11708.72
trained-loose-aggressive-four-random,2026092419,2300,random-2,random,-4071.96
trained-loose-aggressive-four-random,2026092419,2300,random-3,random,-9769.58
trained-loose-aggressive-four-random,2026092419,2300,random-4,random,2629.03
trained-loose-aggressive-four-random,2026092419,2300,trained-1,trained,1230.37
trained-loose-aggressive-four-random,2026092419,2400,loose-aggressive,scripted,22317.36
trained-loose-aggressive-four-random,2026092419,2400,random-1,random,-11490.72
trained-loose-aggressive-four-random,2026092419,2400,random-2,random,-4142.96
trained-loose-aggressive-four-random,2026092419,2400,random-3,random,-9431.08
trained-loose-aggressive-four-random,2026092419,2400,random-4,random,1567.03
trained-loose-aggressive-four-random,2026092419,2400,trained-1,trained,1180.37
trained-loose-aggressive-four-random,2026092419,2500,loose-aggressive,scripted,24120.36
trained-loose-aggressive-four-random,2026092419,2500,random-1,random,-12032.47
trained-loose-aggressive-four-random,2026092419,2500,random-2,random,-5656.96
trained-loose-aggressive-four-random,2026092419,2500,random-3,random,-9532.58
trained-loose-aggressive-four-random,2026092419,2500,random-4,random,1871.53
trained-loose-aggressive-four-random,2026092419,2500,trained-1,trained,1230.12
trained-loose-aggressive-four-random,2026092419,2600,loose-aggressive,scripted,24997.36
trained-loose-aggressive-four-random,2026092419,2600,random-1,random,-13563.97
trained-loose-aggressive-four-random,2026092419,2600,random-2,random,-5083.21
trained-loose-aggressive-four-random,2026092419,2600,random-3,random,-8746.58
trained-loose-aggressive-four-random,2026092419,2600,random-4,random,2931.28
trained-loose-aggressive-four-random,2026092419,2600,trained-1,trained,-534.88
trained-loose-aggressive-four-random,2026092419,2700,loose-aggressive,scripted,25986.36
trained-loose-aggressive-four-random,2026092419,2700,random-1,random,-15162.3
trained-loose-aggressive-four-random,2026092419,2700,random-2,random,-3803.04
trained-loose-aggressive-four-random,2026092419,2700,random-3,random,-9237.92
trained-loose-aggressive-four-random,2026092419,2700,random-4,random,2735.28
trained-loose-aggressive-four-random,2026092419,2700,trained-1,trained,-518.38
trained-loose-aggressive-four-random,2026092419,2800,loose-aggressive,scripted,26715.36
trained-loose-aggressive-four-random,2026092419,2800,random-1,random,-14760.8
trained-loose-aggressive-four-random,2026092419,2800,random-2,random,-4234.79
trained-loose-aggressive-four-random,2026092419,2800,random-3,random,-10143.42
trained-loose-aggressive-four-random,2026092419,2800,random-4,random,2824.03
trained-loose-aggressive-four-random,2026092419,2800,trained-1,trained,-400.38
trained-loose-aggressive-four-random,2026092419,2900,loose-aggressive,scripted,28321.36
trained-loose-aggressive-four-random,2026092419,2900,random-1,random,-14450.05
trained-loose-aggressive-four-random,2026092419,2900,random-2,random,-5600.29
trained-loose-aggressive-four-random,2026092419,2900,random-3,random,-10098.92
trained-loose-aggressive-four-random,2026092419,2900,random-4,random,2415.03
trained-loose-aggressive-four-random,2026092419,2900,trained-1,trained,-587.13
trained-loose-aggressive-four-random,2026092419,3000,loose-aggressive,scripted,27728.61
trained-loose-aggressive-four-random,2026092419,3000,random-1,random,-14203.55
trained-loose-aggressive-four-random,2026092419,3000,random-2,random,-5793.54
trained-loose-aggressive-four-random,2026092419,3000,random-3,random,-10455.92
trained-loose-aggressive-four-random,2026092419,3000,random-4,random,3949.03
trained-loose-aggressive-four-random,2026092419,3000,trained-1,trained,-1224.63
