handOrdinal,decisionOrdinal,handId,street,humanVisibleCards,visibleBoard,restrictedMenu,acceptedKind,acceptedRaiseTo,evidenceScope
1,1,FRkuUMi6HVO26sQb2I7Xdz4x,preflop,"[""2s"", ""Qc""]",[],"[{""name"": ""fold"", ""kind"": ""fold"", ""raiseTo"": null}, {""name"": ""call"", ""kind"": ""call"", ""raiseTo"": null}, {""name"": ""min"", ""kind"": ""raise"", ""raiseTo"": 200}, {""name"": ""pot"", ""kind"": ""raise"", ""raiseTo"": 300}]",raise,200,native accepted action; browser intent/attempt/latency unverified
2,1,GQT3iuohmgLI-wMB5gHALtx7,preflop,"[""Td"", ""5c""]",[],"[{""name"": ""check"", ""kind"": ""check"", ""raiseTo"": null}, {""name"": ""min"", ""kind"": ""raise"", ""raiseTo"": 200}, {""name"": ""pot"", ""kind"": ""raise"", ""raiseTo"": 300}]",check,,native accepted action; browser intent/attempt/latency unverified
2,2,GQT3iuohmgLI-wMB5gHALtx7,flop,"[""Td"", ""5c""]","[""3h"", ""6h"", ""6d""]","[{""name"": ""check"", ""kind"": ""check"", ""raiseTo"": null}, {""name"": ""min"", ""kind"": ""raise"", ""raiseTo"": 100}, {""name"": ""pot"", ""kind"": ""raise"", ""raiseTo"": 200}]",check,,native accepted action; browser intent/attempt/latency unverified
2,3,GQT3iuohmgLI-wMB5gHALtx7,flop,"[""Td"", ""5c""]","[""3h"", ""6h"", ""6d""]","[{""name"": ""fold"", ""kind"": ""fold"", ""raiseTo"": null}, {""name"": ""call"", ""kind"": ""call"", ""raiseTo"": null}, {""name"": ""min"", ""kind"": ""raise"", ""raiseTo"": 200}, {""name"": ""pot"", ""kind"": ""raise"", ""raiseTo"": 500}]",call,,native accepted action; browser intent/attempt/latency unverified
2,4,GQT3iuohmgLI-wMB5gHALtx7,turn,"[""Td"", ""5c""]","[""3h"", ""6h"", ""6d"", ""4h""]","[{""name"": ""check"", ""kind"": ""check"", ""raiseTo"": null}, {""name"": ""min"", ""kind"": ""raise"", ""raiseTo"": 100}, {""name"": ""pot"", ""kind"": ""raise"", ""raiseTo"": 400}]",check,,native accepted action; browser intent/attempt/latency unverified
2,5,GQT3iuohmgLI-wMB5gHALtx7,turn,"[""Td"", ""5c""]","[""3h"", ""6h"", ""6d"", ""4h""]","[{""name"": ""fold"", ""kind"": ""fold"", ""raiseTo"": null}, {""name"": ""call"", ""kind"": ""call"", ""raiseTo"": null}, {""name"": ""min"", ""kind"": ""raise"", ""raiseTo"": 800}, {""name"": ""pot"", ""kind"": ""raise"", ""raiseTo"": 1600}, {""name"": ""jam"", ""kind"": ""raise"", ""raiseTo"": 1800}]",fold,,native accepted action; browser intent/attempt/latency unverified
3,1,sqybTzDoQDW74NZsVC9p_azK,preflop,"[""7c"", ""Ah""]",[],"[{""name"": ""fold"", ""kind"": ""fold"", ""raiseTo"": null}, {""name"": ""call"", ""kind"": ""call"", ""raiseTo"": null}, {""name"": ""min"", ""kind"": ""raise"", ""raiseTo"": 200}, {""name"": ""pot"", ""kind"": ""raise"", ""raiseTo"": 300}]",raise,200,native accepted action; browser intent/attempt/latency unverified
3,2,sqybTzDoQDW74NZsVC9p_azK,flop,"[""7c"", ""Ah""]","[""5s"", ""2s"", ""5c""]","[{""name"": ""check"", ""kind"": ""check"", ""raiseTo"": null}, {""name"": ""min"", ""kind"": ""raise"", ""raiseTo"": 100}, {""name"": ""pot"", ""kind"": ""raise"", ""raiseTo"": 400}]",check,,native accepted action; browser intent/attempt/latency unverified
3,3,sqybTzDoQDW74NZsVC9p_azK,turn,"[""7c"", ""Ah""]","[""5s"", ""2s"", ""5c"", ""4h""]","[{""name"": ""fold"", ""kind"": ""fold"", ""raiseTo"": null}, {""name"": ""call"", ""kind"": ""call"", ""raiseTo"": null}, {""name"": ""min"", ""kind"": ""raise"", ""raiseTo"": 800}, {""name"": ""pot"", ""kind"": ""raise"", ""raiseTo"": 1600}, {""name"": ""jam"", ""kind"": ""raise"", ""raiseTo"": 1800}]",fold,,native accepted action; browser intent/attempt/latency unverified
4,1,J3DJYzXaiZOhtEMTcizHUw4b,preflop,"[""4d"", ""Qh""]",[],"[{""name"": ""check"", ""kind"": ""check"", ""raiseTo"": null}, {""name"": ""min"", ""kind"": ""raise"", ""raiseTo"": 200}, {""name"": ""pot"", ""kind"": ""raise"", ""raiseTo"": 300}]",check,,native accepted action; browser intent/attempt/latency unverified
4,2,J3DJYzXaiZOhtEMTcizHUw4b,flop,"[""4d"", ""Qh""]","[""Jh"", ""8h"", ""5s""]","[{""name"": ""check"", ""kind"": ""check"", ""raiseTo"": null}, {""name"": ""min"", ""kind"": ""raise"", ""raiseTo"": 100}, {""name"": ""pot"", ""kind"": ""raise"", ""raiseTo"": 200}]",check,,native accepted action; browser intent/attempt/latency unverified
4,3,J3DJYzXaiZOhtEMTcizHUw4b,turn,"[""4d"", ""Qh""]","[""Jh"", ""8h"", ""5s"", ""6c""]","[{""name"": ""check"", ""kind"": ""check"", ""raiseTo"": null}, {""name"": ""min"", ""kind"": ""raise"", ""raiseTo"": 100}, {""name"": ""pot"", ""kind"": ""raise"", ""raiseTo"": 200}]",raise,100,native accepted action; browser intent/attempt/latency unverified
5,1,-oeJzuBuWtzFQ1EwfWI9N4Xv,preflop,"[""6s"", ""Ks""]",[],"[{""name"": ""fold"", ""kind"": ""fold"", ""raiseTo"": null}, {""name"": ""call"", ""kind"": ""call"", ""raiseTo"": null}, {""name"": ""min"", ""kind"": ""raise"", ""raiseTo"": 200}, {""name"": ""pot"", ""kind"": ""raise"", ""raiseTo"": 300}]",raise,200,native accepted action; browser intent/attempt/latency unverified
5,2,-oeJzuBuWtzFQ1EwfWI9N4Xv,preflop,"[""6s"", ""Ks""]",[],"[{""name"": ""fold"", ""kind"": ""fold"", ""raiseTo"": null}, {""name"": ""call"", ""kind"": ""call"", ""raiseTo"": null}, {""name"": ""min"", ""kind"": ""raise"", ""raiseTo"": 400}, {""name"": ""pot"", ""kind"": ""raise"", ""raiseTo"": 900}]",call,,native accepted action; browser intent/attempt/latency unverified
5,3,-oeJzuBuWtzFQ1EwfWI9N4Xv,flop,"[""6s"", ""Ks""]","[""5c"", ""7d"", ""6d""]","[{""name"": ""check"", ""kind"": ""check"", ""raiseTo"": null}, {""name"": ""min"", ""kind"": ""raise"", ""raiseTo"": 100}, {""name"": ""pot"", ""kind"": ""raise"", ""raiseTo"": 600}]",raise,100,native accepted action; browser intent/attempt/latency unverified
5,4,-oeJzuBuWtzFQ1EwfWI9N4Xv,turn,"[""6s"", ""Ks""]","[""5c"", ""7d"", ""6d"", ""Qc""]","[{""name"": ""fold"", ""kind"": ""fold"", ""raiseTo"": null}, {""name"": ""call"", ""kind"": ""call"", ""raiseTo"": null}, {""name"": ""min"", ""kind"": ""raise"", ""raiseTo"": 200}, {""name"": ""pot"", ""kind"": ""raise"", ""raiseTo"": 1100}, {""name"": ""jam"", ""kind"": ""raise"", ""raiseTo"": 1600}]",call,,native accepted action; browser intent/attempt/latency unverified
5,5,-oeJzuBuWtzFQ1EwfWI9N4Xv,river,"[""6s"", ""Ks""]","[""5c"", ""7d"", ""6d"", ""Qc"", ""9d""]","[{""name"": ""check"", ""kind"": ""check"", ""raiseTo"": null}, {""name"": ""min"", ""kind"": ""raise"", ""raiseTo"": 100}, {""name"": ""pot"", ""kind"": ""raise"", ""raiseTo"": 1000}, {""name"": ""jam"", ""kind"": ""raise"", ""raiseTo"": 1500}]",check,,native accepted action; browser intent/attempt/latency unverified
6,1,l59S7aLqYx7vGVYS0X-bXa6G,preflop,"[""8c"", ""6c""]",[],"[{""name"": ""check"", ""kind"": ""check"", ""raiseTo"": null}, {""name"": ""min"", ""kind"": ""raise"", ""raiseTo"": 200}, {""name"": ""pot"", ""kind"": ""raise"", ""raiseTo"": 300}]",check,,native accepted action; browser intent/attempt/latency unverified
6,2,l59S7aLqYx7vGVYS0X-bXa6G,flop,"[""8c"", ""6c""]","[""Jh"", ""2c"", ""Qs""]","[{""name"": ""check"", ""kind"": ""check"", ""raiseTo"": null}, {""name"": ""min"", ""kind"": ""raise"", ""raiseTo"": 100}, {""name"": ""pot"", ""kind"": ""raise"", ""raiseTo"": 200}]",check,,native accepted action; browser intent/attempt/latency unverified
6,3,l59S7aLqYx7vGVYS0X-bXa6G,flop,"[""8c"", ""6c""]","[""Jh"", ""2c"", ""Qs""]","[{""name"": ""fold"", ""kind"": ""fold"", ""raiseTo"": null}, {""name"": ""call"", ""kind"": ""call"", ""raiseTo"": null}, {""name"": ""min"", ""kind"": ""raise"", ""raiseTo"": 200}, {""name"": ""pot"", ""kind"": ""raise"", ""raiseTo"": 500}]",fold,,native accepted action; browser intent/attempt/latency unverified
7,1,U0SFt5xNvgiWiEgnpZ8wdjNX,preflop,"[""Td"", ""Jd""]",[],"[{""name"": ""fold"", ""kind"": ""fold"", ""raiseTo"": null}, {""name"": ""call"", ""kind"": ""call"", ""raiseTo"": null}, {""name"": ""min"", ""kind"": ""raise"", ""raiseTo"": 200}, {""name"": ""pot"", ""kind"": ""raise"", ""raiseTo"": 300}]",raise,200,native accepted action; browser intent/attempt/latency unverified
7,2,U0SFt5xNvgiWiEgnpZ8wdjNX,flop,"[""Td"", ""Jd""]","[""3c"", ""5d"", ""9h""]","[{""name"": ""fold"", ""kind"": ""fold"", ""raiseTo"": null}, {""name"": ""call"", ""kind"": ""call"", ""raiseTo"": null}, {""name"": ""min"", ""kind"": ""raise"", ""raiseTo"": 800}, {""name"": ""pot"", ""kind"": ""raise"", ""raiseTo"": 1600}, {""name"": ""jam"", ""kind"": ""raise"", ""raiseTo"": 1800}]",fold,,native accepted action; browser intent/attempt/latency unverified
9,1,aoeHqhaqzzeP9nWNeOe2yKac,preflop,"[""4h"", ""Jh""]",[],"[{""name"": ""fold"", ""kind"": ""fold"", ""raiseTo"": null}, {""name"": ""call"", ""kind"": ""call"", ""raiseTo"": null}, {""name"": ""min"", ""kind"": ""raise"", ""raiseTo"": 200}, {""name"": ""pot"", ""kind"": ""raise"", ""raiseTo"": 300}]",raise,200,native accepted action; browser intent/attempt/latency unverified
9,2,aoeHqhaqzzeP9nWNeOe2yKac,flop,"[""4h"", ""Jh""]","[""3d"", ""6h"", ""3h""]","[{""name"": ""fold"", ""kind"": ""fold"", ""raiseTo"": null}, {""name"": ""call"", ""kind"": ""call"", ""raiseTo"": null}, {""name"": ""min"", ""kind"": ""raise"", ""raiseTo"": 800}, {""name"": ""pot"", ""kind"": ""raise"", ""raiseTo"": 1600}, {""name"": ""jam"", ""kind"": ""raise"", ""raiseTo"": 1800}]",call,,native accepted action; browser intent/attempt/latency unverified
9,3,aoeHqhaqzzeP9nWNeOe2yKac,turn,"[""4h"", ""Jh""]","[""3d"", ""6h"", ""3h"", ""Td""]","[{""name"": ""check"", ""kind"": ""check"", ""raiseTo"": null}, {""name"": ""min"", ""kind"": ""raise"", ""raiseTo"": 100}, {""name"": ""pot"", ""kind"": ""raise"", ""raiseTo"": 1200}, {""name"": ""jam"", ""kind"": ""raise"", ""raiseTo"": 1400}]",raise,100,native accepted action; browser intent/attempt/latency unverified
9,4,aoeHqhaqzzeP9nWNeOe2yKac,river,"[""4h"", ""Jh""]","[""3d"", ""6h"", ""3h"", ""Td"", ""As""]","[{""name"": ""fold"", ""kind"": ""fold"", ""raiseTo"": null}, {""name"": ""call"", ""kind"": ""call"", ""raiseTo"": null}, {""name"": ""min"", ""kind"": ""raise"", ""raiseTo"": 200}, {""name"": ""pot"", ""kind"": ""raise"", ""raiseTo"": 1300}]",call,,native accepted action; browser intent/attempt/latency unverified
10,1,p4OtNAg-Qu7w3Df1bWyCVaRw,preflop,"[""Qc"", ""Ac""]",[],"[{""name"": ""check"", ""kind"": ""check"", ""raiseTo"": null}, {""name"": ""min"", ""kind"": ""raise"", ""raiseTo"": 200}, {""name"": ""pot"", ""kind"": ""raise"", ""raiseTo"": 300}]",raise,300,native accepted action; browser intent/attempt/latency unverified
10,2,p4OtNAg-Qu7w3Df1bWyCVaRw,flop,"[""Qc"", ""Ac""]","[""8c"", ""7c"", ""6d""]","[{""name"": ""check"", ""kind"": ""check"", ""raiseTo"": null}, {""name"": ""min"", ""kind"": ""raise"", ""raiseTo"": 100}, {""name"": ""pot"", ""kind"": ""raise"", ""raiseTo"": 600}]",raise,100,native accepted action; browser intent/attempt/latency unverified
10,3,p4OtNAg-Qu7w3Df1bWyCVaRw,flop,"[""Qc"", ""Ac""]","[""8c"", ""7c"", ""6d""]","[{""name"": ""fold"", ""kind"": ""fold"", ""raiseTo"": null}, {""name"": ""call"", ""kind"": ""call"", ""raiseTo"": null}, {""name"": ""min"", ""kind"": ""raise"", ""raiseTo"": 1700}]",call,,native accepted action; browser intent/attempt/latency unverified
10,4,p4OtNAg-Qu7w3Df1bWyCVaRw,turn,"[""Qc"", ""Ac""]","[""8c"", ""7c"", ""6d"", ""4c""]","[{""name"": ""check"", ""kind"": ""check"", ""raiseTo"": null}, {""name"": ""min"", ""kind"": ""raise"", ""raiseTo"": 100}, {""name"": ""pot"", ""kind"": ""raise"", ""raiseTo"": 800}]",raise,800,native accepted action; browser intent/attempt/latency unverified
11,1,mMgI4bLqey6lvmW-W6E4ONvj,preflop,"[""6s"", ""5s""]",[],"[{""name"": ""fold"", ""kind"": ""fold"", ""raiseTo"": null}, {""name"": ""call"", ""kind"": ""call"", ""raiseTo"": null}, {""name"": ""min"", ""kind"": ""raise"", ""raiseTo"": 200}, {""name"": ""pot"", ""kind"": ""raise"", ""raiseTo"": 300}]",raise,200,native accepted action; browser intent/attempt/latency unverified
11,2,mMgI4bLqey6lvmW-W6E4ONvj,preflop,"[""6s"", ""5s""]",[],"[{""name"": ""fold"", ""kind"": ""fold"", ""raiseTo"": null}, {""name"": ""call"", ""kind"": ""call"", ""raiseTo"": null}, {""name"": ""min"", ""kind"": ""raise"", ""raiseTo"": 400}, {""name"": ""pot"", ""kind"": ""raise"", ""raiseTo"": 900}]",call,,native accepted action; browser intent/attempt/latency unverified
11,3,mMgI4bLqey6lvmW-W6E4ONvj,flop,"[""6s"", ""5s""]","[""3d"", ""2h"", ""9c""]","[{""name"": ""check"", ""kind"": ""check"", ""raiseTo"": null}, {""name"": ""min"", ""kind"": ""raise"", ""raiseTo"": 100}, {""name"": ""pot"", ""kind"": ""raise"", ""raiseTo"": 600}]",check,,native accepted action; browser intent/attempt/latency unverified
11,4,mMgI4bLqey6lvmW-W6E4ONvj,turn,"[""6s"", ""5s""]","[""3d"", ""2h"", ""9c"", ""Tc""]","[{""name"": ""fold"", ""kind"": ""fold"", ""raiseTo"": null}, {""name"": ""call"", ""kind"": ""call"", ""raiseTo"": null}, {""name"": ""min"", ""kind"": ""raise"", ""raiseTo"": 200}, {""name"": ""pot"", ""kind"": ""raise"", ""raiseTo"": 900}, {""name"": ""jam"", ""kind"": ""raise"", ""raiseTo"": 1700}]",call,,native accepted action; browser intent/attempt/latency unverified
11,5,mMgI4bLqey6lvmW-W6E4ONvj,river,"[""6s"", ""5s""]","[""3d"", ""2h"", ""9c"", ""Tc"", ""3h""]","[{""name"": ""fold"", ""kind"": ""fold"", ""raiseTo"": null}, {""name"": ""call"", ""kind"": ""call"", ""raiseTo"": null}, {""name"": ""min"", ""kind"": ""raise"", ""raiseTo"": 200}, {""name"": ""pot"", ""kind"": ""raise"", ""raiseTo"": 1100}, {""name"": ""jam"", ""kind"": ""raise"", ""raiseTo"": 1600}]",fold,,native accepted action; browser intent/attempt/latency unverified
12,1,N8Ec9Bp_Ur811f7GsynLyE9q,preflop,"[""3c"", ""5d""]",[],"[{""name"": ""check"", ""kind"": ""check"", ""raiseTo"": null}, {""name"": ""min"", ""kind"": ""raise"", ""raiseTo"": 200}, {""name"": ""pot"", ""kind"": ""raise"", ""raiseTo"": 300}]",check,,native accepted action; browser intent/attempt/latency unverified
12,2,N8Ec9Bp_Ur811f7GsynLyE9q,flop,"[""3c"", ""5d""]","[""8h"", ""7h"", ""3h""]","[{""name"": ""check"", ""kind"": ""check"", ""raiseTo"": null}, {""name"": ""min"", ""kind"": ""raise"", ""raiseTo"": 100}, {""name"": ""pot"", ""kind"": ""raise"", ""raiseTo"": 200}]",check,,native accepted action; browser intent/attempt/latency unverified
12,3,N8Ec9Bp_Ur811f7GsynLyE9q,flop,"[""3c"", ""5d""]","[""8h"", ""7h"", ""3h""]","[{""name"": ""fold"", ""kind"": ""fold"", ""raiseTo"": null}, {""name"": ""call"", ""kind"": ""call"", ""raiseTo"": null}, {""name"": ""min"", ""kind"": ""raise"", ""raiseTo"": 200}, {""name"": ""pot"", ""kind"": ""raise"", ""raiseTo"": 500}]",fold,,native accepted action; browser intent/attempt/latency unverified
13,1,ty-Fd3VApWyzZYLQspA-6PF4,preflop,"[""3s"", ""5d""]",[],"[{""name"": ""fold"", ""kind"": ""fold"", ""raiseTo"": null}, {""name"": ""call"", ""kind"": ""call"", ""raiseTo"": null}, {""name"": ""min"", ""kind"": ""raise"", ""raiseTo"": 200}, {""name"": ""pot"", ""kind"": ""raise"", ""raiseTo"": 300}]",call,,native accepted action; browser intent/attempt/latency unverified
13,2,ty-Fd3VApWyzZYLQspA-6PF4,preflop,"[""3s"", ""5d""]",[],"[{""name"": ""fold"", ""kind"": ""fold"", ""raiseTo"": null}, {""name"": ""call"", ""kind"": ""call"", ""raiseTo"": null}, {""name"": ""min"", ""kind"": ""raise"", ""raiseTo"": 300}, {""name"": ""pot"", ""kind"": ""raise"", ""raiseTo"": 600}]",fold,,native accepted action; browser intent/attempt/latency unverified
14,1,8waqPA7UgwWTdGZetMPzgo03,preflop,"[""Kh"", ""2s""]",[],"[{""name"": ""fold"", ""kind"": ""fold"", ""raiseTo"": null}, {""name"": ""call"", ""kind"": ""call"", ""raiseTo"": null}, {""name"": ""min"", ""kind"": ""raise"", ""raiseTo"": 500}, {""name"": ""pot"", ""kind"": ""raise"", ""raiseTo"": 900}]",call,,native accepted action; browser intent/attempt/latency unverified
14,2,8waqPA7UgwWTdGZetMPzgo03,flop,"[""Kh"", ""2s""]","[""2c"", ""Ks"", ""Qh""]","[{""name"": ""check"", ""kind"": ""check"", ""raiseTo"": null}, {""name"": ""min"", ""kind"": ""raise"", ""raiseTo"": 100}, {""name"": ""pot"", ""kind"": ""raise"", ""raiseTo"": 600}]",check,,native accepted action; browser intent/attempt/latency unverified
14,3,8waqPA7UgwWTdGZetMPzgo03,flop,"[""Kh"", ""2s""]","[""2c"", ""Ks"", ""Qh""]","[{""name"": ""fold"", ""kind"": ""fold"", ""raiseTo"": null}, {""name"": ""call"", ""kind"": ""call"", ""raiseTo"": null}, {""name"": ""min"", ""kind"": ""raise"", ""raiseTo"": 200}, {""name"": ""pot"", ""kind"": ""raise"", ""raiseTo"": 900}, {""name"": ""jam"", ""kind"": ""raise"", ""raiseTo"": 1700}]",call,,native accepted action; browser intent/attempt/latency unverified
14,4,8waqPA7UgwWTdGZetMPzgo03,turn,"[""Kh"", ""2s""]","[""2c"", ""Ks"", ""Qh"", ""6h""]","[{""name"": ""check"", ""kind"": ""check"", ""raiseTo"": null}, {""name"": ""min"", ""kind"": ""raise"", ""raiseTo"": 100}, {""name"": ""pot"", ""kind"": ""raise"", ""raiseTo"": 800}, {""name"": ""jam"", ""kind"": ""raise"", ""raiseTo"": 1600}]",check,,native accepted action; browser intent/attempt/latency unverified
14,5,8waqPA7UgwWTdGZetMPzgo03,turn,"[""Kh"", ""2s""]","[""2c"", ""Ks"", ""Qh"", ""6h""]","[{""name"": ""fold"", ""kind"": ""fold"", ""raiseTo"": null}, {""name"": ""call"", ""kind"": ""call"", ""raiseTo"": null}, {""name"": ""min"", ""kind"": ""raise"", ""raiseTo"": 200}, {""name"": ""pot"", ""kind"": ""raise"", ""raiseTo"": 1100}, {""name"": ""jam"", ""kind"": ""raise"", ""raiseTo"": 1600}]",call,,native accepted action; browser intent/attempt/latency unverified
14,6,8waqPA7UgwWTdGZetMPzgo03,river,"[""Kh"", ""2s""]","[""2c"", ""Ks"", ""Qh"", ""6h"", ""6s""]","[{""name"": ""check"", ""kind"": ""check"", ""raiseTo"": null}, {""name"": ""min"", ""kind"": ""raise"", ""raiseTo"": 100}, {""name"": ""pot"", ""kind"": ""raise"", ""raiseTo"": 1000}, {""name"": ""jam"", ""kind"": ""raise"", ""raiseTo"": 1500}]",check,,native accepted action; browser intent/attempt/latency unverified
14,7,8waqPA7UgwWTdGZetMPzgo03,river,"[""Kh"", ""2s""]","[""2c"", ""Ks"", ""Qh"", ""6h"", ""6s""]","[{""name"": ""fold"", ""kind"": ""fold"", ""raiseTo"": null}, {""name"": ""call"", ""kind"": ""call"", ""raiseTo"": null}, {""name"": ""min"", ""kind"": ""raise"", ""raiseTo"": 1500}]",call,,native accepted action; browser intent/attempt/latency unverified
15,1,Y68rVt1dBYVc5tc4dY8PbbTm,preflop,"[""7h"", ""4c""]",[],"[{""name"": ""fold"", ""kind"": ""fold"", ""raiseTo"": null}, {""name"": ""call"", ""kind"": ""call"", ""raiseTo"": null}, {""name"": ""min"", ""kind"": ""raise"", ""raiseTo"": 200}, {""name"": ""pot"", ""kind"": ""raise"", ""raiseTo"": 300}]",call,,native accepted action; browser intent/attempt/latency unverified
15,2,Y68rVt1dBYVc5tc4dY8PbbTm,preflop,"[""7h"", ""4c""]",[],"[{""name"": ""fold"", ""kind"": ""fold"", ""raiseTo"": null}, {""name"": ""call"", ""kind"": ""call"", ""raiseTo"": null}, {""name"": ""min"", ""kind"": ""raise"", ""raiseTo"": 300}, {""name"": ""pot"", ""kind"": ""raise"", ""raiseTo"": 600}]",fold,,native accepted action; browser intent/attempt/latency unverified
16,1,A5mEhRwIPGFDx8BEBrLHEpGk,preflop,"[""Td"", ""Th""]",[],"[{""name"": ""check"", ""kind"": ""check"", ""raiseTo"": null}, {""name"": ""min"", ""kind"": ""raise"", ""raiseTo"": 200}, {""name"": ""pot"", ""kind"": ""raise"", ""raiseTo"": 300}]",raise,300,native accepted action; browser intent/attempt/latency unverified
16,2,A5mEhRwIPGFDx8BEBrLHEpGk,flop,"[""Td"", ""Th""]","[""4c"", ""Jh"", ""9c""]","[{""name"": ""check"", ""kind"": ""check"", ""raiseTo"": null}, {""name"": ""min"", ""kind"": ""raise"", ""raiseTo"": 100}, {""name"": ""pot"", ""kind"": ""raise"", ""raiseTo"": 600}]",raise,100,native accepted action; browser intent/attempt/latency unverified
16,3,A5mEhRwIPGFDx8BEBrLHEpGk,turn,"[""Td"", ""Th""]","[""4c"", ""Jh"", ""9c"", ""Ah""]","[{""name"": ""check"", ""kind"": ""check"", ""raiseTo"": null}, {""name"": ""min"", ""kind"": ""raise"", ""raiseTo"": 100}, {""name"": ""pot"", ""kind"": ""raise"", ""raiseTo"": 800}, {""name"": ""jam"", ""kind"": ""raise"", ""raiseTo"": 1600}]",check,,native accepted action; browser intent/attempt/latency unverified
16,4,A5mEhRwIPGFDx8BEBrLHEpGk,river,"[""Td"", ""Th""]","[""4c"", ""Jh"", ""9c"", ""Ah"", ""8c""]","[{""name"": ""check"", ""kind"": ""check"", ""raiseTo"": null}, {""name"": ""min"", ""kind"": ""raise"", ""raiseTo"": 100}, {""name"": ""pot"", ""kind"": ""raise"", ""raiseTo"": 800}, {""name"": ""jam"", ""kind"": ""raise"", ""raiseTo"": 1600}]",check,,native accepted action; browser intent/attempt/latency unverified
16,5,A5mEhRwIPGFDx8BEBrLHEpGk,river,"[""Td"", ""Th""]","[""4c"", ""Jh"", ""9c"", ""Ah"", ""8c""]","[{""name"": ""fold"", ""kind"": ""fold"", ""raiseTo"": null}, {""name"": ""call"", ""kind"": ""call"", ""raiseTo"": null}]",fold,,native accepted action; browser intent/attempt/latency unverified
17,1,DvO3MTR__XFemMLp8PUvliT8,preflop,"[""Qd"", ""7c""]",[],"[{""name"": ""fold"", ""kind"": ""fold"", ""raiseTo"": null}, {""name"": ""call"", ""kind"": ""call"", ""raiseTo"": null}, {""name"": ""min"", ""kind"": ""raise"", ""raiseTo"": 200}, {""name"": ""pot"", ""kind"": ""raise"", ""raiseTo"": 300}]",raise,200,native accepted action; browser intent/attempt/latency unverified
17,2,DvO3MTR__XFemMLp8PUvliT8,flop,"[""Qd"", ""7c""]","[""8d"", ""2d"", ""Jc""]","[{""name"": ""fold"", ""kind"": ""fold"", ""raiseTo"": null}, {""name"": ""call"", ""kind"": ""call"", ""raiseTo"": null}, {""name"": ""min"", ""kind"": ""raise"", ""raiseTo"": 800}, {""name"": ""pot"", ""kind"": ""raise"", ""raiseTo"": 1600}, {""name"": ""jam"", ""kind"": ""raise"", ""raiseTo"": 1800}]",fold,,native accepted action; browser intent/attempt/latency unverified
18,1,XH3BTV77myP0RC1qxzMPgoJB,preflop,"[""Ks"", ""4c""]",[],"[{""name"": ""check"", ""kind"": ""check"", ""raiseTo"": null}, {""name"": ""min"", ""kind"": ""raise"", ""raiseTo"": 200}, {""name"": ""pot"", ""kind"": ""raise"", ""raiseTo"": 300}]",raise,300,native accepted action; browser intent/attempt/latency unverified
18,2,XH3BTV77myP0RC1qxzMPgoJB,flop,"[""Ks"", ""4c""]","[""Td"", ""Js"", ""Ah""]","[{""name"": ""check"", ""kind"": ""check"", ""raiseTo"": null}, {""name"": ""min"", ""kind"": ""raise"", ""raiseTo"": 100}, {""name"": ""pot"", ""kind"": ""raise"", ""raiseTo"": 600}]",raise,100,native accepted action; browser intent/attempt/latency unverified
18,3,XH3BTV77myP0RC1qxzMPgoJB,flop,"[""Ks"", ""4c""]","[""Td"", ""Js"", ""Ah""]","[{""name"": ""fold"", ""kind"": ""fold"", ""raiseTo"": null}, {""name"": ""call"", ""kind"": ""call"", ""raiseTo"": null}, {""name"": ""min"", ""kind"": ""raise"", ""raiseTo"": 300}, {""name"": ""pot"", ""kind"": ""raise"", ""raiseTo"": 1200}, {""name"": ""jam"", ""kind"": ""raise"", ""raiseTo"": 1700}]",call,,native accepted action; browser intent/attempt/latency unverified
18,4,XH3BTV77myP0RC1qxzMPgoJB,turn,"[""Ks"", ""4c""]","[""Td"", ""Js"", ""Ah"", ""4d""]","[{""name"": ""check"", ""kind"": ""check"", ""raiseTo"": null}, {""name"": ""min"", ""kind"": ""raise"", ""raiseTo"": 100}, {""name"": ""pot"", ""kind"": ""raise"", ""raiseTo"": 1000}, {""name"": ""jam"", ""kind"": ""raise"", ""raiseTo"": 1500}]",check,,native accepted action; browser intent/attempt/latency unverified
18,5,XH3BTV77myP0RC1qxzMPgoJB,turn,"[""Ks"", ""4c""]","[""Td"", ""Js"", ""Ah"", ""4d""]","[{""name"": ""fold"", ""kind"": ""fold"", ""raiseTo"": null}, {""name"": ""call"", ""kind"": ""call"", ""raiseTo"": null}, {""name"": ""min"", ""kind"": ""raise"", ""raiseTo"": 1500}]",fold,,native accepted action; browser intent/attempt/latency unverified
19,1,CXXkGetXeMDNH3FeP-vZ86dU,preflop,"[""Td"", ""Kh""]",[],"[{""name"": ""fold"", ""kind"": ""fold"", ""raiseTo"": null}, {""name"": ""call"", ""kind"": ""call"", ""raiseTo"": null}, {""name"": ""min"", ""kind"": ""raise"", ""raiseTo"": 200}, {""name"": ""pot"", ""kind"": ""raise"", ""raiseTo"": 300}]",raise,200,native accepted action; browser intent/attempt/latency unverified
19,2,CXXkGetXeMDNH3FeP-vZ86dU,preflop,"[""Td"", ""Kh""]",[],"[{""name"": ""fold"", ""kind"": ""fold"", ""raiseTo"": null}, {""name"": ""call"", ""kind"": ""call"", ""raiseTo"": null}, {""name"": ""min"", ""kind"": ""raise"", ""raiseTo"": 1000}, {""name"": ""pot"", ""kind"": ""raise"", ""raiseTo"": 1800}, {""name"": ""jam"", ""kind"": ""raise"", ""raiseTo"": 2000}]",fold,,native accepted action; browser intent/attempt/latency unverified
20,1,XkRufkwtRarPsmBCOVYQnSMU,preflop,"[""3s"", ""Jh""]",[],"[{""name"": ""fold"", ""kind"": ""fold"", ""raiseTo"": null}, {""name"": ""call"", ""kind"": ""call"", ""raiseTo"": null}, {""name"": ""min"", ""kind"": ""raise"", ""raiseTo"": 300}, {""name"": ""pot"", ""kind"": ""raise"", ""raiseTo"": 600}]",call,,native accepted action; browser intent/attempt/latency unverified
20,2,XkRufkwtRarPsmBCOVYQnSMU,flop,"[""3s"", ""Jh""]","[""Kc"", ""7h"", ""6h""]","[{""name"": ""check"", ""kind"": ""check"", ""raiseTo"": null}, {""name"": ""min"", ""kind"": ""raise"", ""raiseTo"": 100}, {""name"": ""pot"", ""kind"": ""raise"", ""raiseTo"": 400}]",check,,native accepted action; browser intent/attempt/latency unverified
20,3,XkRufkwtRarPsmBCOVYQnSMU,turn,"[""3s"", ""Jh""]","[""Kc"", ""7h"", ""6h"", ""6d""]","[{""name"": ""check"", ""kind"": ""check"", ""raiseTo"": null}, {""name"": ""min"", ""kind"": ""raise"", ""raiseTo"": 100}, {""name"": ""pot"", ""kind"": ""raise"", ""raiseTo"": 400}]",check,,native accepted action; browser intent/attempt/latency unverified
20,4,XkRufkwtRarPsmBCOVYQnSMU,turn,"[""3s"", ""Jh""]","[""Kc"", ""7h"", ""6h"", ""6d""]","[{""name"": ""fold"", ""kind"": ""fold"", ""raiseTo"": null}, {""name"": ""call"", ""kind"": ""call"", ""raiseTo"": null}, {""name"": ""min"", ""kind"": ""raise"", ""raiseTo"": 200}, {""name"": ""pot"", ""kind"": ""raise"", ""raiseTo"": 700}]",fold,,native accepted action; browser intent/attempt/latency unverified
21,1,c4aqru6Ynix_omax2lToRzh-,preflop,"[""5c"", ""5h""]",[],"[{""name"": ""fold"", ""kind"": ""fold"", ""raiseTo"": null}, {""name"": ""call"", ""kind"": ""call"", ""raiseTo"": null}, {""name"": ""min"", ""kind"": ""raise"", ""raiseTo"": 200}, {""name"": ""pot"", ""kind"": ""raise"", ""raiseTo"": 300}]",raise,200,native accepted action; browser intent/attempt/latency unverified
23,1,iwlUlLXeLFOg6PpVsDzaGNQL,preflop,"[""4s"", ""2h""]",[],"[{""name"": ""fold"", ""kind"": ""fold"", ""raiseTo"": null}, {""name"": ""call"", ""kind"": ""call"", ""raiseTo"": null}, {""name"": ""min"", ""kind"": ""raise"", ""raiseTo"": 200}, {""name"": ""pot"", ""kind"": ""raise"", ""raiseTo"": 300}]",call,,native accepted action; browser intent/attempt/latency unverified
23,2,iwlUlLXeLFOg6PpVsDzaGNQL,flop,"[""4s"", ""2h""]","[""9s"", ""4c"", ""5s""]","[{""name"": ""fold"", ""kind"": ""fold"", ""raiseTo"": null}, {""name"": ""call"", ""kind"": ""call"", ""raiseTo"": null}, {""name"": ""min"", ""kind"": ""raise"", ""raiseTo"": 200}, {""name"": ""pot"", ""kind"": ""raise"", ""raiseTo"": 500}]",fold,,native accepted action; browser intent/attempt/latency unverified
24,1,WKJYisNZT3UL8SSo-c5-CKGA,preflop,"[""7s"", ""Ac""]",[],"[{""name"": ""fold"", ""kind"": ""fold"", ""raiseTo"": null}, {""name"": ""call"", ""kind"": ""call"", ""raiseTo"": null}, {""name"": ""min"", ""kind"": ""raise"", ""raiseTo"": 500}, {""name"": ""pot"", ""kind"": ""raise"", ""raiseTo"": 900}]",call,,native accepted action; browser intent/attempt/latency unverified
24,2,WKJYisNZT3UL8SSo-c5-CKGA,flop,"[""7s"", ""Ac""]","[""8h"", ""8s"", ""3h""]","[{""name"": ""check"", ""kind"": ""check"", ""raiseTo"": null}, {""name"": ""min"", ""kind"": ""raise"", ""raiseTo"": 100}, {""name"": ""pot"", ""kind"": ""raise"", ""raiseTo"": 600}]",check,,native accepted action; browser intent/attempt/latency unverified
24,3,WKJYisNZT3UL8SSo-c5-CKGA,flop,"[""7s"", ""Ac""]","[""8h"", ""8s"", ""3h""]","[{""name"": ""fold"", ""kind"": ""fold"", ""raiseTo"": null}, {""name"": ""call"", ""kind"": ""call"", ""raiseTo"": null}, {""name"": ""min"", ""kind"": ""raise"", ""raiseTo"": 200}, {""name"": ""pot"", ""kind"": ""raise"", ""raiseTo"": 900}, {""name"": ""jam"", ""kind"": ""raise"", ""raiseTo"": 1700}]",call,,native accepted action; browser intent/attempt/latency unverified
24,4,WKJYisNZT3UL8SSo-c5-CKGA,turn,"[""7s"", ""Ac""]","[""8h"", ""8s"", ""3h"", ""Td""]","[{""name"": ""check"", ""kind"": ""check"", ""raiseTo"": null}, {""name"": ""min"", ""kind"": ""raise"", ""raiseTo"": 100}, {""name"": ""pot"", ""kind"": ""raise"", ""raiseTo"": 800}, {""name"": ""jam"", ""kind"": ""raise"", ""raiseTo"": 1600}]",check,,native accepted action; browser intent/attempt/latency unverified
24,5,WKJYisNZT3UL8SSo-c5-CKGA,turn,"[""7s"", ""Ac""]","[""8h"", ""8s"", ""3h"", ""Td""]","[{""name"": ""fold"", ""kind"": ""fold"", ""raiseTo"": null}, {""name"": ""call"", ""kind"": ""call"", ""raiseTo"": null}]",fold,,native accepted action; browser intent/attempt/latency unverified
25,1,KjLfS8LeOkebtcEvO_BmXrde,preflop,"[""6c"", ""3h""]",[],"[{""name"": ""fold"", ""kind"": ""fold"", ""raiseTo"": null}, {""name"": ""call"", ""kind"": ""call"", ""raiseTo"": null}, {""name"": ""min"", ""kind"": ""raise"", ""raiseTo"": 200}, {""name"": ""pot"", ""kind"": ""raise"", ""raiseTo"": 300}]",call,,native accepted action; browser intent/attempt/latency unverified
25,2,KjLfS8LeOkebtcEvO_BmXrde,preflop,"[""6c"", ""3h""]",[],"[{""name"": ""fold"", ""kind"": ""fold"", ""raiseTo"": null}, {""name"": ""call"", ""kind"": ""call"", ""raiseTo"": null}, {""name"": ""min"", ""kind"": ""raise"", ""raiseTo"": 300}, {""name"": ""pot"", ""kind"": ""raise"", ""raiseTo"": 600}]",fold,,native accepted action; browser intent/attempt/latency unverified
26,1,qvvEN32MELidoI7KpmQksQvm,preflop,"[""9c"", ""6c""]",[],"[{""name"": ""check"", ""kind"": ""check"", ""raiseTo"": null}, {""name"": ""min"", ""kind"": ""raise"", ""raiseTo"": 200}, {""name"": ""pot"", ""kind"": ""raise"", ""raiseTo"": 300}]",check,,native accepted action; browser intent/attempt/latency unverified
26,2,qvvEN32MELidoI7KpmQksQvm,flop,"[""9c"", ""6c""]","[""Ac"", ""8s"", ""6d""]","[{""name"": ""check"", ""kind"": ""check"", ""raiseTo"": null}, {""name"": ""min"", ""kind"": ""raise"", ""raiseTo"": 100}, {""name"": ""pot"", ""kind"": ""raise"", ""raiseTo"": 200}]",check,,native accepted action; browser intent/attempt/latency unverified
26,3,qvvEN32MELidoI7KpmQksQvm,turn,"[""9c"", ""6c""]","[""Ac"", ""8s"", ""6d"", ""3h""]","[{""name"": ""check"", ""kind"": ""check"", ""raiseTo"": null}, {""name"": ""min"", ""kind"": ""raise"", ""raiseTo"": 100}, {""name"": ""pot"", ""kind"": ""raise"", ""raiseTo"": 200}]",check,,native accepted action; browser intent/attempt/latency unverified
26,4,qvvEN32MELidoI7KpmQksQvm,river,"[""9c"", ""6c""]","[""Ac"", ""8s"", ""6d"", ""3h"", ""9h""]","[{""name"": ""check"", ""kind"": ""check"", ""raiseTo"": null}, {""name"": ""min"", ""kind"": ""raise"", ""raiseTo"": 100}, {""name"": ""pot"", ""kind"": ""raise"", ""raiseTo"": 200}]",raise,100,native accepted action; browser intent/attempt/latency unverified
27,1,P1nlFhvByY80ESvrfbFg_qcA,preflop,"[""Kh"", ""8c""]",[],"[{""name"": ""fold"", ""kind"": ""fold"", ""raiseTo"": null}, {""name"": ""call"", ""kind"": ""call"", ""raiseTo"": null}, {""name"": ""min"", ""kind"": ""raise"", ""raiseTo"": 200}, {""name"": ""pot"", ""kind"": ""raise"", ""raiseTo"": 300}]",raise,200,native accepted action; browser intent/attempt/latency unverified
27,2,P1nlFhvByY80ESvrfbFg_qcA,preflop,"[""Kh"", ""8c""]",[],"[{""name"": ""fold"", ""kind"": ""fold"", ""raiseTo"": null}, {""name"": ""call"", ""kind"": ""call"", ""raiseTo"": null}, {""name"": ""min"", ""kind"": ""raise"", ""raiseTo"": 1000}, {""name"": ""pot"", ""kind"": ""raise"", ""raiseTo"": 1800}, {""name"": ""jam"", ""kind"": ""raise"", ""raiseTo"": 2000}]",fold,,native accepted action; browser intent/attempt/latency unverified
28,1,zWeGKlXlmStEOkwjcuN6ciRs,preflop,"[""7d"", ""7s""]",[],"[{""name"": ""check"", ""kind"": ""check"", ""raiseTo"": null}, {""name"": ""min"", ""kind"": ""raise"", ""raiseTo"": 200}, {""name"": ""pot"", ""kind"": ""raise"", ""raiseTo"": 300}]",raise,300,native accepted action; browser intent/attempt/latency unverified
28,2,zWeGKlXlmStEOkwjcuN6ciRs,flop,"[""7d"", ""7s""]","[""5h"", ""6d"", ""8h""]","[{""name"": ""check"", ""kind"": ""check"", ""raiseTo"": null}, {""name"": ""min"", ""kind"": ""raise"", ""raiseTo"": 100}, {""name"": ""pot"", ""kind"": ""raise"", ""raiseTo"": 600}]",raise,600,native accepted action; browser intent/attempt/latency unverified
28,3,zWeGKlXlmStEOkwjcuN6ciRs,flop,"[""7d"", ""7s""]","[""5h"", ""6d"", ""8h""]","[{""name"": ""fold"", ""kind"": ""fold"", ""raiseTo"": null}, {""name"": ""call"", ""kind"": ""call"", ""raiseTo"": null}]",call,,native accepted action; browser intent/attempt/latency unverified
29,1,mQEbxUQgClckthy1HhI11Qwb,preflop,"[""6c"", ""5h""]",[],"[{""name"": ""fold"", ""kind"": ""fold"", ""raiseTo"": null}, {""name"": ""call"", ""kind"": ""call"", ""raiseTo"": null}, {""name"": ""min"", ""kind"": ""raise"", ""raiseTo"": 200}, {""name"": ""pot"", ""kind"": ""raise"", ""raiseTo"": 300}]",call,,native accepted action; browser intent/attempt/latency unverified
29,2,mQEbxUQgClckthy1HhI11Qwb,preflop,"[""6c"", ""5h""]",[],"[{""name"": ""fold"", ""kind"": ""fold"", ""raiseTo"": null}, {""name"": ""call"", ""kind"": ""call"", ""raiseTo"": null}, {""name"": ""min"", ""kind"": ""raise"", ""raiseTo"": 300}, {""name"": ""pot"", ""kind"": ""raise"", ""raiseTo"": 600}]",fold,,native accepted action; browser intent/attempt/latency unverified
31,1,e-sRHWO9K4hT9qIfAmapqnV5,preflop,"[""8h"", ""As""]",[],"[{""name"": ""fold"", ""kind"": ""fold"", ""raiseTo"": null}, {""name"": ""call"", ""kind"": ""call"", ""raiseTo"": null}, {""name"": ""min"", ""kind"": ""raise"", ""raiseTo"": 200}, {""name"": ""pot"", ""kind"": ""raise"", ""raiseTo"": 300}]",raise,200,native accepted action; browser intent/attempt/latency unverified
31,2,e-sRHWO9K4hT9qIfAmapqnV5,preflop,"[""8h"", ""As""]",[],"[{""name"": ""fold"", ""kind"": ""fold"", ""raiseTo"": null}, {""name"": ""call"", ""kind"": ""call"", ""raiseTo"": null}, {""name"": ""min"", ""kind"": ""raise"", ""raiseTo"": 400}, {""name"": ""pot"", ""kind"": ""raise"", ""raiseTo"": 900}]",call,,native accepted action; browser intent/attempt/latency unverified
31,3,e-sRHWO9K4hT9qIfAmapqnV5,flop,"[""8h"", ""As""]","[""9c"", ""8s"", ""3c""]","[{""name"": ""check"", ""kind"": ""check"", ""raiseTo"": null}, {""name"": ""min"", ""kind"": ""raise"", ""raiseTo"": 100}, {""name"": ""pot"", ""kind"": ""raise"", ""raiseTo"": 600}]",raise,100,native accepted action; browser intent/attempt/latency unverified
31,4,e-sRHWO9K4hT9qIfAmapqnV5,turn,"[""8h"", ""As""]","[""9c"", ""8s"", ""3c"", ""9h""]","[{""name"": ""fold"", ""kind"": ""fold"", ""raiseTo"": null}, {""name"": ""call"", ""kind"": ""call"", ""raiseTo"": null}, {""name"": ""min"", ""kind"": ""raise"", ""raiseTo"": 200}, {""name"": ""pot"", ""kind"": ""raise"", ""raiseTo"": 1100}, {""name"": ""jam"", ""kind"": ""raise"", ""raiseTo"": 1600}]",call,,native accepted action; browser intent/attempt/latency unverified
31,5,e-sRHWO9K4hT9qIfAmapqnV5,river,"[""8h"", ""As""]","[""9c"", ""8s"", ""3c"", ""9h"", ""2h""]","[{""name"": ""check"", ""kind"": ""check"", ""raiseTo"": null}, {""name"": ""min"", ""kind"": ""raise"", ""raiseTo"": 100}, {""name"": ""pot"", ""kind"": ""raise"", ""raiseTo"": 1000}, {""name"": ""jam"", ""kind"": ""raise"", ""raiseTo"": 1500}]",raise,100,native accepted action; browser intent/attempt/latency unverified
31,6,e-sRHWO9K4hT9qIfAmapqnV5,river,"[""8h"", ""As""]","[""9c"", ""8s"", ""3c"", ""9h"", ""2h""]","[{""name"": ""fold"", ""kind"": ""fold"", ""raiseTo"": null}, {""name"": ""call"", ""kind"": ""call"", ""raiseTo"": null}, {""name"": ""min"", ""kind"": ""raise"", ""raiseTo"": 1500}]",fold,,native accepted action; browser intent/attempt/latency unverified
32,1,fyjctC9sDQVPRqcJd_nke7_M,preflop,"[""Jc"", ""Ac""]",[],"[{""name"": ""check"", ""kind"": ""check"", ""raiseTo"": null}, {""name"": ""min"", ""kind"": ""raise"", ""raiseTo"": 200}, {""name"": ""pot"", ""kind"": ""raise"", ""raiseTo"": 300}]",raise,300,native accepted action; browser intent/attempt/latency unverified
32,2,fyjctC9sDQVPRqcJd_nke7_M,flop,"[""Jc"", ""Ac""]","[""4c"", ""2h"", ""Qd""]","[{""name"": ""check"", ""kind"": ""check"", ""raiseTo"": null}, {""name"": ""min"", ""kind"": ""raise"", ""raiseTo"": 100}, {""name"": ""pot"", ""kind"": ""raise"", ""raiseTo"": 600}]",raise,100,native accepted action; browser intent/attempt/latency unverified
32,3,fyjctC9sDQVPRqcJd_nke7_M,turn,"[""Jc"", ""Ac""]","[""4c"", ""2h"", ""Qd"", ""2s""]","[{""name"": ""check"", ""kind"": ""check"", ""raiseTo"": null}, {""name"": ""min"", ""kind"": ""raise"", ""raiseTo"": 100}, {""name"": ""pot"", ""kind"": ""raise"", ""raiseTo"": 800}, {""name"": ""jam"", ""kind"": ""raise"", ""raiseTo"": 1600}]",check,,native accepted action; browser intent/attempt/latency unverified
32,4,fyjctC9sDQVPRqcJd_nke7_M,turn,"[""Jc"", ""Ac""]","[""4c"", ""2h"", ""Qd"", ""2s""]","[{""name"": ""fold"", ""kind"": ""fold"", ""raiseTo"": null}, {""name"": ""call"", ""kind"": ""call"", ""raiseTo"": null}, {""name"": ""min"", ""kind"": ""raise"", ""raiseTo"": 200}, {""name"": ""pot"", ""kind"": ""raise"", ""raiseTo"": 1100}, {""name"": ""jam"", ""kind"": ""raise"", ""raiseTo"": 1600}]",call,,native accepted action; browser intent/attempt/latency unverified
32,5,fyjctC9sDQVPRqcJd_nke7_M,river,"[""Jc"", ""Ac""]","[""4c"", ""2h"", ""Qd"", ""2s"", ""As""]","[{""name"": ""check"", ""kind"": ""check"", ""raiseTo"": null}, {""name"": ""min"", ""kind"": ""raise"", ""raiseTo"": 100}, {""name"": ""pot"", ""kind"": ""raise"", ""raiseTo"": 1000}, {""name"": ""jam"", ""kind"": ""raise"", ""raiseTo"": 1500}]",raise,100,native accepted action; browser intent/attempt/latency unverified
33,1,L2MVOpsWCSkGcfjbwQMiQ57T,preflop,"[""Ac"", ""6c""]",[],"[{""name"": ""fold"", ""kind"": ""fold"", ""raiseTo"": null}, {""name"": ""call"", ""kind"": ""call"", ""raiseTo"": null}, {""name"": ""min"", ""kind"": ""raise"", ""raiseTo"": 200}, {""name"": ""pot"", ""kind"": ""raise"", ""raiseTo"": 300}]",raise,200,native accepted action; browser intent/attempt/latency unverified
33,2,L2MVOpsWCSkGcfjbwQMiQ57T,preflop,"[""Ac"", ""6c""]",[],"[{""name"": ""fold"", ""kind"": ""fold"", ""raiseTo"": null}, {""name"": ""call"", ""kind"": ""call"", ""raiseTo"": null}, {""name"": ""min"", ""kind"": ""raise"", ""raiseTo"": 1000}, {""name"": ""pot"", ""kind"": ""raise"", ""raiseTo"": 1800}, {""name"": ""jam"", ""kind"": ""raise"", ""raiseTo"": 2000}]",fold,,native accepted action; browser intent/attempt/latency unverified
34,1,zNONCaHGvGxFbB4bLub-xbBA,preflop,"[""6h"", ""7h""]",[],"[{""name"": ""check"", ""kind"": ""check"", ""raiseTo"": null}, {""name"": ""min"", ""kind"": ""raise"", ""raiseTo"": 200}, {""name"": ""pot"", ""kind"": ""raise"", ""raiseTo"": 300}]",check,,native accepted action; browser intent/attempt/latency unverified
34,2,zNONCaHGvGxFbB4bLub-xbBA,flop,"[""6h"", ""7h""]","[""9h"", ""Qd"", ""2d""]","[{""name"": ""check"", ""kind"": ""check"", ""raiseTo"": null}, {""name"": ""min"", ""kind"": ""raise"", ""raiseTo"": 100}, {""name"": ""pot"", ""kind"": ""raise"", ""raiseTo"": 200}]",check,,native accepted action; browser intent/attempt/latency unverified
34,3,zNONCaHGvGxFbB4bLub-xbBA,flop,"[""6h"", ""7h""]","[""9h"", ""Qd"", ""2d""]","[{""name"": ""fold"", ""kind"": ""fold"", ""raiseTo"": null}, {""name"": ""call"", ""kind"": ""call"", ""raiseTo"": null}, {""name"": ""min"", ""kind"": ""raise"", ""raiseTo"": 200}, {""name"": ""pot"", ""kind"": ""raise"", ""raiseTo"": 500}]",fold,,native accepted action; browser intent/attempt/latency unverified
35,1,V7nXTh3MMJh2eO3urhZrAcP0,preflop,"[""9d"", ""Kd""]",[],"[{""name"": ""fold"", ""kind"": ""fold"", ""raiseTo"": null}, {""name"": ""call"", ""kind"": ""call"", ""raiseTo"": null}, {""name"": ""min"", ""kind"": ""raise"", ""raiseTo"": 200}, {""name"": ""pot"", ""kind"": ""raise"", ""raiseTo"": 300}]",raise,200,native accepted action; browser intent/attempt/latency unverified
37,1,rLZykVJgTUaeL1lalWs4sO-A,preflop,"[""Th"", ""Td""]",[],"[{""name"": ""fold"", ""kind"": ""fold"", ""raiseTo"": null}, {""name"": ""call"", ""kind"": ""call"", ""raiseTo"": null}, {""name"": ""min"", ""kind"": ""raise"", ""raiseTo"": 200}, {""name"": ""pot"", ""kind"": ""raise"", ""raiseTo"": 300}]",raise,200,native accepted action; browser intent/attempt/latency unverified
37,2,rLZykVJgTUaeL1lalWs4sO-A,flop,"[""Th"", ""Td""]","[""Kh"", ""Tc"", ""6c""]","[{""name"": ""fold"", ""kind"": ""fold"", ""raiseTo"": null}, {""name"": ""call"", ""kind"": ""call"", ""raiseTo"": null}, {""name"": ""min"", ""kind"": ""raise"", ""raiseTo"": 200}, {""name"": ""pot"", ""kind"": ""raise"", ""raiseTo"": 700}]",raise,700,native accepted action; browser intent/attempt/latency unverified
37,3,rLZykVJgTUaeL1lalWs4sO-A,flop,"[""Th"", ""Td""]","[""Kh"", ""Tc"", ""6c""]","[{""name"": ""fold"", ""kind"": ""fold"", ""raiseTo"": null}, {""name"": ""call"", ""kind"": ""call"", ""raiseTo"": null}, {""name"": ""min"", ""kind"": ""raise"", ""raiseTo"": 1800}]",call,,native accepted action; browser intent/attempt/latency unverified
37,4,rLZykVJgTUaeL1lalWs4sO-A,turn,"[""Th"", ""Td""]","[""Kh"", ""Tc"", ""6c"", ""3d""]","[{""name"": ""fold"", ""kind"": ""fold"", ""raiseTo"": null}, {""name"": ""call"", ""kind"": ""call"", ""raiseTo"": null}]",call,,native accepted action; browser intent/attempt/latency unverified
38,1,Hp0D6vAGmAy1ddBaSKZiik79,preflop,"[""9s"", ""3s""]",[],"[{""name"": ""fold"", ""kind"": ""fold"", ""raiseTo"": null}, {""name"": ""call"", ""kind"": ""call"", ""raiseTo"": null}, {""name"": ""min"", ""kind"": ""raise"", ""raiseTo"": 500}, {""name"": ""pot"", ""kind"": ""raise"", ""raiseTo"": 900}]",fold,,native accepted action; browser intent/attempt/latency unverified
39,1,F_iiycjQYLNXXg-nZfwUtqhe,preflop,"[""Kd"", ""6d""]",[],"[{""name"": ""fold"", ""kind"": ""fold"", ""raiseTo"": null}, {""name"": ""call"", ""kind"": ""call"", ""raiseTo"": null}, {""name"": ""min"", ""kind"": ""raise"", ""raiseTo"": 200}, {""name"": ""pot"", ""kind"": ""raise"", ""raiseTo"": 300}]",raise,200,native accepted action; browser intent/attempt/latency unverified
39,2,F_iiycjQYLNXXg-nZfwUtqhe,preflop,"[""Kd"", ""6d""]",[],"[{""name"": ""fold"", ""kind"": ""fold"", ""raiseTo"": null}, {""name"": ""call"", ""kind"": ""call"", ""raiseTo"": null}, {""name"": ""min"", ""kind"": ""raise"", ""raiseTo"": 1000}, {""name"": ""pot"", ""kind"": ""raise"", ""raiseTo"": 1800}, {""name"": ""jam"", ""kind"": ""raise"", ""raiseTo"": 2000}]",fold,,native accepted action; browser intent/attempt/latency unverified
40,1,EZ7dEZbbRWQfatgAnuNK6frz,preflop,"[""Qs"", ""3d""]",[],"[{""name"": ""fold"", ""kind"": ""fold"", ""raiseTo"": null}, {""name"": ""call"", ""kind"": ""call"", ""raiseTo"": null}, {""name"": ""min"", ""kind"": ""raise"", ""raiseTo"": 500}, {""name"": ""pot"", ""kind"": ""raise"", ""raiseTo"": 900}]",fold,,native accepted action; browser intent/attempt/latency unverified
41,1,wAAgE5SFVUbtHynPuvBsew6F,preflop,"[""7s"", ""Kh""]",[],"[{""name"": ""fold"", ""kind"": ""fold"", ""raiseTo"": null}, {""name"": ""call"", ""kind"": ""call"", ""raiseTo"": null}, {""name"": ""min"", ""kind"": ""raise"", ""raiseTo"": 200}, {""name"": ""pot"", ""kind"": ""raise"", ""raiseTo"": 300}]",raise,200,native accepted action; browser intent/attempt/latency unverified
41,2,wAAgE5SFVUbtHynPuvBsew6F,preflop,"[""7s"", ""Kh""]",[],"[{""name"": ""fold"", ""kind"": ""fold"", ""raiseTo"": null}, {""name"": ""call"", ""kind"": ""call"", ""raiseTo"": null}, {""name"": ""min"", ""kind"": ""raise"", ""raiseTo"": 1000}, {""name"": ""pot"", ""kind"": ""raise"", ""raiseTo"": 1800}, {""name"": ""jam"", ""kind"": ""raise"", ""raiseTo"": 2000}]",fold,,native accepted action; browser intent/attempt/latency unverified
43,1,MXjTna37iUIQf8LJssBqX9Mb,preflop,"[""4c"", ""Qh""]",[],"[{""name"": ""fold"", ""kind"": ""fold"", ""raiseTo"": null}, {""name"": ""call"", ""kind"": ""call"", ""raiseTo"": null}, {""name"": ""min"", ""kind"": ""raise"", ""raiseTo"": 200}, {""name"": ""pot"", ""kind"": ""raise"", ""raiseTo"": 300}]",call,,native accepted action; browser intent/attempt/latency unverified
43,2,MXjTna37iUIQf8LJssBqX9Mb,flop,"[""4c"", ""Qh""]","[""4s"", ""Ah"", ""As""]","[{""name"": ""fold"", ""kind"": ""fold"", ""raiseTo"": null}, {""name"": ""call"", ""kind"": ""call"", ""raiseTo"": null}, {""name"": ""min"", ""kind"": ""raise"", ""raiseTo"": 400}, {""name"": ""pot"", ""kind"": ""raise"", ""raiseTo"": 800}]",call,,native accepted action; browser intent/attempt/latency unverified
43,3,MXjTna37iUIQf8LJssBqX9Mb,turn,"[""4c"", ""Qh""]","[""4s"", ""Ah"", ""As"", ""5s""]","[{""name"": ""fold"", ""kind"": ""fold"", ""raiseTo"": null}, {""name"": ""call"", ""kind"": ""call"", ""raiseTo"": null}, {""name"": ""min"", ""kind"": ""raise"", ""raiseTo"": 1200}, {""name"": ""pot"", ""kind"": ""raise"", ""raiseTo"": 1700}]",fold,,native accepted action; browser intent/attempt/latency unverified
45,1,p-pR11p-ixnH03fcDX-GzlTH,preflop,"[""6d"", ""8c""]",[],"[{""name"": ""fold"", ""kind"": ""fold"", ""raiseTo"": null}, {""name"": ""call"", ""kind"": ""call"", ""raiseTo"": null}, {""name"": ""min"", ""kind"": ""raise"", ""raiseTo"": 200}, {""name"": ""pot"", ""kind"": ""raise"", ""raiseTo"": 300}]",call,,native accepted action; browser intent/attempt/latency unverified
45,2,p-pR11p-ixnH03fcDX-GzlTH,flop,"[""6d"", ""8c""]","[""2c"", ""Ts"", ""2s""]","[{""name"": ""fold"", ""kind"": ""fold"", ""raiseTo"": null}, {""name"": ""call"", ""kind"": ""call"", ""raiseTo"": null}, {""name"": ""min"", ""kind"": ""raise"", ""raiseTo"": 200}, {""name"": ""pot"", ""kind"": ""raise"", ""raiseTo"": 500}]",fold,,native accepted action; browser intent/attempt/latency unverified
47,1,GcIPk0QmKfBTibKs_nuzDtt3,preflop,"[""4d"", ""6h""]",[],"[{""name"": ""fold"", ""kind"": ""fold"", ""raiseTo"": null}, {""name"": ""call"", ""kind"": ""call"", ""raiseTo"": null}, {""name"": ""min"", ""kind"": ""raise"", ""raiseTo"": 200}, {""name"": ""pot"", ""kind"": ""raise"", ""raiseTo"": 300}]",call,,native accepted action; browser intent/attempt/latency unverified
47,2,GcIPk0QmKfBTibKs_nuzDtt3,preflop,"[""4d"", ""6h""]",[],"[{""name"": ""fold"", ""kind"": ""fold"", ""raiseTo"": null}, {""name"": ""call"", ""kind"": ""call"", ""raiseTo"": null}, {""name"": ""min"", ""kind"": ""raise"", ""raiseTo"": 500}, {""name"": ""pot"", ""kind"": ""raise"", ""raiseTo"": 900}]",fold,,native accepted action; browser intent/attempt/latency unverified
48,1,DZyjWzKeOtiR4U7syivwvKIU,preflop,"[""7c"", ""6h""]",[],"[{""name"": ""check"", ""kind"": ""check"", ""raiseTo"": null}, {""name"": ""min"", ""kind"": ""raise"", ""raiseTo"": 200}, {""name"": ""pot"", ""kind"": ""raise"", ""raiseTo"": 300}]",check,,native accepted action; browser intent/attempt/latency unverified
48,2,DZyjWzKeOtiR4U7syivwvKIU,flop,"[""7c"", ""6h""]","[""6s"", ""As"", ""Kh""]","[{""name"": ""check"", ""kind"": ""check"", ""raiseTo"": null}, {""name"": ""min"", ""kind"": ""raise"", ""raiseTo"": 100}, {""name"": ""pot"", ""kind"": ""raise"", ""raiseTo"": 200}]",check,,native accepted action; browser intent/attempt/latency unverified
48,3,DZyjWzKeOtiR4U7syivwvKIU,flop,"[""7c"", ""6h""]","[""6s"", ""As"", ""Kh""]","[{""name"": ""fold"", ""kind"": ""fold"", ""raiseTo"": null}, {""name"": ""call"", ""kind"": ""call"", ""raiseTo"": null}, {""name"": ""min"", ""kind"": ""raise"", ""raiseTo"": 400}, {""name"": ""pot"", ""kind"": ""raise"", ""raiseTo"": 800}]",fold,,native accepted action; browser intent/attempt/latency unverified
49,1,LWZ9foCmhYCkbrogRIcDKvGV,preflop,"[""2d"", ""Ts""]",[],"[{""name"": ""fold"", ""kind"": ""fold"", ""raiseTo"": null}, {""name"": ""call"", ""kind"": ""call"", ""raiseTo"": null}, {""name"": ""min"", ""kind"": ""raise"", ""raiseTo"": 200}, {""name"": ""pot"", ""kind"": ""raise"", ""raiseTo"": 300}]",call,,native accepted action; browser intent/attempt/latency unverified
49,2,LWZ9foCmhYCkbrogRIcDKvGV,flop,"[""2d"", ""Ts""]","[""4s"", ""As"", ""3c""]","[{""name"": ""check"", ""kind"": ""check"", ""raiseTo"": null}, {""name"": ""min"", ""kind"": ""raise"", ""raiseTo"": 100}, {""name"": ""pot"", ""kind"": ""raise"", ""raiseTo"": 200}]",raise,100,native accepted action; browser intent/attempt/latency unverified
50,1,xX-wbtgdCJxtCSEuW8mQ1zrF,preflop,"[""8c"", ""Qd""]",[],"[{""name"": ""check"", ""kind"": ""check"", ""raiseTo"": null}, {""name"": ""min"", ""kind"": ""raise"", ""raiseTo"": 200}, {""name"": ""pot"", ""kind"": ""raise"", ""raiseTo"": 300}]",raise,300,native accepted action; browser intent/attempt/latency unverified
50,2,xX-wbtgdCJxtCSEuW8mQ1zrF,flop,"[""8c"", ""Qd""]","[""Ks"", ""7h"", ""Td""]","[{""name"": ""check"", ""kind"": ""check"", ""raiseTo"": null}, {""name"": ""min"", ""kind"": ""raise"", ""raiseTo"": 100}, {""name"": ""pot"", ""kind"": ""raise"", ""raiseTo"": 600}]",raise,100,native accepted action; browser intent/attempt/latency unverified
50,3,xX-wbtgdCJxtCSEuW8mQ1zrF,turn,"[""8c"", ""Qd""]","[""Ks"", ""7h"", ""Td"", ""6h""]","[{""name"": ""check"", ""kind"": ""check"", ""raiseTo"": null}, {""name"": ""min"", ""kind"": ""raise"", ""raiseTo"": 100}, {""name"": ""pot"", ""kind"": ""raise"", ""raiseTo"": 800}, {""name"": ""jam"", ""kind"": ""raise"", ""raiseTo"": 1600}]",check,,native accepted action; browser intent/attempt/latency unverified
50,4,xX-wbtgdCJxtCSEuW8mQ1zrF,turn,"[""8c"", ""Qd""]","[""Ks"", ""7h"", ""Td"", ""6h""]","[{""name"": ""fold"", ""kind"": ""fold"", ""raiseTo"": null}, {""name"": ""call"", ""kind"": ""call"", ""raiseTo"": null}, {""name"": ""min"", ""kind"": ""raise"", ""raiseTo"": 200}, {""name"": ""pot"", ""kind"": ""raise"", ""raiseTo"": 1100}, {""name"": ""jam"", ""kind"": ""raise"", ""raiseTo"": 1600}]",call,,native accepted action; browser intent/attempt/latency unverified
50,5,xX-wbtgdCJxtCSEuW8mQ1zrF,river,"[""8c"", ""Qd""]","[""Ks"", ""7h"", ""Td"", ""6h"", ""3s""]","[{""name"": ""check"", ""kind"": ""check"", ""raiseTo"": null}, {""name"": ""min"", ""kind"": ""raise"", ""raiseTo"": 100}, {""name"": ""pot"", ""kind"": ""raise"", ""raiseTo"": 1000}, {""name"": ""jam"", ""kind"": ""raise"", ""raiseTo"": 1500}]",check,,native accepted action; browser intent/attempt/latency unverified
51,1,cO22GMuTP7XazcoxBqEfHIDg,preflop,"[""9s"", ""Js""]",[],"[{""name"": ""fold"", ""kind"": ""fold"", ""raiseTo"": null}, {""name"": ""call"", ""kind"": ""call"", ""raiseTo"": null}, {""name"": ""min"", ""kind"": ""raise"", ""raiseTo"": 200}, {""name"": ""pot"", ""kind"": ""raise"", ""raiseTo"": 300}]",raise,200,native accepted action; browser intent/attempt/latency unverified
52,1,YJQEYOXp24CuuDQKMq3k8-eh,preflop,"[""6h"", ""Kd""]",[],"[{""name"": ""check"", ""kind"": ""check"", ""raiseTo"": null}, {""name"": ""min"", ""kind"": ""raise"", ""raiseTo"": 200}, {""name"": ""pot"", ""kind"": ""raise"", ""raiseTo"": 300}]",raise,300,native accepted action; browser intent/attempt/latency unverified
52,2,YJQEYOXp24CuuDQKMq3k8-eh,preflop,"[""6h"", ""Kd""]",[],"[{""name"": ""fold"", ""kind"": ""fold"", ""raiseTo"": null}, {""name"": ""call"", ""kind"": ""call"", ""raiseTo"": null}, {""name"": ""min"", ""kind"": ""raise"", ""raiseTo"": 700}, {""name"": ""pot"", ""kind"": ""raise"", ""raiseTo"": 1500}, {""name"": ""jam"", ""kind"": ""raise"", ""raiseTo"": 2000}]",fold,,native accepted action; browser intent/attempt/latency unverified
53,1,PtQYwDdYm6UBwe6GZqO0INLq,preflop,"[""7s"", ""4c""]",[],"[{""name"": ""fold"", ""kind"": ""fold"", ""raiseTo"": null}, {""name"": ""call"", ""kind"": ""call"", ""raiseTo"": null}, {""name"": ""min"", ""kind"": ""raise"", ""raiseTo"": 200}, {""name"": ""pot"", ""kind"": ""raise"", ""raiseTo"": 300}]",call,,native accepted action; browser intent/attempt/latency unverified
53,2,PtQYwDdYm6UBwe6GZqO0INLq,flop,"[""7s"", ""4c""]","[""6s"", ""9h"", ""Td""]","[{""name"": ""check"", ""kind"": ""check"", ""raiseTo"": null}, {""name"": ""min"", ""kind"": ""raise"", ""raiseTo"": 100}, {""name"": ""pot"", ""kind"": ""raise"", ""raiseTo"": 200}]",raise,100,native accepted action; browser intent/attempt/latency unverified
55,1,XhUJRgcSzZ6rKdkztBe1H6sV,preflop,"[""Js"", ""3s""]",[],"[{""name"": ""fold"", ""kind"": ""fold"", ""raiseTo"": null}, {""name"": ""call"", ""kind"": ""call"", ""raiseTo"": null}, {""name"": ""min"", ""kind"": ""raise"", ""raiseTo"": 200}, {""name"": ""pot"", ""kind"": ""raise"", ""raiseTo"": 300}]",raise,200,native accepted action; browser intent/attempt/latency unverified
56,1,E8_Xch-YRkMPL2baoUu9W894,preflop,"[""9d"", ""Qd""]",[],"[{""name"": ""fold"", ""kind"": ""fold"", ""raiseTo"": null}, {""name"": ""call"", ""kind"": ""call"", ""raiseTo"": null}, {""name"": ""min"", ""kind"": ""raise"", ""raiseTo"": 300}, {""name"": ""pot"", ""kind"": ""raise"", ""raiseTo"": 600}]",call,,native accepted action; browser intent/attempt/latency unverified
56,2,E8_Xch-YRkMPL2baoUu9W894,flop,"[""9d"", ""Qd""]","[""7s"", ""2c"", ""8c""]","[{""name"": ""check"", ""kind"": ""check"", ""raiseTo"": null}, {""name"": ""min"", ""kind"": ""raise"", ""raiseTo"": 100}, {""name"": ""pot"", ""kind"": ""raise"", ""raiseTo"": 400}]",check,,native accepted action; browser intent/attempt/latency unverified
56,3,E8_Xch-YRkMPL2baoUu9W894,flop,"[""9d"", ""Qd""]","[""7s"", ""2c"", ""8c""]","[{""name"": ""fold"", ""kind"": ""fold"", ""raiseTo"": null}, {""name"": ""call"", ""kind"": ""call"", ""raiseTo"": null}, {""name"": ""min"", ""kind"": ""raise"", ""raiseTo"": 200}, {""name"": ""pot"", ""kind"": ""raise"", ""raiseTo"": 700}]",call,,native accepted action; browser intent/attempt/latency unverified
56,4,E8_Xch-YRkMPL2baoUu9W894,turn,"[""9d"", ""Qd""]","[""7s"", ""2c"", ""8c"", ""Tc""]","[{""name"": ""check"", ""kind"": ""check"", ""raiseTo"": null}, {""name"": ""min"", ""kind"": ""raise"", ""raiseTo"": 100}, {""name"": ""pot"", ""kind"": ""raise"", ""raiseTo"": 600}]",check,,native accepted action; browser intent/attempt/latency unverified
56,5,E8_Xch-YRkMPL2baoUu9W894,turn,"[""9d"", ""Qd""]","[""7s"", ""2c"", ""8c"", ""Tc""]","[{""name"": ""fold"", ""kind"": ""fold"", ""raiseTo"": null}, {""name"": ""call"", ""kind"": ""call"", ""raiseTo"": null}, {""name"": ""min"", ""kind"": ""raise"", ""raiseTo"": 1200}, {""name"": ""pot"", ""kind"": ""raise"", ""raiseTo"": 1700}]",fold,,native accepted action; browser intent/attempt/latency unverified
57,1,t-U2Rq9AtdEvgBZMZnkdB9bJ,preflop,"[""Ts"", ""As""]",[],"[{""name"": ""fold"", ""kind"": ""fold"", ""raiseTo"": null}, {""name"": ""call"", ""kind"": ""call"", ""raiseTo"": null}, {""name"": ""min"", ""kind"": ""raise"", ""raiseTo"": 200}, {""name"": ""pot"", ""kind"": ""raise"", ""raiseTo"": 300}]",raise,200,native accepted action; browser intent/attempt/latency unverified
57,2,t-U2Rq9AtdEvgBZMZnkdB9bJ,preflop,"[""Ts"", ""As""]",[],"[{""name"": ""fold"", ""kind"": ""fold"", ""raiseTo"": null}, {""name"": ""call"", ""kind"": ""call"", ""raiseTo"": null}, {""name"": ""min"", ""kind"": ""raise"", ""raiseTo"": 1000}, {""name"": ""pot"", ""kind"": ""raise"", ""raiseTo"": 1800}, {""name"": ""jam"", ""kind"": ""raise"", ""raiseTo"": 2000}]",call,,native accepted action; browser intent/attempt/latency unverified
57,3,t-U2Rq9AtdEvgBZMZnkdB9bJ,flop,"[""Ts"", ""As""]","[""6h"", ""Ks"", ""5h""]","[{""name"": ""fold"", ""kind"": ""fold"", ""raiseTo"": null}, {""name"": ""call"", ""kind"": ""call"", ""raiseTo"": null}, {""name"": ""min"", ""kind"": ""raise"", ""raiseTo"": 200}, {""name"": ""pot"", ""kind"": ""raise"", ""raiseTo"": 1400}]",call,,native accepted action; browser intent/attempt/latency unverified
57,4,t-U2Rq9AtdEvgBZMZnkdB9bJ,turn,"[""Ts"", ""As""]","[""6h"", ""Ks"", ""5h"", ""6s""]","[{""name"": ""fold"", ""kind"": ""fold"", ""raiseTo"": null}, {""name"": ""call"", ""kind"": ""call"", ""raiseTo"": null}, {""name"": ""min"", ""kind"": ""raise"", ""raiseTo"": 200}, {""name"": ""pot"", ""kind"": ""raise"", ""raiseTo"": 1300}]",call,,native accepted action; browser intent/attempt/latency unverified
57,5,t-U2Rq9AtdEvgBZMZnkdB9bJ,river,"[""Ts"", ""As""]","[""6h"", ""Ks"", ""5h"", ""6s"", ""4d""]","[{""name"": ""fold"", ""kind"": ""fold"", ""raiseTo"": null}, {""name"": ""call"", ""kind"": ""call"", ""raiseTo"": null}, {""name"": ""min"", ""kind"": ""raise"", ""raiseTo"": 200}, {""name"": ""pot"", ""kind"": ""raise"", ""raiseTo"": 1200}]",call,,native accepted action; browser intent/attempt/latency unverified
58,1,kl2MjCmfdCr5inRgnR_NNeVP,preflop,"[""Qs"", ""Qd""]",[],"[{""name"": ""fold"", ""kind"": ""fold"", ""raiseTo"": null}, {""name"": ""call"", ""kind"": ""call"", ""raiseTo"": null}, {""name"": ""min"", ""kind"": ""raise"", ""raiseTo"": 300}, {""name"": ""pot"", ""kind"": ""raise"", ""raiseTo"": 600}]",raise,600,native accepted action; browser intent/attempt/latency unverified
58,2,kl2MjCmfdCr5inRgnR_NNeVP,preflop,"[""Qs"", ""Qd""]",[],"[{""name"": ""fold"", ""kind"": ""fold"", ""raiseTo"": null}, {""name"": ""call"", ""kind"": ""call"", ""raiseTo"": null}]",call,,native accepted action; browser intent/attempt/latency unverified
59,1,NEXF20lzYLdQ3xyieBf7qGFg,preflop,"[""7h"", ""Tc""]",[],"[{""name"": ""fold"", ""kind"": ""fold"", ""raiseTo"": null}, {""name"": ""call"", ""kind"": ""call"", ""raiseTo"": null}, {""name"": ""min"", ""kind"": ""raise"", ""raiseTo"": 200}, {""name"": ""pot"", ""kind"": ""raise"", ""raiseTo"": 300}]",raise,200,native accepted action; browser intent/attempt/latency unverified
59,2,NEXF20lzYLdQ3xyieBf7qGFg,flop,"[""7h"", ""Tc""]","[""Kc"", ""3s"", ""3c""]","[{""name"": ""fold"", ""kind"": ""fold"", ""raiseTo"": null}, {""name"": ""call"", ""kind"": ""call"", ""raiseTo"": null}, {""name"": ""min"", ""kind"": ""raise"", ""raiseTo"": 200}, {""name"": ""pot"", ""kind"": ""raise"", ""raiseTo"": 700}]",call,,native accepted action; browser intent/attempt/latency unverified
59,3,NEXF20lzYLdQ3xyieBf7qGFg,turn,"[""7h"", ""Tc""]","[""Kc"", ""3s"", ""3c"", ""8s""]","[{""name"": ""check"", ""kind"": ""check"", ""raiseTo"": null}, {""name"": ""min"", ""kind"": ""raise"", ""raiseTo"": 100}, {""name"": ""pot"", ""kind"": ""raise"", ""raiseTo"": 600}]",check,,native accepted action; browser intent/attempt/latency unverified
59,4,NEXF20lzYLdQ3xyieBf7qGFg,river,"[""7h"", ""Tc""]","[""Kc"", ""3s"", ""3c"", ""8s"", ""6c""]","[{""name"": ""check"", ""kind"": ""check"", ""raiseTo"": null}, {""name"": ""min"", ""kind"": ""raise"", ""raiseTo"": 100}, {""name"": ""pot"", ""kind"": ""raise"", ""raiseTo"": 600}]",raise,100,native accepted action; browser intent/attempt/latency unverified
61,1,C71YaJr0qAd9hXYn4Vg32JBN,preflop,"[""7s"", ""Ts""]",[],"[{""name"": ""fold"", ""kind"": ""fold"", ""raiseTo"": null}, {""name"": ""call"", ""kind"": ""call"", ""raiseTo"": null}, {""name"": ""min"", ""kind"": ""raise"", ""raiseTo"": 200}, {""name"": ""pot"", ""kind"": ""raise"", ""raiseTo"": 300}]",raise,200,native accepted action; browser intent/attempt/latency unverified
62,1,ZM9wd5XniP47RN-9UUXkz0AO,preflop,"[""4h"", ""8c""]",[],"[{""name"": ""fold"", ""kind"": ""fold"", ""raiseTo"": null}, {""name"": ""call"", ""kind"": ""call"", ""raiseTo"": null}, {""name"": ""min"", ""kind"": ""raise"", ""raiseTo"": 300}, {""name"": ""pot"", ""kind"": ""raise"", ""raiseTo"": 600}]",fold,,native accepted action; browser intent/attempt/latency unverified
63,1,OtIWTQtSLj1dLYyYX9gL1Sm9,preflop,"[""7h"", ""2c""]",[],"[{""name"": ""fold"", ""kind"": ""fold"", ""raiseTo"": null}, {""name"": ""call"", ""kind"": ""call"", ""raiseTo"": null}, {""name"": ""min"", ""kind"": ""raise"", ""raiseTo"": 200}, {""name"": ""pot"", ""kind"": ""raise"", ""raiseTo"": 300}]",call,,native accepted action; browser intent/attempt/latency unverified
63,2,OtIWTQtSLj1dLYyYX9gL1Sm9,flop,"[""7h"", ""2c""]","[""7s"", ""Ad"", ""9c""]","[{""name"": ""check"", ""kind"": ""check"", ""raiseTo"": null}, {""name"": ""min"", ""kind"": ""raise"", ""raiseTo"": 100}, {""name"": ""pot"", ""kind"": ""raise"", ""raiseTo"": 200}]",check,,native accepted action; browser intent/attempt/latency unverified
63,3,OtIWTQtSLj1dLYyYX9gL1Sm9,turn,"[""7h"", ""2c""]","[""7s"", ""Ad"", ""9c"", ""2s""]","[{""name"": ""check"", ""kind"": ""check"", ""raiseTo"": null}, {""name"": ""min"", ""kind"": ""raise"", ""raiseTo"": 100}, {""name"": ""pot"", ""kind"": ""raise"", ""raiseTo"": 200}]",raise,100,native accepted action; browser intent/attempt/latency unverified
65,1,n0jZm9trH9x_Ym3vRCx3itdi,preflop,"[""5s"", ""3h""]",[],"[{""name"": ""fold"", ""kind"": ""fold"", ""raiseTo"": null}, {""name"": ""call"", ""kind"": ""call"", ""raiseTo"": null}, {""name"": ""min"", ""kind"": ""raise"", ""raiseTo"": 200}, {""name"": ""pot"", ""kind"": ""raise"", ""raiseTo"": 300}]",call,,native accepted action; browser intent/attempt/latency unverified
65,2,n0jZm9trH9x_Ym3vRCx3itdi,flop,"[""5s"", ""3h""]","[""7c"", ""Kd"", ""Td""]","[{""name"": ""fold"", ""kind"": ""fold"", ""raiseTo"": null}, {""name"": ""call"", ""kind"": ""call"", ""raiseTo"": null}, {""name"": ""min"", ""kind"": ""raise"", ""raiseTo"": 200}, {""name"": ""pot"", ""kind"": ""raise"", ""raiseTo"": 500}]",fold,,native accepted action; browser intent/attempt/latency unverified
67,1,ZimTYcp1nAWOGCDSAds2Up8G,preflop,"[""6h"", ""Qh""]",[],"[{""name"": ""fold"", ""kind"": ""fold"", ""raiseTo"": null}, {""name"": ""call"", ""kind"": ""call"", ""raiseTo"": null}, {""name"": ""min"", ""kind"": ""raise"", ""raiseTo"": 200}, {""name"": ""pot"", ""kind"": ""raise"", ""raiseTo"": 300}]",raise,200,native accepted action; browser intent/attempt/latency unverified
67,2,ZimTYcp1nAWOGCDSAds2Up8G,preflop,"[""6h"", ""Qh""]",[],"[{""name"": ""fold"", ""kind"": ""fold"", ""raiseTo"": null}, {""name"": ""call"", ""kind"": ""call"", ""raiseTo"": null}, {""name"": ""min"", ""kind"": ""raise"", ""raiseTo"": 400}, {""name"": ""pot"", ""kind"": ""raise"", ""raiseTo"": 900}]",call,,native accepted action; browser intent/attempt/latency unverified
67,3,ZimTYcp1nAWOGCDSAds2Up8G,flop,"[""6h"", ""Qh""]","[""3h"", ""Jc"", ""9c""]","[{""name"": ""check"", ""kind"": ""check"", ""raiseTo"": null}, {""name"": ""min"", ""kind"": ""raise"", ""raiseTo"": 100}, {""name"": ""pot"", ""kind"": ""raise"", ""raiseTo"": 600}]",raise,100,native accepted action; browser intent/attempt/latency unverified
67,4,ZimTYcp1nAWOGCDSAds2Up8G,flop,"[""6h"", ""Qh""]","[""3h"", ""Jc"", ""9c""]","[{""name"": ""fold"", ""kind"": ""fold"", ""raiseTo"": null}, {""name"": ""call"", ""kind"": ""call"", ""raiseTo"": null}, {""name"": ""min"", ""kind"": ""raise"", ""raiseTo"": 300}, {""name"": ""pot"", ""kind"": ""raise"", ""raiseTo"": 1200}, {""name"": ""jam"", ""kind"": ""raise"", ""raiseTo"": 1700}]",call,,native accepted action; browser intent/attempt/latency unverified
67,5,ZimTYcp1nAWOGCDSAds2Up8G,turn,"[""6h"", ""Qh""]","[""3h"", ""Jc"", ""9c"", ""Kd""]","[{""name"": ""fold"", ""kind"": ""fold"", ""raiseTo"": null}, {""name"": ""call"", ""kind"": ""call"", ""raiseTo"": null}, {""name"": ""min"", ""kind"": ""raise"", ""raiseTo"": 200}, {""name"": ""pot"", ""kind"": ""raise"", ""raiseTo"": 1300}, {""name"": ""jam"", ""kind"": ""raise"", ""raiseTo"": 1500}]",call,,native accepted action; browser intent/attempt/latency unverified
67,6,ZimTYcp1nAWOGCDSAds2Up8G,river,"[""6h"", ""Qh""]","[""3h"", ""Jc"", ""9c"", ""Kd"", ""4d""]","[{""name"": ""fold"", ""kind"": ""fold"", ""raiseTo"": null}, {""name"": ""call"", ""kind"": ""call"", ""raiseTo"": null}, {""name"": ""min"", ""kind"": ""raise"", ""raiseTo"": 200}, {""name"": ""pot"", ""kind"": ""raise"", ""raiseTo"": 1400}]",call,,native accepted action; browser intent/attempt/latency unverified
69,1,NHKxL_KMWJf2oRtWTiuBqMBg,preflop,"[""5c"", ""Jd""]",[],"[{""name"": ""fold"", ""kind"": ""fold"", ""raiseTo"": null}, {""name"": ""call"", ""kind"": ""call"", ""raiseTo"": null}, {""name"": ""min"", ""kind"": ""raise"", ""raiseTo"": 200}, {""name"": ""pot"", ""kind"": ""raise"", ""raiseTo"": 300}]",call,,native accepted action; browser intent/attempt/latency unverified
69,2,NHKxL_KMWJf2oRtWTiuBqMBg,flop,"[""5c"", ""Jd""]","[""Qc"", ""Ah"", ""Ks""]","[{""name"": ""fold"", ""kind"": ""fold"", ""raiseTo"": null}, {""name"": ""call"", ""kind"": ""call"", ""raiseTo"": null}, {""name"": ""min"", ""kind"": ""raise"", ""raiseTo"": 200}, {""name"": ""pot"", ""kind"": ""raise"", ""raiseTo"": 500}]",fold,,native accepted action; browser intent/attempt/latency unverified
70,1,doRajswMR2nuJ1ydSXpIMVEM,preflop,"[""5s"", ""5d""]",[],"[{""name"": ""check"", ""kind"": ""check"", ""raiseTo"": null}, {""name"": ""min"", ""kind"": ""raise"", ""raiseTo"": 200}, {""name"": ""pot"", ""kind"": ""raise"", ""raiseTo"": 300}]",raise,300,native accepted action; browser intent/attempt/latency unverified
70,2,doRajswMR2nuJ1ydSXpIMVEM,flop,"[""5s"", ""5d""]","[""Kd"", ""3c"", ""7s""]","[{""name"": ""check"", ""kind"": ""check"", ""raiseTo"": null}, {""name"": ""min"", ""kind"": ""raise"", ""raiseTo"": 100}, {""name"": ""pot"", ""kind"": ""raise"", ""raiseTo"": 600}]",check,,native accepted action; browser intent/attempt/latency unverified
70,3,doRajswMR2nuJ1ydSXpIMVEM,turn,"[""5s"", ""5d""]","[""Kd"", ""3c"", ""7s"", ""6h""]","[{""name"": ""check"", ""kind"": ""check"", ""raiseTo"": null}, {""name"": ""min"", ""kind"": ""raise"", ""raiseTo"": 100}, {""name"": ""pot"", ""kind"": ""raise"", ""raiseTo"": 600}]",raise,100,native accepted action; browser intent/attempt/latency unverified
70,4,doRajswMR2nuJ1ydSXpIMVEM,turn,"[""5s"", ""5d""]","[""Kd"", ""3c"", ""7s"", ""6h""]","[{""name"": ""fold"", ""kind"": ""fold"", ""raiseTo"": null}, {""name"": ""call"", ""kind"": ""call"", ""raiseTo"": null}, {""name"": ""min"", ""kind"": ""raise"", ""raiseTo"": 1700}]",fold,,native accepted action; browser intent/attempt/latency unverified
71,1,VlVaxCuQ6hdPSG2qnBPDykFE,preflop,"[""2d"", ""Jh""]",[],"[{""name"": ""fold"", ""kind"": ""fold"", ""raiseTo"": null}, {""name"": ""call"", ""kind"": ""call"", ""raiseTo"": null}, {""name"": ""min"", ""kind"": ""raise"", ""raiseTo"": 200}, {""name"": ""pot"", ""kind"": ""raise"", ""raiseTo"": 300}]",call,,native accepted action; browser intent/attempt/latency unverified
71,2,VlVaxCuQ6hdPSG2qnBPDykFE,flop,"[""2d"", ""Jh""]","[""Kc"", ""Ac"", ""4d""]","[{""name"": ""check"", ""kind"": ""check"", ""raiseTo"": null}, {""name"": ""min"", ""kind"": ""raise"", ""raiseTo"": 100}, {""name"": ""pot"", ""kind"": ""raise"", ""raiseTo"": 200}]",check,,native accepted action; browser intent/attempt/latency unverified
71,3,VlVaxCuQ6hdPSG2qnBPDykFE,turn,"[""2d"", ""Jh""]","[""Kc"", ""Ac"", ""4d"", ""8h""]","[{""name"": ""check"", ""kind"": ""check"", ""raiseTo"": null}, {""name"": ""min"", ""kind"": ""raise"", ""raiseTo"": 100}, {""name"": ""pot"", ""kind"": ""raise"", ""raiseTo"": 200}]",raise,100,native accepted action; browser intent/attempt/latency unverified
71,4,VlVaxCuQ6hdPSG2qnBPDykFE,river,"[""2d"", ""Jh""]","[""Kc"", ""Ac"", ""4d"", ""8h"", ""5h""]","[{""name"": ""check"", ""kind"": ""check"", ""raiseTo"": null}, {""name"": ""min"", ""kind"": ""raise"", ""raiseTo"": 100}, {""name"": ""pot"", ""kind"": ""raise"", ""raiseTo"": 400}]",raise,100,native accepted action; browser intent/attempt/latency unverified
72,1,rkH8wR-SdXH-M7kO3gyW8RdR,preflop,"[""4c"", ""Qs""]",[],"[{""name"": ""fold"", ""kind"": ""fold"", ""raiseTo"": null}, {""name"": ""call"", ""kind"": ""call"", ""raiseTo"": null}, {""name"": ""min"", ""kind"": ""raise"", ""raiseTo"": 300}, {""name"": ""pot"", ""kind"": ""raise"", ""raiseTo"": 600}]",call,,native accepted action; browser intent/attempt/latency unverified
72,2,rkH8wR-SdXH-M7kO3gyW8RdR,flop,"[""4c"", ""Qs""]","[""2s"", ""6h"", ""Kc""]","[{""name"": ""check"", ""kind"": ""check"", ""raiseTo"": null}, {""name"": ""min"", ""kind"": ""raise"", ""raiseTo"": 100}, {""name"": ""pot"", ""kind"": ""raise"", ""raiseTo"": 400}]",check,,native accepted action; browser intent/attempt/latency unverified
72,3,rkH8wR-SdXH-M7kO3gyW8RdR,turn,"[""4c"", ""Qs""]","[""2s"", ""6h"", ""Kc"", ""Qc""]","[{""name"": ""check"", ""kind"": ""check"", ""raiseTo"": null}, {""name"": ""min"", ""kind"": ""raise"", ""raiseTo"": 100}, {""name"": ""pot"", ""kind"": ""raise"", ""raiseTo"": 400}]",raise,100,native accepted action; browser intent/attempt/latency unverified
72,4,rkH8wR-SdXH-M7kO3gyW8RdR,river,"[""4c"", ""Qs""]","[""2s"", ""6h"", ""Kc"", ""Qc"", ""6s""]","[{""name"": ""check"", ""kind"": ""check"", ""raiseTo"": null}, {""name"": ""min"", ""kind"": ""raise"", ""raiseTo"": 100}, {""name"": ""pot"", ""kind"": ""raise"", ""raiseTo"": 600}]",check,,native accepted action; browser intent/attempt/latency unverified
72,5,rkH8wR-SdXH-M7kO3gyW8RdR,river,"[""4c"", ""Qs""]","[""2s"", ""6h"", ""Kc"", ""Qc"", ""6s""]","[{""name"": ""fold"", ""kind"": ""fold"", ""raiseTo"": null}, {""name"": ""call"", ""kind"": ""call"", ""raiseTo"": null}, {""name"": ""min"", ""kind"": ""raise"", ""raiseTo"": 200}, {""name"": ""pot"", ""kind"": ""raise"", ""raiseTo"": 900}, {""name"": ""jam"", ""kind"": ""raise"", ""raiseTo"": 1700}]",call,,native accepted action; browser intent/attempt/latency unverified
73,1,MLSHSkX1nFyEDFxQZj_0EsVd,preflop,"[""Jd"", ""6c""]",[],"[{""name"": ""fold"", ""kind"": ""fold"", ""raiseTo"": null}, {""name"": ""call"", ""kind"": ""call"", ""raiseTo"": null}, {""name"": ""min"", ""kind"": ""raise"", ""raiseTo"": 200}, {""name"": ""pot"", ""kind"": ""raise"", ""raiseTo"": 300}]",call,,native accepted action; browser intent/attempt/latency unverified
73,2,MLSHSkX1nFyEDFxQZj_0EsVd,flop,"[""Jd"", ""6c""]","[""Th"", ""4h"", ""Ts""]","[{""name"": ""check"", ""kind"": ""check"", ""raiseTo"": null}, {""name"": ""min"", ""kind"": ""raise"", ""raiseTo"": 100}, {""name"": ""pot"", ""kind"": ""raise"", ""raiseTo"": 200}]",raise,100,native accepted action; browser intent/attempt/latency unverified
73,3,MLSHSkX1nFyEDFxQZj_0EsVd,flop,"[""Jd"", ""6c""]","[""Th"", ""4h"", ""Ts""]","[{""name"": ""fold"", ""kind"": ""fold"", ""raiseTo"": null}, {""name"": ""call"", ""kind"": ""call"", ""raiseTo"": null}, {""name"": ""min"", ""kind"": ""raise"", ""raiseTo"": 300}, {""name"": ""pot"", ""kind"": ""raise"", ""raiseTo"": 800}]",call,,native accepted action; browser intent/attempt/latency unverified
73,4,MLSHSkX1nFyEDFxQZj_0EsVd,turn,"[""Jd"", ""6c""]","[""Th"", ""4h"", ""Ts"", ""5c""]","[{""name"": ""check"", ""kind"": ""check"", ""raiseTo"": null}, {""name"": ""min"", ""kind"": ""raise"", ""raiseTo"": 100}, {""name"": ""pot"", ""kind"": ""raise"", ""raiseTo"": 600}]",check,,native accepted action; browser intent/attempt/latency unverified
73,5,MLSHSkX1nFyEDFxQZj_0EsVd,river,"[""Jd"", ""6c""]","[""Th"", ""4h"", ""Ts"", ""5c"", ""Td""]","[{""name"": ""fold"", ""kind"": ""fold"", ""raiseTo"": null}, {""name"": ""call"", ""kind"": ""call"", ""raiseTo"": null}, {""name"": ""min"", ""kind"": ""raise"", ""raiseTo"": 1200}, {""name"": ""pot"", ""kind"": ""raise"", ""raiseTo"": 1700}]",call,,native accepted action; browser intent/attempt/latency unverified
75,1,NoGf5WjRiZDSEwX95K1nw4qz,preflop,"[""6h"", ""6d""]",[],"[{""name"": ""fold"", ""kind"": ""fold"", ""raiseTo"": null}, {""name"": ""call"", ""kind"": ""call"", ""raiseTo"": null}, {""name"": ""min"", ""kind"": ""raise"", ""raiseTo"": 200}, {""name"": ""pot"", ""kind"": ""raise"", ""raiseTo"": 300}]",raise,200,native accepted action; browser intent/attempt/latency unverified
76,1,2YIjcY-ZWioV9L3UVYeQT1x8,preflop,"[""Ts"", ""8d""]",[],"[{""name"": ""check"", ""kind"": ""check"", ""raiseTo"": null}, {""name"": ""min"", ""kind"": ""raise"", ""raiseTo"": 200}, {""name"": ""pot"", ""kind"": ""raise"", ""raiseTo"": 300}]",raise,300,native accepted action; browser intent/attempt/latency unverified
77,1,_ZyEoawLGW23JKHUzrUTtEXT,preflop,"[""5d"", ""7h""]",[],"[{""name"": ""fold"", ""kind"": ""fold"", ""raiseTo"": null}, {""name"": ""call"", ""kind"": ""call"", ""raiseTo"": null}, {""name"": ""min"", ""kind"": ""raise"", ""raiseTo"": 200}, {""name"": ""pot"", ""kind"": ""raise"", ""raiseTo"": 300}]",call,,native accepted action; browser intent/attempt/latency unverified
77,2,_ZyEoawLGW23JKHUzrUTtEXT,preflop,"[""5d"", ""7h""]",[],"[{""name"": ""fold"", ""kind"": ""fold"", ""raiseTo"": null}, {""name"": ""call"", ""kind"": ""call"", ""raiseTo"": null}, {""name"": ""min"", ""kind"": ""raise"", ""raiseTo"": 500}, {""name"": ""pot"", ""kind"": ""raise"", ""raiseTo"": 900}]",fold,,native accepted action; browser intent/attempt/latency unverified
78,1,t8dTXwvV8qEw4o1CNkJXjOGy,preflop,"[""Ts"", ""3s""]",[],"[{""name"": ""fold"", ""kind"": ""fold"", ""raiseTo"": null}, {""name"": ""call"", ""kind"": ""call"", ""raiseTo"": null}, {""name"": ""min"", ""kind"": ""raise"", ""raiseTo"": 300}, {""name"": ""pot"", ""kind"": ""raise"", ""raiseTo"": 600}]",fold,,native accepted action; browser intent/attempt/latency unverified
79,1,_ft_bJal_fGKmRLF3EqOg86-,preflop,"[""Jc"", ""4s""]",[],"[{""name"": ""fold"", ""kind"": ""fold"", ""raiseTo"": null}, {""name"": ""call"", ""kind"": ""call"", ""raiseTo"": null}, {""name"": ""min"", ""kind"": ""raise"", ""raiseTo"": 200}, {""name"": ""pot"", ""kind"": ""raise"", ""raiseTo"": 300}]",call,,native accepted action; browser intent/attempt/latency unverified
79,2,_ft_bJal_fGKmRLF3EqOg86-,flop,"[""Jc"", ""4s""]","[""Ts"", ""6c"", ""5c""]","[{""name"": ""fold"", ""kind"": ""fold"", ""raiseTo"": null}, {""name"": ""call"", ""kind"": ""call"", ""raiseTo"": null}, {""name"": ""min"", ""kind"": ""raise"", ""raiseTo"": 200}, {""name"": ""pot"", ""kind"": ""raise"", ""raiseTo"": 500}]",fold,,native accepted action; browser intent/attempt/latency unverified
80,1,WVz9b4WtwugStxjWEJyVT3fG,preflop,"[""2c"", ""Jc""]",[],"[{""name"": ""check"", ""kind"": ""check"", ""raiseTo"": null}, {""name"": ""min"", ""kind"": ""raise"", ""raiseTo"": 200}, {""name"": ""pot"", ""kind"": ""raise"", ""raiseTo"": 300}]",check,,native accepted action; browser intent/attempt/latency unverified
80,2,WVz9b4WtwugStxjWEJyVT3fG,flop,"[""2c"", ""Jc""]","[""4c"", ""Tc"", ""Qc""]","[{""name"": ""check"", ""kind"": ""check"", ""raiseTo"": null}, {""name"": ""min"", ""kind"": ""raise"", ""raiseTo"": 100}, {""name"": ""pot"", ""kind"": ""raise"", ""raiseTo"": 200}]",raise,200,native accepted action; browser intent/attempt/latency unverified
80,3,WVz9b4WtwugStxjWEJyVT3fG,turn,"[""2c"", ""Jc""]","[""4c"", ""Tc"", ""Qc"", ""4d""]","[{""name"": ""check"", ""kind"": ""check"", ""raiseTo"": null}, {""name"": ""min"", ""kind"": ""raise"", ""raiseTo"": 100}, {""name"": ""pot"", ""kind"": ""raise"", ""raiseTo"": 600}]",raise,100,native accepted action; browser intent/attempt/latency unverified
80,4,WVz9b4WtwugStxjWEJyVT3fG,turn,"[""2c"", ""Jc""]","[""4c"", ""Tc"", ""Qc"", ""4d""]","[{""name"": ""fold"", ""kind"": ""fold"", ""raiseTo"": null}, {""name"": ""call"", ""kind"": ""call"", ""raiseTo"": null}, {""name"": ""min"", ""kind"": ""raise"", ""raiseTo"": 300}, {""name"": ""pot"", ""kind"": ""raise"", ""raiseTo"": 1200}, {""name"": ""jam"", ""kind"": ""raise"", ""raiseTo"": 1700}]",raise,300,native accepted action; browser intent/attempt/latency unverified
80,5,WVz9b4WtwugStxjWEJyVT3fG,turn,"[""2c"", ""Jc""]","[""4c"", ""Tc"", ""Qc"", ""4d""]","[{""name"": ""fold"", ""kind"": ""fold"", ""raiseTo"": null}, {""name"": ""call"", ""kind"": ""call"", ""raiseTo"": null}, {""name"": ""min"", ""kind"": ""raise"", ""raiseTo"": 1700}]",fold,,native accepted action; browser intent/attempt/latency unverified
81,1,apJvrc5BYxmbUhEDhU2e6_NT,preflop,"[""Qh"", ""Qc""]",[],"[{""name"": ""fold"", ""kind"": ""fold"", ""raiseTo"": null}, {""name"": ""call"", ""kind"": ""call"", ""raiseTo"": null}, {""name"": ""min"", ""kind"": ""raise"", ""raiseTo"": 200}, {""name"": ""pot"", ""kind"": ""raise"", ""raiseTo"": 300}]",raise,200,native accepted action; browser intent/attempt/latency unverified
82,1,nqIfbaw0GkgWrfwTcU8rxiv6,preflop,"[""Ad"", ""7s""]",[],"[{""name"": ""fold"", ""kind"": ""fold"", ""raiseTo"": null}, {""name"": ""call"", ""kind"": ""call"", ""raiseTo"": null}, {""name"": ""min"", ""kind"": ""raise"", ""raiseTo"": 300}, {""name"": ""pot"", ""kind"": ""raise"", ""raiseTo"": 600}]",call,,native accepted action; browser intent/attempt/latency unverified
82,2,nqIfbaw0GkgWrfwTcU8rxiv6,flop,"[""Ad"", ""7s""]","[""Kc"", ""Qh"", ""3d""]","[{""name"": ""check"", ""kind"": ""check"", ""raiseTo"": null}, {""name"": ""min"", ""kind"": ""raise"", ""raiseTo"": 100}, {""name"": ""pot"", ""kind"": ""raise"", ""raiseTo"": 400}]",check,,native accepted action; browser intent/attempt/latency unverified
82,3,nqIfbaw0GkgWrfwTcU8rxiv6,flop,"[""Ad"", ""7s""]","[""Kc"", ""Qh"", ""3d""]","[{""name"": ""fold"", ""kind"": ""fold"", ""raiseTo"": null}, {""name"": ""call"", ""kind"": ""call"", ""raiseTo"": null}, {""name"": ""min"", ""kind"": ""raise"", ""raiseTo"": 200}, {""name"": ""pot"", ""kind"": ""raise"", ""raiseTo"": 700}]",call,,native accepted action; browser intent/attempt/latency unverified
82,4,nqIfbaw0GkgWrfwTcU8rxiv6,turn,"[""Ad"", ""7s""]","[""Kc"", ""Qh"", ""3d"", ""8h""]","[{""name"": ""check"", ""kind"": ""check"", ""raiseTo"": null}, {""name"": ""min"", ""kind"": ""raise"", ""raiseTo"": 100}, {""name"": ""pot"", ""kind"": ""raise"", ""raiseTo"": 600}]",check,,native accepted action; browser intent/attempt/latency unverified
82,5,nqIfbaw0GkgWrfwTcU8rxiv6,turn,"[""Ad"", ""7s""]","[""Kc"", ""Qh"", ""3d"", ""8h""]","[{""name"": ""fold"", ""kind"": ""fold"", ""raiseTo"": null}, {""name"": ""call"", ""kind"": ""call"", ""raiseTo"": null}, {""name"": ""min"", ""kind"": ""raise"", ""raiseTo"": 1200}, {""name"": ""pot"", ""kind"": ""raise"", ""raiseTo"": 1700}]",fold,,native accepted action; browser intent/attempt/latency unverified
83,1,i2qo-4u86ILTRAso5YPONEnj,preflop,"[""9s"", ""Jc""]",[],"[{""name"": ""fold"", ""kind"": ""fold"", ""raiseTo"": null}, {""name"": ""call"", ""kind"": ""call"", ""raiseTo"": null}, {""name"": ""min"", ""kind"": ""raise"", ""raiseTo"": 200}, {""name"": ""pot"", ""kind"": ""raise"", ""raiseTo"": 300}]",raise,200,native accepted action; browser intent/attempt/latency unverified
84,1,juDaePynMqboVYWlCd7F5w7B,preflop,"[""5h"", ""8h""]",[],"[{""name"": ""check"", ""kind"": ""check"", ""raiseTo"": null}, {""name"": ""min"", ""kind"": ""raise"", ""raiseTo"": 200}, {""name"": ""pot"", ""kind"": ""raise"", ""raiseTo"": 300}]",check,,native accepted action; browser intent/attempt/latency unverified
84,2,juDaePynMqboVYWlCd7F5w7B,flop,"[""5h"", ""8h""]","[""9c"", ""Qd"", ""Td""]","[{""name"": ""check"", ""kind"": ""check"", ""raiseTo"": null}, {""name"": ""min"", ""kind"": ""raise"", ""raiseTo"": 100}, {""name"": ""pot"", ""kind"": ""raise"", ""raiseTo"": 200}]",check,,native accepted action; browser intent/attempt/latency unverified
84,3,juDaePynMqboVYWlCd7F5w7B,turn,"[""5h"", ""8h""]","[""9c"", ""Qd"", ""Td"", ""9d""]","[{""name"": ""check"", ""kind"": ""check"", ""raiseTo"": null}, {""name"": ""min"", ""kind"": ""raise"", ""raiseTo"": 100}, {""name"": ""pot"", ""kind"": ""raise"", ""raiseTo"": 200}]",check,,native accepted action; browser intent/attempt/latency unverified
84,4,juDaePynMqboVYWlCd7F5w7B,turn,"[""5h"", ""8h""]","[""9c"", ""Qd"", ""Td"", ""9d""]","[{""name"": ""fold"", ""kind"": ""fold"", ""raiseTo"": null}, {""name"": ""call"", ""kind"": ""call"", ""raiseTo"": null}, {""name"": ""min"", ""kind"": ""raise"", ""raiseTo"": 400}, {""name"": ""pot"", ""kind"": ""raise"", ""raiseTo"": 800}]",fold,,native accepted action; browser intent/attempt/latency unverified
85,1,B3BKxHFgFEoXa4gjPoo4fOHy,preflop,"[""3h"", ""2h""]",[],"[{""name"": ""fold"", ""kind"": ""fold"", ""raiseTo"": null}, {""name"": ""call"", ""kind"": ""call"", ""raiseTo"": null}, {""name"": ""min"", ""kind"": ""raise"", ""raiseTo"": 200}, {""name"": ""pot"", ""kind"": ""raise"", ""raiseTo"": 300}]",raise,200,native accepted action; browser intent/attempt/latency unverified
86,1,3reXn_Dtm6m1oGafBF9bTfha,preflop,"[""Jd"", ""7c""]",[],"[{""name"": ""check"", ""kind"": ""check"", ""raiseTo"": null}, {""name"": ""min"", ""kind"": ""raise"", ""raiseTo"": 200}, {""name"": ""pot"", ""kind"": ""raise"", ""raiseTo"": 300}]",check,,native accepted action; browser intent/attempt/latency unverified
86,2,3reXn_Dtm6m1oGafBF9bTfha,flop,"[""Jd"", ""7c""]","[""Qc"", ""3d"", ""Kc""]","[{""name"": ""check"", ""kind"": ""check"", ""raiseTo"": null}, {""name"": ""min"", ""kind"": ""raise"", ""raiseTo"": 100}, {""name"": ""pot"", ""kind"": ""raise"", ""raiseTo"": 200}]",check,,native accepted action; browser intent/attempt/latency unverified
86,3,3reXn_Dtm6m1oGafBF9bTfha,flop,"[""Jd"", ""7c""]","[""Qc"", ""3d"", ""Kc""]","[{""name"": ""fold"", ""kind"": ""fold"", ""raiseTo"": null}, {""name"": ""call"", ""kind"": ""call"", ""raiseTo"": null}, {""name"": ""min"", ""kind"": ""raise"", ""raiseTo"": 200}, {""name"": ""pot"", ""kind"": ""raise"", ""raiseTo"": 500}]",call,,native accepted action; browser intent/attempt/latency unverified
86,4,3reXn_Dtm6m1oGafBF9bTfha,turn,"[""Jd"", ""7c""]","[""Qc"", ""3d"", ""Kc"", ""6c""]","[{""name"": ""check"", ""kind"": ""check"", ""raiseTo"": null}, {""name"": ""min"", ""kind"": ""raise"", ""raiseTo"": 100}, {""name"": ""pot"", ""kind"": ""raise"", ""raiseTo"": 400}]",check,,native accepted action; browser intent/attempt/latency unverified
86,5,3reXn_Dtm6m1oGafBF9bTfha,river,"[""Jd"", ""7c""]","[""Qc"", ""3d"", ""Kc"", ""6c"", ""5h""]","[{""name"": ""check"", ""kind"": ""check"", ""raiseTo"": null}, {""name"": ""min"", ""kind"": ""raise"", ""raiseTo"": 100}, {""name"": ""pot"", ""kind"": ""raise"", ""raiseTo"": 400}]",check,,native accepted action; browser intent/attempt/latency unverified
86,6,3reXn_Dtm6m1oGafBF9bTfha,river,"[""Jd"", ""7c""]","[""Qc"", ""3d"", ""Kc"", ""6c"", ""5h""]","[{""name"": ""fold"", ""kind"": ""fold"", ""raiseTo"": null}, {""name"": ""call"", ""kind"": ""call"", ""raiseTo"": null}, {""name"": ""min"", ""kind"": ""raise"", ""raiseTo"": 800}, {""name"": ""pot"", ""kind"": ""raise"", ""raiseTo"": 1600}, {""name"": ""jam"", ""kind"": ""raise"", ""raiseTo"": 1800}]",fold,,native accepted action; browser intent/attempt/latency unverified
87,1,c3PUVswRAkM9VABz93J6Y9N7,preflop,"[""3c"", ""6c""]",[],"[{""name"": ""fold"", ""kind"": ""fold"", ""raiseTo"": null}, {""name"": ""call"", ""kind"": ""call"", ""raiseTo"": null}, {""name"": ""min"", ""kind"": ""raise"", ""raiseTo"": 200}, {""name"": ""pot"", ""kind"": ""raise"", ""raiseTo"": 300}]",raise,200,native accepted action; browser intent/attempt/latency unverified
87,2,c3PUVswRAkM9VABz93J6Y9N7,preflop,"[""3c"", ""6c""]",[],"[{""name"": ""fold"", ""kind"": ""fold"", ""raiseTo"": null}, {""name"": ""call"", ""kind"": ""call"", ""raiseTo"": null}, {""name"": ""min"", ""kind"": ""raise"", ""raiseTo"": 1000}, {""name"": ""pot"", ""kind"": ""raise"", ""raiseTo"": 1800}, {""name"": ""jam"", ""kind"": ""raise"", ""raiseTo"": 2000}]",fold,,native accepted action; browser intent/attempt/latency unverified
88,1,kwnXVNY7bN8IR_Bm4fRGxsxU,preflop,"[""7s"", ""4h""]",[],"[{""name"": ""fold"", ""kind"": ""fold"", ""raiseTo"": null}, {""name"": ""call"", ""kind"": ""call"", ""raiseTo"": null}, {""name"": ""min"", ""kind"": ""raise"", ""raiseTo"": 500}, {""name"": ""pot"", ""kind"": ""raise"", ""raiseTo"": 900}]",fold,,native accepted action; browser intent/attempt/latency unverified
89,1,5vyYf9d1hZ3PKuc4E3ztul3v,preflop,"[""2h"", ""Jc""]",[],"[{""name"": ""fold"", ""kind"": ""fold"", ""raiseTo"": null}, {""name"": ""call"", ""kind"": ""call"", ""raiseTo"": null}, {""name"": ""min"", ""kind"": ""raise"", ""raiseTo"": 200}, {""name"": ""pot"", ""kind"": ""raise"", ""raiseTo"": 300}]",raise,200,native accepted action; browser intent/attempt/latency unverified
89,2,5vyYf9d1hZ3PKuc4E3ztul3v,flop,"[""2h"", ""Jc""]","[""Qh"", ""4d"", ""6d""]","[{""name"": ""check"", ""kind"": ""check"", ""raiseTo"": null}, {""name"": ""min"", ""kind"": ""raise"", ""raiseTo"": 100}, {""name"": ""pot"", ""kind"": ""raise"", ""raiseTo"": 400}]",check,,native accepted action; browser intent/attempt/latency unverified
89,3,5vyYf9d1hZ3PKuc4E3ztul3v,turn,"[""2h"", ""Jc""]","[""Qh"", ""4d"", ""6d"", ""Td""]","[{""name"": ""check"", ""kind"": ""check"", ""raiseTo"": null}, {""name"": ""min"", ""kind"": ""raise"", ""raiseTo"": 100}, {""name"": ""pot"", ""kind"": ""raise"", ""raiseTo"": 400}]",raise,100,native accepted action; browser intent/attempt/latency unverified
89,4,5vyYf9d1hZ3PKuc4E3ztul3v,river,"[""2h"", ""Jc""]","[""Qh"", ""4d"", ""6d"", ""Td"", ""Kh""]","[{""name"": ""fold"", ""kind"": ""fold"", ""raiseTo"": null}, {""name"": ""call"", ""kind"": ""call"", ""raiseTo"": null}, {""name"": ""min"", ""kind"": ""raise"", ""raiseTo"": 1200}, {""name"": ""pot"", ""kind"": ""raise"", ""raiseTo"": 1700}]",fold,,native accepted action; browser intent/attempt/latency unverified
90,1,ExiH_zfdPcCsjRCQjRlmmdCy,preflop,"[""3s"", ""Qs""]",[],"[{""name"": ""check"", ""kind"": ""check"", ""raiseTo"": null}, {""name"": ""min"", ""kind"": ""raise"", ""raiseTo"": 200}, {""name"": ""pot"", ""kind"": ""raise"", ""raiseTo"": 300}]",raise,200,native accepted action; browser intent/attempt/latency unverified
90,2,ExiH_zfdPcCsjRCQjRlmmdCy,preflop,"[""3s"", ""Qs""]",[],"[{""name"": ""fold"", ""kind"": ""fold"", ""raiseTo"": null}, {""name"": ""call"", ""kind"": ""call"", ""raiseTo"": null}, {""name"": ""min"", ""kind"": ""raise"", ""raiseTo"": 400}, {""name"": ""pot"", ""kind"": ""raise"", ""raiseTo"": 900}]",call,,native accepted action; browser intent/attempt/latency unverified
90,3,ExiH_zfdPcCsjRCQjRlmmdCy,flop,"[""3s"", ""Qs""]","[""7c"", ""3d"", ""Ts""]","[{""name"": ""check"", ""kind"": ""check"", ""raiseTo"": null}, {""name"": ""min"", ""kind"": ""raise"", ""raiseTo"": 100}, {""name"": ""pot"", ""kind"": ""raise"", ""raiseTo"": 600}]",check,,native accepted action; browser intent/attempt/latency unverified
90,4,ExiH_zfdPcCsjRCQjRlmmdCy,flop,"[""3s"", ""Qs""]","[""7c"", ""3d"", ""Ts""]","[{""name"": ""fold"", ""kind"": ""fold"", ""raiseTo"": null}, {""name"": ""call"", ""kind"": ""call"", ""raiseTo"": null}, {""name"": ""min"", ""kind"": ""raise"", ""raiseTo"": 200}, {""name"": ""pot"", ""kind"": ""raise"", ""raiseTo"": 900}, {""name"": ""jam"", ""kind"": ""raise"", ""raiseTo"": 1700}]",call,,native accepted action; browser intent/attempt/latency unverified
90,5,ExiH_zfdPcCsjRCQjRlmmdCy,turn,"[""3s"", ""Qs""]","[""7c"", ""3d"", ""Ts"", ""9d""]","[{""name"": ""check"", ""kind"": ""check"", ""raiseTo"": null}, {""name"": ""min"", ""kind"": ""raise"", ""raiseTo"": 100}, {""name"": ""pot"", ""kind"": ""raise"", ""raiseTo"": 800}, {""name"": ""jam"", ""kind"": ""raise"", ""raiseTo"": 1600}]",check,,native accepted action; browser intent/attempt/latency unverified
90,6,ExiH_zfdPcCsjRCQjRlmmdCy,turn,"[""3s"", ""Qs""]","[""7c"", ""3d"", ""Ts"", ""9d""]","[{""name"": ""fold"", ""kind"": ""fold"", ""raiseTo"": null}, {""name"": ""call"", ""kind"": ""call"", ""raiseTo"": null}]",fold,,native accepted action; browser intent/attempt/latency unverified
91,1,YTPK1Civa3Qdep0FTjOj-sG5,preflop,"[""Ah"", ""5d""]",[],"[{""name"": ""fold"", ""kind"": ""fold"", ""raiseTo"": null}, {""name"": ""call"", ""kind"": ""call"", ""raiseTo"": null}, {""name"": ""min"", ""kind"": ""raise"", ""raiseTo"": 200}, {""name"": ""pot"", ""kind"": ""raise"", ""raiseTo"": 300}]",raise,200,native accepted action; browser intent/attempt/latency unverified
91,2,YTPK1Civa3Qdep0FTjOj-sG5,flop,"[""Ah"", ""5d""]","[""Kh"", ""9s"", ""Qh""]","[{""name"": ""check"", ""kind"": ""check"", ""raiseTo"": null}, {""name"": ""min"", ""kind"": ""raise"", ""raiseTo"": 100}, {""name"": ""pot"", ""kind"": ""raise"", ""raiseTo"": 400}]",raise,100,native accepted action; browser intent/attempt/latency unverified
91,3,YTPK1Civa3Qdep0FTjOj-sG5,turn,"[""Ah"", ""5d""]","[""Kh"", ""9s"", ""Qh"", ""Ts""]","[{""name"": ""fold"", ""kind"": ""fold"", ""raiseTo"": null}, {""name"": ""call"", ""kind"": ""call"", ""raiseTo"": null}, {""name"": ""min"", ""kind"": ""raise"", ""raiseTo"": 1200}, {""name"": ""pot"", ""kind"": ""raise"", ""raiseTo"": 1700}]",call,,native accepted action; browser intent/attempt/latency unverified
91,4,YTPK1Civa3Qdep0FTjOj-sG5,river,"[""Ah"", ""5d""]","[""Kh"", ""9s"", ""Qh"", ""Ts"", ""Js""]","[{""name"": ""fold"", ""kind"": ""fold"", ""raiseTo"": null}, {""name"": ""call"", ""kind"": ""call"", ""raiseTo"": null}]",call,,native accepted action; browser intent/attempt/latency unverified
92,1,E1UI_i-J-tlb-ZkR2SO6-e5L,preflop,"[""9d"", ""Js""]",[],"[{""name"": ""fold"", ""kind"": ""fold"", ""raiseTo"": null}, {""name"": ""call"", ""kind"": ""call"", ""raiseTo"": null}, {""name"": ""min"", ""kind"": ""raise"", ""raiseTo"": 500}, {""name"": ""pot"", ""kind"": ""raise"", ""raiseTo"": 900}]",call,,native accepted action; browser intent/attempt/latency unverified
92,2,E1UI_i-J-tlb-ZkR2SO6-e5L,flop,"[""9d"", ""Js""]","[""6h"", ""6d"", ""9s""]","[{""name"": ""check"", ""kind"": ""check"", ""raiseTo"": null}, {""name"": ""min"", ""kind"": ""raise"", ""raiseTo"": 100}, {""name"": ""pot"", ""kind"": ""raise"", ""raiseTo"": 600}]",check,,native accepted action; browser intent/attempt/latency unverified
92,3,E1UI_i-J-tlb-ZkR2SO6-e5L,flop,"[""9d"", ""Js""]","[""6h"", ""6d"", ""9s""]","[{""name"": ""fold"", ""kind"": ""fold"", ""raiseTo"": null}, {""name"": ""call"", ""kind"": ""call"", ""raiseTo"": null}, {""name"": ""min"", ""kind"": ""raise"", ""raiseTo"": 200}, {""name"": ""pot"", ""kind"": ""raise"", ""raiseTo"": 900}, {""name"": ""jam"", ""kind"": ""raise"", ""raiseTo"": 1700}]",call,,native accepted action; browser intent/attempt/latency unverified
92,4,E1UI_i-J-tlb-ZkR2SO6-e5L,turn,"[""9d"", ""Js""]","[""6h"", ""6d"", ""9s"", ""Ks""]","[{""name"": ""check"", ""kind"": ""check"", ""raiseTo"": null}, {""name"": ""min"", ""kind"": ""raise"", ""raiseTo"": 100}, {""name"": ""pot"", ""kind"": ""raise"", ""raiseTo"": 800}, {""name"": ""jam"", ""kind"": ""raise"", ""raiseTo"": 1600}]",check,,native accepted action; browser intent/attempt/latency unverified
92,5,E1UI_i-J-tlb-ZkR2SO6-e5L,turn,"[""9d"", ""Js""]","[""6h"", ""6d"", ""9s"", ""Ks""]","[{""name"": ""fold"", ""kind"": ""fold"", ""raiseTo"": null}, {""name"": ""call"", ""kind"": ""call"", ""raiseTo"": null}, {""name"": ""min"", ""kind"": ""raise"", ""raiseTo"": 200}, {""name"": ""pot"", ""kind"": ""raise"", ""raiseTo"": 1100}, {""name"": ""jam"", ""kind"": ""raise"", ""raiseTo"": 1600}]",call,,native accepted action; browser intent/attempt/latency unverified
92,6,E1UI_i-J-tlb-ZkR2SO6-e5L,river,"[""9d"", ""Js""]","[""6h"", ""6d"", ""9s"", ""Ks"", ""8d""]","[{""name"": ""check"", ""kind"": ""check"", ""raiseTo"": null}, {""name"": ""min"", ""kind"": ""raise"", ""raiseTo"": 100}, {""name"": ""pot"", ""kind"": ""raise"", ""raiseTo"": 1000}, {""name"": ""jam"", ""kind"": ""raise"", ""raiseTo"": 1500}]",check,,native accepted action; browser intent/attempt/latency unverified
92,7,E1UI_i-J-tlb-ZkR2SO6-e5L,river,"[""9d"", ""Js""]","[""6h"", ""6d"", ""9s"", ""Ks"", ""8d""]","[{""name"": ""fold"", ""kind"": ""fold"", ""raiseTo"": null}, {""name"": ""call"", ""kind"": ""call"", ""raiseTo"": null}, {""name"": ""min"", ""kind"": ""raise"", ""raiseTo"": 200}, {""name"": ""pot"", ""kind"": ""raise"", ""raiseTo"": 1300}, {""name"": ""jam"", ""kind"": ""raise"", ""raiseTo"": 1500}]",call,,native accepted action; browser intent/attempt/latency unverified
93,1,GqNN6Z-AhC3gDV_4fA9yFo0k,preflop,"[""9d"", ""5h""]",[],"[{""name"": ""fold"", ""kind"": ""fold"", ""raiseTo"": null}, {""name"": ""call"", ""kind"": ""call"", ""raiseTo"": null}, {""name"": ""min"", ""kind"": ""raise"", ""raiseTo"": 200}, {""name"": ""pot"", ""kind"": ""raise"", ""raiseTo"": 300}]",raise,200,native accepted action; browser intent/attempt/latency unverified
93,2,GqNN6Z-AhC3gDV_4fA9yFo0k,flop,"[""9d"", ""5h""]","[""Jd"", ""Ad"", ""Qs""]","[{""name"": ""check"", ""kind"": ""check"", ""raiseTo"": null}, {""name"": ""min"", ""kind"": ""raise"", ""raiseTo"": 100}, {""name"": ""pot"", ""kind"": ""raise"", ""raiseTo"": 400}]",check,,native accepted action; browser intent/attempt/latency unverified
93,3,GqNN6Z-AhC3gDV_4fA9yFo0k,turn,"[""9d"", ""5h""]","[""Jd"", ""Ad"", ""Qs"", ""5s""]","[{""name"": ""fold"", ""kind"": ""fold"", ""raiseTo"": null}, {""name"": ""call"", ""kind"": ""call"", ""raiseTo"": null}, {""name"": ""min"", ""kind"": ""raise"", ""raiseTo"": 800}, {""name"": ""pot"", ""kind"": ""raise"", ""raiseTo"": 1600}, {""name"": ""jam"", ""kind"": ""raise"", ""raiseTo"": 1800}]",fold,,native accepted action; browser intent/attempt/latency unverified
94,1,zT5wrUrQ4uThdKhpg7QLjTlT,preflop,"[""Js"", ""2h""]",[],"[{""name"": ""check"", ""kind"": ""check"", ""raiseTo"": null}, {""name"": ""min"", ""kind"": ""raise"", ""raiseTo"": 200}, {""name"": ""pot"", ""kind"": ""raise"", ""raiseTo"": 300}]",check,,native accepted action; browser intent/attempt/latency unverified
94,2,zT5wrUrQ4uThdKhpg7QLjTlT,flop,"[""Js"", ""2h""]","[""7s"", ""5d"", ""9s""]","[{""name"": ""check"", ""kind"": ""check"", ""raiseTo"": null}, {""name"": ""min"", ""kind"": ""raise"", ""raiseTo"": 100}, {""name"": ""pot"", ""kind"": ""raise"", ""raiseTo"": 200}]",check,,native accepted action; browser intent/attempt/latency unverified
94,3,zT5wrUrQ4uThdKhpg7QLjTlT,flop,"[""Js"", ""2h""]","[""7s"", ""5d"", ""9s""]","[{""name"": ""fold"", ""kind"": ""fold"", ""raiseTo"": null}, {""name"": ""call"", ""kind"": ""call"", ""raiseTo"": null}, {""name"": ""min"", ""kind"": ""raise"", ""raiseTo"": 200}, {""name"": ""pot"", ""kind"": ""raise"", ""raiseTo"": 500}]",call,,native accepted action; browser intent/attempt/latency unverified
94,4,zT5wrUrQ4uThdKhpg7QLjTlT,turn,"[""Js"", ""2h""]","[""7s"", ""5d"", ""9s"", ""6c""]","[{""name"": ""check"", ""kind"": ""check"", ""raiseTo"": null}, {""name"": ""min"", ""kind"": ""raise"", ""raiseTo"": 100}, {""name"": ""pot"", ""kind"": ""raise"", ""raiseTo"": 400}]",check,,native accepted action; browser intent/attempt/latency unverified
94,5,zT5wrUrQ4uThdKhpg7QLjTlT,river,"[""Js"", ""2h""]","[""7s"", ""5d"", ""9s"", ""6c"", ""3c""]","[{""name"": ""check"", ""kind"": ""check"", ""raiseTo"": null}, {""name"": ""min"", ""kind"": ""raise"", ""raiseTo"": 100}, {""name"": ""pot"", ""kind"": ""raise"", ""raiseTo"": 400}]",check,,native accepted action; browser intent/attempt/latency unverified
94,6,zT5wrUrQ4uThdKhpg7QLjTlT,river,"[""Js"", ""2h""]","[""7s"", ""5d"", ""9s"", ""6c"", ""3c""]","[{""name"": ""fold"", ""kind"": ""fold"", ""raiseTo"": null}, {""name"": ""call"", ""kind"": ""call"", ""raiseTo"": null}, {""name"": ""min"", ""kind"": ""raise"", ""raiseTo"": 800}, {""name"": ""pot"", ""kind"": ""raise"", ""raiseTo"": 1600}, {""name"": ""jam"", ""kind"": ""raise"", ""raiseTo"": 1800}]",fold,,native accepted action; browser intent/attempt/latency unverified
95,1,xBF0aV98DyqPyx3XcCmjiFA2,preflop,"[""6c"", ""Td""]",[],"[{""name"": ""fold"", ""kind"": ""fold"", ""raiseTo"": null}, {""name"": ""call"", ""kind"": ""call"", ""raiseTo"": null}, {""name"": ""min"", ""kind"": ""raise"", ""raiseTo"": 200}, {""name"": ""pot"", ""kind"": ""raise"", ""raiseTo"": 300}]",raise,200,native accepted action; browser intent/attempt/latency unverified
97,1,UHcc3p0xLfXkJqlB0xvqMJ6o,preflop,"[""4s"", ""Th""]",[],"[{""name"": ""fold"", ""kind"": ""fold"", ""raiseTo"": null}, {""name"": ""call"", ""kind"": ""call"", ""raiseTo"": null}, {""name"": ""min"", ""kind"": ""raise"", ""raiseTo"": 200}, {""name"": ""pot"", ""kind"": ""raise"", ""raiseTo"": 300}]",raise,200,native accepted action; browser intent/attempt/latency unverified
98,1,rT0FR6dBFFJxQdRHJsPXd34K,preflop,"[""Js"", ""7h""]",[],"[{""name"": ""fold"", ""kind"": ""fold"", ""raiseTo"": null}, {""name"": ""call"", ""kind"": ""call"", ""raiseTo"": null}, {""name"": ""min"", ""kind"": ""raise"", ""raiseTo"": 300}, {""name"": ""pot"", ""kind"": ""raise"", ""raiseTo"": 600}]",call,,native accepted action; browser intent/attempt/latency unverified
98,2,rT0FR6dBFFJxQdRHJsPXd34K,flop,"[""Js"", ""7h""]","[""Jd"", ""8c"", ""Kc""]","[{""name"": ""check"", ""kind"": ""check"", ""raiseTo"": null}, {""name"": ""min"", ""kind"": ""raise"", ""raiseTo"": 100}, {""name"": ""pot"", ""kind"": ""raise"", ""raiseTo"": 400}]",check,,native accepted action; browser intent/attempt/latency unverified
98,3,rT0FR6dBFFJxQdRHJsPXd34K,turn,"[""Js"", ""7h""]","[""Jd"", ""8c"", ""Kc"", ""2d""]","[{""name"": ""check"", ""kind"": ""check"", ""raiseTo"": null}, {""name"": ""min"", ""kind"": ""raise"", ""raiseTo"": 100}, {""name"": ""pot"", ""kind"": ""raise"", ""raiseTo"": 400}]",raise,100,native accepted action; browser intent/attempt/latency unverified
99,1,-CePogzZ0kwqxf_kg4_1julP,preflop,"[""5h"", ""Js""]",[],"[{""name"": ""fold"", ""kind"": ""fold"", ""raiseTo"": null}, {""name"": ""call"", ""kind"": ""call"", ""raiseTo"": null}, {""name"": ""min"", ""kind"": ""raise"", ""raiseTo"": 200}, {""name"": ""pot"", ""kind"": ""raise"", ""raiseTo"": 300}]",raise,200,native accepted action; browser intent/attempt/latency unverified
100,1,IhfjTM3SwewwmnAgAECnPAwa,preflop,"[""4s"", ""Qs""]",[],"[{""name"": ""fold"", ""kind"": ""fold"", ""raiseTo"": null}, {""name"": ""call"", ""kind"": ""call"", ""raiseTo"": null}, {""name"": ""min"", ""kind"": ""raise"", ""raiseTo"": 500}, {""name"": ""pot"", ""kind"": ""raise"", ""raiseTo"": 900}]",call,,native accepted action; browser intent/attempt/latency unverified
100,2,IhfjTM3SwewwmnAgAECnPAwa,flop,"[""4s"", ""Qs""]","[""8s"", ""5c"", ""Jd""]","[{""name"": ""check"", ""kind"": ""check"", ""raiseTo"": null}, {""name"": ""min"", ""kind"": ""raise"", ""raiseTo"": 100}, {""name"": ""pot"", ""kind"": ""raise"", ""raiseTo"": 600}]",check,,native accepted action; browser intent/attempt/latency unverified
100,3,IhfjTM3SwewwmnAgAECnPAwa,flop,"[""4s"", ""Qs""]","[""8s"", ""5c"", ""Jd""]","[{""name"": ""fold"", ""kind"": ""fold"", ""raiseTo"": null}, {""name"": ""call"", ""kind"": ""call"", ""raiseTo"": null}, {""name"": ""min"", ""kind"": ""raise"", ""raiseTo"": 200}, {""name"": ""pot"", ""kind"": ""raise"", ""raiseTo"": 900}, {""name"": ""jam"", ""kind"": ""raise"", ""raiseTo"": 1700}]",call,,native accepted action; browser intent/attempt/latency unverified
100,4,IhfjTM3SwewwmnAgAECnPAwa,turn,"[""4s"", ""Qs""]","[""8s"", ""5c"", ""Jd"", ""9d""]","[{""name"": ""check"", ""kind"": ""check"", ""raiseTo"": null}, {""name"": ""min"", ""kind"": ""raise"", ""raiseTo"": 100}, {""name"": ""pot"", ""kind"": ""raise"", ""raiseTo"": 800}, {""name"": ""jam"", ""kind"": ""raise"", ""raiseTo"": 1600}]",check,,native accepted action; browser intent/attempt/latency unverified
100,5,IhfjTM3SwewwmnAgAECnPAwa,turn,"[""4s"", ""Qs""]","[""8s"", ""5c"", ""Jd"", ""9d""]","[{""name"": ""fold"", ""kind"": ""fold"", ""raiseTo"": null}, {""name"": ""call"", ""kind"": ""call"", ""raiseTo"": null}, {""name"": ""min"", ""kind"": ""raise"", ""raiseTo"": 1600}]",fold,,native accepted action; browser intent/attempt/latency unverified
101,1,azvBMGS-IaRafob5qlE9nWeJ,preflop,"[""Ac"", ""Kc""]",[],"[{""name"": ""fold"", ""kind"": ""fold"", ""raiseTo"": null}, {""name"": ""call"", ""kind"": ""call"", ""raiseTo"": null}, {""name"": ""min"", ""kind"": ""raise"", ""raiseTo"": 200}, {""name"": ""pot"", ""kind"": ""raise"", ""raiseTo"": 300}]",raise,200,native accepted action; browser intent/attempt/latency unverified
102,1,oZwqNNmy6orDssjL9nCfc48C,preflop,"[""Jc"", ""Th""]",[],"[{""name"": ""fold"", ""kind"": ""fold"", ""raiseTo"": null}, {""name"": ""call"", ""kind"": ""call"", ""raiseTo"": null}, {""name"": ""min"", ""kind"": ""raise"", ""raiseTo"": 300}, {""name"": ""pot"", ""kind"": ""raise"", ""raiseTo"": 600}]",call,,native accepted action; browser intent/attempt/latency unverified
102,2,oZwqNNmy6orDssjL9nCfc48C,flop,"[""Jc"", ""Th""]","[""Ah"", ""Kc"", ""3s""]","[{""name"": ""check"", ""kind"": ""check"", ""raiseTo"": null}, {""name"": ""min"", ""kind"": ""raise"", ""raiseTo"": 100}, {""name"": ""pot"", ""kind"": ""raise"", ""raiseTo"": 400}]",check,,native accepted action; browser intent/attempt/latency unverified
102,3,oZwqNNmy6orDssjL9nCfc48C,turn,"[""Jc"", ""Th""]","[""Ah"", ""Kc"", ""3s"", ""2c""]","[{""name"": ""check"", ""kind"": ""check"", ""raiseTo"": null}, {""name"": ""min"", ""kind"": ""raise"", ""raiseTo"": 100}, {""name"": ""pot"", ""kind"": ""raise"", ""raiseTo"": 400}]",check,,native accepted action; browser intent/attempt/latency unverified
102,4,oZwqNNmy6orDssjL9nCfc48C,turn,"[""Jc"", ""Th""]","[""Ah"", ""Kc"", ""3s"", ""2c""]","[{""name"": ""fold"", ""kind"": ""fold"", ""raiseTo"": null}, {""name"": ""call"", ""kind"": ""call"", ""raiseTo"": null}, {""name"": ""min"", ""kind"": ""raise"", ""raiseTo"": 800}, {""name"": ""pot"", ""kind"": ""raise"", ""raiseTo"": 1600}, {""name"": ""jam"", ""kind"": ""raise"", ""raiseTo"": 1800}]",fold,,native accepted action; browser intent/attempt/latency unverified
103,1,8w-iqUp903R8-WDWudNG60iM,preflop,"[""9d"", ""Kh""]",[],"[{""name"": ""fold"", ""kind"": ""fold"", ""raiseTo"": null}, {""name"": ""call"", ""kind"": ""call"", ""raiseTo"": null}, {""name"": ""min"", ""kind"": ""raise"", ""raiseTo"": 200}, {""name"": ""pot"", ""kind"": ""raise"", ""raiseTo"": 300}]",raise,200,native accepted action; browser intent/attempt/latency unverified
104,1,fynphMMviGIyixVX135d7auK,preflop,"[""5s"", ""6d""]",[],"[{""name"": ""check"", ""kind"": ""check"", ""raiseTo"": null}, {""name"": ""min"", ""kind"": ""raise"", ""raiseTo"": 200}, {""name"": ""pot"", ""kind"": ""raise"", ""raiseTo"": 300}]",check,,native accepted action; browser intent/attempt/latency unverified
104,2,fynphMMviGIyixVX135d7auK,flop,"[""5s"", ""6d""]","[""6h"", ""Kd"", ""Qc""]","[{""name"": ""check"", ""kind"": ""check"", ""raiseTo"": null}, {""name"": ""min"", ""kind"": ""raise"", ""raiseTo"": 100}, {""name"": ""pot"", ""kind"": ""raise"", ""raiseTo"": 200}]",check,,native accepted action; browser intent/attempt/latency unverified
104,3,fynphMMviGIyixVX135d7auK,flop,"[""5s"", ""6d""]","[""6h"", ""Kd"", ""Qc""]","[{""name"": ""fold"", ""kind"": ""fold"", ""raiseTo"": null}, {""name"": ""call"", ""kind"": ""call"", ""raiseTo"": null}, {""name"": ""min"", ""kind"": ""raise"", ""raiseTo"": 200}, {""name"": ""pot"", ""kind"": ""raise"", ""raiseTo"": 500}]",call,,native accepted action; browser intent/attempt/latency unverified
104,4,fynphMMviGIyixVX135d7auK,turn,"[""5s"", ""6d""]","[""6h"", ""Kd"", ""Qc"", ""4c""]","[{""name"": ""check"", ""kind"": ""check"", ""raiseTo"": null}, {""name"": ""min"", ""kind"": ""raise"", ""raiseTo"": 100}, {""name"": ""pot"", ""kind"": ""raise"", ""raiseTo"": 400}]",check,,native accepted action; browser intent/attempt/latency unverified
104,5,fynphMMviGIyixVX135d7auK,turn,"[""5s"", ""6d""]","[""6h"", ""Kd"", ""Qc"", ""4c""]","[{""name"": ""fold"", ""kind"": ""fold"", ""raiseTo"": null}, {""name"": ""call"", ""kind"": ""call"", ""raiseTo"": null}, {""name"": ""min"", ""kind"": ""raise"", ""raiseTo"": 800}, {""name"": ""pot"", ""kind"": ""raise"", ""raiseTo"": 1600}, {""name"": ""jam"", ""kind"": ""raise"", ""raiseTo"": 1800}]",fold,,native accepted action; browser intent/attempt/latency unverified
105,1,W7krlG0DH-WJiLfKIY9QWkez,preflop,"[""Jh"", ""Ah""]",[],"[{""name"": ""fold"", ""kind"": ""fold"", ""raiseTo"": null}, {""name"": ""call"", ""kind"": ""call"", ""raiseTo"": null}, {""name"": ""min"", ""kind"": ""raise"", ""raiseTo"": 200}, {""name"": ""pot"", ""kind"": ""raise"", ""raiseTo"": 300}]",raise,200,native accepted action; browser intent/attempt/latency unverified
105,2,W7krlG0DH-WJiLfKIY9QWkez,preflop,"[""Jh"", ""Ah""]",[],"[{""name"": ""fold"", ""kind"": ""fold"", ""raiseTo"": null}, {""name"": ""call"", ""kind"": ""call"", ""raiseTo"": null}, {""name"": ""min"", ""kind"": ""raise"", ""raiseTo"": 400}, {""name"": ""pot"", ""kind"": ""raise"", ""raiseTo"": 900}]",call,,native accepted action; browser intent/attempt/latency unverified
105,3,W7krlG0DH-WJiLfKIY9QWkez,flop,"[""Jh"", ""Ah""]","[""5c"", ""Th"", ""Ad""]","[{""name"": ""fold"", ""kind"": ""fold"", ""raiseTo"": null}, {""name"": ""call"", ""kind"": ""call"", ""raiseTo"": null}, {""name"": ""min"", ""kind"": ""raise"", ""raiseTo"": 200}, {""name"": ""pot"", ""kind"": ""raise"", ""raiseTo"": 900}, {""name"": ""jam"", ""kind"": ""raise"", ""raiseTo"": 1700}]",call,,native accepted action; browser intent/attempt/latency unverified
105,4,W7krlG0DH-WJiLfKIY9QWkez,turn,"[""Jh"", ""Ah""]","[""5c"", ""Th"", ""Ad"", ""8s""]","[{""name"": ""fold"", ""kind"": ""fold"", ""raiseTo"": null}, {""name"": ""call"", ""kind"": ""call"", ""raiseTo"": null}, {""name"": ""min"", ""kind"": ""raise"", ""raiseTo"": 1600}]",call,,native accepted action; browser intent/attempt/latency unverified
105,5,W7krlG0DH-WJiLfKIY9QWkez,river,"[""Jh"", ""Ah""]","[""5c"", ""Th"", ""Ad"", ""8s"", ""8h""]","[{""name"": ""check"", ""kind"": ""check"", ""raiseTo"": null}, {""name"": ""min"", ""kind"": ""raise"", ""raiseTo"": 100}, {""name"": ""pot"", ""kind"": ""raise"", ""raiseTo"": 800}]",check,,native accepted action; browser intent/attempt/latency unverified
106,1,m52cmHiL-4BLqDcYRNb73lqe,preflop,"[""7h"", ""Kh""]",[],"[{""name"": ""fold"", ""kind"": ""fold"", ""raiseTo"": null}, {""name"": ""call"", ""kind"": ""call"", ""raiseTo"": null}, {""name"": ""min"", ""kind"": ""raise"", ""raiseTo"": 500}, {""name"": ""pot"", ""kind"": ""raise"", ""raiseTo"": 900}]",call,,native accepted action; browser intent/attempt/latency unverified
106,2,m52cmHiL-4BLqDcYRNb73lqe,flop,"[""7h"", ""Kh""]","[""9s"", ""As"", ""6h""]","[{""name"": ""check"", ""kind"": ""check"", ""raiseTo"": null}, {""name"": ""min"", ""kind"": ""raise"", ""raiseTo"": 100}, {""name"": ""pot"", ""kind"": ""raise"", ""raiseTo"": 600}]",check,,native accepted action; browser intent/attempt/latency unverified
106,3,m52cmHiL-4BLqDcYRNb73lqe,flop,"[""7h"", ""Kh""]","[""9s"", ""As"", ""6h""]","[{""name"": ""fold"", ""kind"": ""fold"", ""raiseTo"": null}, {""name"": ""call"", ""kind"": ""call"", ""raiseTo"": null}, {""name"": ""min"", ""kind"": ""raise"", ""raiseTo"": 200}, {""name"": ""pot"", ""kind"": ""raise"", ""raiseTo"": 900}, {""name"": ""jam"", ""kind"": ""raise"", ""raiseTo"": 1700}]",call,,native accepted action; browser intent/attempt/latency unverified
106,4,m52cmHiL-4BLqDcYRNb73lqe,turn,"[""7h"", ""Kh""]","[""9s"", ""As"", ""6h"", ""8c""]","[{""name"": ""check"", ""kind"": ""check"", ""raiseTo"": null}, {""name"": ""min"", ""kind"": ""raise"", ""raiseTo"": 100}, {""name"": ""pot"", ""kind"": ""raise"", ""raiseTo"": 800}, {""name"": ""jam"", ""kind"": ""raise"", ""raiseTo"": 1600}]",check,,native accepted action; browser intent/attempt/latency unverified
106,5,m52cmHiL-4BLqDcYRNb73lqe,turn,"[""7h"", ""Kh""]","[""9s"", ""As"", ""6h"", ""8c""]","[{""name"": ""fold"", ""kind"": ""fold"", ""raiseTo"": null}, {""name"": ""call"", ""kind"": ""call"", ""raiseTo"": null}, {""name"": ""min"", ""kind"": ""raise"", ""raiseTo"": 200}, {""name"": ""pot"", ""kind"": ""raise"", ""raiseTo"": 1100}, {""name"": ""jam"", ""kind"": ""raise"", ""raiseTo"": 1600}]",call,,native accepted action; browser intent/attempt/latency unverified
106,6,m52cmHiL-4BLqDcYRNb73lqe,river,"[""7h"", ""Kh""]","[""9s"", ""As"", ""6h"", ""8c"", ""Th""]","[{""name"": ""check"", ""kind"": ""check"", ""raiseTo"": null}, {""name"": ""min"", ""kind"": ""raise"", ""raiseTo"": 100}, {""name"": ""pot"", ""kind"": ""raise"", ""raiseTo"": 1000}, {""name"": ""jam"", ""kind"": ""raise"", ""raiseTo"": 1500}]",raise,1000,native accepted action; browser intent/attempt/latency unverified
107,1,AR_1QRic5Idkgyhakf5G5_D3,preflop,"[""3d"", ""2d""]",[],"[{""name"": ""fold"", ""kind"": ""fold"", ""raiseTo"": null}, {""name"": ""call"", ""kind"": ""call"", ""raiseTo"": null}, {""name"": ""min"", ""kind"": ""raise"", ""raiseTo"": 200}, {""name"": ""pot"", ""kind"": ""raise"", ""raiseTo"": 300}]",raise,200,native accepted action; browser intent/attempt/latency unverified
107,2,AR_1QRic5Idkgyhakf5G5_D3,flop,"[""3d"", ""2d""]","[""Ad"", ""6d"", ""4h""]","[{""name"": ""check"", ""kind"": ""check"", ""raiseTo"": null}, {""name"": ""min"", ""kind"": ""raise"", ""raiseTo"": 100}, {""name"": ""pot"", ""kind"": ""raise"", ""raiseTo"": 400}]",raise,100,native accepted action; browser intent/attempt/latency unverified
107,3,AR_1QRic5Idkgyhakf5G5_D3,turn,"[""3d"", ""2d""]","[""Ad"", ""6d"", ""4h"", ""Qh""]","[{""name"": ""check"", ""kind"": ""check"", ""raiseTo"": null}, {""name"": ""min"", ""kind"": ""raise"", ""raiseTo"": 100}, {""name"": ""pot"", ""kind"": ""raise"", ""raiseTo"": 600}]",raise,100,native accepted action; browser intent/attempt/latency unverified
107,4,AR_1QRic5Idkgyhakf5G5_D3,river,"[""3d"", ""2d""]","[""Ad"", ""6d"", ""4h"", ""Qh"", ""2c""]","[{""name"": ""fold"", ""kind"": ""fold"", ""raiseTo"": null}, {""name"": ""call"", ""kind"": ""call"", ""raiseTo"": null}, {""name"": ""min"", ""kind"": ""raise"", ""raiseTo"": 200}, {""name"": ""pot"", ""kind"": ""raise"", ""raiseTo"": 1100}, {""name"": ""jam"", ""kind"": ""raise"", ""raiseTo"": 1600}]",fold,,native accepted action; browser intent/attempt/latency unverified
109,1,bvrXu8LRxL2DWG2zHEilEHer,preflop,"[""5s"", ""2s""]",[],"[{""name"": ""fold"", ""kind"": ""fold"", ""raiseTo"": null}, {""name"": ""call"", ""kind"": ""call"", ""raiseTo"": null}, {""name"": ""min"", ""kind"": ""raise"", ""raiseTo"": 200}, {""name"": ""pot"", ""kind"": ""raise"", ""raiseTo"": 300}]",raise,200,native accepted action; browser intent/attempt/latency unverified
109,2,bvrXu8LRxL2DWG2zHEilEHer,flop,"[""5s"", ""2s""]","[""Ts"", ""Qc"", ""4h""]","[{""name"": ""fold"", ""kind"": ""fold"", ""raiseTo"": null}, {""name"": ""call"", ""kind"": ""call"", ""raiseTo"": null}, {""name"": ""min"", ""kind"": ""raise"", ""raiseTo"": 800}, {""name"": ""pot"", ""kind"": ""raise"", ""raiseTo"": 1600}, {""name"": ""jam"", ""kind"": ""raise"", ""raiseTo"": 1800}]",fold,,native accepted action; browser intent/attempt/latency unverified
110,1,dG0_I7wTyEvshsymc9PCmwTW,preflop,"[""Jd"", ""2h""]",[],"[{""name"": ""fold"", ""kind"": ""fold"", ""raiseTo"": null}, {""name"": ""call"", ""kind"": ""call"", ""raiseTo"": null}, {""name"": ""min"", ""kind"": ""raise"", ""raiseTo"": 300}, {""name"": ""pot"", ""kind"": ""raise"", ""raiseTo"": 600}]",fold,,native accepted action; browser intent/attempt/latency unverified
111,1,SgkQiA7rrh10JqguwpVHPJAK,preflop,"[""5d"", ""Ac""]",[],"[{""name"": ""fold"", ""kind"": ""fold"", ""raiseTo"": null}, {""name"": ""call"", ""kind"": ""call"", ""raiseTo"": null}, {""name"": ""min"", ""kind"": ""raise"", ""raiseTo"": 200}, {""name"": ""pot"", ""kind"": ""raise"", ""raiseTo"": 300}]",raise,200,native accepted action; browser intent/attempt/latency unverified
111,2,SgkQiA7rrh10JqguwpVHPJAK,flop,"[""5d"", ""Ac""]","[""7s"", ""Ks"", ""7c""]","[{""name"": ""check"", ""kind"": ""check"", ""raiseTo"": null}, {""name"": ""min"", ""kind"": ""raise"", ""raiseTo"": 100}, {""name"": ""pot"", ""kind"": ""raise"", ""raiseTo"": 400}]",raise,100,native accepted action; browser intent/attempt/latency unverified
111,3,SgkQiA7rrh10JqguwpVHPJAK,flop,"[""5d"", ""Ac""]","[""7s"", ""Ks"", ""7c""]","[{""name"": ""fold"", ""kind"": ""fold"", ""raiseTo"": null}, {""name"": ""call"", ""kind"": ""call"", ""raiseTo"": null}, {""name"": ""min"", ""kind"": ""raise"", ""raiseTo"": 300}, {""name"": ""pot"", ""kind"": ""raise"", ""raiseTo"": 1000}, {""name"": ""jam"", ""kind"": ""raise"", ""raiseTo"": 1800}]",call,,native accepted action; browser intent/attempt/latency unverified
111,4,SgkQiA7rrh10JqguwpVHPJAK,turn,"[""5d"", ""Ac""]","[""7s"", ""Ks"", ""7c"", ""4d""]","[{""name"": ""fold"", ""kind"": ""fold"", ""raiseTo"": null}, {""name"": ""call"", ""kind"": ""call"", ""raiseTo"": null}, {""name"": ""min"", ""kind"": ""raise"", ""raiseTo"": 200}, {""name"": ""pot"", ""kind"": ""raise"", ""raiseTo"": 1100}, {""name"": ""jam"", ""kind"": ""raise"", ""raiseTo"": 1600}]",call,,native accepted action; browser intent/attempt/latency unverified
111,5,SgkQiA7rrh10JqguwpVHPJAK,river,"[""5d"", ""Ac""]","[""7s"", ""Ks"", ""7c"", ""4d"", ""7h""]","[{""name"": ""fold"", ""kind"": ""fold"", ""raiseTo"": null}, {""name"": ""call"", ""kind"": ""call"", ""raiseTo"": null}]",fold,,native accepted action; browser intent/attempt/latency unverified
113,1,gjiHzulS98Kv5aCFhePwCCcd,preflop,"[""Kc"", ""5h""]",[],"[{""name"": ""fold"", ""kind"": ""fold"", ""raiseTo"": null}, {""name"": ""call"", ""kind"": ""call"", ""raiseTo"": null}, {""name"": ""min"", ""kind"": ""raise"", ""raiseTo"": 200}, {""name"": ""pot"", ""kind"": ""raise"", ""raiseTo"": 300}]",raise,200,native accepted action; browser intent/attempt/latency unverified
115,1,jjC0_yM0tSH3jvh152eSHe4O,preflop,"[""5s"", ""5c""]",[],"[{""name"": ""fold"", ""kind"": ""fold"", ""raiseTo"": null}, {""name"": ""call"", ""kind"": ""call"", ""raiseTo"": null}, {""name"": ""min"", ""kind"": ""raise"", ""raiseTo"": 200}, {""name"": ""pot"", ""kind"": ""raise"", ""raiseTo"": 300}]",raise,200,native accepted action; browser intent/attempt/latency unverified
115,2,jjC0_yM0tSH3jvh152eSHe4O,preflop,"[""5s"", ""5c""]",[],"[{""name"": ""fold"", ""kind"": ""fold"", ""raiseTo"": null}, {""name"": ""call"", ""kind"": ""call"", ""raiseTo"": null}, {""name"": ""min"", ""kind"": ""raise"", ""raiseTo"": 1000}, {""name"": ""pot"", ""kind"": ""raise"", ""raiseTo"": 1800}, {""name"": ""jam"", ""kind"": ""raise"", ""raiseTo"": 2000}]",fold,,native accepted action; browser intent/attempt/latency unverified
117,1,fg0ZgwsIZt5nh_RZjHzJjaKF,preflop,"[""Js"", ""4h""]",[],"[{""name"": ""fold"", ""kind"": ""fold"", ""raiseTo"": null}, {""name"": ""call"", ""kind"": ""call"", ""raiseTo"": null}, {""name"": ""min"", ""kind"": ""raise"", ""raiseTo"": 200}, {""name"": ""pot"", ""kind"": ""raise"", ""raiseTo"": 300}]",raise,200,native accepted action; browser intent/attempt/latency unverified
118,1,9WPe5vphkKHGx3gBQ_4g3-AQ,preflop,"[""7c"", ""Kd""]",[],"[{""name"": ""check"", ""kind"": ""check"", ""raiseTo"": null}, {""name"": ""min"", ""kind"": ""raise"", ""raiseTo"": 200}, {""name"": ""pot"", ""kind"": ""raise"", ""raiseTo"": 300}]",check,,native accepted action; browser intent/attempt/latency unverified
118,2,9WPe5vphkKHGx3gBQ_4g3-AQ,flop,"[""7c"", ""Kd""]","[""4c"", ""8h"", ""Qs""]","[{""name"": ""check"", ""kind"": ""check"", ""raiseTo"": null}, {""name"": ""min"", ""kind"": ""raise"", ""raiseTo"": 100}, {""name"": ""pot"", ""kind"": ""raise"", ""raiseTo"": 200}]",check,,native accepted action; browser intent/attempt/latency unverified
118,3,9WPe5vphkKHGx3gBQ_4g3-AQ,flop,"[""7c"", ""Kd""]","[""4c"", ""8h"", ""Qs""]","[{""name"": ""fold"", ""kind"": ""fold"", ""raiseTo"": null}, {""name"": ""call"", ""kind"": ""call"", ""raiseTo"": null}, {""name"": ""min"", ""kind"": ""raise"", ""raiseTo"": 200}, {""name"": ""pot"", ""kind"": ""raise"", ""raiseTo"": 500}]",call,,native accepted action; browser intent/attempt/latency unverified
118,4,9WPe5vphkKHGx3gBQ_4g3-AQ,turn,"[""7c"", ""Kd""]","[""4c"", ""8h"", ""Qs"", ""7s""]","[{""name"": ""check"", ""kind"": ""check"", ""raiseTo"": null}, {""name"": ""min"", ""kind"": ""raise"", ""raiseTo"": 100}, {""name"": ""pot"", ""kind"": ""raise"", ""raiseTo"": 400}]",check,,native accepted action; browser intent/attempt/latency unverified
118,5,9WPe5vphkKHGx3gBQ_4g3-AQ,turn,"[""7c"", ""Kd""]","[""4c"", ""8h"", ""Qs"", ""7s""]","[{""name"": ""fold"", ""kind"": ""fold"", ""raiseTo"": null}, {""name"": ""call"", ""kind"": ""call"", ""raiseTo"": null}, {""name"": ""min"", ""kind"": ""raise"", ""raiseTo"": 800}, {""name"": ""pot"", ""kind"": ""raise"", ""raiseTo"": 1600}, {""name"": ""jam"", ""kind"": ""raise"", ""raiseTo"": 1800}]",fold,,native accepted action; browser intent/attempt/latency unverified
119,1,xzzFspdutHhQinVaUIyJy5t6,preflop,"[""6c"", ""6d""]",[],"[{""name"": ""fold"", ""kind"": ""fold"", ""raiseTo"": null}, {""name"": ""call"", ""kind"": ""call"", ""raiseTo"": null}, {""name"": ""min"", ""kind"": ""raise"", ""raiseTo"": 200}, {""name"": ""pot"", ""kind"": ""raise"", ""raiseTo"": 300}]",raise,200,native accepted action; browser intent/attempt/latency unverified
119,2,xzzFspdutHhQinVaUIyJy5t6,preflop,"[""6c"", ""6d""]",[],"[{""name"": ""fold"", ""kind"": ""fold"", ""raiseTo"": null}, {""name"": ""call"", ""kind"": ""call"", ""raiseTo"": null}, {""name"": ""min"", ""kind"": ""raise"", ""raiseTo"": 400}, {""name"": ""pot"", ""kind"": ""raise"", ""raiseTo"": 900}]",call,,native accepted action; browser intent/attempt/latency unverified
119,3,xzzFspdutHhQinVaUIyJy5t6,flop,"[""6c"", ""6d""]","[""Ad"", ""9d"", ""2s""]","[{""name"": ""fold"", ""kind"": ""fold"", ""raiseTo"": null}, {""name"": ""call"", ""kind"": ""call"", ""raiseTo"": null}, {""name"": ""min"", ""kind"": ""raise"", ""raiseTo"": 200}, {""name"": ""pot"", ""kind"": ""raise"", ""raiseTo"": 900}, {""name"": ""jam"", ""kind"": ""raise"", ""raiseTo"": 1700}]",call,,native accepted action; browser intent/attempt/latency unverified
119,4,xzzFspdutHhQinVaUIyJy5t6,turn,"[""6c"", ""6d""]","[""Ad"", ""9d"", ""2s"", ""2c""]","[{""name"": ""fold"", ""kind"": ""fold"", ""raiseTo"": null}, {""name"": ""call"", ""kind"": ""call"", ""raiseTo"": null}, {""name"": ""min"", ""kind"": ""raise"", ""raiseTo"": 200}, {""name"": ""pot"", ""kind"": ""raise"", ""raiseTo"": 1100}, {""name"": ""jam"", ""kind"": ""raise"", ""raiseTo"": 1600}]",call,,native accepted action; browser intent/attempt/latency unverified
119,5,xzzFspdutHhQinVaUIyJy5t6,river,"[""6c"", ""6d""]","[""Ad"", ""9d"", ""2s"", ""2c"", ""4c""]","[{""name"": ""fold"", ""kind"": ""fold"", ""raiseTo"": null}, {""name"": ""call"", ""kind"": ""call"", ""raiseTo"": null}, {""name"": ""min"", ""kind"": ""raise"", ""raiseTo"": 200}, {""name"": ""pot"", ""kind"": ""raise"", ""raiseTo"": 1300}, {""name"": ""jam"", ""kind"": ""raise"", ""raiseTo"": 1500}]",call,,native accepted action; browser intent/attempt/latency unverified
120,1,PzTmmJQEyUn4O4sPmC1Z6K7e,preflop,"[""2c"", ""9s""]",[],"[{""name"": ""fold"", ""kind"": ""fold"", ""raiseTo"": null}, {""name"": ""call"", ""kind"": ""call"", ""raiseTo"": null}, {""name"": ""min"", ""kind"": ""raise"", ""raiseTo"": 500}, {""name"": ""pot"", ""kind"": ""raise"", ""raiseTo"": 900}]",fold,,native accepted action; browser intent/attempt/latency unverified
121,1,jzgjP2MFNxvK4_br3OskszDW,preflop,"[""4s"", ""Kc""]",[],"[{""name"": ""fold"", ""kind"": ""fold"", ""raiseTo"": null}, {""name"": ""call"", ""kind"": ""call"", ""raiseTo"": null}, {""name"": ""min"", ""kind"": ""raise"", ""raiseTo"": 200}, {""name"": ""pot"", ""kind"": ""raise"", ""raiseTo"": 300}]",raise,200,native accepted action; browser intent/attempt/latency unverified
123,1,BnE5X8006VDvDc6lC81cZysr,preflop,"[""9c"", ""4h""]",[],"[{""name"": ""fold"", ""kind"": ""fold"", ""raiseTo"": null}, {""name"": ""call"", ""kind"": ""call"", ""raiseTo"": null}, {""name"": ""min"", ""kind"": ""raise"", ""raiseTo"": 200}, {""name"": ""pot"", ""kind"": ""raise"", ""raiseTo"": 300}]",raise,200,native accepted action; browser intent/attempt/latency unverified
123,2,BnE5X8006VDvDc6lC81cZysr,preflop,"[""9c"", ""4h""]",[],"[{""name"": ""fold"", ""kind"": ""fold"", ""raiseTo"": null}, {""name"": ""call"", ""kind"": ""call"", ""raiseTo"": null}, {""name"": ""min"", ""kind"": ""raise"", ""raiseTo"": 1000}, {""name"": ""pot"", ""kind"": ""raise"", ""raiseTo"": 1800}, {""name"": ""jam"", ""kind"": ""raise"", ""raiseTo"": 2000}]",fold,,native accepted action; browser intent/attempt/latency unverified
124,1,3Yo56B90T-j90odxacm8LE-P,preflop,"[""4h"", ""5d""]",[],"[{""name"": ""check"", ""kind"": ""check"", ""raiseTo"": null}, {""name"": ""min"", ""kind"": ""raise"", ""raiseTo"": 200}, {""name"": ""pot"", ""kind"": ""raise"", ""raiseTo"": 300}]",check,,native accepted action; browser intent/attempt/latency unverified
124,2,3Yo56B90T-j90odxacm8LE-P,flop,"[""4h"", ""5d""]","[""3c"", ""7s"", ""2d""]","[{""name"": ""check"", ""kind"": ""check"", ""raiseTo"": null}, {""name"": ""min"", ""kind"": ""raise"", ""raiseTo"": 100}, {""name"": ""pot"", ""kind"": ""raise"", ""raiseTo"": 200}]",check,,native accepted action; browser intent/attempt/latency unverified
124,3,3Yo56B90T-j90odxacm8LE-P,flop,"[""4h"", ""5d""]","[""3c"", ""7s"", ""2d""]","[{""name"": ""fold"", ""kind"": ""fold"", ""raiseTo"": null}, {""name"": ""call"", ""kind"": ""call"", ""raiseTo"": null}, {""name"": ""min"", ""kind"": ""raise"", ""raiseTo"": 400}, {""name"": ""pot"", ""kind"": ""raise"", ""raiseTo"": 800}]",fold,,native accepted action; browser intent/attempt/latency unverified
125,1,FrbuXHSSXTEPRkbFsysjldeL,preflop,"[""2s"", ""5d""]",[],"[{""name"": ""fold"", ""kind"": ""fold"", ""raiseTo"": null}, {""name"": ""call"", ""kind"": ""call"", ""raiseTo"": null}, {""name"": ""min"", ""kind"": ""raise"", ""raiseTo"": 200}, {""name"": ""pot"", ""kind"": ""raise"", ""raiseTo"": 300}]",raise,200,native accepted action; browser intent/attempt/latency unverified
126,1,QHPoKdZEOk3tPCd10pjQkUvG,preflop,"[""9d"", ""4d""]",[],"[{""name"": ""fold"", ""kind"": ""fold"", ""raiseTo"": null}, {""name"": ""call"", ""kind"": ""call"", ""raiseTo"": null}, {""name"": ""min"", ""kind"": ""raise"", ""raiseTo"": 500}, {""name"": ""pot"", ""kind"": ""raise"", ""raiseTo"": 900}]",fold,,native accepted action; browser intent/attempt/latency unverified
127,1,_yOmb05VidVOYyefoDUCtMKv,preflop,"[""7c"", ""Js""]",[],"[{""name"": ""fold"", ""kind"": ""fold"", ""raiseTo"": null}, {""name"": ""call"", ""kind"": ""call"", ""raiseTo"": null}, {""name"": ""min"", ""kind"": ""raise"", ""raiseTo"": 200}, {""name"": ""pot"", ""kind"": ""raise"", ""raiseTo"": 300}]",raise,200,native accepted action; browser intent/attempt/latency unverified
127,2,_yOmb05VidVOYyefoDUCtMKv,preflop,"[""7c"", ""Js""]",[],"[{""name"": ""fold"", ""kind"": ""fold"", ""raiseTo"": null}, {""name"": ""call"", ""kind"": ""call"", ""raiseTo"": null}, {""name"": ""min"", ""kind"": ""raise"", ""raiseTo"": 1000}, {""name"": ""pot"", ""kind"": ""raise"", ""raiseTo"": 1800}, {""name"": ""jam"", ""kind"": ""raise"", ""raiseTo"": 2000}]",fold,,native accepted action; browser intent/attempt/latency unverified
128,1,KyrJWJb_C1mW_1eBx1wFZhsJ,preflop,"[""2c"", ""7s""]",[],"[{""name"": ""check"", ""kind"": ""check"", ""raiseTo"": null}, {""name"": ""min"", ""kind"": ""raise"", ""raiseTo"": 200}, {""name"": ""pot"", ""kind"": ""raise"", ""raiseTo"": 300}]",check,,native accepted action; browser intent/attempt/latency unverified
128,2,KyrJWJb_C1mW_1eBx1wFZhsJ,flop,"[""2c"", ""7s""]","[""4d"", ""5s"", ""Ad""]","[{""name"": ""check"", ""kind"": ""check"", ""raiseTo"": null}, {""name"": ""min"", ""kind"": ""raise"", ""raiseTo"": 100}, {""name"": ""pot"", ""kind"": ""raise"", ""raiseTo"": 200}]",check,,native accepted action; browser intent/attempt/latency unverified
128,3,KyrJWJb_C1mW_1eBx1wFZhsJ,flop,"[""2c"", ""7s""]","[""4d"", ""5s"", ""Ad""]","[{""name"": ""fold"", ""kind"": ""fold"", ""raiseTo"": null}, {""name"": ""call"", ""kind"": ""call"", ""raiseTo"": null}, {""name"": ""min"", ""kind"": ""raise"", ""raiseTo"": 200}, {""name"": ""pot"", ""kind"": ""raise"", ""raiseTo"": 500}]",fold,,native accepted action; browser intent/attempt/latency unverified
129,1,25rQ5xwQBETIlvNpG8TvGGIs,preflop,"[""Kd"", ""9d""]",[],"[{""name"": ""fold"", ""kind"": ""fold"", ""raiseTo"": null}, {""name"": ""call"", ""kind"": ""call"", ""raiseTo"": null}, {""name"": ""min"", ""kind"": ""raise"", ""raiseTo"": 200}, {""name"": ""pot"", ""kind"": ""raise"", ""raiseTo"": 300}]",raise,200,native accepted action; browser intent/attempt/latency unverified
129,2,25rQ5xwQBETIlvNpG8TvGGIs,preflop,"[""Kd"", ""9d""]",[],"[{""name"": ""fold"", ""kind"": ""fold"", ""raiseTo"": null}, {""name"": ""call"", ""kind"": ""call"", ""raiseTo"": null}, {""name"": ""min"", ""kind"": ""raise"", ""raiseTo"": 1000}, {""name"": ""pot"", ""kind"": ""raise"", ""raiseTo"": 1800}, {""name"": ""jam"", ""kind"": ""raise"", ""raiseTo"": 2000}]",fold,,native accepted action; browser intent/attempt/latency unverified
131,1,3Z63_SGiCfCdy64p-702bty6,preflop,"[""9s"", ""6d""]",[],"[{""name"": ""fold"", ""kind"": ""fold"", ""raiseTo"": null}, {""name"": ""call"", ""kind"": ""call"", ""raiseTo"": null}, {""name"": ""min"", ""kind"": ""raise"", ""raiseTo"": 200}, {""name"": ""pot"", ""kind"": ""raise"", ""raiseTo"": 300}]",raise,200,native accepted action; browser intent/attempt/latency unverified
133,1,RBHmKTO5qCoWEHWKHymHlO4G,preflop,"[""Ts"", ""2d""]",[],"[{""name"": ""fold"", ""kind"": ""fold"", ""raiseTo"": null}, {""name"": ""call"", ""kind"": ""call"", ""raiseTo"": null}, {""name"": ""min"", ""kind"": ""raise"", ""raiseTo"": 200}, {""name"": ""pot"", ""kind"": ""raise"", ""raiseTo"": 300}]",raise,200,native accepted action; browser intent/attempt/latency unverified
134,1,gjZi1WSJRbJPA7VjH4IDfQV7,preflop,"[""6d"", ""8c""]",[],"[{""name"": ""check"", ""kind"": ""check"", ""raiseTo"": null}, {""name"": ""min"", ""kind"": ""raise"", ""raiseTo"": 200}, {""name"": ""pot"", ""kind"": ""raise"", ""raiseTo"": 300}]",check,,native accepted action; browser intent/attempt/latency unverified
134,2,gjZi1WSJRbJPA7VjH4IDfQV7,flop,"[""6d"", ""8c""]","[""2s"", ""5s"", ""8d""]","[{""name"": ""check"", ""kind"": ""check"", ""raiseTo"": null}, {""name"": ""min"", ""kind"": ""raise"", ""raiseTo"": 100}, {""name"": ""pot"", ""kind"": ""raise"", ""raiseTo"": 200}]",raise,100,native accepted action; browser intent/attempt/latency unverified
134,3,gjZi1WSJRbJPA7VjH4IDfQV7,turn,"[""6d"", ""8c""]","[""2s"", ""5s"", ""8d"", ""Qd""]","[{""name"": ""check"", ""kind"": ""check"", ""raiseTo"": null}, {""name"": ""min"", ""kind"": ""raise"", ""raiseTo"": 100}, {""name"": ""pot"", ""kind"": ""raise"", ""raiseTo"": 400}]",check,,native accepted action; browser intent/attempt/latency unverified
134,4,gjZi1WSJRbJPA7VjH4IDfQV7,river,"[""6d"", ""8c""]","[""2s"", ""5s"", ""8d"", ""Qd"", ""4s""]","[{""name"": ""check"", ""kind"": ""check"", ""raiseTo"": null}, {""name"": ""min"", ""kind"": ""raise"", ""raiseTo"": 100}, {""name"": ""pot"", ""kind"": ""raise"", ""raiseTo"": 400}]",raise,100,native accepted action; browser intent/attempt/latency unverified
135,1,Kay-ii4pQ7v7GXNT3y9LpoKv,preflop,"[""4d"", ""Ts""]",[],"[{""name"": ""fold"", ""kind"": ""fold"", ""raiseTo"": null}, {""name"": ""call"", ""kind"": ""call"", ""raiseTo"": null}, {""name"": ""min"", ""kind"": ""raise"", ""raiseTo"": 200}, {""name"": ""pot"", ""kind"": ""raise"", ""raiseTo"": 300}]",raise,200,native accepted action; browser intent/attempt/latency unverified
136,1,2Q1Y_PgyW080z6pMiulJLezW,preflop,"[""9c"", ""2s""]",[],"[{""name"": ""fold"", ""kind"": ""fold"", ""raiseTo"": null}, {""name"": ""call"", ""kind"": ""call"", ""raiseTo"": null}, {""name"": ""min"", ""kind"": ""raise"", ""raiseTo"": 500}, {""name"": ""pot"", ""kind"": ""raise"", ""raiseTo"": 900}]",fold,,native accepted action; browser intent/attempt/latency unverified
137,1,ZJ9WSVFuub9tlWJFnOjYTITw,preflop,"[""7c"", ""8s""]",[],"[{""name"": ""fold"", ""kind"": ""fold"", ""raiseTo"": null}, {""name"": ""call"", ""kind"": ""call"", ""raiseTo"": null}, {""name"": ""min"", ""kind"": ""raise"", ""raiseTo"": 200}, {""name"": ""pot"", ""kind"": ""raise"", ""raiseTo"": 300}]",raise,200,native accepted action; browser intent/attempt/latency unverified
137,2,ZJ9WSVFuub9tlWJFnOjYTITw,preflop,"[""7c"", ""8s""]",[],"[{""name"": ""fold"", ""kind"": ""fold"", ""raiseTo"": null}, {""name"": ""call"", ""kind"": ""call"", ""raiseTo"": null}, {""name"": ""min"", ""kind"": ""raise"", ""raiseTo"": 1000}, {""name"": ""pot"", ""kind"": ""raise"", ""raiseTo"": 1800}, {""name"": ""jam"", ""kind"": ""raise"", ""raiseTo"": 2000}]",fold,,native accepted action; browser intent/attempt/latency unverified
139,1,KPAv0L7MDjQ_V9-Ndmhm1OaZ,preflop,"[""8h"", ""3c""]",[],"[{""name"": ""fold"", ""kind"": ""fold"", ""raiseTo"": null}, {""name"": ""call"", ""kind"": ""call"", ""raiseTo"": null}, {""name"": ""min"", ""kind"": ""raise"", ""raiseTo"": 200}, {""name"": ""pot"", ""kind"": ""raise"", ""raiseTo"": 300}]",raise,200,native accepted action; browser intent/attempt/latency unverified
139,2,KPAv0L7MDjQ_V9-Ndmhm1OaZ,flop,"[""8h"", ""3c""]","[""Kh"", ""3s"", ""3h""]","[{""name"": ""check"", ""kind"": ""check"", ""raiseTo"": null}, {""name"": ""min"", ""kind"": ""raise"", ""raiseTo"": 100}, {""name"": ""pot"", ""kind"": ""raise"", ""raiseTo"": 400}]",raise,100,native accepted action; browser intent/attempt/latency unverified
139,3,KPAv0L7MDjQ_V9-Ndmhm1OaZ,turn,"[""8h"", ""3c""]","[""Kh"", ""3s"", ""3h"", ""4c""]","[{""name"": ""check"", ""kind"": ""check"", ""raiseTo"": null}, {""name"": ""min"", ""kind"": ""raise"", ""raiseTo"": 100}, {""name"": ""pot"", ""kind"": ""raise"", ""raiseTo"": 600}]",raise,100,native accepted action; browser intent/attempt/latency unverified
140,1,k7hFSTLuDb1ThcFenZjbndR5,preflop,"[""Td"", ""5c""]",[],"[{""name"": ""check"", ""kind"": ""check"", ""raiseTo"": null}, {""name"": ""min"", ""kind"": ""raise"", ""raiseTo"": 200}, {""name"": ""pot"", ""kind"": ""raise"", ""raiseTo"": 300}]",check,,native accepted action; browser intent/attempt/latency unverified
140,2,k7hFSTLuDb1ThcFenZjbndR5,flop,"[""Td"", ""5c""]","[""6h"", ""Qc"", ""Th""]","[{""name"": ""check"", ""kind"": ""check"", ""raiseTo"": null}, {""name"": ""min"", ""kind"": ""raise"", ""raiseTo"": 100}, {""name"": ""pot"", ""kind"": ""raise"", ""raiseTo"": 200}]",raise,100,native accepted action; browser intent/attempt/latency unverified
141,1,7QKYMMQkx17r5Mtddp-RbQDf,preflop,"[""3d"", ""Jc""]",[],"[{""name"": ""fold"", ""kind"": ""fold"", ""raiseTo"": null}, {""name"": ""call"", ""kind"": ""call"", ""raiseTo"": null}, {""name"": ""min"", ""kind"": ""raise"", ""raiseTo"": 200}, {""name"": ""pot"", ""kind"": ""raise"", ""raiseTo"": 300}]",raise,200,native accepted action; browser intent/attempt/latency unverified
141,2,7QKYMMQkx17r5Mtddp-RbQDf,preflop,"[""3d"", ""Jc""]",[],"[{""name"": ""fold"", ""kind"": ""fold"", ""raiseTo"": null}, {""name"": ""call"", ""kind"": ""call"", ""raiseTo"": null}, {""name"": ""min"", ""kind"": ""raise"", ""raiseTo"": 400}, {""name"": ""pot"", ""kind"": ""raise"", ""raiseTo"": 900}]",fold,,native accepted action; browser intent/attempt/latency unverified
143,1,PhWZ_0z--t6HNy-ux3z6g9qd,preflop,"[""Td"", ""4d""]",[],"[{""name"": ""fold"", ""kind"": ""fold"", ""raiseTo"": null}, {""name"": ""call"", ""kind"": ""call"", ""raiseTo"": null}, {""name"": ""min"", ""kind"": ""raise"", ""raiseTo"": 200}, {""name"": ""pot"", ""kind"": ""raise"", ""raiseTo"": 300}]",raise,200,native accepted action; browser intent/attempt/latency unverified
143,2,PhWZ_0z--t6HNy-ux3z6g9qd,preflop,"[""Td"", ""4d""]",[],"[{""name"": ""fold"", ""kind"": ""fold"", ""raiseTo"": null}, {""name"": ""call"", ""kind"": ""call"", ""raiseTo"": null}, {""name"": ""min"", ""kind"": ""raise"", ""raiseTo"": 1000}, {""name"": ""pot"", ""kind"": ""raise"", ""raiseTo"": 1800}, {""name"": ""jam"", ""kind"": ""raise"", ""raiseTo"": 2000}]",fold,,native accepted action; browser intent/attempt/latency unverified
145,1,eN189A74GcmMhAXJ_XQjEbjR,preflop,"[""7d"", ""Jh""]",[],"[{""name"": ""fold"", ""kind"": ""fold"", ""raiseTo"": null}, {""name"": ""call"", ""kind"": ""call"", ""raiseTo"": null}, {""name"": ""min"", ""kind"": ""raise"", ""raiseTo"": 200}, {""name"": ""pot"", ""kind"": ""raise"", ""raiseTo"": 300}]",raise,200,native accepted action; browser intent/attempt/latency unverified
145,2,eN189A74GcmMhAXJ_XQjEbjR,flop,"[""7d"", ""Jh""]","[""9c"", ""9d"", ""4h""]","[{""name"": ""check"", ""kind"": ""check"", ""raiseTo"": null}, {""name"": ""min"", ""kind"": ""raise"", ""raiseTo"": 100}, {""name"": ""pot"", ""kind"": ""raise"", ""raiseTo"": 400}]",raise,100,native accepted action; browser intent/attempt/latency unverified
146,1,aZalJqs87TiaVm_Q0REHSjrk,preflop,"[""Qc"", ""8h""]",[],"[{""name"": ""check"", ""kind"": ""check"", ""raiseTo"": null}, {""name"": ""min"", ""kind"": ""raise"", ""raiseTo"": 200}, {""name"": ""pot"", ""kind"": ""raise"", ""raiseTo"": 300}]",raise,200,native accepted action; browser intent/attempt/latency unverified
146,2,aZalJqs87TiaVm_Q0REHSjrk,flop,"[""Qc"", ""8h""]","[""Jd"", ""As"", ""5d""]","[{""name"": ""check"", ""kind"": ""check"", ""raiseTo"": null}, {""name"": ""min"", ""kind"": ""raise"", ""raiseTo"": 100}, {""name"": ""pot"", ""kind"": ""raise"", ""raiseTo"": 400}]",check,,native accepted action; browser intent/attempt/latency unverified
146,3,aZalJqs87TiaVm_Q0REHSjrk,turn,"[""Qc"", ""8h""]","[""Jd"", ""As"", ""5d"", ""5s""]","[{""name"": ""check"", ""kind"": ""check"", ""raiseTo"": null}, {""name"": ""min"", ""kind"": ""raise"", ""raiseTo"": 100}, {""name"": ""pot"", ""kind"": ""raise"", ""raiseTo"": 400}]",raise,100,native accepted action; browser intent/attempt/latency unverified
146,4,aZalJqs87TiaVm_Q0REHSjrk,river,"[""Qc"", ""8h""]","[""Jd"", ""As"", ""5d"", ""5s"", ""5c""]","[{""name"": ""check"", ""kind"": ""check"", ""raiseTo"": null}, {""name"": ""min"", ""kind"": ""raise"", ""raiseTo"": 100}, {""name"": ""pot"", ""kind"": ""raise"", ""raiseTo"": 600}]",check,,native accepted action; browser intent/attempt/latency unverified
146,5,aZalJqs87TiaVm_Q0REHSjrk,river,"[""Qc"", ""8h""]","[""Jd"", ""As"", ""5d"", ""5s"", ""5c""]","[{""name"": ""fold"", ""kind"": ""fold"", ""raiseTo"": null}, {""name"": ""call"", ""kind"": ""call"", ""raiseTo"": null}, {""name"": ""min"", ""kind"": ""raise"", ""raiseTo"": 200}, {""name"": ""pot"", ""kind"": ""raise"", ""raiseTo"": 900}, {""name"": ""jam"", ""kind"": ""raise"", ""raiseTo"": 1700}]",call,,native accepted action; browser intent/attempt/latency unverified
147,1,AuDdxjtzQIISnOPCRam9fbVV,preflop,"[""Kc"", ""9s""]",[],"[{""name"": ""fold"", ""kind"": ""fold"", ""raiseTo"": null}, {""name"": ""call"", ""kind"": ""call"", ""raiseTo"": null}, {""name"": ""min"", ""kind"": ""raise"", ""raiseTo"": 200}, {""name"": ""pot"", ""kind"": ""raise"", ""raiseTo"": 300}]",raise,200,native accepted action; browser intent/attempt/latency unverified
147,2,AuDdxjtzQIISnOPCRam9fbVV,preflop,"[""Kc"", ""9s""]",[],"[{""name"": ""fold"", ""kind"": ""fold"", ""raiseTo"": null}, {""name"": ""call"", ""kind"": ""call"", ""raiseTo"": null}, {""name"": ""min"", ""kind"": ""raise"", ""raiseTo"": 400}, {""name"": ""pot"", ""kind"": ""raise"", ""raiseTo"": 900}]",call,,native accepted action; browser intent/attempt/latency unverified
147,3,AuDdxjtzQIISnOPCRam9fbVV,flop,"[""Kc"", ""9s""]","[""Th"", ""2c"", ""Kd""]","[{""name"": ""fold"", ""kind"": ""fold"", ""raiseTo"": null}, {""name"": ""call"", ""kind"": ""call"", ""raiseTo"": null}, {""name"": ""min"", ""kind"": ""raise"", ""raiseTo"": 200}, {""name"": ""pot"", ""kind"": ""raise"", ""raiseTo"": 900}, {""name"": ""jam"", ""kind"": ""raise"", ""raiseTo"": 1700}]",call,,native accepted action; browser intent/attempt/latency unverified
147,4,AuDdxjtzQIISnOPCRam9fbVV,turn,"[""Kc"", ""9s""]","[""Th"", ""2c"", ""Kd"", ""4d""]","[{""name"": ""fold"", ""kind"": ""fold"", ""raiseTo"": null}, {""name"": ""call"", ""kind"": ""call"", ""raiseTo"": null}, {""name"": ""min"", ""kind"": ""raise"", ""raiseTo"": 200}, {""name"": ""pot"", ""kind"": ""raise"", ""raiseTo"": 1100}, {""name"": ""jam"", ""kind"": ""raise"", ""raiseTo"": 1600}]",call,,native accepted action; browser intent/attempt/latency unverified
147,5,AuDdxjtzQIISnOPCRam9fbVV,river,"[""Kc"", ""9s""]","[""Th"", ""2c"", ""Kd"", ""4d"", ""6s""]","[{""name"": ""check"", ""kind"": ""check"", ""raiseTo"": null}, {""name"": ""min"", ""kind"": ""raise"", ""raiseTo"": 100}, {""name"": ""pot"", ""kind"": ""raise"", ""raiseTo"": 1000}, {""name"": ""jam"", ""kind"": ""raise"", ""raiseTo"": 1500}]",raise,100,native accepted action; browser intent/attempt/latency unverified
149,1,Hl-G17LeLdsGaAZDaqcDFY3x,preflop,"[""2c"", ""5h""]",[],"[{""name"": ""fold"", ""kind"": ""fold"", ""raiseTo"": null}, {""name"": ""call"", ""kind"": ""call"", ""raiseTo"": null}, {""name"": ""min"", ""kind"": ""raise"", ""raiseTo"": 200}, {""name"": ""pot"", ""kind"": ""raise"", ""raiseTo"": 300}]",raise,200,native accepted action; browser intent/attempt/latency unverified
150,1,7-YXbbgSvRs94BGOcRhQ4est,preflop,"[""4s"", ""Kd""]",[],"[{""name"": ""fold"", ""kind"": ""fold"", ""raiseTo"": null}, {""name"": ""call"", ""kind"": ""call"", ""raiseTo"": null}, {""name"": ""min"", ""kind"": ""raise"", ""raiseTo"": 500}, {""name"": ""pot"", ""kind"": ""raise"", ""raiseTo"": 900}]",fold,,native accepted action; browser intent/attempt/latency unverified
151,1,X8xAf6d0_q8cZTgMh-JzYGoy,preflop,"[""As"", ""Qs""]",[],"[{""name"": ""fold"", ""kind"": ""fold"", ""raiseTo"": null}, {""name"": ""call"", ""kind"": ""call"", ""raiseTo"": null}, {""name"": ""min"", ""kind"": ""raise"", ""raiseTo"": 200}, {""name"": ""pot"", ""kind"": ""raise"", ""raiseTo"": 300}]",raise,200,native accepted action; browser intent/attempt/latency unverified
152,1,lbNPAP0xHzCMaTELSYPMDJ57,preflop,"[""9h"", ""Ac""]",[],"[{""name"": ""fold"", ""kind"": ""fold"", ""raiseTo"": null}, {""name"": ""call"", ""kind"": ""call"", ""raiseTo"": null}, {""name"": ""min"", ""kind"": ""raise"", ""raiseTo"": 500}, {""name"": ""pot"", ""kind"": ""raise"", ""raiseTo"": 900}]",call,,native accepted action; browser intent/attempt/latency unverified
152,2,lbNPAP0xHzCMaTELSYPMDJ57,flop,"[""9h"", ""Ac""]","[""Qh"", ""Tc"", ""8h""]","[{""name"": ""check"", ""kind"": ""check"", ""raiseTo"": null}, {""name"": ""min"", ""kind"": ""raise"", ""raiseTo"": 100}, {""name"": ""pot"", ""kind"": ""raise"", ""raiseTo"": 600}]",check,,native accepted action; browser intent/attempt/latency unverified
152,3,lbNPAP0xHzCMaTELSYPMDJ57,flop,"[""9h"", ""Ac""]","[""Qh"", ""Tc"", ""8h""]","[{""name"": ""fold"", ""kind"": ""fold"", ""raiseTo"": null}, {""name"": ""call"", ""kind"": ""call"", ""raiseTo"": null}, {""name"": ""min"", ""kind"": ""raise"", ""raiseTo"": 200}, {""name"": ""pot"", ""kind"": ""raise"", ""raiseTo"": 900}, {""name"": ""jam"", ""kind"": ""raise"", ""raiseTo"": 1700}]",call,,native accepted action; browser intent/attempt/latency unverified
152,4,lbNPAP0xHzCMaTELSYPMDJ57,turn,"[""9h"", ""Ac""]","[""Qh"", ""Tc"", ""8h"", ""5h""]","[{""name"": ""check"", ""kind"": ""check"", ""raiseTo"": null}, {""name"": ""min"", ""kind"": ""raise"", ""raiseTo"": 100}, {""name"": ""pot"", ""kind"": ""raise"", ""raiseTo"": 800}, {""name"": ""jam"", ""kind"": ""raise"", ""raiseTo"": 1600}]",check,,native accepted action; browser intent/attempt/latency unverified
152,5,lbNPAP0xHzCMaTELSYPMDJ57,river,"[""9h"", ""Ac""]","[""Qh"", ""Tc"", ""8h"", ""5h"", ""9c""]","[{""name"": ""check"", ""kind"": ""check"", ""raiseTo"": null}, {""name"": ""min"", ""kind"": ""raise"", ""raiseTo"": 100}, {""name"": ""pot"", ""kind"": ""raise"", ""raiseTo"": 800}, {""name"": ""jam"", ""kind"": ""raise"", ""raiseTo"": 1600}]",raise,100,native accepted action; browser intent/attempt/latency unverified
153,1,5NAxxSPYqPbwx458PI0eFlW9,preflop,"[""Jh"", ""Kc""]",[],"[{""name"": ""fold"", ""kind"": ""fold"", ""raiseTo"": null}, {""name"": ""call"", ""kind"": ""call"", ""raiseTo"": null}, {""name"": ""min"", ""kind"": ""raise"", ""raiseTo"": 200}, {""name"": ""pot"", ""kind"": ""raise"", ""raiseTo"": 300}]",raise,200,native accepted action; browser intent/attempt/latency unverified
153,2,5NAxxSPYqPbwx458PI0eFlW9,flop,"[""Jh"", ""Kc""]","[""9c"", ""4c"", ""As""]","[{""name"": ""check"", ""kind"": ""check"", ""raiseTo"": null}, {""name"": ""min"", ""kind"": ""raise"", ""raiseTo"": 100}, {""name"": ""pot"", ""kind"": ""raise"", ""raiseTo"": 400}]",raise,100,native accepted action; browser intent/attempt/latency unverified
154,1,0GUNKuewjzVPN8qx_2Hl22w_,preflop,"[""Qd"", ""7h""]",[],"[{""name"": ""check"", ""kind"": ""check"", ""raiseTo"": null}, {""name"": ""min"", ""kind"": ""raise"", ""raiseTo"": 200}, {""name"": ""pot"", ""kind"": ""raise"", ""raiseTo"": 300}]",raise,200,native accepted action; browser intent/attempt/latency unverified
154,2,0GUNKuewjzVPN8qx_2Hl22w_,preflop,"[""Qd"", ""7h""]",[],"[{""name"": ""fold"", ""kind"": ""fold"", ""raiseTo"": null}, {""name"": ""call"", ""kind"": ""call"", ""raiseTo"": null}, {""name"": ""min"", ""kind"": ""raise"", ""raiseTo"": 1000}, {""name"": ""pot"", ""kind"": ""raise"", ""raiseTo"": 1800}, {""name"": ""jam"", ""kind"": ""raise"", ""raiseTo"": 2000}]",fold,,native accepted action; browser intent/attempt/latency unverified
155,1,Sj-uERb1lpwA7W3r-tQvvZaX,preflop,"[""4h"", ""6h""]",[],"[{""name"": ""fold"", ""kind"": ""fold"", ""raiseTo"": null}, {""name"": ""call"", ""kind"": ""call"", ""raiseTo"": null}, {""name"": ""min"", ""kind"": ""raise"", ""raiseTo"": 200}, {""name"": ""pot"", ""kind"": ""raise"", ""raiseTo"": 300}]",raise,200,native accepted action; browser intent/attempt/latency unverified
155,2,Sj-uERb1lpwA7W3r-tQvvZaX,flop,"[""4h"", ""6h""]","[""7d"", ""6c"", ""Qd""]","[{""name"": ""check"", ""kind"": ""check"", ""raiseTo"": null}, {""name"": ""min"", ""kind"": ""raise"", ""raiseTo"": 100}, {""name"": ""pot"", ""kind"": ""raise"", ""raiseTo"": 400}]",raise,100,native accepted action; browser intent/attempt/latency unverified
155,3,Sj-uERb1lpwA7W3r-tQvvZaX,turn,"[""4h"", ""6h""]","[""7d"", ""6c"", ""Qd"", ""3c""]","[{""name"": ""fold"", ""kind"": ""fold"", ""raiseTo"": null}, {""name"": ""call"", ""kind"": ""call"", ""raiseTo"": null}, {""name"": ""min"", ""kind"": ""raise"", ""raiseTo"": 200}, {""name"": ""pot"", ""kind"": ""raise"", ""raiseTo"": 900}, {""name"": ""jam"", ""kind"": ""raise"", ""raiseTo"": 1700}]",call,,native accepted action; browser intent/attempt/latency unverified
155,4,Sj-uERb1lpwA7W3r-tQvvZaX,river,"[""4h"", ""6h""]","[""7d"", ""6c"", ""Qd"", ""3c"", ""Td""]","[{""name"": ""check"", ""kind"": ""check"", ""raiseTo"": null}, {""name"": ""min"", ""kind"": ""raise"", ""raiseTo"": 100}, {""name"": ""pot"", ""kind"": ""raise"", ""raiseTo"": 800}, {""name"": ""jam"", ""kind"": ""raise"", ""raiseTo"": 1600}]",check,,native accepted action; browser intent/attempt/latency unverified
157,1,fs85NUnZKA-5vpPwgasiRdtD,preflop,"[""8s"", ""7c""]",[],"[{""name"": ""fold"", ""kind"": ""fold"", ""raiseTo"": null}, {""name"": ""call"", ""kind"": ""call"", ""raiseTo"": null}, {""name"": ""min"", ""kind"": ""raise"", ""raiseTo"": 200}, {""name"": ""pot"", ""kind"": ""raise"", ""raiseTo"": 300}]",raise,200,native accepted action; browser intent/attempt/latency unverified
157,2,fs85NUnZKA-5vpPwgasiRdtD,flop,"[""8s"", ""7c""]","[""9c"", ""5d"", ""9s""]","[{""name"": ""check"", ""kind"": ""check"", ""raiseTo"": null}, {""name"": ""min"", ""kind"": ""raise"", ""raiseTo"": 100}, {""name"": ""pot"", ""kind"": ""raise"", ""raiseTo"": 400}]",raise,100,native accepted action; browser intent/attempt/latency unverified
157,3,fs85NUnZKA-5vpPwgasiRdtD,flop,"[""8s"", ""7c""]","[""9c"", ""5d"", ""9s""]","[{""name"": ""fold"", ""kind"": ""fold"", ""raiseTo"": null}, {""name"": ""call"", ""kind"": ""call"", ""raiseTo"": null}, {""name"": ""min"", ""kind"": ""raise"", ""raiseTo"": 300}, {""name"": ""pot"", ""kind"": ""raise"", ""raiseTo"": 1000}, {""name"": ""jam"", ""kind"": ""raise"", ""raiseTo"": 1800}]",call,,native accepted action; browser intent/attempt/latency unverified
157,4,fs85NUnZKA-5vpPwgasiRdtD,turn,"[""8s"", ""7c""]","[""9c"", ""5d"", ""9s"", ""Td""]","[{""name"": ""check"", ""kind"": ""check"", ""raiseTo"": null}, {""name"": ""min"", ""kind"": ""raise"", ""raiseTo"": 100}, {""name"": ""pot"", ""kind"": ""raise"", ""raiseTo"": 800}, {""name"": ""jam"", ""kind"": ""raise"", ""raiseTo"": 1600}]",check,,native accepted action; browser intent/attempt/latency unverified
157,5,fs85NUnZKA-5vpPwgasiRdtD,river,"[""8s"", ""7c""]","[""9c"", ""5d"", ""9s"", ""Td"", ""6d""]","[{""name"": ""check"", ""kind"": ""check"", ""raiseTo"": null}, {""name"": ""min"", ""kind"": ""raise"", ""raiseTo"": 100}, {""name"": ""pot"", ""kind"": ""raise"", ""raiseTo"": 800}, {""name"": ""jam"", ""kind"": ""raise"", ""raiseTo"": 1600}]",raise,800,native accepted action; browser intent/attempt/latency unverified
158,1,myJlTYitDiUa3761nGxSvGoI,preflop,"[""5h"", ""4c""]",[],"[{""name"": ""check"", ""kind"": ""check"", ""raiseTo"": null}, {""name"": ""min"", ""kind"": ""raise"", ""raiseTo"": 200}, {""name"": ""pot"", ""kind"": ""raise"", ""raiseTo"": 300}]",check,,native accepted action; browser intent/attempt/latency unverified
158,2,myJlTYitDiUa3761nGxSvGoI,flop,"[""5h"", ""4c""]","[""8s"", ""Jh"", ""7s""]","[{""name"": ""check"", ""kind"": ""check"", ""raiseTo"": null}, {""name"": ""min"", ""kind"": ""raise"", ""raiseTo"": 100}, {""name"": ""pot"", ""kind"": ""raise"", ""raiseTo"": 200}]",check,,native accepted action; browser intent/attempt/latency unverified
158,3,myJlTYitDiUa3761nGxSvGoI,flop,"[""5h"", ""4c""]","[""8s"", ""Jh"", ""7s""]","[{""name"": ""fold"", ""kind"": ""fold"", ""raiseTo"": null}, {""name"": ""call"", ""kind"": ""call"", ""raiseTo"": null}, {""name"": ""min"", ""kind"": ""raise"", ""raiseTo"": 200}, {""name"": ""pot"", ""kind"": ""raise"", ""raiseTo"": 500}]",fold,,native accepted action; browser intent/attempt/latency unverified
159,1,C23geN92jD6c6w_35278L4qJ,preflop,"[""Qd"", ""7h""]",[],"[{""name"": ""fold"", ""kind"": ""fold"", ""raiseTo"": null}, {""name"": ""call"", ""kind"": ""call"", ""raiseTo"": null}, {""name"": ""min"", ""kind"": ""raise"", ""raiseTo"": 200}, {""name"": ""pot"", ""kind"": ""raise"", ""raiseTo"": 300}]",raise,200,native accepted action; browser intent/attempt/latency unverified
159,2,C23geN92jD6c6w_35278L4qJ,flop,"[""Qd"", ""7h""]","[""6d"", ""Kd"", ""Jd""]","[{""name"": ""check"", ""kind"": ""check"", ""raiseTo"": null}, {""name"": ""min"", ""kind"": ""raise"", ""raiseTo"": 100}, {""name"": ""pot"", ""kind"": ""raise"", ""raiseTo"": 400}]",raise,100,native accepted action; browser intent/attempt/latency unverified
159,3,C23geN92jD6c6w_35278L4qJ,flop,"[""Qd"", ""7h""]","[""6d"", ""Kd"", ""Jd""]","[{""name"": ""fold"", ""kind"": ""fold"", ""raiseTo"": null}, {""name"": ""call"", ""kind"": ""call"", ""raiseTo"": null}, {""name"": ""min"", ""kind"": ""raise"", ""raiseTo"": 300}, {""name"": ""pot"", ""kind"": ""raise"", ""raiseTo"": 1000}, {""name"": ""jam"", ""kind"": ""raise"", ""raiseTo"": 1800}]",call,,native accepted action; browser intent/attempt/latency unverified
159,4,C23geN92jD6c6w_35278L4qJ,turn,"[""Qd"", ""7h""]","[""6d"", ""Kd"", ""Jd"", ""Jc""]","[{""name"": ""fold"", ""kind"": ""fold"", ""raiseTo"": null}, {""name"": ""call"", ""kind"": ""call"", ""raiseTo"": null}, {""name"": ""min"", ""kind"": ""raise"", ""raiseTo"": 200}, {""name"": ""pot"", ""kind"": ""raise"", ""raiseTo"": 1100}, {""name"": ""jam"", ""kind"": ""raise"", ""raiseTo"": 1600}]",call,,native accepted action; browser intent/attempt/latency unverified
159,5,C23geN92jD6c6w_35278L4qJ,river,"[""Qd"", ""7h""]","[""6d"", ""Kd"", ""Jd"", ""Jc"", ""7s""]","[{""name"": ""check"", ""kind"": ""check"", ""raiseTo"": null}, {""name"": ""min"", ""kind"": ""raise"", ""raiseTo"": 100}, {""name"": ""pot"", ""kind"": ""raise"", ""raiseTo"": 1000}, {""name"": ""jam"", ""kind"": ""raise"", ""raiseTo"": 1500}]",raise,1000,native accepted action; browser intent/attempt/latency unverified
160,1,onPjzFy54NttBLb5i5emLz6n,preflop,"[""Kc"", ""4c""]",[],"[{""name"": ""check"", ""kind"": ""check"", ""raiseTo"": null}, {""name"": ""min"", ""kind"": ""raise"", ""raiseTo"": 200}, {""name"": ""pot"", ""kind"": ""raise"", ""raiseTo"": 300}]",raise,200,native accepted action; browser intent/attempt/latency unverified
160,2,onPjzFy54NttBLb5i5emLz6n,flop,"[""Kc"", ""4c""]","[""Ks"", ""3c"", ""Qs""]","[{""name"": ""check"", ""kind"": ""check"", ""raiseTo"": null}, {""name"": ""min"", ""kind"": ""raise"", ""raiseTo"": 100}, {""name"": ""pot"", ""kind"": ""raise"", ""raiseTo"": 400}]",raise,100,native accepted action; browser intent/attempt/latency unverified
160,3,onPjzFy54NttBLb5i5emLz6n,flop,"[""Kc"", ""4c""]","[""Ks"", ""3c"", ""Qs""]","[{""name"": ""fold"", ""kind"": ""fold"", ""raiseTo"": null}, {""name"": ""call"", ""kind"": ""call"", ""raiseTo"": null}, {""name"": ""min"", ""kind"": ""raise"", ""raiseTo"": 300}, {""name"": ""pot"", ""kind"": ""raise"", ""raiseTo"": 1000}, {""name"": ""jam"", ""kind"": ""raise"", ""raiseTo"": 1800}]",call,,native accepted action; browser intent/attempt/latency unverified
160,4,onPjzFy54NttBLb5i5emLz6n,turn,"[""Kc"", ""4c""]","[""Ks"", ""3c"", ""Qs"", ""Kh""]","[{""name"": ""check"", ""kind"": ""check"", ""raiseTo"": null}, {""name"": ""min"", ""kind"": ""raise"", ""raiseTo"": 100}, {""name"": ""pot"", ""kind"": ""raise"", ""raiseTo"": 800}, {""name"": ""jam"", ""kind"": ""raise"", ""raiseTo"": 1600}]",raise,100,native accepted action; browser intent/attempt/latency unverified
160,5,onPjzFy54NttBLb5i5emLz6n,river,"[""Kc"", ""4c""]","[""Ks"", ""3c"", ""Qs"", ""Kh"", ""6h""]","[{""name"": ""check"", ""kind"": ""check"", ""raiseTo"": null}, {""name"": ""min"", ""kind"": ""raise"", ""raiseTo"": 100}, {""name"": ""pot"", ""kind"": ""raise"", ""raiseTo"": 1000}, {""name"": ""jam"", ""kind"": ""raise"", ""raiseTo"": 1500}]",raise,100,native accepted action; browser intent/attempt/latency unverified
160,6,onPjzFy54NttBLb5i5emLz6n,river,"[""Kc"", ""4c""]","[""Ks"", ""3c"", ""Qs"", ""Kh"", ""6h""]","[{""name"": ""fold"", ""kind"": ""fold"", ""raiseTo"": null}, {""name"": ""call"", ""kind"": ""call"", ""raiseTo"": null}, {""name"": ""min"", ""kind"": ""raise"", ""raiseTo"": 300}, {""name"": ""pot"", ""kind"": ""raise"", ""raiseTo"": 1500}]",call,,native accepted action; browser intent/attempt/latency unverified
161,1,c7KoNM2y_7nGpI20if6m3g_H,preflop,"[""8h"", ""Td""]",[],"[{""name"": ""fold"", ""kind"": ""fold"", ""raiseTo"": null}, {""name"": ""call"", ""kind"": ""call"", ""raiseTo"": null}, {""name"": ""min"", ""kind"": ""raise"", ""raiseTo"": 200}, {""name"": ""pot"", ""kind"": ""raise"", ""raiseTo"": 300}]",raise,200,native accepted action; browser intent/attempt/latency unverified
162,1,N7f1tq41D4DDlBgXHVkukm5c,preflop,"[""6c"", ""5s""]",[],"[{""name"": ""fold"", ""kind"": ""fold"", ""raiseTo"": null}, {""name"": ""call"", ""kind"": ""call"", ""raiseTo"": null}, {""name"": ""min"", ""kind"": ""raise"", ""raiseTo"": 300}, {""name"": ""pot"", ""kind"": ""raise"", ""raiseTo"": 600}]",fold,,native accepted action; browser intent/attempt/latency unverified
163,1,0KBHmi5QYDL6Wuh4GGghMlhP,preflop,"[""Jc"", ""9s""]",[],"[{""name"": ""fold"", ""kind"": ""fold"", ""raiseTo"": null}, {""name"": ""call"", ""kind"": ""call"", ""raiseTo"": null}, {""name"": ""min"", ""kind"": ""raise"", ""raiseTo"": 200}, {""name"": ""pot"", ""kind"": ""raise"", ""raiseTo"": 300}]",raise,200,native accepted action; browser intent/attempt/latency unverified
163,2,0KBHmi5QYDL6Wuh4GGghMlhP,flop,"[""Jc"", ""9s""]","[""Jd"", ""Qh"", ""6c""]","[{""name"": ""fold"", ""kind"": ""fold"", ""raiseTo"": null}, {""name"": ""call"", ""kind"": ""call"", ""raiseTo"": null}, {""name"": ""min"", ""kind"": ""raise"", ""raiseTo"": 200}, {""name"": ""pot"", ""kind"": ""raise"", ""raiseTo"": 700}]",call,,native accepted action; browser intent/attempt/latency unverified
163,3,0KBHmi5QYDL6Wuh4GGghMlhP,turn,"[""Jc"", ""9s""]","[""Jd"", ""Qh"", ""6c"", ""3s""]","[{""name"": ""check"", ""kind"": ""check"", ""raiseTo"": null}, {""name"": ""min"", ""kind"": ""raise"", ""raiseTo"": 100}, {""name"": ""pot"", ""kind"": ""raise"", ""raiseTo"": 600}]",raise,100,native accepted action; browser intent/attempt/latency unverified
163,4,0KBHmi5QYDL6Wuh4GGghMlhP,turn,"[""Jc"", ""9s""]","[""Jd"", ""Qh"", ""6c"", ""3s""]","[{""name"": ""fold"", ""kind"": ""fold"", ""raiseTo"": null}, {""name"": ""call"", ""kind"": ""call"", ""raiseTo"": null}, {""name"": ""min"", ""kind"": ""raise"", ""raiseTo"": 300}, {""name"": ""pot"", ""kind"": ""raise"", ""raiseTo"": 1200}, {""name"": ""jam"", ""kind"": ""raise"", ""raiseTo"": 1700}]",call,,native accepted action; browser intent/attempt/latency unverified
163,5,0KBHmi5QYDL6Wuh4GGghMlhP,river,"[""Jc"", ""9s""]","[""Jd"", ""Qh"", ""6c"", ""3s"", ""Jh""]","[{""name"": ""check"", ""kind"": ""check"", ""raiseTo"": null}, {""name"": ""min"", ""kind"": ""raise"", ""raiseTo"": 100}, {""name"": ""pot"", ""kind"": ""raise"", ""raiseTo"": 1000}, {""name"": ""jam"", ""kind"": ""raise"", ""raiseTo"": 1500}]",raise,1000,native accepted action; browser intent/attempt/latency unverified
164,1,QUzkyY_xj-KHd-MrjZeXgW9K,preflop,"[""Jd"", ""Th""]",[],"[{""name"": ""check"", ""kind"": ""check"", ""raiseTo"": null}, {""name"": ""min"", ""kind"": ""raise"", ""raiseTo"": 200}, {""name"": ""pot"", ""kind"": ""raise"", ""raiseTo"": 300}]",raise,200,native accepted action; browser intent/attempt/latency unverified
164,2,QUzkyY_xj-KHd-MrjZeXgW9K,flop,"[""Jd"", ""Th""]","[""3c"", ""As"", ""7s""]","[{""name"": ""check"", ""kind"": ""check"", ""raiseTo"": null}, {""name"": ""min"", ""kind"": ""raise"", ""raiseTo"": 100}, {""name"": ""pot"", ""kind"": ""raise"", ""raiseTo"": 400}]",check,,native accepted action; browser intent/attempt/latency unverified
164,3,QUzkyY_xj-KHd-MrjZeXgW9K,turn,"[""Jd"", ""Th""]","[""3c"", ""As"", ""7s"", ""2c""]","[{""name"": ""check"", ""kind"": ""check"", ""raiseTo"": null}, {""name"": ""min"", ""kind"": ""raise"", ""raiseTo"": 100}, {""name"": ""pot"", ""kind"": ""raise"", ""raiseTo"": 400}]",raise,100,native accepted action; browser intent/attempt/latency unverified
164,4,QUzkyY_xj-KHd-MrjZeXgW9K,river,"[""Jd"", ""Th""]","[""3c"", ""As"", ""7s"", ""2c"", ""6c""]","[{""name"": ""check"", ""kind"": ""check"", ""raiseTo"": null}, {""name"": ""min"", ""kind"": ""raise"", ""raiseTo"": 100}, {""name"": ""pot"", ""kind"": ""raise"", ""raiseTo"": 600}]",check,,native accepted action; browser intent/attempt/latency unverified
165,1,TKCjGUjkgEWZK7SZu_F7D3IN,preflop,"[""9d"", ""Ts""]",[],"[{""name"": ""fold"", ""kind"": ""fold"", ""raiseTo"": null}, {""name"": ""call"", ""kind"": ""call"", ""raiseTo"": null}, {""name"": ""min"", ""kind"": ""raise"", ""raiseTo"": 200}, {""name"": ""pot"", ""kind"": ""raise"", ""raiseTo"": 300}]",raise,200,native accepted action; browser intent/attempt/latency unverified
165,2,TKCjGUjkgEWZK7SZu_F7D3IN,preflop,"[""9d"", ""Ts""]",[],"[{""name"": ""fold"", ""kind"": ""fold"", ""raiseTo"": null}, {""name"": ""call"", ""kind"": ""call"", ""raiseTo"": null}, {""name"": ""min"", ""kind"": ""raise"", ""raiseTo"": 1000}, {""name"": ""pot"", ""kind"": ""raise"", ""raiseTo"": 1800}, {""name"": ""jam"", ""kind"": ""raise"", ""raiseTo"": 2000}]",fold,,native accepted action; browser intent/attempt/latency unverified
167,1,pUY2rx07GWjEyG8sU387Slhv,preflop,"[""6c"", ""8d""]",[],"[{""name"": ""fold"", ""kind"": ""fold"", ""raiseTo"": null}, {""name"": ""call"", ""kind"": ""call"", ""raiseTo"": null}, {""name"": ""min"", ""kind"": ""raise"", ""raiseTo"": 200}, {""name"": ""pot"", ""kind"": ""raise"", ""raiseTo"": 300}]",raise,200,native accepted action; browser intent/attempt/latency unverified
167,2,pUY2rx07GWjEyG8sU387Slhv,preflop,"[""6c"", ""8d""]",[],"[{""name"": ""fold"", ""kind"": ""fold"", ""raiseTo"": null}, {""name"": ""call"", ""kind"": ""call"", ""raiseTo"": null}, {""name"": ""min"", ""kind"": ""raise"", ""raiseTo"": 1000}, {""name"": ""pot"", ""kind"": ""raise"", ""raiseTo"": 1800}, {""name"": ""jam"", ""kind"": ""raise"", ""raiseTo"": 2000}]",fold,,native accepted action; browser intent/attempt/latency unverified
169,1,ODzfRmUxch_hg3ycgVNLkiXo,preflop,"[""2d"", ""Ks""]",[],"[{""name"": ""fold"", ""kind"": ""fold"", ""raiseTo"": null}, {""name"": ""call"", ""kind"": ""call"", ""raiseTo"": null}, {""name"": ""min"", ""kind"": ""raise"", ""raiseTo"": 200}, {""name"": ""pot"", ""kind"": ""raise"", ""raiseTo"": 300}]",raise,200,native accepted action; browser intent/attempt/latency unverified
170,1,BJs70ndhP9uUCjxgw5OSs26X,preflop,"[""8h"", ""Kh""]",[],"[{""name"": ""fold"", ""kind"": ""fold"", ""raiseTo"": null}, {""name"": ""call"", ""kind"": ""call"", ""raiseTo"": null}, {""name"": ""min"", ""kind"": ""raise"", ""raiseTo"": 500}, {""name"": ""pot"", ""kind"": ""raise"", ""raiseTo"": 900}]",call,,native accepted action; browser intent/attempt/latency unverified
170,2,BJs70ndhP9uUCjxgw5OSs26X,flop,"[""8h"", ""Kh""]","[""7s"", ""4s"", ""Qc""]","[{""name"": ""check"", ""kind"": ""check"", ""raiseTo"": null}, {""name"": ""min"", ""kind"": ""raise"", ""raiseTo"": 100}, {""name"": ""pot"", ""kind"": ""raise"", ""raiseTo"": 600}]",check,,native accepted action; browser intent/attempt/latency unverified
170,3,BJs70ndhP9uUCjxgw5OSs26X,turn,"[""8h"", ""Kh""]","[""7s"", ""4s"", ""Qc"", ""8c""]","[{""name"": ""check"", ""kind"": ""check"", ""raiseTo"": null}, {""name"": ""min"", ""kind"": ""raise"", ""raiseTo"": 100}, {""name"": ""pot"", ""kind"": ""raise"", ""raiseTo"": 600}]",raise,100,native accepted action; browser intent/attempt/latency unverified
170,4,BJs70ndhP9uUCjxgw5OSs26X,turn,"[""8h"", ""Kh""]","[""7s"", ""4s"", ""Qc"", ""8c""]","[{""name"": ""fold"", ""kind"": ""fold"", ""raiseTo"": null}, {""name"": ""call"", ""kind"": ""call"", ""raiseTo"": null}, {""name"": ""min"", ""kind"": ""raise"", ""raiseTo"": 1700}]",fold,,native accepted action; browser intent/attempt/latency unverified
171,1,VSiQKaFypE-WRMUFJXSii8ry,preflop,"[""Tc"", ""Kc""]",[],"[{""name"": ""fold"", ""kind"": ""fold"", ""raiseTo"": null}, {""name"": ""call"", ""kind"": ""call"", ""raiseTo"": null}, {""name"": ""min"", ""kind"": ""raise"", ""raiseTo"": 200}, {""name"": ""pot"", ""kind"": ""raise"", ""raiseTo"": 300}]",raise,200,native accepted action; browser intent/attempt/latency unverified
171,2,VSiQKaFypE-WRMUFJXSii8ry,flop,"[""Tc"", ""Kc""]","[""8h"", ""Ts"", ""6c""]","[{""name"": ""fold"", ""kind"": ""fold"", ""raiseTo"": null}, {""name"": ""call"", ""kind"": ""call"", ""raiseTo"": null}, {""name"": ""min"", ""kind"": ""raise"", ""raiseTo"": 200}, {""name"": ""pot"", ""kind"": ""raise"", ""raiseTo"": 700}]",call,,native accepted action; browser intent/attempt/latency unverified
171,3,VSiQKaFypE-WRMUFJXSii8ry,turn,"[""Tc"", ""Kc""]","[""8h"", ""Ts"", ""6c"", ""4h""]","[{""name"": ""fold"", ""kind"": ""fold"", ""raiseTo"": null}, {""name"": ""call"", ""kind"": ""call"", ""raiseTo"": null}, {""name"": ""min"", ""kind"": ""raise"", ""raiseTo"": 200}, {""name"": ""pot"", ""kind"": ""raise"", ""raiseTo"": 900}, {""name"": ""jam"", ""kind"": ""raise"", ""raiseTo"": 1700}]",call,,native accepted action; browser intent/attempt/latency unverified
171,4,VSiQKaFypE-WRMUFJXSii8ry,river,"[""Tc"", ""Kc""]","[""8h"", ""Ts"", ""6c"", ""4h"", ""7s""]","[{""name"": ""fold"", ""kind"": ""fold"", ""raiseTo"": null}, {""name"": ""call"", ""kind"": ""call"", ""raiseTo"": null}, {""name"": ""min"", ""kind"": ""raise"", ""raiseTo"": 200}, {""name"": ""pot"", ""kind"": ""raise"", ""raiseTo"": 1100}, {""name"": ""jam"", ""kind"": ""raise"", ""raiseTo"": 1600}]",call,,native accepted action; browser intent/attempt/latency unverified
172,1,xISRpGyy7LnyB6TGQ-xIQoC2,preflop,"[""8c"", ""Qd""]",[],"[{""name"": ""fold"", ""kind"": ""fold"", ""raiseTo"": null}, {""name"": ""call"", ""kind"": ""call"", ""raiseTo"": null}, {""name"": ""min"", ""kind"": ""raise"", ""raiseTo"": 300}, {""name"": ""pot"", ""kind"": ""raise"", ""raiseTo"": 600}]",call,,native accepted action; browser intent/attempt/latency unverified
172,2,xISRpGyy7LnyB6TGQ-xIQoC2,flop,"[""8c"", ""Qd""]","[""8h"", ""7s"", ""As""]","[{""name"": ""check"", ""kind"": ""check"", ""raiseTo"": null}, {""name"": ""min"", ""kind"": ""raise"", ""raiseTo"": 100}, {""name"": ""pot"", ""kind"": ""raise"", ""raiseTo"": 400}]",check,,native accepted action; browser intent/attempt/latency unverified
172,3,xISRpGyy7LnyB6TGQ-xIQoC2,turn,"[""8c"", ""Qd""]","[""8h"", ""7s"", ""As"", ""3c""]","[{""name"": ""check"", ""kind"": ""check"", ""raiseTo"": null}, {""name"": ""min"", ""kind"": ""raise"", ""raiseTo"": 100}, {""name"": ""pot"", ""kind"": ""raise"", ""raiseTo"": 400}]",raise,100,native accepted action; browser intent/attempt/latency unverified
172,4,xISRpGyy7LnyB6TGQ-xIQoC2,turn,"[""8c"", ""Qd""]","[""8h"", ""7s"", ""As"", ""3c""]","[{""name"": ""fold"", ""kind"": ""fold"", ""raiseTo"": null}, {""name"": ""call"", ""kind"": ""call"", ""raiseTo"": null}, {""name"": ""min"", ""kind"": ""raise"", ""raiseTo"": 1300}, {""name"": ""pot"", ""kind"": ""raise"", ""raiseTo"": 1800}]",fold,,native accepted action; browser intent/attempt/latency unverified
173,1,P3FCp9jReJmm7ALtVET5m6U4,preflop,"[""4h"", ""3c""]",[],"[{""name"": ""fold"", ""kind"": ""fold"", ""raiseTo"": null}, {""name"": ""call"", ""kind"": ""call"", ""raiseTo"": null}, {""name"": ""min"", ""kind"": ""raise"", ""raiseTo"": 200}, {""name"": ""pot"", ""kind"": ""raise"", ""raiseTo"": 300}]",raise,200,native accepted action; browser intent/attempt/latency unverified
173,2,P3FCp9jReJmm7ALtVET5m6U4,flop,"[""4h"", ""3c""]","[""Td"", ""Qc"", ""Ad""]","[{""name"": ""fold"", ""kind"": ""fold"", ""raiseTo"": null}, {""name"": ""call"", ""kind"": ""call"", ""raiseTo"": null}, {""name"": ""min"", ""kind"": ""raise"", ""raiseTo"": 200}, {""name"": ""pot"", ""kind"": ""raise"", ""raiseTo"": 700}]",fold,,native accepted action; browser intent/attempt/latency unverified
174,1,ui_khXVRWlRPVvzk-rHUAcFQ,preflop,"[""6s"", ""9d""]",[],"[{""name"": ""check"", ""kind"": ""check"", ""raiseTo"": null}, {""name"": ""min"", ""kind"": ""raise"", ""raiseTo"": 200}, {""name"": ""pot"", ""kind"": ""raise"", ""raiseTo"": 300}]",check,,native accepted action; browser intent/attempt/latency unverified
174,2,ui_khXVRWlRPVvzk-rHUAcFQ,flop,"[""6s"", ""9d""]","[""Kh"", ""Kd"", ""Tc""]","[{""name"": ""check"", ""kind"": ""check"", ""raiseTo"": null}, {""name"": ""min"", ""kind"": ""raise"", ""raiseTo"": 100}, {""name"": ""pot"", ""kind"": ""raise"", ""raiseTo"": 200}]",check,,native accepted action; browser intent/attempt/latency unverified
174,3,ui_khXVRWlRPVvzk-rHUAcFQ,turn,"[""6s"", ""9d""]","[""Kh"", ""Kd"", ""Tc"", ""4c""]","[{""name"": ""check"", ""kind"": ""check"", ""raiseTo"": null}, {""name"": ""min"", ""kind"": ""raise"", ""raiseTo"": 100}, {""name"": ""pot"", ""kind"": ""raise"", ""raiseTo"": 200}]",check,,native accepted action; browser intent/attempt/latency unverified
174,4,ui_khXVRWlRPVvzk-rHUAcFQ,turn,"[""6s"", ""9d""]","[""Kh"", ""Kd"", ""Tc"", ""4c""]","[{""name"": ""fold"", ""kind"": ""fold"", ""raiseTo"": null}, {""name"": ""call"", ""kind"": ""call"", ""raiseTo"": null}, {""name"": ""min"", ""kind"": ""raise"", ""raiseTo"": 400}, {""name"": ""pot"", ""kind"": ""raise"", ""raiseTo"": 800}]",fold,,native accepted action; browser intent/attempt/latency unverified
175,1,fKwv0tZG9E-Wh6b1883GbEn4,preflop,"[""Kc"", ""9h""]",[],"[{""name"": ""fold"", ""kind"": ""fold"", ""raiseTo"": null}, {""name"": ""call"", ""kind"": ""call"", ""raiseTo"": null}, {""name"": ""min"", ""kind"": ""raise"", ""raiseTo"": 200}, {""name"": ""pot"", ""kind"": ""raise"", ""raiseTo"": 300}]",raise,200,native accepted action; browser intent/attempt/latency unverified
176,1,CVWS_VWLf-lC54OcQjshfMKo,preflop,"[""6s"", ""5d""]",[],"[{""name"": ""fold"", ""kind"": ""fold"", ""raiseTo"": null}, {""name"": ""call"", ""kind"": ""call"", ""raiseTo"": null}, {""name"": ""min"", ""kind"": ""raise"", ""raiseTo"": 300}, {""name"": ""pot"", ""kind"": ""raise"", ""raiseTo"": 600}]",fold,,native accepted action; browser intent/attempt/latency unverified
177,1,WDkgLEBTr_ps2F8RoWBq3_ly,preflop,"[""3s"", ""Js""]",[],"[{""name"": ""fold"", ""kind"": ""fold"", ""raiseTo"": null}, {""name"": ""call"", ""kind"": ""call"", ""raiseTo"": null}, {""name"": ""min"", ""kind"": ""raise"", ""raiseTo"": 200}, {""name"": ""pot"", ""kind"": ""raise"", ""raiseTo"": 300}]",raise,200,native accepted action; browser intent/attempt/latency unverified
178,1,H-8aqKuci7TZQiNw8FFvk-3p,preflop,"[""Td"", ""Qc""]",[],"[{""name"": ""check"", ""kind"": ""check"", ""raiseTo"": null}, {""name"": ""min"", ""kind"": ""raise"", ""raiseTo"": 200}, {""name"": ""pot"", ""kind"": ""raise"", ""raiseTo"": 300}]",raise,200,native accepted action; browser intent/attempt/latency unverified
178,2,H-8aqKuci7TZQiNw8FFvk-3p,preflop,"[""Td"", ""Qc""]",[],"[{""name"": ""fold"", ""kind"": ""fold"", ""raiseTo"": null}, {""name"": ""call"", ""kind"": ""call"", ""raiseTo"": null}, {""name"": ""min"", ""kind"": ""raise"", ""raiseTo"": 1000}, {""name"": ""pot"", ""kind"": ""raise"", ""raiseTo"": 1800}, {""name"": ""jam"", ""kind"": ""raise"", ""raiseTo"": 2000}]",fold,,native accepted action; browser intent/attempt/latency unverified
179,1,nX4FRbw-H5zjGVBNMdp545li,preflop,"[""5d"", ""Tc""]",[],"[{""name"": ""fold"", ""kind"": ""fold"", ""raiseTo"": null}, {""name"": ""call"", ""kind"": ""call"", ""raiseTo"": null}, {""name"": ""min"", ""kind"": ""raise"", ""raiseTo"": 200}, {""name"": ""pot"", ""kind"": ""raise"", ""raiseTo"": 300}]",raise,200,native accepted action; browser intent/attempt/latency unverified
181,1,rgPjmRtqB5kOHGg8njBzRIY5,preflop,"[""Jc"", ""6h""]",[],"[{""name"": ""fold"", ""kind"": ""fold"", ""raiseTo"": null}, {""name"": ""call"", ""kind"": ""call"", ""raiseTo"": null}, {""name"": ""min"", ""kind"": ""raise"", ""raiseTo"": 200}, {""name"": ""pot"", ""kind"": ""raise"", ""raiseTo"": 300}]",raise,200,native accepted action; browser intent/attempt/latency unverified
181,2,rgPjmRtqB5kOHGg8njBzRIY5,flop,"[""Jc"", ""6h""]","[""Th"", ""As"", ""3c""]","[{""name"": ""check"", ""kind"": ""check"", ""raiseTo"": null}, {""name"": ""min"", ""kind"": ""raise"", ""raiseTo"": 100}, {""name"": ""pot"", ""kind"": ""raise"", ""raiseTo"": 400}]",check,,native accepted action; browser intent/attempt/latency unverified
181,3,rgPjmRtqB5kOHGg8njBzRIY5,turn,"[""Jc"", ""6h""]","[""Th"", ""As"", ""3c"", ""7c""]","[{""name"": ""check"", ""kind"": ""check"", ""raiseTo"": null}, {""name"": ""min"", ""kind"": ""raise"", ""raiseTo"": 100}, {""name"": ""pot"", ""kind"": ""raise"", ""raiseTo"": 400}]",check,,native accepted action; browser intent/attempt/latency unverified
181,4,rgPjmRtqB5kOHGg8njBzRIY5,river,"[""Jc"", ""6h""]","[""Th"", ""As"", ""3c"", ""7c"", ""Qc""]","[{""name"": ""fold"", ""kind"": ""fold"", ""raiseTo"": null}, {""name"": ""call"", ""kind"": ""call"", ""raiseTo"": null}, {""name"": ""min"", ""kind"": ""raise"", ""raiseTo"": 800}, {""name"": ""pot"", ""kind"": ""raise"", ""raiseTo"": 1600}, {""name"": ""jam"", ""kind"": ""raise"", ""raiseTo"": 1800}]",fold,,native accepted action; browser intent/attempt/latency unverified
182,1,KGa6sofSK6hkJqgwYuDtjxZN,preflop,"[""Jd"", ""Qh""]",[],"[{""name"": ""check"", ""kind"": ""check"", ""raiseTo"": null}, {""name"": ""min"", ""kind"": ""raise"", ""raiseTo"": 200}, {""name"": ""pot"", ""kind"": ""raise"", ""raiseTo"": 300}]",raise,300,native accepted action; browser intent/attempt/latency unverified
182,2,KGa6sofSK6hkJqgwYuDtjxZN,preflop,"[""Jd"", ""Qh""]",[],"[{""name"": ""fold"", ""kind"": ""fold"", ""raiseTo"": null}, {""name"": ""call"", ""kind"": ""call"", ""raiseTo"": null}, {""name"": ""min"", ""kind"": ""raise"", ""raiseTo"": 1500}, {""name"": ""pot"", ""kind"": ""raise"", ""raiseTo"": 2000}]",fold,,native accepted action; browser intent/attempt/latency unverified
183,1,Nzufct98q5bw0oOTol66KoBl,preflop,"[""Ah"", ""2s""]",[],"[{""name"": ""fold"", ""kind"": ""fold"", ""raiseTo"": null}, {""name"": ""call"", ""kind"": ""call"", ""raiseTo"": null}, {""name"": ""min"", ""kind"": ""raise"", ""raiseTo"": 200}, {""name"": ""pot"", ""kind"": ""raise"", ""raiseTo"": 300}]",raise,200,native accepted action; browser intent/attempt/latency unverified
184,1,WlMTOCYuQoPcxJK5YOz-UNFq,preflop,"[""7c"", ""9h""]",[],"[{""name"": ""fold"", ""kind"": ""fold"", ""raiseTo"": null}, {""name"": ""call"", ""kind"": ""call"", ""raiseTo"": null}, {""name"": ""min"", ""kind"": ""raise"", ""raiseTo"": 500}, {""name"": ""pot"", ""kind"": ""raise"", ""raiseTo"": 900}]",fold,,native accepted action; browser intent/attempt/latency unverified
185,1,OeD-zw8_h2k1T_VHwdTZuraW,preflop,"[""9h"", ""5s""]",[],"[{""name"": ""fold"", ""kind"": ""fold"", ""raiseTo"": null}, {""name"": ""call"", ""kind"": ""call"", ""raiseTo"": null}, {""name"": ""min"", ""kind"": ""raise"", ""raiseTo"": 200}, {""name"": ""pot"", ""kind"": ""raise"", ""raiseTo"": 300}]",raise,200,native accepted action; browser intent/attempt/latency unverified
185,2,OeD-zw8_h2k1T_VHwdTZuraW,flop,"[""9h"", ""5s""]","[""3c"", ""6c"", ""Kh""]","[{""name"": ""check"", ""kind"": ""check"", ""raiseTo"": null}, {""name"": ""min"", ""kind"": ""raise"", ""raiseTo"": 100}, {""name"": ""pot"", ""kind"": ""raise"", ""raiseTo"": 400}]",check,,native accepted action; browser intent/attempt/latency unverified
185,3,OeD-zw8_h2k1T_VHwdTZuraW,turn,"[""9h"", ""5s""]","[""3c"", ""6c"", ""Kh"", ""Ah""]","[{""name"": ""check"", ""kind"": ""check"", ""raiseTo"": null}, {""name"": ""min"", ""kind"": ""raise"", ""raiseTo"": 100}, {""name"": ""pot"", ""kind"": ""raise"", ""raiseTo"": 400}]",raise,100,native accepted action; browser intent/attempt/latency unverified
185,4,OeD-zw8_h2k1T_VHwdTZuraW,turn,"[""9h"", ""5s""]","[""3c"", ""6c"", ""Kh"", ""Ah""]","[{""name"": ""fold"", ""kind"": ""fold"", ""raiseTo"": null}, {""name"": ""call"", ""kind"": ""call"", ""raiseTo"": null}, {""name"": ""min"", ""kind"": ""raise"", ""raiseTo"": 1300}, {""name"": ""pot"", ""kind"": ""raise"", ""raiseTo"": 1800}]",fold,,native accepted action; browser intent/attempt/latency unverified
186,1,Q-LTQVqga8H-6KCaxDHcR9W0,preflop,"[""8c"", ""8s""]",[],"[{""name"": ""fold"", ""kind"": ""fold"", ""raiseTo"": null}, {""name"": ""call"", ""kind"": ""call"", ""raiseTo"": null}, {""name"": ""min"", ""kind"": ""raise"", ""raiseTo"": 300}, {""name"": ""pot"", ""kind"": ""raise"", ""raiseTo"": 600}]",call,,native accepted action; browser intent/attempt/latency unverified
186,2,Q-LTQVqga8H-6KCaxDHcR9W0,flop,"[""8c"", ""8s""]","[""4c"", ""6s"", ""Ah""]","[{""name"": ""check"", ""kind"": ""check"", ""raiseTo"": null}, {""name"": ""min"", ""kind"": ""raise"", ""raiseTo"": 100}, {""name"": ""pot"", ""kind"": ""raise"", ""raiseTo"": 400}]",check,,native accepted action; browser intent/attempt/latency unverified
186,3,Q-LTQVqga8H-6KCaxDHcR9W0,turn,"[""8c"", ""8s""]","[""4c"", ""6s"", ""Ah"", ""Qc""]","[{""name"": ""check"", ""kind"": ""check"", ""raiseTo"": null}, {""name"": ""min"", ""kind"": ""raise"", ""raiseTo"": 100}, {""name"": ""pot"", ""kind"": ""raise"", ""raiseTo"": 400}]",check,,native accepted action; browser intent/attempt/latency unverified
186,4,Q-LTQVqga8H-6KCaxDHcR9W0,turn,"[""8c"", ""8s""]","[""4c"", ""6s"", ""Ah"", ""Qc""]","[{""name"": ""fold"", ""kind"": ""fold"", ""raiseTo"": null}, {""name"": ""call"", ""kind"": ""call"", ""raiseTo"": null}, {""name"": ""min"", ""kind"": ""raise"", ""raiseTo"": 800}, {""name"": ""pot"", ""kind"": ""raise"", ""raiseTo"": 1600}, {""name"": ""jam"", ""kind"": ""raise"", ""raiseTo"": 1800}]",fold,,native accepted action; browser intent/attempt/latency unverified
187,1,TpFXfwtyPo88kb0R6YBUS2g5,preflop,"[""3c"", ""Qc""]",[],"[{""name"": ""fold"", ""kind"": ""fold"", ""raiseTo"": null}, {""name"": ""call"", ""kind"": ""call"", ""raiseTo"": null}, {""name"": ""min"", ""kind"": ""raise"", ""raiseTo"": 200}, {""name"": ""pot"", ""kind"": ""raise"", ""raiseTo"": 300}]",raise,200,native accepted action; browser intent/attempt/latency unverified
187,2,TpFXfwtyPo88kb0R6YBUS2g5,preflop,"[""3c"", ""Qc""]",[],"[{""name"": ""fold"", ""kind"": ""fold"", ""raiseTo"": null}, {""name"": ""call"", ""kind"": ""call"", ""raiseTo"": null}, {""name"": ""min"", ""kind"": ""raise"", ""raiseTo"": 1000}, {""name"": ""pot"", ""kind"": ""raise"", ""raiseTo"": 1800}, {""name"": ""jam"", ""kind"": ""raise"", ""raiseTo"": 2000}]",fold,,native accepted action; browser intent/attempt/latency unverified
188,1,VkkiCNX2izMe3dAbLRvcfVx2,preflop,"[""4d"", ""Ac""]",[],"[{""name"": ""check"", ""kind"": ""check"", ""raiseTo"": null}, {""name"": ""min"", ""kind"": ""raise"", ""raiseTo"": 200}, {""name"": ""pot"", ""kind"": ""raise"", ""raiseTo"": 300}]",check,,native accepted action; browser intent/attempt/latency unverified
188,2,VkkiCNX2izMe3dAbLRvcfVx2,flop,"[""4d"", ""Ac""]","[""Kd"", ""4h"", ""5h""]","[{""name"": ""check"", ""kind"": ""check"", ""raiseTo"": null}, {""name"": ""min"", ""kind"": ""raise"", ""raiseTo"": 100}, {""name"": ""pot"", ""kind"": ""raise"", ""raiseTo"": 200}]",check,,native accepted action; browser intent/attempt/latency unverified
188,3,VkkiCNX2izMe3dAbLRvcfVx2,flop,"[""4d"", ""Ac""]","[""Kd"", ""4h"", ""5h""]","[{""name"": ""fold"", ""kind"": ""fold"", ""raiseTo"": null}, {""name"": ""call"", ""kind"": ""call"", ""raiseTo"": null}, {""name"": ""min"", ""kind"": ""raise"", ""raiseTo"": 200}, {""name"": ""pot"", ""kind"": ""raise"", ""raiseTo"": 500}]",call,,native accepted action; browser intent/attempt/latency unverified
188,4,VkkiCNX2izMe3dAbLRvcfVx2,turn,"[""4d"", ""Ac""]","[""Kd"", ""4h"", ""5h"", ""8d""]","[{""name"": ""check"", ""kind"": ""check"", ""raiseTo"": null}, {""name"": ""min"", ""kind"": ""raise"", ""raiseTo"": 100}, {""name"": ""pot"", ""kind"": ""raise"", ""raiseTo"": 400}]",check,,native accepted action; browser intent/attempt/latency unverified
188,5,VkkiCNX2izMe3dAbLRvcfVx2,turn,"[""4d"", ""Ac""]","[""Kd"", ""4h"", ""5h"", ""8d""]","[{""name"": ""fold"", ""kind"": ""fold"", ""raiseTo"": null}, {""name"": ""call"", ""kind"": ""call"", ""raiseTo"": null}, {""name"": ""min"", ""kind"": ""raise"", ""raiseTo"": 200}, {""name"": ""pot"", ""kind"": ""raise"", ""raiseTo"": 700}]",call,,native accepted action; browser intent/attempt/latency unverified
188,6,VkkiCNX2izMe3dAbLRvcfVx2,river,"[""4d"", ""Ac""]","[""Kd"", ""4h"", ""5h"", ""8d"", ""6s""]","[{""name"": ""check"", ""kind"": ""check"", ""raiseTo"": null}, {""name"": ""min"", ""kind"": ""raise"", ""raiseTo"": 100}, {""name"": ""pot"", ""kind"": ""raise"", ""raiseTo"": 600}]",check,,native accepted action; browser intent/attempt/latency unverified
188,7,VkkiCNX2izMe3dAbLRvcfVx2,river,"[""4d"", ""Ac""]","[""Kd"", ""4h"", ""5h"", ""8d"", ""6s""]","[{""name"": ""fold"", ""kind"": ""fold"", ""raiseTo"": null}, {""name"": ""call"", ""kind"": ""call"", ""raiseTo"": null}, {""name"": ""min"", ""kind"": ""raise"", ""raiseTo"": 1200}, {""name"": ""pot"", ""kind"": ""raise"", ""raiseTo"": 1700}]",fold,,native accepted action; browser intent/attempt/latency unverified
189,1,51OAophOSkcsswUBP-kIu-ZT,preflop,"[""6d"", ""8c""]",[],"[{""name"": ""fold"", ""kind"": ""fold"", ""raiseTo"": null}, {""name"": ""call"", ""kind"": ""call"", ""raiseTo"": null}, {""name"": ""min"", ""kind"": ""raise"", ""raiseTo"": 200}, {""name"": ""pot"", ""kind"": ""raise"", ""raiseTo"": 300}]",raise,200,native accepted action; browser intent/attempt/latency unverified
189,2,51OAophOSkcsswUBP-kIu-ZT,flop,"[""6d"", ""8c""]","[""Ah"", ""Qc"", ""9s""]","[{""name"": ""fold"", ""kind"": ""fold"", ""raiseTo"": null}, {""name"": ""call"", ""kind"": ""call"", ""raiseTo"": null}, {""name"": ""min"", ""kind"": ""raise"", ""raiseTo"": 200}, {""name"": ""pot"", ""kind"": ""raise"", ""raiseTo"": 700}]",fold,,native accepted action; browser intent/attempt/latency unverified
190,1,FYESz1038JuXUeV0iTGh371S,preflop,"[""Jc"", ""2s""]",[],"[{""name"": ""fold"", ""kind"": ""fold"", ""raiseTo"": null}, {""name"": ""call"", ""kind"": ""call"", ""raiseTo"": null}, {""name"": ""min"", ""kind"": ""raise"", ""raiseTo"": 300}, {""name"": ""pot"", ""kind"": ""raise"", ""raiseTo"": 600}]",fold,,native accepted action; browser intent/attempt/latency unverified
191,1,fbfwp54xFZGvY9DjhRNDK2fQ,preflop,"[""Kd"", ""9s""]",[],"[{""name"": ""fold"", ""kind"": ""fold"", ""raiseTo"": null}, {""name"": ""call"", ""kind"": ""call"", ""raiseTo"": null}, {""name"": ""min"", ""kind"": ""raise"", ""raiseTo"": 200}, {""name"": ""pot"", ""kind"": ""raise"", ""raiseTo"": 300}]",raise,200,native accepted action; browser intent/attempt/latency unverified
191,2,fbfwp54xFZGvY9DjhRNDK2fQ,flop,"[""Kd"", ""9s""]","[""Ac"", ""5h"", ""Jh""]","[{""name"": ""fold"", ""kind"": ""fold"", ""raiseTo"": null}, {""name"": ""call"", ""kind"": ""call"", ""raiseTo"": null}, {""name"": ""min"", ""kind"": ""raise"", ""raiseTo"": 200}, {""name"": ""pot"", ""kind"": ""raise"", ""raiseTo"": 700}]",call,,native accepted action; browser intent/attempt/latency unverified
191,3,fbfwp54xFZGvY9DjhRNDK2fQ,turn,"[""Kd"", ""9s""]","[""Ac"", ""5h"", ""Jh"", ""6d""]","[{""name"": ""fold"", ""kind"": ""fold"", ""raiseTo"": null}, {""name"": ""call"", ""kind"": ""call"", ""raiseTo"": null}, {""name"": ""min"", ""kind"": ""raise"", ""raiseTo"": 200}, {""name"": ""pot"", ""kind"": ""raise"", ""raiseTo"": 900}, {""name"": ""jam"", ""kind"": ""raise"", ""raiseTo"": 1700}]",call,,native accepted action; browser intent/attempt/latency unverified
191,4,fbfwp54xFZGvY9DjhRNDK2fQ,river,"[""Kd"", ""9s""]","[""Ac"", ""5h"", ""Jh"", ""6d"", ""5d""]","[{""name"": ""check"", ""kind"": ""check"", ""raiseTo"": null}, {""name"": ""min"", ""kind"": ""raise"", ""raiseTo"": 100}, {""name"": ""pot"", ""kind"": ""raise"", ""raiseTo"": 800}, {""name"": ""jam"", ""kind"": ""raise"", ""raiseTo"": 1600}]",check,,native accepted action; browser intent/attempt/latency unverified
192,1,-ABZ7G7lV5Mndzie3vV6snxf,preflop,"[""Jd"", ""6c""]",[],"[{""name"": ""check"", ""kind"": ""check"", ""raiseTo"": null}, {""name"": ""min"", ""kind"": ""raise"", ""raiseTo"": 200}, {""name"": ""pot"", ""kind"": ""raise"", ""raiseTo"": 300}]",check,,native accepted action; browser intent/attempt/latency unverified
192,2,-ABZ7G7lV5Mndzie3vV6snxf,flop,"[""Jd"", ""6c""]","[""8s"", ""4d"", ""3d""]","[{""name"": ""check"", ""kind"": ""check"", ""raiseTo"": null}, {""name"": ""min"", ""kind"": ""raise"", ""raiseTo"": 100}, {""name"": ""pot"", ""kind"": ""raise"", ""raiseTo"": 200}]",check,,native accepted action; browser intent/attempt/latency unverified
192,3,-ABZ7G7lV5Mndzie3vV6snxf,flop,"[""Jd"", ""6c""]","[""8s"", ""4d"", ""3d""]","[{""name"": ""fold"", ""kind"": ""fold"", ""raiseTo"": null}, {""name"": ""call"", ""kind"": ""call"", ""raiseTo"": null}, {""name"": ""min"", ""kind"": ""raise"", ""raiseTo"": 200}, {""name"": ""pot"", ""kind"": ""raise"", ""raiseTo"": 500}]",call,,native accepted action; browser intent/attempt/latency unverified
192,4,-ABZ7G7lV5Mndzie3vV6snxf,turn,"[""Jd"", ""6c""]","[""8s"", ""4d"", ""3d"", ""Ac""]","[{""name"": ""check"", ""kind"": ""check"", ""raiseTo"": null}, {""name"": ""min"", ""kind"": ""raise"", ""raiseTo"": 100}, {""name"": ""pot"", ""kind"": ""raise"", ""raiseTo"": 400}]",check,,native accepted action; browser intent/attempt/latency unverified
192,5,-ABZ7G7lV5Mndzie3vV6snxf,turn,"[""Jd"", ""6c""]","[""8s"", ""4d"", ""3d"", ""Ac""]","[{""name"": ""fold"", ""kind"": ""fold"", ""raiseTo"": null}, {""name"": ""call"", ""kind"": ""call"", ""raiseTo"": null}, {""name"": ""min"", ""kind"": ""raise"", ""raiseTo"": 800}, {""name"": ""pot"", ""kind"": ""raise"", ""raiseTo"": 1600}, {""name"": ""jam"", ""kind"": ""raise"", ""raiseTo"": 1800}]",fold,,native accepted action; browser intent/attempt/latency unverified
193,1,wTaDkwfCgqVqSo_pmyYtq7cm,preflop,"[""7d"", ""Td""]",[],"[{""name"": ""fold"", ""kind"": ""fold"", ""raiseTo"": null}, {""name"": ""call"", ""kind"": ""call"", ""raiseTo"": null}, {""name"": ""min"", ""kind"": ""raise"", ""raiseTo"": 200}, {""name"": ""pot"", ""kind"": ""raise"", ""raiseTo"": 300}]",raise,200,native accepted action; browser intent/attempt/latency unverified
193,2,wTaDkwfCgqVqSo_pmyYtq7cm,flop,"[""7d"", ""Td""]","[""2h"", ""6d"", ""3c""]","[{""name"": ""fold"", ""kind"": ""fold"", ""raiseTo"": null}, {""name"": ""call"", ""kind"": ""call"", ""raiseTo"": null}, {""name"": ""min"", ""kind"": ""raise"", ""raiseTo"": 200}, {""name"": ""pot"", ""kind"": ""raise"", ""raiseTo"": 700}]",call,,native accepted action; browser intent/attempt/latency unverified
193,3,wTaDkwfCgqVqSo_pmyYtq7cm,turn,"[""7d"", ""Td""]","[""2h"", ""6d"", ""3c"", ""5h""]","[{""name"": ""check"", ""kind"": ""check"", ""raiseTo"": null}, {""name"": ""min"", ""kind"": ""raise"", ""raiseTo"": 100}, {""name"": ""pot"", ""kind"": ""raise"", ""raiseTo"": 600}]",raise,100,native accepted action; browser intent/attempt/latency unverified
193,4,wTaDkwfCgqVqSo_pmyYtq7cm,river,"[""7d"", ""Td""]","[""2h"", ""6d"", ""3c"", ""5h"", ""7h""]","[{""name"": ""fold"", ""kind"": ""fold"", ""raiseTo"": null}, {""name"": ""call"", ""kind"": ""call"", ""raiseTo"": null}, {""name"": ""min"", ""kind"": ""raise"", ""raiseTo"": 1600}]",fold,,native accepted action; browser intent/attempt/latency unverified
194,1,wsBCn1gy7L6CvSJuEfvgiuei,preflop,"[""6c"", ""Th""]",[],"[{""name"": ""check"", ""kind"": ""check"", ""raiseTo"": null}, {""name"": ""min"", ""kind"": ""raise"", ""raiseTo"": 200}, {""name"": ""pot"", ""kind"": ""raise"", ""raiseTo"": 300}]",check,,native accepted action; browser intent/attempt/latency unverified
194,2,wsBCn1gy7L6CvSJuEfvgiuei,flop,"[""6c"", ""Th""]","[""7h"", ""4s"", ""9s""]","[{""name"": ""check"", ""kind"": ""check"", ""raiseTo"": null}, {""name"": ""min"", ""kind"": ""raise"", ""raiseTo"": 100}, {""name"": ""pot"", ""kind"": ""raise"", ""raiseTo"": 200}]",check,,native accepted action; browser intent/attempt/latency unverified
194,3,wsBCn1gy7L6CvSJuEfvgiuei,flop,"[""6c"", ""Th""]","[""7h"", ""4s"", ""9s""]","[{""name"": ""fold"", ""kind"": ""fold"", ""raiseTo"": null}, {""name"": ""call"", ""kind"": ""call"", ""raiseTo"": null}, {""name"": ""min"", ""kind"": ""raise"", ""raiseTo"": 400}, {""name"": ""pot"", ""kind"": ""raise"", ""raiseTo"": 800}]",fold,,native accepted action; browser intent/attempt/latency unverified
195,1,gQQhO2VWYo0NqEjv1uqYovm4,preflop,"[""7h"", ""Jc""]",[],"[{""name"": ""fold"", ""kind"": ""fold"", ""raiseTo"": null}, {""name"": ""call"", ""kind"": ""call"", ""raiseTo"": null}, {""name"": ""min"", ""kind"": ""raise"", ""raiseTo"": 200}, {""name"": ""pot"", ""kind"": ""raise"", ""raiseTo"": 300}]",raise,200,native accepted action; browser intent/attempt/latency unverified
195,2,gQQhO2VWYo0NqEjv1uqYovm4,preflop,"[""7h"", ""Jc""]",[],"[{""name"": ""fold"", ""kind"": ""fold"", ""raiseTo"": null}, {""name"": ""call"", ""kind"": ""call"", ""raiseTo"": null}, {""name"": ""min"", ""kind"": ""raise"", ""raiseTo"": 1000}, {""name"": ""pot"", ""kind"": ""raise"", ""raiseTo"": 1800}, {""name"": ""jam"", ""kind"": ""raise"", ""raiseTo"": 2000}]",fold,,native accepted action; browser intent/attempt/latency unverified
196,1,DqFuTvPBvAEd7Xh-Q8Di_jtl,preflop,"[""3s"", ""2d""]",[],"[{""name"": ""check"", ""kind"": ""check"", ""raiseTo"": null}, {""name"": ""min"", ""kind"": ""raise"", ""raiseTo"": 200}, {""name"": ""pot"", ""kind"": ""raise"", ""raiseTo"": 300}]",check,,native accepted action; browser intent/attempt/latency unverified
196,2,DqFuTvPBvAEd7Xh-Q8Di_jtl,flop,"[""3s"", ""2d""]","[""3c"", ""Qh"", ""Jd""]","[{""name"": ""check"", ""kind"": ""check"", ""raiseTo"": null}, {""name"": ""min"", ""kind"": ""raise"", ""raiseTo"": 100}, {""name"": ""pot"", ""kind"": ""raise"", ""raiseTo"": 200}]",check,,native accepted action; browser intent/attempt/latency unverified
196,3,DqFuTvPBvAEd7Xh-Q8Di_jtl,turn,"[""3s"", ""2d""]","[""3c"", ""Qh"", ""Jd"", ""7c""]","[{""name"": ""check"", ""kind"": ""check"", ""raiseTo"": null}, {""name"": ""min"", ""kind"": ""raise"", ""raiseTo"": 100}, {""name"": ""pot"", ""kind"": ""raise"", ""raiseTo"": 200}]",check,,native accepted action; browser intent/attempt/latency unverified
196,4,DqFuTvPBvAEd7Xh-Q8Di_jtl,turn,"[""3s"", ""2d""]","[""3c"", ""Qh"", ""Jd"", ""7c""]","[{""name"": ""fold"", ""kind"": ""fold"", ""raiseTo"": null}, {""name"": ""call"", ""kind"": ""call"", ""raiseTo"": null}, {""name"": ""min"", ""kind"": ""raise"", ""raiseTo"": 200}, {""name"": ""pot"", ""kind"": ""raise"", ""raiseTo"": 500}]",call,,native accepted action; browser intent/attempt/latency unverified
196,5,DqFuTvPBvAEd7Xh-Q8Di_jtl,river,"[""3s"", ""2d""]","[""3c"", ""Qh"", ""Jd"", ""7c"", ""9s""]","[{""name"": ""check"", ""kind"": ""check"", ""raiseTo"": null}, {""name"": ""min"", ""kind"": ""raise"", ""raiseTo"": 100}, {""name"": ""pot"", ""kind"": ""raise"", ""raiseTo"": 400}]",check,,native accepted action; browser intent/attempt/latency unverified
196,6,DqFuTvPBvAEd7Xh-Q8Di_jtl,river,"[""3s"", ""2d""]","[""3c"", ""Qh"", ""Jd"", ""7c"", ""9s""]","[{""name"": ""fold"", ""kind"": ""fold"", ""raiseTo"": null}, {""name"": ""call"", ""kind"": ""call"", ""raiseTo"": null}, {""name"": ""min"", ""kind"": ""raise"", ""raiseTo"": 800}, {""name"": ""pot"", ""kind"": ""raise"", ""raiseTo"": 1600}, {""name"": ""jam"", ""kind"": ""raise"", ""raiseTo"": 1800}]",fold,,native accepted action; browser intent/attempt/latency unverified
197,1,wBfpVwodhv7cJY8koFSb7hrB,preflop,"[""Qs"", ""6s""]",[],"[{""name"": ""fold"", ""kind"": ""fold"", ""raiseTo"": null}, {""name"": ""call"", ""kind"": ""call"", ""raiseTo"": null}, {""name"": ""min"", ""kind"": ""raise"", ""raiseTo"": 200}, {""name"": ""pot"", ""kind"": ""raise"", ""raiseTo"": 300}]",raise,200,native accepted action; browser intent/attempt/latency unverified
197,2,wBfpVwodhv7cJY8koFSb7hrB,flop,"[""Qs"", ""6s""]","[""Qc"", ""Js"", ""Jd""]","[{""name"": ""check"", ""kind"": ""check"", ""raiseTo"": null}, {""name"": ""min"", ""kind"": ""raise"", ""raiseTo"": 100}, {""name"": ""pot"", ""kind"": ""raise"", ""raiseTo"": 400}]",raise,100,native accepted action; browser intent/attempt/latency unverified
197,3,wBfpVwodhv7cJY8koFSb7hrB,flop,"[""Qs"", ""6s""]","[""Qc"", ""Js"", ""Jd""]","[{""name"": ""fold"", ""kind"": ""fold"", ""raiseTo"": null}, {""name"": ""call"", ""kind"": ""call"", ""raiseTo"": null}, {""name"": ""min"", ""kind"": ""raise"", ""raiseTo"": 300}, {""name"": ""pot"", ""kind"": ""raise"", ""raiseTo"": 1000}, {""name"": ""jam"", ""kind"": ""raise"", ""raiseTo"": 1800}]",call,,native accepted action; browser intent/attempt/latency unverified
197,4,wBfpVwodhv7cJY8koFSb7hrB,turn,"[""Qs"", ""6s""]","[""Qc"", ""Js"", ""Jd"", ""2c""]","[{""name"": ""fold"", ""kind"": ""fold"", ""raiseTo"": null}, {""name"": ""call"", ""kind"": ""call"", ""raiseTo"": null}, {""name"": ""min"", ""kind"": ""raise"", ""raiseTo"": 1600}]",call,,native accepted action; browser intent/attempt/latency unverified
197,5,wBfpVwodhv7cJY8koFSb7hrB,river,"[""Qs"", ""6s""]","[""Qc"", ""Js"", ""Jd"", ""2c"", ""5d""]","[{""name"": ""fold"", ""kind"": ""fold"", ""raiseTo"": null}, {""name"": ""call"", ""kind"": ""call"", ""raiseTo"": null}, {""name"": ""min"", ""kind"": ""raise"", ""raiseTo"": 200}, {""name"": ""pot"", ""kind"": ""raise"", ""raiseTo"": 800}]",call,,native accepted action; browser intent/attempt/latency unverified
199,1,EcEAs803819rHdYB_jar97u5,preflop,"[""9s"", ""3c""]",[],"[{""name"": ""fold"", ""kind"": ""fold"", ""raiseTo"": null}, {""name"": ""call"", ""kind"": ""call"", ""raiseTo"": null}, {""name"": ""min"", ""kind"": ""raise"", ""raiseTo"": 200}, {""name"": ""pot"", ""kind"": ""raise"", ""raiseTo"": 300}]",raise,200,native accepted action; browser intent/attempt/latency unverified
201,1,I9SaucO7XB3fkQaEaVuN13Er,preflop,"[""4s"", ""2d""]",[],"[{""name"": ""fold"", ""kind"": ""fold"", ""raiseTo"": null}, {""name"": ""call"", ""kind"": ""call"", ""raiseTo"": null}, {""name"": ""min"", ""kind"": ""raise"", ""raiseTo"": 200}, {""name"": ""pot"", ""kind"": ""raise"", ""raiseTo"": 300}]",raise,200,native accepted action; browser intent/attempt/latency unverified
201,2,I9SaucO7XB3fkQaEaVuN13Er,flop,"[""4s"", ""2d""]","[""6c"", ""Kc"", ""3c""]","[{""name"": ""fold"", ""kind"": ""fold"", ""raiseTo"": null}, {""name"": ""call"", ""kind"": ""call"", ""raiseTo"": null}, {""name"": ""min"", ""kind"": ""raise"", ""raiseTo"": 200}, {""name"": ""pot"", ""kind"": ""raise"", ""raiseTo"": 700}]",fold,,native accepted action; browser intent/attempt/latency unverified
202,1,T2g0X2E1Qf0V2B1q0f8aMpFM,preflop,"[""5d"", ""4c""]",[],"[{""name"": ""fold"", ""kind"": ""fold"", ""raiseTo"": null}, {""name"": ""call"", ""kind"": ""call"", ""raiseTo"": null}, {""name"": ""min"", ""kind"": ""raise"", ""raiseTo"": 500}, {""name"": ""pot"", ""kind"": ""raise"", ""raiseTo"": 900}]",fold,,native accepted action; browser intent/attempt/latency unverified
203,1,hY12yXj9nGr8uSVSRiVVm4SP,preflop,"[""7d"", ""4d""]",[],"[{""name"": ""fold"", ""kind"": ""fold"", ""raiseTo"": null}, {""name"": ""call"", ""kind"": ""call"", ""raiseTo"": null}, {""name"": ""min"", ""kind"": ""raise"", ""raiseTo"": 200}, {""name"": ""pot"", ""kind"": ""raise"", ""raiseTo"": 300}]",raise,200,native accepted action; browser intent/attempt/latency unverified
205,1,B5ypEeCHrP9BNyfdRm-BZmom,preflop,"[""6c"", ""2h""]",[],"[{""name"": ""fold"", ""kind"": ""fold"", ""raiseTo"": null}, {""name"": ""call"", ""kind"": ""call"", ""raiseTo"": null}, {""name"": ""min"", ""kind"": ""raise"", ""raiseTo"": 200}, {""name"": ""pot"", ""kind"": ""raise"", ""raiseTo"": 300}]",raise,200,native accepted action; browser intent/attempt/latency unverified
205,2,B5ypEeCHrP9BNyfdRm-BZmom,flop,"[""6c"", ""2h""]","[""Qc"", ""4d"", ""Jc""]","[{""name"": ""check"", ""kind"": ""check"", ""raiseTo"": null}, {""name"": ""min"", ""kind"": ""raise"", ""raiseTo"": 100}, {""name"": ""pot"", ""kind"": ""raise"", ""raiseTo"": 400}]",check,,native accepted action; browser intent/attempt/latency unverified
205,3,B5ypEeCHrP9BNyfdRm-BZmom,turn,"[""6c"", ""2h""]","[""Qc"", ""4d"", ""Jc"", ""3h""]","[{""name"": ""fold"", ""kind"": ""fold"", ""raiseTo"": null}, {""name"": ""call"", ""kind"": ""call"", ""raiseTo"": null}, {""name"": ""min"", ""kind"": ""raise"", ""raiseTo"": 200}, {""name"": ""pot"", ""kind"": ""raise"", ""raiseTo"": 700}]",call,,native accepted action; browser intent/attempt/latency unverified
205,4,B5ypEeCHrP9BNyfdRm-BZmom,river,"[""6c"", ""2h""]","[""Qc"", ""4d"", ""Jc"", ""3h"", ""Kd""]","[{""name"": ""check"", ""kind"": ""check"", ""raiseTo"": null}, {""name"": ""min"", ""kind"": ""raise"", ""raiseTo"": 100}, {""name"": ""pot"", ""kind"": ""raise"", ""raiseTo"": 600}]",check,,native accepted action; browser intent/attempt/latency unverified
206,1,QF0LA6tUl6h3djolroznopEI,preflop,"[""2c"", ""8h""]",[],"[{""name"": ""check"", ""kind"": ""check"", ""raiseTo"": null}, {""name"": ""min"", ""kind"": ""raise"", ""raiseTo"": 200}, {""name"": ""pot"", ""kind"": ""raise"", ""raiseTo"": 300}]",check,,native accepted action; browser intent/attempt/latency unverified
206,2,QF0LA6tUl6h3djolroznopEI,flop,"[""2c"", ""8h""]","[""4d"", ""Js"", ""6h""]","[{""name"": ""check"", ""kind"": ""check"", ""raiseTo"": null}, {""name"": ""min"", ""kind"": ""raise"", ""raiseTo"": 100}, {""name"": ""pot"", ""kind"": ""raise"", ""raiseTo"": 200}]",check,,native accepted action; browser intent/attempt/latency unverified
206,3,QF0LA6tUl6h3djolroznopEI,turn,"[""2c"", ""8h""]","[""4d"", ""Js"", ""6h"", ""As""]","[{""name"": ""check"", ""kind"": ""check"", ""raiseTo"": null}, {""name"": ""min"", ""kind"": ""raise"", ""raiseTo"": 100}, {""name"": ""pot"", ""kind"": ""raise"", ""raiseTo"": 200}]",check,,native accepted action; browser intent/attempt/latency unverified
206,4,QF0LA6tUl6h3djolroznopEI,river,"[""2c"", ""8h""]","[""4d"", ""Js"", ""6h"", ""As"", ""Jh""]","[{""name"": ""check"", ""kind"": ""check"", ""raiseTo"": null}, {""name"": ""min"", ""kind"": ""raise"", ""raiseTo"": 100}, {""name"": ""pot"", ""kind"": ""raise"", ""raiseTo"": 200}]",raise,100,native accepted action; browser intent/attempt/latency unverified
207,1,s219ByISnMkOGlKo4K5U2_TK,preflop,"[""4h"", ""6d""]",[],"[{""name"": ""fold"", ""kind"": ""fold"", ""raiseTo"": null}, {""name"": ""call"", ""kind"": ""call"", ""raiseTo"": null}, {""name"": ""min"", ""kind"": ""raise"", ""raiseTo"": 200}, {""name"": ""pot"", ""kind"": ""raise"", ""raiseTo"": 300}]",raise,200,native accepted action; browser intent/attempt/latency unverified
207,2,s219ByISnMkOGlKo4K5U2_TK,preflop,"[""4h"", ""6d""]",[],"[{""name"": ""fold"", ""kind"": ""fold"", ""raiseTo"": null}, {""name"": ""call"", ""kind"": ""call"", ""raiseTo"": null}, {""name"": ""min"", ""kind"": ""raise"", ""raiseTo"": 1000}, {""name"": ""pot"", ""kind"": ""raise"", ""raiseTo"": 1800}, {""name"": ""jam"", ""kind"": ""raise"", ""raiseTo"": 2000}]",fold,,native accepted action; browser intent/attempt/latency unverified
209,1,P5-yHo-1IYwQxolfKMqhbKzZ,preflop,"[""Kc"", ""3d""]",[],"[{""name"": ""fold"", ""kind"": ""fold"", ""raiseTo"": null}, {""name"": ""call"", ""kind"": ""call"", ""raiseTo"": null}, {""name"": ""min"", ""kind"": ""raise"", ""raiseTo"": 200}, {""name"": ""pot"", ""kind"": ""raise"", ""raiseTo"": 300}]",raise,200,native accepted action; browser intent/attempt/latency unverified
210,1,ETeHcxBtOYZbtaYSqA-yUFS4,preflop,"[""9c"", ""5h""]",[],"[{""name"": ""fold"", ""kind"": ""fold"", ""raiseTo"": null}, {""name"": ""call"", ""kind"": ""call"", ""raiseTo"": null}, {""name"": ""min"", ""kind"": ""raise"", ""raiseTo"": 500}, {""name"": ""pot"", ""kind"": ""raise"", ""raiseTo"": 900}]",fold,,native accepted action; browser intent/attempt/latency unverified
211,1,g37hEjn53ak9-OVUvqM7JnSA,preflop,"[""7c"", ""Ts""]",[],"[{""name"": ""fold"", ""kind"": ""fold"", ""raiseTo"": null}, {""name"": ""call"", ""kind"": ""call"", ""raiseTo"": null}, {""name"": ""min"", ""kind"": ""raise"", ""raiseTo"": 200}, {""name"": ""pot"", ""kind"": ""raise"", ""raiseTo"": 300}]",raise,200,native accepted action; browser intent/attempt/latency unverified
213,1,IVFRGPD0hhv4ygZFZsRj6Hpf,preflop,"[""9h"", ""5s""]",[],"[{""name"": ""fold"", ""kind"": ""fold"", ""raiseTo"": null}, {""name"": ""call"", ""kind"": ""call"", ""raiseTo"": null}, {""name"": ""min"", ""kind"": ""raise"", ""raiseTo"": 200}, {""name"": ""pot"", ""kind"": ""raise"", ""raiseTo"": 300}]",raise,200,native accepted action; browser intent/attempt/latency unverified
213,2,IVFRGPD0hhv4ygZFZsRj6Hpf,flop,"[""9h"", ""5s""]","[""6d"", ""2s"", ""Ah""]","[{""name"": ""check"", ""kind"": ""check"", ""raiseTo"": null}, {""name"": ""min"", ""kind"": ""raise"", ""raiseTo"": 100}, {""name"": ""pot"", ""kind"": ""raise"", ""raiseTo"": 400}]",raise,100,native accepted action; browser intent/attempt/latency unverified
214,1,VdpMpoyFy0gL0Z80wf6XNpVC,preflop,"[""2h"", ""7h""]",[],"[{""name"": ""check"", ""kind"": ""check"", ""raiseTo"": null}, {""name"": ""min"", ""kind"": ""raise"", ""raiseTo"": 200}, {""name"": ""pot"", ""kind"": ""raise"", ""raiseTo"": 300}]",check,,native accepted action; browser intent/attempt/latency unverified
214,2,VdpMpoyFy0gL0Z80wf6XNpVC,flop,"[""2h"", ""7h""]","[""2s"", ""Ad"", ""5d""]","[{""name"": ""check"", ""kind"": ""check"", ""raiseTo"": null}, {""name"": ""min"", ""kind"": ""raise"", ""raiseTo"": 100}, {""name"": ""pot"", ""kind"": ""raise"", ""raiseTo"": 200}]",check,,native accepted action; browser intent/attempt/latency unverified
214,3,VdpMpoyFy0gL0Z80wf6XNpVC,flop,"[""2h"", ""7h""]","[""2s"", ""Ad"", ""5d""]","[{""name"": ""fold"", ""kind"": ""fold"", ""raiseTo"": null}, {""name"": ""call"", ""kind"": ""call"", ""raiseTo"": null}, {""name"": ""min"", ""kind"": ""raise"", ""raiseTo"": 200}, {""name"": ""pot"", ""kind"": ""raise"", ""raiseTo"": 500}]",call,,native accepted action; browser intent/attempt/latency unverified
214,4,VdpMpoyFy0gL0Z80wf6XNpVC,turn,"[""2h"", ""7h""]","[""2s"", ""Ad"", ""5d"", ""2c""]","[{""name"": ""check"", ""kind"": ""check"", ""raiseTo"": null}, {""name"": ""min"", ""kind"": ""raise"", ""raiseTo"": 100}, {""name"": ""pot"", ""kind"": ""raise"", ""raiseTo"": 400}]",raise,100,native accepted action; browser intent/attempt/latency unverified
215,1,U1bsvKYzHaLP9MvhSZw34rBl,preflop,"[""Th"", ""7s""]",[],"[{""name"": ""fold"", ""kind"": ""fold"", ""raiseTo"": null}, {""name"": ""call"", ""kind"": ""call"", ""raiseTo"": null}, {""name"": ""min"", ""kind"": ""raise"", ""raiseTo"": 200}, {""name"": ""pot"", ""kind"": ""raise"", ""raiseTo"": 300}]",raise,200,native accepted action; browser intent/attempt/latency unverified
217,1,4Gpqq7mDWEDzXmSpCwV4RCQp,preflop,"[""9s"", ""Jh""]",[],"[{""name"": ""fold"", ""kind"": ""fold"", ""raiseTo"": null}, {""name"": ""call"", ""kind"": ""call"", ""raiseTo"": null}, {""name"": ""min"", ""kind"": ""raise"", ""raiseTo"": 200}, {""name"": ""pot"", ""kind"": ""raise"", ""raiseTo"": 300}]",raise,200,native accepted action; browser intent/attempt/latency unverified
217,2,4Gpqq7mDWEDzXmSpCwV4RCQp,flop,"[""9s"", ""Jh""]","[""Kd"", ""2s"", ""Jc""]","[{""name"": ""check"", ""kind"": ""check"", ""raiseTo"": null}, {""name"": ""min"", ""kind"": ""raise"", ""raiseTo"": 100}, {""name"": ""pot"", ""kind"": ""raise"", ""raiseTo"": 400}]",check,,native accepted action; browser intent/attempt/latency unverified
217,3,4Gpqq7mDWEDzXmSpCwV4RCQp,turn,"[""9s"", ""Jh""]","[""Kd"", ""2s"", ""Jc"", ""Ac""]","[{""name"": ""fold"", ""kind"": ""fold"", ""raiseTo"": null}, {""name"": ""call"", ""kind"": ""call"", ""raiseTo"": null}, {""name"": ""min"", ""kind"": ""raise"", ""raiseTo"": 800}, {""name"": ""pot"", ""kind"": ""raise"", ""raiseTo"": 1600}, {""name"": ""jam"", ""kind"": ""raise"", ""raiseTo"": 1800}]",fold,,native accepted action; browser intent/attempt/latency unverified
218,1,8c_XXV3ZWiXlF4Na6ILVTS-F,preflop,"[""Kh"", ""4c""]",[],"[{""name"": ""fold"", ""kind"": ""fold"", ""raiseTo"": null}, {""name"": ""call"", ""kind"": ""call"", ""raiseTo"": null}, {""name"": ""min"", ""kind"": ""raise"", ""raiseTo"": 300}, {""name"": ""pot"", ""kind"": ""raise"", ""raiseTo"": 600}]",call,,native accepted action; browser intent/attempt/latency unverified
218,2,8c_XXV3ZWiXlF4Na6ILVTS-F,flop,"[""Kh"", ""4c""]","[""Ad"", ""3h"", ""9s""]","[{""name"": ""check"", ""kind"": ""check"", ""raiseTo"": null}, {""name"": ""min"", ""kind"": ""raise"", ""raiseTo"": 100}, {""name"": ""pot"", ""kind"": ""raise"", ""raiseTo"": 400}]",check,,native accepted action; browser intent/attempt/latency unverified
218,3,8c_XXV3ZWiXlF4Na6ILVTS-F,turn,"[""Kh"", ""4c""]","[""Ad"", ""3h"", ""9s"", ""6h""]","[{""name"": ""check"", ""kind"": ""check"", ""raiseTo"": null}, {""name"": ""min"", ""kind"": ""raise"", ""raiseTo"": 100}, {""name"": ""pot"", ""kind"": ""raise"", ""raiseTo"": 400}]",check,,native accepted action; browser intent/attempt/latency unverified
218,4,8c_XXV3ZWiXlF4Na6ILVTS-F,river,"[""Kh"", ""4c""]","[""Ad"", ""3h"", ""9s"", ""6h"", ""7c""]","[{""name"": ""check"", ""kind"": ""check"", ""raiseTo"": null}, {""name"": ""min"", ""kind"": ""raise"", ""raiseTo"": 100}, {""name"": ""pot"", ""kind"": ""raise"", ""raiseTo"": 400}]",check,,native accepted action; browser intent/attempt/latency unverified
218,5,8c_XXV3ZWiXlF4Na6ILVTS-F,river,"[""Kh"", ""4c""]","[""Ad"", ""3h"", ""9s"", ""6h"", ""7c""]","[{""name"": ""fold"", ""kind"": ""fold"", ""raiseTo"": null}, {""name"": ""call"", ""kind"": ""call"", ""raiseTo"": null}, {""name"": ""min"", ""kind"": ""raise"", ""raiseTo"": 800}, {""name"": ""pot"", ""kind"": ""raise"", ""raiseTo"": 1600}, {""name"": ""jam"", ""kind"": ""raise"", ""raiseTo"": 1800}]",fold,,native accepted action; browser intent/attempt/latency unverified
219,1,9V83ty82SRgBbVMLpaAd-2z_,preflop,"[""5d"", ""3h""]",[],"[{""name"": ""fold"", ""kind"": ""fold"", ""raiseTo"": null}, {""name"": ""call"", ""kind"": ""call"", ""raiseTo"": null}, {""name"": ""min"", ""kind"": ""raise"", ""raiseTo"": 200}, {""name"": ""pot"", ""kind"": ""raise"", ""raiseTo"": 300}]",raise,200,native accepted action; browser intent/attempt/latency unverified
219,2,9V83ty82SRgBbVMLpaAd-2z_,flop,"[""5d"", ""3h""]","[""Tc"", ""8c"", ""5s""]","[{""name"": ""fold"", ""kind"": ""fold"", ""raiseTo"": null}, {""name"": ""call"", ""kind"": ""call"", ""raiseTo"": null}, {""name"": ""min"", ""kind"": ""raise"", ""raiseTo"": 200}, {""name"": ""pot"", ""kind"": ""raise"", ""raiseTo"": 700}]",call,,native accepted action; browser intent/attempt/latency unverified
219,3,9V83ty82SRgBbVMLpaAd-2z_,turn,"[""5d"", ""3h""]","[""Tc"", ""8c"", ""5s"", ""7s""]","[{""name"": ""check"", ""kind"": ""check"", ""raiseTo"": null}, {""name"": ""min"", ""kind"": ""raise"", ""raiseTo"": 100}, {""name"": ""pot"", ""kind"": ""raise"", ""raiseTo"": 600}]",raise,100,native accepted action; browser intent/attempt/latency unverified
219,4,9V83ty82SRgBbVMLpaAd-2z_,river,"[""5d"", ""3h""]","[""Tc"", ""8c"", ""5s"", ""7s"", ""5c""]","[{""name"": ""fold"", ""kind"": ""fold"", ""raiseTo"": null}, {""name"": ""call"", ""kind"": ""call"", ""raiseTo"": null}, {""name"": ""min"", ""kind"": ""raise"", ""raiseTo"": 200}, {""name"": ""pot"", ""kind"": ""raise"", ""raiseTo"": 1100}, {""name"": ""jam"", ""kind"": ""raise"", ""raiseTo"": 1600}]",call,,native accepted action; browser intent/attempt/latency unverified
220,1,WBIyoXCVWuTgaOOPYe5efeFQ,preflop,"[""9h"", ""Js""]",[],"[{""name"": ""fold"", ""kind"": ""fold"", ""raiseTo"": null}, {""name"": ""call"", ""kind"": ""call"", ""raiseTo"": null}, {""name"": ""min"", ""kind"": ""raise"", ""raiseTo"": 300}, {""name"": ""pot"", ""kind"": ""raise"", ""raiseTo"": 600}]",call,,native accepted action; browser intent/attempt/latency unverified
220,2,WBIyoXCVWuTgaOOPYe5efeFQ,flop,"[""9h"", ""Js""]","[""Jd"", ""6d"", ""9c""]","[{""name"": ""check"", ""kind"": ""check"", ""raiseTo"": null}, {""name"": ""min"", ""kind"": ""raise"", ""raiseTo"": 100}, {""name"": ""pot"", ""kind"": ""raise"", ""raiseTo"": 400}]",raise,400,native accepted action; browser intent/attempt/latency unverified
221,1,ExwyfdMXL9zVsufN_3dwfcSb,preflop,"[""9s"", ""3c""]",[],"[{""name"": ""fold"", ""kind"": ""fold"", ""raiseTo"": null}, {""name"": ""call"", ""kind"": ""call"", ""raiseTo"": null}, {""name"": ""min"", ""kind"": ""raise"", ""raiseTo"": 200}, {""name"": ""pot"", ""kind"": ""raise"", ""raiseTo"": 300}]",raise,200,native accepted action; browser intent/attempt/latency unverified
221,2,ExwyfdMXL9zVsufN_3dwfcSb,flop,"[""9s"", ""3c""]","[""Ah"", ""Qc"", ""Jd""]","[{""name"": ""fold"", ""kind"": ""fold"", ""raiseTo"": null}, {""name"": ""call"", ""kind"": ""call"", ""raiseTo"": null}, {""name"": ""min"", ""kind"": ""raise"", ""raiseTo"": 200}, {""name"": ""pot"", ""kind"": ""raise"", ""raiseTo"": 700}]",fold,,native accepted action; browser intent/attempt/latency unverified
223,1,fN_0IycQYpjIBaAwB-XCanZD,preflop,"[""Qh"", ""2d""]",[],"[{""name"": ""fold"", ""kind"": ""fold"", ""raiseTo"": null}, {""name"": ""call"", ""kind"": ""call"", ""raiseTo"": null}, {""name"": ""min"", ""kind"": ""raise"", ""raiseTo"": 200}, {""name"": ""pot"", ""kind"": ""raise"", ""raiseTo"": 300}]",raise,200,native accepted action; browser intent/attempt/latency unverified
223,2,fN_0IycQYpjIBaAwB-XCanZD,preflop,"[""Qh"", ""2d""]",[],"[{""name"": ""fold"", ""kind"": ""fold"", ""raiseTo"": null}, {""name"": ""call"", ""kind"": ""call"", ""raiseTo"": null}, {""name"": ""min"", ""kind"": ""raise"", ""raiseTo"": 1000}, {""name"": ""pot"", ""kind"": ""raise"", ""raiseTo"": 1800}, {""name"": ""jam"", ""kind"": ""raise"", ""raiseTo"": 2000}]",fold,,native accepted action; browser intent/attempt/latency unverified
225,1,D_THrWIDgY3847APQ5zsRQ6j,preflop,"[""Qd"", ""2c""]",[],"[{""name"": ""fold"", ""kind"": ""fold"", ""raiseTo"": null}, {""name"": ""call"", ""kind"": ""call"", ""raiseTo"": null}, {""name"": ""min"", ""kind"": ""raise"", ""raiseTo"": 200}, {""name"": ""pot"", ""kind"": ""raise"", ""raiseTo"": 300}]",raise,200,native accepted action; browser intent/attempt/latency unverified
225,2,D_THrWIDgY3847APQ5zsRQ6j,preflop,"[""Qd"", ""2c""]",[],"[{""name"": ""fold"", ""kind"": ""fold"", ""raiseTo"": null}, {""name"": ""call"", ""kind"": ""call"", ""raiseTo"": null}, {""name"": ""min"", ""kind"": ""raise"", ""raiseTo"": 400}, {""name"": ""pot"", ""kind"": ""raise"", ""raiseTo"": 900}]",fold,,native accepted action; browser intent/attempt/latency unverified
227,1,R3qzVT4l3uUkKqXDkzCWq26R,preflop,"[""5c"", ""Kc""]",[],"[{""name"": ""fold"", ""kind"": ""fold"", ""raiseTo"": null}, {""name"": ""call"", ""kind"": ""call"", ""raiseTo"": null}, {""name"": ""min"", ""kind"": ""raise"", ""raiseTo"": 200}, {""name"": ""pot"", ""kind"": ""raise"", ""raiseTo"": 300}]",raise,200,native accepted action; browser intent/attempt/latency unverified
228,1,AewdwS2xLt4z_n99uOQG8WVw,preflop,"[""Jh"", ""5s""]",[],"[{""name"": ""check"", ""kind"": ""check"", ""raiseTo"": null}, {""name"": ""min"", ""kind"": ""raise"", ""raiseTo"": 200}, {""name"": ""pot"", ""kind"": ""raise"", ""raiseTo"": 300}]",check,,native accepted action; browser intent/attempt/latency unverified
228,2,AewdwS2xLt4z_n99uOQG8WVw,flop,"[""Jh"", ""5s""]","[""5h"", ""2c"", ""4d""]","[{""name"": ""check"", ""kind"": ""check"", ""raiseTo"": null}, {""name"": ""min"", ""kind"": ""raise"", ""raiseTo"": 100}, {""name"": ""pot"", ""kind"": ""raise"", ""raiseTo"": 200}]",raise,100,native accepted action; browser intent/attempt/latency unverified
228,3,AewdwS2xLt4z_n99uOQG8WVw,turn,"[""Jh"", ""5s""]","[""5h"", ""2c"", ""4d"", ""As""]","[{""name"": ""check"", ""kind"": ""check"", ""raiseTo"": null}, {""name"": ""min"", ""kind"": ""raise"", ""raiseTo"": 100}, {""name"": ""pot"", ""kind"": ""raise"", ""raiseTo"": 400}]",check,,native accepted action; browser intent/attempt/latency unverified
228,4,AewdwS2xLt4z_n99uOQG8WVw,river,"[""Jh"", ""5s""]","[""5h"", ""2c"", ""4d"", ""As"", ""8c""]","[{""name"": ""check"", ""kind"": ""check"", ""raiseTo"": null}, {""name"": ""min"", ""kind"": ""raise"", ""raiseTo"": 100}, {""name"": ""pot"", ""kind"": ""raise"", ""raiseTo"": 400}]",check,,native accepted action; browser intent/attempt/latency unverified
229,1,ag3LFTaaFBQvNTRqIhfGc1UP,preflop,"[""Th"", ""3h""]",[],"[{""name"": ""fold"", ""kind"": ""fold"", ""raiseTo"": null}, {""name"": ""call"", ""kind"": ""call"", ""raiseTo"": null}, {""name"": ""min"", ""kind"": ""raise"", ""raiseTo"": 200}, {""name"": ""pot"", ""kind"": ""raise"", ""raiseTo"": 300}]",raise,200,native accepted action; browser intent/attempt/latency unverified
229,2,ag3LFTaaFBQvNTRqIhfGc1UP,flop,"[""Th"", ""3h""]","[""Tc"", ""8c"", ""9s""]","[{""name"": ""fold"", ""kind"": ""fold"", ""raiseTo"": null}, {""name"": ""call"", ""kind"": ""call"", ""raiseTo"": null}, {""name"": ""min"", ""kind"": ""raise"", ""raiseTo"": 200}, {""name"": ""pot"", ""kind"": ""raise"", ""raiseTo"": 700}]",call,,native accepted action; browser intent/attempt/latency unverified
229,3,ag3LFTaaFBQvNTRqIhfGc1UP,turn,"[""Th"", ""3h""]","[""Tc"", ""8c"", ""9s"", ""3c""]","[{""name"": ""fold"", ""kind"": ""fold"", ""raiseTo"": null}, {""name"": ""call"", ""kind"": ""call"", ""raiseTo"": null}, {""name"": ""min"", ""kind"": ""raise"", ""raiseTo"": 1200}, {""name"": ""pot"", ""kind"": ""raise"", ""raiseTo"": 1700}]",fold,,native accepted action; browser intent/attempt/latency unverified
230,1,l7KOBZP6u8DogRC-Qd5u0wBF,preflop,"[""7h"", ""2s""]",[],"[{""name"": ""fold"", ""kind"": ""fold"", ""raiseTo"": null}, {""name"": ""call"", ""kind"": ""call"", ""raiseTo"": null}, {""name"": ""min"", ""kind"": ""raise"", ""raiseTo"": 500}, {""name"": ""pot"", ""kind"": ""raise"", ""raiseTo"": 900}]",fold,,native accepted action; browser intent/attempt/latency unverified
231,1,cNtxAyQ9kEx_aJWx76s2A_dZ,preflop,"[""9h"", ""7c""]",[],"[{""name"": ""fold"", ""kind"": ""fold"", ""raiseTo"": null}, {""name"": ""call"", ""kind"": ""call"", ""raiseTo"": null}, {""name"": ""min"", ""kind"": ""raise"", ""raiseTo"": 200}, {""name"": ""pot"", ""kind"": ""raise"", ""raiseTo"": 300}]",raise,200,native accepted action; browser intent/attempt/latency unverified
231,2,cNtxAyQ9kEx_aJWx76s2A_dZ,flop,"[""9h"", ""7c""]","[""8c"", ""9s"", ""8s""]","[{""name"": ""fold"", ""kind"": ""fold"", ""raiseTo"": null}, {""name"": ""call"", ""kind"": ""call"", ""raiseTo"": null}, {""name"": ""min"", ""kind"": ""raise"", ""raiseTo"": 200}, {""name"": ""pot"", ""kind"": ""raise"", ""raiseTo"": 700}]",call,,native accepted action; browser intent/attempt/latency unverified
231,3,cNtxAyQ9kEx_aJWx76s2A_dZ,turn,"[""9h"", ""7c""]","[""8c"", ""9s"", ""8s"", ""Qh""]","[{""name"": ""fold"", ""kind"": ""fold"", ""raiseTo"": null}, {""name"": ""call"", ""kind"": ""call"", ""raiseTo"": null}, {""name"": ""min"", ""kind"": ""raise"", ""raiseTo"": 1200}, {""name"": ""pot"", ""kind"": ""raise"", ""raiseTo"": 1700}]",fold,,native accepted action; browser intent/attempt/latency unverified
232,1,2td_JsPdjRIcuY9E4LjY7bpp,preflop,"[""7h"", ""8s""]",[],"[{""name"": ""check"", ""kind"": ""check"", ""raiseTo"": null}, {""name"": ""min"", ""kind"": ""raise"", ""raiseTo"": 200}, {""name"": ""pot"", ""kind"": ""raise"", ""raiseTo"": 300}]",check,,native accepted action; browser intent/attempt/latency unverified
232,2,2td_JsPdjRIcuY9E4LjY7bpp,flop,"[""7h"", ""8s""]","[""Jc"", ""8c"", ""Jd""]","[{""name"": ""check"", ""kind"": ""check"", ""raiseTo"": null}, {""name"": ""min"", ""kind"": ""raise"", ""raiseTo"": 100}, {""name"": ""pot"", ""kind"": ""raise"", ""raiseTo"": 200}]",check,,native accepted action; browser intent/attempt/latency unverified
232,3,2td_JsPdjRIcuY9E4LjY7bpp,flop,"[""7h"", ""8s""]","[""Jc"", ""8c"", ""Jd""]","[{""name"": ""fold"", ""kind"": ""fold"", ""raiseTo"": null}, {""name"": ""call"", ""kind"": ""call"", ""raiseTo"": null}, {""name"": ""min"", ""kind"": ""raise"", ""raiseTo"": 200}, {""name"": ""pot"", ""kind"": ""raise"", ""raiseTo"": 500}]",call,,native accepted action; browser intent/attempt/latency unverified
232,4,2td_JsPdjRIcuY9E4LjY7bpp,turn,"[""7h"", ""8s""]","[""Jc"", ""8c"", ""Jd"", ""Qs""]","[{""name"": ""check"", ""kind"": ""check"", ""raiseTo"": null}, {""name"": ""min"", ""kind"": ""raise"", ""raiseTo"": 100}, {""name"": ""pot"", ""kind"": ""raise"", ""raiseTo"": 400}]",check,,native accepted action; browser intent/attempt/latency unverified
232,5,2td_JsPdjRIcuY9E4LjY7bpp,river,"[""7h"", ""8s""]","[""Jc"", ""8c"", ""Jd"", ""Qs"", ""4s""]","[{""name"": ""check"", ""kind"": ""check"", ""raiseTo"": null}, {""name"": ""min"", ""kind"": ""raise"", ""raiseTo"": 100}, {""name"": ""pot"", ""kind"": ""raise"", ""raiseTo"": 400}]",check,,native accepted action; browser intent/attempt/latency unverified
232,6,2td_JsPdjRIcuY9E4LjY7bpp,river,"[""7h"", ""8s""]","[""Jc"", ""8c"", ""Jd"", ""Qs"", ""4s""]","[{""name"": ""fold"", ""kind"": ""fold"", ""raiseTo"": null}, {""name"": ""call"", ""kind"": ""call"", ""raiseTo"": null}, {""name"": ""min"", ""kind"": ""raise"", ""raiseTo"": 800}, {""name"": ""pot"", ""kind"": ""raise"", ""raiseTo"": 1600}, {""name"": ""jam"", ""kind"": ""raise"", ""raiseTo"": 1800}]",fold,,native accepted action; browser intent/attempt/latency unverified
233,1,Z_fKnCLqUB9oQBgj1I7Fnnaw,preflop,"[""Tc"", ""6h""]",[],"[{""name"": ""fold"", ""kind"": ""fold"", ""raiseTo"": null}, {""name"": ""call"", ""kind"": ""call"", ""raiseTo"": null}, {""name"": ""min"", ""kind"": ""raise"", ""raiseTo"": 200}, {""name"": ""pot"", ""kind"": ""raise"", ""raiseTo"": 300}]",raise,200,native accepted action; browser intent/attempt/latency unverified
233,2,Z_fKnCLqUB9oQBgj1I7Fnnaw,flop,"[""Tc"", ""6h""]","[""5c"", ""9s"", ""Th""]","[{""name"": ""fold"", ""kind"": ""fold"", ""raiseTo"": null}, {""name"": ""call"", ""kind"": ""call"", ""raiseTo"": null}, {""name"": ""min"", ""kind"": ""raise"", ""raiseTo"": 200}, {""name"": ""pot"", ""kind"": ""raise"", ""raiseTo"": 700}]",call,,native accepted action; browser intent/attempt/latency unverified
233,3,Z_fKnCLqUB9oQBgj1I7Fnnaw,turn,"[""Tc"", ""6h""]","[""5c"", ""9s"", ""Th"", ""Ks""]","[{""name"": ""fold"", ""kind"": ""fold"", ""raiseTo"": null}, {""name"": ""call"", ""kind"": ""call"", ""raiseTo"": null}, {""name"": ""min"", ""kind"": ""raise"", ""raiseTo"": 200}, {""name"": ""pot"", ""kind"": ""raise"", ""raiseTo"": 900}, {""name"": ""jam"", ""kind"": ""raise"", ""raiseTo"": 1700}]",call,,native accepted action; browser intent/attempt/latency unverified
233,4,Z_fKnCLqUB9oQBgj1I7Fnnaw,river,"[""Tc"", ""6h""]","[""5c"", ""9s"", ""Th"", ""Ks"", ""Ad""]","[{""name"": ""fold"", ""kind"": ""fold"", ""raiseTo"": null}, {""name"": ""call"", ""kind"": ""call"", ""raiseTo"": null}, {""name"": ""min"", ""kind"": ""raise"", ""raiseTo"": 200}, {""name"": ""pot"", ""kind"": ""raise"", ""raiseTo"": 1100}, {""name"": ""jam"", ""kind"": ""raise"", ""raiseTo"": 1600}]",call,,native accepted action; browser intent/attempt/latency unverified
234,1,f9bB59C8oQ6VLYU1mh-KgK-W,preflop,"[""Ah"", ""Ad""]",[],"[{""name"": ""fold"", ""kind"": ""fold"", ""raiseTo"": null}, {""name"": ""call"", ""kind"": ""call"", ""raiseTo"": null}, {""name"": ""min"", ""kind"": ""raise"", ""raiseTo"": 500}, {""name"": ""pot"", ""kind"": ""raise"", ""raiseTo"": 900}]",raise,900,native accepted action; browser intent/attempt/latency unverified
234,2,f9bB59C8oQ6VLYU1mh-KgK-W,preflop,"[""Ah"", ""Ad""]",[],"[{""name"": ""fold"", ""kind"": ""fold"", ""raiseTo"": null}, {""name"": ""call"", ""kind"": ""call"", ""raiseTo"": null}]",call,,native accepted action; browser intent/attempt/latency unverified
235,1,iX6jBE91tGBITyLZI7KpDODL,preflop,"[""Qh"", ""Ac""]",[],"[{""name"": ""fold"", ""kind"": ""fold"", ""raiseTo"": null}, {""name"": ""call"", ""kind"": ""call"", ""raiseTo"": null}, {""name"": ""min"", ""kind"": ""raise"", ""raiseTo"": 200}, {""name"": ""pot"", ""kind"": ""raise"", ""raiseTo"": 300}]",raise,200,native accepted action; browser intent/attempt/latency unverified
235,2,iX6jBE91tGBITyLZI7KpDODL,preflop,"[""Qh"", ""Ac""]",[],"[{""name"": ""fold"", ""kind"": ""fold"", ""raiseTo"": null}, {""name"": ""call"", ""kind"": ""call"", ""raiseTo"": null}, {""name"": ""min"", ""kind"": ""raise"", ""raiseTo"": 1000}, {""name"": ""pot"", ""kind"": ""raise"", ""raiseTo"": 1800}, {""name"": ""jam"", ""kind"": ""raise"", ""raiseTo"": 2000}]",raise,2000,native accepted action; browser intent/attempt/latency unverified
236,1,BK8pykVbO_wqXs6WfjNoZX_r,preflop,"[""5h"", ""Qh""]",[],"[{""name"": ""check"", ""kind"": ""check"", ""raiseTo"": null}, {""name"": ""min"", ""kind"": ""raise"", ""raiseTo"": 200}, {""name"": ""pot"", ""kind"": ""raise"", ""raiseTo"": 300}]",check,,native accepted action; browser intent/attempt/latency unverified
236,2,BK8pykVbO_wqXs6WfjNoZX_r,flop,"[""5h"", ""Qh""]","[""Ts"", ""Ks"", ""Td""]","[{""name"": ""check"", ""kind"": ""check"", ""raiseTo"": null}, {""name"": ""min"", ""kind"": ""raise"", ""raiseTo"": 100}, {""name"": ""pot"", ""kind"": ""raise"", ""raiseTo"": 200}]",check,,native accepted action; browser intent/attempt/latency unverified
236,3,BK8pykVbO_wqXs6WfjNoZX_r,flop,"[""5h"", ""Qh""]","[""Ts"", ""Ks"", ""Td""]","[{""name"": ""fold"", ""kind"": ""fold"", ""raiseTo"": null}, {""name"": ""call"", ""kind"": ""call"", ""raiseTo"": null}, {""name"": ""min"", ""kind"": ""raise"", ""raiseTo"": 400}, {""name"": ""pot"", ""kind"": ""raise"", ""raiseTo"": 800}]",fold,,native accepted action; browser intent/attempt/latency unverified
237,1,Rz8NekwCsA6FoRzPKlrZwZG0,preflop,"[""2c"", ""8h""]",[],"[{""name"": ""fold"", ""kind"": ""fold"", ""raiseTo"": null}, {""name"": ""call"", ""kind"": ""call"", ""raiseTo"": null}, {""name"": ""min"", ""kind"": ""raise"", ""raiseTo"": 200}, {""name"": ""pot"", ""kind"": ""raise"", ""raiseTo"": 300}]",raise,200,native accepted action; browser intent/attempt/latency unverified
237,2,Rz8NekwCsA6FoRzPKlrZwZG0,flop,"[""2c"", ""8h""]","[""9d"", ""Kc"", ""As""]","[{""name"": ""fold"", ""kind"": ""fold"", ""raiseTo"": null}, {""name"": ""call"", ""kind"": ""call"", ""raiseTo"": null}, {""name"": ""min"", ""kind"": ""raise"", ""raiseTo"": 200}, {""name"": ""pot"", ""kind"": ""raise"", ""raiseTo"": 700}]",fold,,native accepted action; browser intent/attempt/latency unverified
239,1,ao1dulfgJSBfzZVHBiZKENiS,preflop,"[""Qh"", ""As""]",[],"[{""name"": ""fold"", ""kind"": ""fold"", ""raiseTo"": null}, {""name"": ""call"", ""kind"": ""call"", ""raiseTo"": null}, {""name"": ""min"", ""kind"": ""raise"", ""raiseTo"": 200}, {""name"": ""pot"", ""kind"": ""raise"", ""raiseTo"": 300}]",raise,200,native accepted action; browser intent/attempt/latency unverified
239,2,ao1dulfgJSBfzZVHBiZKENiS,flop,"[""Qh"", ""As""]","[""9d"", ""3d"", ""2h""]","[{""name"": ""fold"", ""kind"": ""fold"", ""raiseTo"": null}, {""name"": ""call"", ""kind"": ""call"", ""raiseTo"": null}, {""name"": ""min"", ""kind"": ""raise"", ""raiseTo"": 200}, {""name"": ""pot"", ""kind"": ""raise"", ""raiseTo"": 700}]",call,,native accepted action; browser intent/attempt/latency unverified
239,3,ao1dulfgJSBfzZVHBiZKENiS,turn,"[""Qh"", ""As""]","[""9d"", ""3d"", ""2h"", ""Jd""]","[{""name"": ""check"", ""kind"": ""check"", ""raiseTo"": null}, {""name"": ""min"", ""kind"": ""raise"", ""raiseTo"": 100}, {""name"": ""pot"", ""kind"": ""raise"", ""raiseTo"": 600}]",check,,native accepted action; browser intent/attempt/latency unverified
239,4,ao1dulfgJSBfzZVHBiZKENiS,river,"[""Qh"", ""As""]","[""9d"", ""3d"", ""2h"", ""Jd"", ""4h""]","[{""name"": ""check"", ""kind"": ""check"", ""raiseTo"": null}, {""name"": ""min"", ""kind"": ""raise"", ""raiseTo"": 100}, {""name"": ""pot"", ""kind"": ""raise"", ""raiseTo"": 600}]",check,,native accepted action; browser intent/attempt/latency unverified
241,1,Bu0RH040PS_WYLiFrVrZRLZd,preflop,"[""Jc"", ""8d""]",[],"[{""name"": ""fold"", ""kind"": ""fold"", ""raiseTo"": null}, {""name"": ""call"", ""kind"": ""call"", ""raiseTo"": null}, {""name"": ""min"", ""kind"": ""raise"", ""raiseTo"": 200}, {""name"": ""pot"", ""kind"": ""raise"", ""raiseTo"": 300}]",raise,200,native accepted action; browser intent/attempt/latency unverified
241,2,Bu0RH040PS_WYLiFrVrZRLZd,flop,"[""Jc"", ""8d""]","[""8c"", ""Jd"", ""4d""]","[{""name"": ""check"", ""kind"": ""check"", ""raiseTo"": null}, {""name"": ""min"", ""kind"": ""raise"", ""raiseTo"": 100}, {""name"": ""pot"", ""kind"": ""raise"", ""raiseTo"": 400}]",raise,400,native accepted action; browser intent/attempt/latency unverified
242,1,MOdGLmsPuldVVrnh8K2lAXiX,preflop,"[""3h"", ""9s""]",[],"[{""name"": ""check"", ""kind"": ""check"", ""raiseTo"": null}, {""name"": ""min"", ""kind"": ""raise"", ""raiseTo"": 200}, {""name"": ""pot"", ""kind"": ""raise"", ""raiseTo"": 300}]",check,,native accepted action; browser intent/attempt/latency unverified
242,2,MOdGLmsPuldVVrnh8K2lAXiX,flop,"[""3h"", ""9s""]","[""Ts"", ""6d"", ""Td""]","[{""name"": ""check"", ""kind"": ""check"", ""raiseTo"": null}, {""name"": ""min"", ""kind"": ""raise"", ""raiseTo"": 100}, {""name"": ""pot"", ""kind"": ""raise"", ""raiseTo"": 200}]",check,,native accepted action; browser intent/attempt/latency unverified
242,3,MOdGLmsPuldVVrnh8K2lAXiX,flop,"[""3h"", ""9s""]","[""Ts"", ""6d"", ""Td""]","[{""name"": ""fold"", ""kind"": ""fold"", ""raiseTo"": null}, {""name"": ""call"", ""kind"": ""call"", ""raiseTo"": null}, {""name"": ""min"", ""kind"": ""raise"", ""raiseTo"": 400}, {""name"": ""pot"", ""kind"": ""raise"", ""raiseTo"": 800}]",fold,,native accepted action; browser intent/attempt/latency unverified
243,1,ED3wk87Jsk7w8tqrP-ZUkJ_f,preflop,"[""3d"", ""Qd""]",[],"[{""name"": ""fold"", ""kind"": ""fold"", ""raiseTo"": null}, {""name"": ""call"", ""kind"": ""call"", ""raiseTo"": null}, {""name"": ""min"", ""kind"": ""raise"", ""raiseTo"": 200}, {""name"": ""pot"", ""kind"": ""raise"", ""raiseTo"": 300}]",raise,200,native accepted action; browser intent/attempt/latency unverified
243,2,ED3wk87Jsk7w8tqrP-ZUkJ_f,preflop,"[""3d"", ""Qd""]",[],"[{""name"": ""fold"", ""kind"": ""fold"", ""raiseTo"": null}, {""name"": ""call"", ""kind"": ""call"", ""raiseTo"": null}, {""name"": ""min"", ""kind"": ""raise"", ""raiseTo"": 1000}, {""name"": ""pot"", ""kind"": ""raise"", ""raiseTo"": 1800}, {""name"": ""jam"", ""kind"": ""raise"", ""raiseTo"": 2000}]",fold,,native accepted action; browser intent/attempt/latency unverified
244,1,tiiJtz2Iid_2TRy7FGqWMjuC,preflop,"[""Ts"", ""4c""]",[],"[{""name"": ""check"", ""kind"": ""check"", ""raiseTo"": null}, {""name"": ""min"", ""kind"": ""raise"", ""raiseTo"": 200}, {""name"": ""pot"", ""kind"": ""raise"", ""raiseTo"": 300}]",check,,native accepted action; browser intent/attempt/latency unverified
244,2,tiiJtz2Iid_2TRy7FGqWMjuC,flop,"[""Ts"", ""4c""]","[""Jc"", ""5d"", ""Kh""]","[{""name"": ""check"", ""kind"": ""check"", ""raiseTo"": null}, {""name"": ""min"", ""kind"": ""raise"", ""raiseTo"": 100}, {""name"": ""pot"", ""kind"": ""raise"", ""raiseTo"": 200}]",check,,native accepted action; browser intent/attempt/latency unverified
244,3,tiiJtz2Iid_2TRy7FGqWMjuC,flop,"[""Ts"", ""4c""]","[""Jc"", ""5d"", ""Kh""]","[{""name"": ""fold"", ""kind"": ""fold"", ""raiseTo"": null}, {""name"": ""call"", ""kind"": ""call"", ""raiseTo"": null}, {""name"": ""min"", ""kind"": ""raise"", ""raiseTo"": 200}, {""name"": ""pot"", ""kind"": ""raise"", ""raiseTo"": 500}]",fold,,native accepted action; browser intent/attempt/latency unverified
245,1,ux5wFzP6qX9IrjHU0Vg8JHWl,preflop,"[""6d"", ""Ks""]",[],"[{""name"": ""fold"", ""kind"": ""fold"", ""raiseTo"": null}, {""name"": ""call"", ""kind"": ""call"", ""raiseTo"": null}, {""name"": ""min"", ""kind"": ""raise"", ""raiseTo"": 200}, {""name"": ""pot"", ""kind"": ""raise"", ""raiseTo"": 300}]",raise,200,native accepted action; browser intent/attempt/latency unverified
246,1,a-hta5hYkbt9GbRA_PwQCkBl,preflop,"[""Kc"", ""Qc""]",[],"[{""name"": ""fold"", ""kind"": ""fold"", ""raiseTo"": null}, {""name"": ""call"", ""kind"": ""call"", ""raiseTo"": null}, {""name"": ""min"", ""kind"": ""raise"", ""raiseTo"": 300}, {""name"": ""pot"", ""kind"": ""raise"", ""raiseTo"": 600}]",raise,600,native accepted action; browser intent/attempt/latency unverified
246,2,a-hta5hYkbt9GbRA_PwQCkBl,preflop,"[""Kc"", ""Qc""]",[],"[{""name"": ""fold"", ""kind"": ""fold"", ""raiseTo"": null}, {""name"": ""call"", ""kind"": ""call"", ""raiseTo"": null}, {""name"": ""min"", ""kind"": ""raise"", ""raiseTo"": 1400}, {""name"": ""pot"", ""kind"": ""raise"", ""raiseTo"": 2000}]",call,,native accepted action; browser intent/attempt/latency unverified
246,3,a-hta5hYkbt9GbRA_PwQCkBl,flop,"[""Kc"", ""Qc""]","[""6s"", ""3c"", ""Tc""]","[{""name"": ""check"", ""kind"": ""check"", ""raiseTo"": null}, {""name"": ""min"", ""kind"": ""raise"", ""raiseTo"": 100}, {""name"": ""pot"", ""kind"": ""raise"", ""raiseTo"": 1000}]",check,,native accepted action; browser intent/attempt/latency unverified
246,4,a-hta5hYkbt9GbRA_PwQCkBl,turn,"[""Kc"", ""Qc""]","[""6s"", ""3c"", ""Tc"", ""Ac""]","[{""name"": ""check"", ""kind"": ""check"", ""raiseTo"": null}, {""name"": ""min"", ""kind"": ""raise"", ""raiseTo"": 100}, {""name"": ""pot"", ""kind"": ""raise"", ""raiseTo"": 1000}]",raise,1000,native accepted action; browser intent/attempt/latency unverified
247,1,gOjXZyOqbweQnSZyv6f9gEKL,preflop,"[""Tc"", ""2h""]",[],"[{""name"": ""fold"", ""kind"": ""fold"", ""raiseTo"": null}, {""name"": ""call"", ""kind"": ""call"", ""raiseTo"": null}, {""name"": ""min"", ""kind"": ""raise"", ""raiseTo"": 200}, {""name"": ""pot"", ""kind"": ""raise"", ""raiseTo"": 300}]",raise,200,native accepted action; browser intent/attempt/latency unverified
248,1,DUG4t1rRo-N4KY0AmEFOUBO2,preflop,"[""Th"", ""6s""]",[],"[{""name"": ""fold"", ""kind"": ""fold"", ""raiseTo"": null}, {""name"": ""call"", ""kind"": ""call"", ""raiseTo"": null}, {""name"": ""min"", ""kind"": ""raise"", ""raiseTo"": 500}, {""name"": ""pot"", ""kind"": ""raise"", ""raiseTo"": 900}]",fold,,native accepted action; browser intent/attempt/latency unverified
249,1,aduAY9mfEZR_5Ggu-jvSW9ZO,preflop,"[""Qd"", ""Qh""]",[],"[{""name"": ""fold"", ""kind"": ""fold"", ""raiseTo"": null}, {""name"": ""call"", ""kind"": ""call"", ""raiseTo"": null}, {""name"": ""min"", ""kind"": ""raise"", ""raiseTo"": 200}, {""name"": ""pot"", ""kind"": ""raise"", ""raiseTo"": 300}]",raise,200,native accepted action; browser intent/attempt/latency unverified
249,2,aduAY9mfEZR_5Ggu-jvSW9ZO,preflop,"[""Qd"", ""Qh""]",[],"[{""name"": ""fold"", ""kind"": ""fold"", ""raiseTo"": null}, {""name"": ""call"", ""kind"": ""call"", ""raiseTo"": null}, {""name"": ""min"", ""kind"": ""raise"", ""raiseTo"": 1000}, {""name"": ""pot"", ""kind"": ""raise"", ""raiseTo"": 1800}, {""name"": ""jam"", ""kind"": ""raise"", ""raiseTo"": 2000}]",raise,2000,native accepted action; browser intent/attempt/latency unverified
250,1,s2u_z7yWftuP1y2cOS0en_nj,preflop,"[""5s"", ""3s""]",[],"[{""name"": ""fold"", ""kind"": ""fold"", ""raiseTo"": null}, {""name"": ""call"", ""kind"": ""call"", ""raiseTo"": null}, {""name"": ""min"", ""kind"": ""raise"", ""raiseTo"": 500}, {""name"": ""pot"", ""kind"": ""raise"", ""raiseTo"": 900}]",fold,,native accepted action; browser intent/attempt/latency unverified
251,1,K_GjYVqjl0eZvJHmhp156BVN,preflop,"[""Tc"", ""Jd""]",[],"[{""name"": ""fold"", ""kind"": ""fold"", ""raiseTo"": null}, {""name"": ""call"", ""kind"": ""call"", ""raiseTo"": null}, {""name"": ""min"", ""kind"": ""raise"", ""raiseTo"": 200}, {""name"": ""pot"", ""kind"": ""raise"", ""raiseTo"": 300}]",raise,200,native accepted action; browser intent/attempt/latency unverified
251,2,K_GjYVqjl0eZvJHmhp156BVN,flop,"[""Tc"", ""Jd""]","[""6s"", ""Qs"", ""9c""]","[{""name"": ""check"", ""kind"": ""check"", ""raiseTo"": null}, {""name"": ""min"", ""kind"": ""raise"", ""raiseTo"": 100}, {""name"": ""pot"", ""kind"": ""raise"", ""raiseTo"": 400}]",raise,100,native accepted action; browser intent/attempt/latency unverified
253,1,30rKcglN3cNVko4hiSPlurYV,preflop,"[""6h"", ""4s""]",[],"[{""name"": ""fold"", ""kind"": ""fold"", ""raiseTo"": null}, {""name"": ""call"", ""kind"": ""call"", ""raiseTo"": null}, {""name"": ""min"", ""kind"": ""raise"", ""raiseTo"": 200}, {""name"": ""pot"", ""kind"": ""raise"", ""raiseTo"": 300}]",raise,200,native accepted action; browser intent/attempt/latency unverified
254,1,rydbL3eGTmXBfZSzeOC-uxhs,preflop,"[""4c"", ""4s""]",[],"[{""name"": ""check"", ""kind"": ""check"", ""raiseTo"": null}, {""name"": ""min"", ""kind"": ""raise"", ""raiseTo"": 200}, {""name"": ""pot"", ""kind"": ""raise"", ""raiseTo"": 300}]",check,,native accepted action; browser intent/attempt/latency unverified
254,2,rydbL3eGTmXBfZSzeOC-uxhs,flop,"[""4c"", ""4s""]","[""7h"", ""6s"", ""3h""]","[{""name"": ""check"", ""kind"": ""check"", ""raiseTo"": null}, {""name"": ""min"", ""kind"": ""raise"", ""raiseTo"": 100}, {""name"": ""pot"", ""kind"": ""raise"", ""raiseTo"": 200}]",check,,native accepted action; browser intent/attempt/latency unverified
254,3,rydbL3eGTmXBfZSzeOC-uxhs,flop,"[""4c"", ""4s""]","[""7h"", ""6s"", ""3h""]","[{""name"": ""fold"", ""kind"": ""fold"", ""raiseTo"": null}, {""name"": ""call"", ""kind"": ""call"", ""raiseTo"": null}, {""name"": ""min"", ""kind"": ""raise"", ""raiseTo"": 400}, {""name"": ""pot"", ""kind"": ""raise"", ""raiseTo"": 800}]",fold,,native accepted action; browser intent/attempt/latency unverified
255,1,aYrN84Wr-dRZ2SG7qxB-uFDD,preflop,"[""4d"", ""6c""]",[],"[{""name"": ""fold"", ""kind"": ""fold"", ""raiseTo"": null}, {""name"": ""call"", ""kind"": ""call"", ""raiseTo"": null}, {""name"": ""min"", ""kind"": ""raise"", ""raiseTo"": 200}, {""name"": ""pot"", ""kind"": ""raise"", ""raiseTo"": 300}]",raise,200,native accepted action; browser intent/attempt/latency unverified
256,1,z__UrHoHxZZdioQmZfQwxtlM,preflop,"[""7h"", ""Ts""]",[],"[{""name"": ""check"", ""kind"": ""check"", ""raiseTo"": null}, {""name"": ""min"", ""kind"": ""raise"", ""raiseTo"": 200}, {""name"": ""pot"", ""kind"": ""raise"", ""raiseTo"": 300}]",check,,native accepted action; browser intent/attempt/latency unverified
256,2,z__UrHoHxZZdioQmZfQwxtlM,flop,"[""7h"", ""Ts""]","[""Th"", ""Jc"", ""Kc""]","[{""name"": ""check"", ""kind"": ""check"", ""raiseTo"": null}, {""name"": ""min"", ""kind"": ""raise"", ""raiseTo"": 100}, {""name"": ""pot"", ""kind"": ""raise"", ""raiseTo"": 200}]",check,,native accepted action; browser intent/attempt/latency unverified
256,3,z__UrHoHxZZdioQmZfQwxtlM,turn,"[""7h"", ""Ts""]","[""Th"", ""Jc"", ""Kc"", ""9c""]","[{""name"": ""check"", ""kind"": ""check"", ""raiseTo"": null}, {""name"": ""min"", ""kind"": ""raise"", ""raiseTo"": 100}, {""name"": ""pot"", ""kind"": ""raise"", ""raiseTo"": 200}]",check,,native accepted action; browser intent/attempt/latency unverified
256,4,z__UrHoHxZZdioQmZfQwxtlM,turn,"[""7h"", ""Ts""]","[""Th"", ""Jc"", ""Kc"", ""9c""]","[{""name"": ""fold"", ""kind"": ""fold"", ""raiseTo"": null}, {""name"": ""call"", ""kind"": ""call"", ""raiseTo"": null}, {""name"": ""min"", ""kind"": ""raise"", ""raiseTo"": 200}, {""name"": ""pot"", ""kind"": ""raise"", ""raiseTo"": 500}]",call,,native accepted action; browser intent/attempt/latency unverified
256,5,z__UrHoHxZZdioQmZfQwxtlM,river,"[""7h"", ""Ts""]","[""Th"", ""Jc"", ""Kc"", ""9c"", ""Ad""]","[{""name"": ""check"", ""kind"": ""check"", ""raiseTo"": null}, {""name"": ""min"", ""kind"": ""raise"", ""raiseTo"": 100}, {""name"": ""pot"", ""kind"": ""raise"", ""raiseTo"": 400}]",check,,native accepted action; browser intent/attempt/latency unverified
257,1,xaAkkxXi11qjgqjf-pIIEfjz,preflop,"[""8c"", ""Qs""]",[],"[{""name"": ""fold"", ""kind"": ""fold"", ""raiseTo"": null}, {""name"": ""call"", ""kind"": ""call"", ""raiseTo"": null}, {""name"": ""min"", ""kind"": ""raise"", ""raiseTo"": 200}, {""name"": ""pot"", ""kind"": ""raise"", ""raiseTo"": 300}]",raise,200,native accepted action; browser intent/attempt/latency unverified
257,2,xaAkkxXi11qjgqjf-pIIEfjz,flop,"[""8c"", ""Qs""]","[""7d"", ""8s"", ""9s""]","[{""name"": ""check"", ""kind"": ""check"", ""raiseTo"": null}, {""name"": ""min"", ""kind"": ""raise"", ""raiseTo"": 100}, {""name"": ""pot"", ""kind"": ""raise"", ""raiseTo"": 400}]",raise,100,native accepted action; browser intent/attempt/latency unverified
257,3,xaAkkxXi11qjgqjf-pIIEfjz,flop,"[""8c"", ""Qs""]","[""7d"", ""8s"", ""9s""]","[{""name"": ""fold"", ""kind"": ""fold"", ""raiseTo"": null}, {""name"": ""call"", ""kind"": ""call"", ""raiseTo"": null}, {""name"": ""min"", ""kind"": ""raise"", ""raiseTo"": 1300}, {""name"": ""pot"", ""kind"": ""raise"", ""raiseTo"": 1800}]",fold,,native accepted action; browser intent/attempt/latency unverified
258,1,2ygByXDJ4M1QYg3gdeOO7Oxv,preflop,"[""As"", ""6h""]",[],"[{""name"": ""fold"", ""kind"": ""fold"", ""raiseTo"": null}, {""name"": ""call"", ""kind"": ""call"", ""raiseTo"": null}, {""name"": ""min"", ""kind"": ""raise"", ""raiseTo"": 300}, {""name"": ""pot"", ""kind"": ""raise"", ""raiseTo"": 600}]",call,,native accepted action; browser intent/attempt/latency unverified
258,2,2ygByXDJ4M1QYg3gdeOO7Oxv,flop,"[""As"", ""6h""]","[""Tc"", ""3h"", ""6d""]","[{""name"": ""check"", ""kind"": ""check"", ""raiseTo"": null}, {""name"": ""min"", ""kind"": ""raise"", ""raiseTo"": 100}, {""name"": ""pot"", ""kind"": ""raise"", ""raiseTo"": 400}]",check,,native accepted action; browser intent/attempt/latency unverified
258,3,2ygByXDJ4M1QYg3gdeOO7Oxv,turn,"[""As"", ""6h""]","[""Tc"", ""3h"", ""6d"", ""3d""]","[{""name"": ""check"", ""kind"": ""check"", ""raiseTo"": null}, {""name"": ""min"", ""kind"": ""raise"", ""raiseTo"": 100}, {""name"": ""pot"", ""kind"": ""raise"", ""raiseTo"": 400}]",check,,native accepted action; browser intent/attempt/latency unverified
258,4,2ygByXDJ4M1QYg3gdeOO7Oxv,river,"[""As"", ""6h""]","[""Tc"", ""3h"", ""6d"", ""3d"", ""Kc""]","[{""name"": ""check"", ""kind"": ""check"", ""raiseTo"": null}, {""name"": ""min"", ""kind"": ""raise"", ""raiseTo"": 100}, {""name"": ""pot"", ""kind"": ""raise"", ""raiseTo"": 400}]",check,,native accepted action; browser intent/attempt/latency unverified
259,1,SZj8vxjTle-ainhtEDLQrjoF,preflop,"[""4c"", ""Ac""]",[],"[{""name"": ""fold"", ""kind"": ""fold"", ""raiseTo"": null}, {""name"": ""call"", ""kind"": ""call"", ""raiseTo"": null}, {""name"": ""min"", ""kind"": ""raise"", ""raiseTo"": 200}, {""name"": ""pot"", ""kind"": ""raise"", ""raiseTo"": 300}]",raise,200,native accepted action; browser intent/attempt/latency unverified
259,2,SZj8vxjTle-ainhtEDLQrjoF,preflop,"[""4c"", ""Ac""]",[],"[{""name"": ""fold"", ""kind"": ""fold"", ""raiseTo"": null}, {""name"": ""call"", ""kind"": ""call"", ""raiseTo"": null}, {""name"": ""min"", ""kind"": ""raise"", ""raiseTo"": 1000}, {""name"": ""pot"", ""kind"": ""raise"", ""raiseTo"": 1800}, {""name"": ""jam"", ""kind"": ""raise"", ""raiseTo"": 2000}]",fold,,native accepted action; browser intent/attempt/latency unverified
260,1,xDYBn4uNmBsXzm7Aou3vksBW,preflop,"[""As"", ""5h""]",[],"[{""name"": ""fold"", ""kind"": ""fold"", ""raiseTo"": null}, {""name"": ""call"", ""kind"": ""call"", ""raiseTo"": null}, {""name"": ""min"", ""kind"": ""raise"", ""raiseTo"": 500}, {""name"": ""pot"", ""kind"": ""raise"", ""raiseTo"": 900}]",call,,native accepted action; browser intent/attempt/latency unverified
260,2,xDYBn4uNmBsXzm7Aou3vksBW,flop,"[""As"", ""5h""]","[""9c"", ""5d"", ""Kc""]","[{""name"": ""check"", ""kind"": ""check"", ""raiseTo"": null}, {""name"": ""min"", ""kind"": ""raise"", ""raiseTo"": 100}, {""name"": ""pot"", ""kind"": ""raise"", ""raiseTo"": 600}]",check,,native accepted action; browser intent/attempt/latency unverified
260,3,xDYBn4uNmBsXzm7Aou3vksBW,turn,"[""As"", ""5h""]","[""9c"", ""5d"", ""Kc"", ""7h""]","[{""name"": ""check"", ""kind"": ""check"", ""raiseTo"": null}, {""name"": ""min"", ""kind"": ""raise"", ""raiseTo"": 100}, {""name"": ""pot"", ""kind"": ""raise"", ""raiseTo"": 600}]",check,,native accepted action; browser intent/attempt/latency unverified
260,4,xDYBn4uNmBsXzm7Aou3vksBW,river,"[""As"", ""5h""]","[""9c"", ""5d"", ""Kc"", ""7h"", ""4c""]","[{""name"": ""check"", ""kind"": ""check"", ""raiseTo"": null}, {""name"": ""min"", ""kind"": ""raise"", ""raiseTo"": 100}, {""name"": ""pot"", ""kind"": ""raise"", ""raiseTo"": 600}]",check,,native accepted action; browser intent/attempt/latency unverified
260,5,xDYBn4uNmBsXzm7Aou3vksBW,river,"[""As"", ""5h""]","[""9c"", ""5d"", ""Kc"", ""7h"", ""4c""]","[{""name"": ""fold"", ""kind"": ""fold"", ""raiseTo"": null}, {""name"": ""call"", ""kind"": ""call"", ""raiseTo"": null}, {""name"": ""min"", ""kind"": ""raise"", ""raiseTo"": 1200}, {""name"": ""pot"", ""kind"": ""raise"", ""raiseTo"": 1700}]",fold,,native accepted action; browser intent/attempt/latency unverified
261,1,bgXML9aPGUzhNDQWJp7TmmyA,preflop,"[""Qc"", ""Qd""]",[],"[{""name"": ""fold"", ""kind"": ""fold"", ""raiseTo"": null}, {""name"": ""call"", ""kind"": ""call"", ""raiseTo"": null}, {""name"": ""min"", ""kind"": ""raise"", ""raiseTo"": 200}, {""name"": ""pot"", ""kind"": ""raise"", ""raiseTo"": 300}]",raise,200,native accepted action; browser intent/attempt/latency unverified
261,2,bgXML9aPGUzhNDQWJp7TmmyA,preflop,"[""Qc"", ""Qd""]",[],"[{""name"": ""fold"", ""kind"": ""fold"", ""raiseTo"": null}, {""name"": ""call"", ""kind"": ""call"", ""raiseTo"": null}, {""name"": ""min"", ""kind"": ""raise"", ""raiseTo"": 400}, {""name"": ""pot"", ""kind"": ""raise"", ""raiseTo"": 900}]",raise,900,native accepted action; browser intent/attempt/latency unverified
262,1,FMzfnx40RNtQkrZMMd9KH25j,preflop,"[""7c"", ""3c""]",[],"[{""name"": ""fold"", ""kind"": ""fold"", ""raiseTo"": null}, {""name"": ""call"", ""kind"": ""call"", ""raiseTo"": null}, {""name"": ""min"", ""kind"": ""raise"", ""raiseTo"": 500}, {""name"": ""pot"", ""kind"": ""raise"", ""raiseTo"": 900}]",fold,,native accepted action; browser intent/attempt/latency unverified
263,1,EhVZe1qm81OtZHqKuzjtdDrM,preflop,"[""Js"", ""Kd""]",[],"[{""name"": ""fold"", ""kind"": ""fold"", ""raiseTo"": null}, {""name"": ""call"", ""kind"": ""call"", ""raiseTo"": null}, {""name"": ""min"", ""kind"": ""raise"", ""raiseTo"": 200}, {""name"": ""pot"", ""kind"": ""raise"", ""raiseTo"": 300}]",raise,200,native accepted action; browser intent/attempt/latency unverified
263,2,EhVZe1qm81OtZHqKuzjtdDrM,flop,"[""Js"", ""Kd""]","[""6h"", ""Ad"", ""4s""]","[{""name"": ""check"", ""kind"": ""check"", ""raiseTo"": null}, {""name"": ""min"", ""kind"": ""raise"", ""raiseTo"": 100}, {""name"": ""pot"", ""kind"": ""raise"", ""raiseTo"": 400}]",check,,native accepted action; browser intent/attempt/latency unverified
263,3,EhVZe1qm81OtZHqKuzjtdDrM,turn,"[""Js"", ""Kd""]","[""6h"", ""Ad"", ""4s"", ""8c""]","[{""name"": ""check"", ""kind"": ""check"", ""raiseTo"": null}, {""name"": ""min"", ""kind"": ""raise"", ""raiseTo"": 100}, {""name"": ""pot"", ""kind"": ""raise"", ""raiseTo"": 400}]",raise,100,native accepted action; browser intent/attempt/latency unverified
264,1,arjuw0Nt8riuvMBA_B7ApYCp,preflop,"[""4d"", ""Jh""]",[],"[{""name"": ""fold"", ""kind"": ""fold"", ""raiseTo"": null}, {""name"": ""call"", ""kind"": ""call"", ""raiseTo"": null}, {""name"": ""min"", ""kind"": ""raise"", ""raiseTo"": 300}, {""name"": ""pot"", ""kind"": ""raise"", ""raiseTo"": 600}]",fold,,native accepted action; browser intent/attempt/latency unverified
265,1,Vd0Th4-lQCLQF_2XSbkeERRg,preflop,"[""7h"", ""Qc""]",[],"[{""name"": ""fold"", ""kind"": ""fold"", ""raiseTo"": null}, {""name"": ""call"", ""kind"": ""call"", ""raiseTo"": null}, {""name"": ""min"", ""kind"": ""raise"", ""raiseTo"": 200}, {""name"": ""pot"", ""kind"": ""raise"", ""raiseTo"": 300}]",raise,200,native accepted action; browser intent/attempt/latency unverified
265,2,Vd0Th4-lQCLQF_2XSbkeERRg,preflop,"[""7h"", ""Qc""]",[],"[{""name"": ""fold"", ""kind"": ""fold"", ""raiseTo"": null}, {""name"": ""call"", ""kind"": ""call"", ""raiseTo"": null}, {""name"": ""min"", ""kind"": ""raise"", ""raiseTo"": 1000}, {""name"": ""pot"", ""kind"": ""raise"", ""raiseTo"": 1800}, {""name"": ""jam"", ""kind"": ""raise"", ""raiseTo"": 2000}]",fold,,native accepted action; browser intent/attempt/latency unverified
266,1,IHaHyrUmMvtc2CraX36hONuV,preflop,"[""Qd"", ""7s""]",[],"[{""name"": ""check"", ""kind"": ""check"", ""raiseTo"": null}, {""name"": ""min"", ""kind"": ""raise"", ""raiseTo"": 200}, {""name"": ""pot"", ""kind"": ""raise"", ""raiseTo"": 300}]",check,,native accepted action; browser intent/attempt/latency unverified
266,2,IHaHyrUmMvtc2CraX36hONuV,flop,"[""Qd"", ""7s""]","[""Tc"", ""3c"", ""2s""]","[{""name"": ""check"", ""kind"": ""check"", ""raiseTo"": null}, {""name"": ""min"", ""kind"": ""raise"", ""raiseTo"": 100}, {""name"": ""pot"", ""kind"": ""raise"", ""raiseTo"": 200}]",check,,native accepted action; browser intent/attempt/latency unverified
266,3,IHaHyrUmMvtc2CraX36hONuV,flop,"[""Qd"", ""7s""]","[""Tc"", ""3c"", ""2s""]","[{""name"": ""fold"", ""kind"": ""fold"", ""raiseTo"": null}, {""name"": ""call"", ""kind"": ""call"", ""raiseTo"": null}, {""name"": ""min"", ""kind"": ""raise"", ""raiseTo"": 400}, {""name"": ""pot"", ""kind"": ""raise"", ""raiseTo"": 800}]",fold,,native accepted action; browser intent/attempt/latency unverified
267,1,CM-sPSiSrzSR1mhSyPjHYM_C,preflop,"[""7s"", ""2s""]",[],"[{""name"": ""fold"", ""kind"": ""fold"", ""raiseTo"": null}, {""name"": ""call"", ""kind"": ""call"", ""raiseTo"": null}, {""name"": ""min"", ""kind"": ""raise"", ""raiseTo"": 200}, {""name"": ""pot"", ""kind"": ""raise"", ""raiseTo"": 300}]",raise,200,native accepted action; browser intent/attempt/latency unverified
268,1,tmo8QOqY9dxxp-jN69cQhx55,preflop,"[""2c"", ""2h""]",[],"[{""name"": ""check"", ""kind"": ""check"", ""raiseTo"": null}, {""name"": ""min"", ""kind"": ""raise"", ""raiseTo"": 200}, {""name"": ""pot"", ""kind"": ""raise"", ""raiseTo"": 300}]",check,,native accepted action; browser intent/attempt/latency unverified
268,2,tmo8QOqY9dxxp-jN69cQhx55,flop,"[""2c"", ""2h""]","[""Qd"", ""4h"", ""2s""]","[{""name"": ""check"", ""kind"": ""check"", ""raiseTo"": null}, {""name"": ""min"", ""kind"": ""raise"", ""raiseTo"": 100}, {""name"": ""pot"", ""kind"": ""raise"", ""raiseTo"": 200}]",raise,100,native accepted action; browser intent/attempt/latency unverified
268,3,tmo8QOqY9dxxp-jN69cQhx55,flop,"[""2c"", ""2h""]","[""Qd"", ""4h"", ""2s""]","[{""name"": ""fold"", ""kind"": ""fold"", ""raiseTo"": null}, {""name"": ""call"", ""kind"": ""call"", ""raiseTo"": null}, {""name"": ""min"", ""kind"": ""raise"", ""raiseTo"": 300}, {""name"": ""pot"", ""kind"": ""raise"", ""raiseTo"": 800}]",call,,native accepted action; browser intent/attempt/latency unverified
268,4,tmo8QOqY9dxxp-jN69cQhx55,turn,"[""2c"", ""2h""]","[""Qd"", ""4h"", ""2s"", ""Jd""]","[{""name"": ""check"", ""kind"": ""check"", ""raiseTo"": null}, {""name"": ""min"", ""kind"": ""raise"", ""raiseTo"": 100}, {""name"": ""pot"", ""kind"": ""raise"", ""raiseTo"": 600}]",raise,600,native accepted action; browser intent/attempt/latency unverified
269,1,XNeotRjpI4geP_Gw6GyBasr3,preflop,"[""3d"", ""6s""]",[],"[{""name"": ""fold"", ""kind"": ""fold"", ""raiseTo"": null}, {""name"": ""call"", ""kind"": ""call"", ""raiseTo"": null}, {""name"": ""min"", ""kind"": ""raise"", ""raiseTo"": 200}, {""name"": ""pot"", ""kind"": ""raise"", ""raiseTo"": 300}]",raise,200,native accepted action; browser intent/attempt/latency unverified
269,2,XNeotRjpI4geP_Gw6GyBasr3,preflop,"[""3d"", ""6s""]",[],"[{""name"": ""fold"", ""kind"": ""fold"", ""raiseTo"": null}, {""name"": ""call"", ""kind"": ""call"", ""raiseTo"": null}, {""name"": ""min"", ""kind"": ""raise"", ""raiseTo"": 1000}, {""name"": ""pot"", ""kind"": ""raise"", ""raiseTo"": 1800}, {""name"": ""jam"", ""kind"": ""raise"", ""raiseTo"": 2000}]",fold,,native accepted action; browser intent/attempt/latency unverified
270,1,4t0r7xrOoT7m5VtJP4kZSX8K,preflop,"[""Qh"", ""Ah""]",[],"[{""name"": ""fold"", ""kind"": ""fold"", ""raiseTo"": null}, {""name"": ""call"", ""kind"": ""call"", ""raiseTo"": null}, {""name"": ""min"", ""kind"": ""raise"", ""raiseTo"": 300}, {""name"": ""pot"", ""kind"": ""raise"", ""raiseTo"": 600}]",raise,600,native accepted action; browser intent/attempt/latency unverified
270,2,4t0r7xrOoT7m5VtJP4kZSX8K,preflop,"[""Qh"", ""Ah""]",[],"[{""name"": ""fold"", ""kind"": ""fold"", ""raiseTo"": null}, {""name"": ""call"", ""kind"": ""call"", ""raiseTo"": null}, {""name"": ""min"", ""kind"": ""raise"", ""raiseTo"": 2000}]",call,,native accepted action; browser intent/attempt/latency unverified
270,3,4t0r7xrOoT7m5VtJP4kZSX8K,flop,"[""Qh"", ""Ah""]","[""Kd"", ""Ks"", ""8d""]","[{""name"": ""check"", ""kind"": ""check"", ""raiseTo"": null}, {""name"": ""min"", ""kind"": ""raise"", ""raiseTo"": 100}, {""name"": ""pot"", ""kind"": ""raise"", ""raiseTo"": 200}]",check,,native accepted action; browser intent/attempt/latency unverified
270,4,4t0r7xrOoT7m5VtJP4kZSX8K,flop,"[""Qh"", ""Ah""]","[""Kd"", ""Ks"", ""8d""]","[{""name"": ""fold"", ""kind"": ""fold"", ""raiseTo"": null}, {""name"": ""call"", ""kind"": ""call"", ""raiseTo"": null}]",call,,native accepted action; browser intent/attempt/latency unverified
271,1,sMOnNstgOyfgTSgpfUWi_tDC,preflop,"[""9c"", ""Jc""]",[],"[{""name"": ""fold"", ""kind"": ""fold"", ""raiseTo"": null}, {""name"": ""call"", ""kind"": ""call"", ""raiseTo"": null}, {""name"": ""min"", ""kind"": ""raise"", ""raiseTo"": 200}, {""name"": ""pot"", ""kind"": ""raise"", ""raiseTo"": 300}]",raise,200,native accepted action; browser intent/attempt/latency unverified
271,2,sMOnNstgOyfgTSgpfUWi_tDC,flop,"[""9c"", ""Jc""]","[""Ad"", ""Ks"", ""3d""]","[{""name"": ""check"", ""kind"": ""check"", ""raiseTo"": null}, {""name"": ""min"", ""kind"": ""raise"", ""raiseTo"": 100}, {""name"": ""pot"", ""kind"": ""raise"", ""raiseTo"": 400}]",check,,native accepted action; browser intent/attempt/latency unverified
271,3,sMOnNstgOyfgTSgpfUWi_tDC,turn,"[""9c"", ""Jc""]","[""Ad"", ""Ks"", ""3d"", ""6c""]","[{""name"": ""check"", ""kind"": ""check"", ""raiseTo"": null}, {""name"": ""min"", ""kind"": ""raise"", ""raiseTo"": 100}, {""name"": ""pot"", ""kind"": ""raise"", ""raiseTo"": 400}]",raise,100,native accepted action; browser intent/attempt/latency unverified
272,1,6xjd0QdsxtXu-H6Gx69FRHBx,preflop,"[""Th"", ""3d""]",[],"[{""name"": ""fold"", ""kind"": ""fold"", ""raiseTo"": null}, {""name"": ""call"", ""kind"": ""call"", ""raiseTo"": null}, {""name"": ""min"", ""kind"": ""raise"", ""raiseTo"": 500}, {""name"": ""pot"", ""kind"": ""raise"", ""raiseTo"": 900}]",fold,,native accepted action; browser intent/attempt/latency unverified
273,1,EJDPRkaOiIp8cmaO1mJAP9cY,preflop,"[""8d"", ""Ad""]",[],"[{""name"": ""fold"", ""kind"": ""fold"", ""raiseTo"": null}, {""name"": ""call"", ""kind"": ""call"", ""raiseTo"": null}, {""name"": ""min"", ""kind"": ""raise"", ""raiseTo"": 200}, {""name"": ""pot"", ""kind"": ""raise"", ""raiseTo"": 300}]",raise,200,native accepted action; browser intent/attempt/latency unverified
273,2,EJDPRkaOiIp8cmaO1mJAP9cY,preflop,"[""8d"", ""Ad""]",[],"[{""name"": ""fold"", ""kind"": ""fold"", ""raiseTo"": null}, {""name"": ""call"", ""kind"": ""call"", ""raiseTo"": null}, {""name"": ""min"", ""kind"": ""raise"", ""raiseTo"": 1000}, {""name"": ""pot"", ""kind"": ""raise"", ""raiseTo"": 1800}, {""name"": ""jam"", ""kind"": ""raise"", ""raiseTo"": 2000}]",call,,native accepted action; browser intent/attempt/latency unverified
273,3,EJDPRkaOiIp8cmaO1mJAP9cY,flop,"[""8d"", ""Ad""]","[""Tc"", ""6s"", ""Ts""]","[{""name"": ""fold"", ""kind"": ""fold"", ""raiseTo"": null}, {""name"": ""call"", ""kind"": ""call"", ""raiseTo"": null}]",fold,,native accepted action; browser intent/attempt/latency unverified
275,1,3eHcuJOacQf8UU9YjhaRe38R,preflop,"[""8d"", ""2h""]",[],"[{""name"": ""fold"", ""kind"": ""fold"", ""raiseTo"": null}, {""name"": ""call"", ""kind"": ""call"", ""raiseTo"": null}, {""name"": ""min"", ""kind"": ""raise"", ""raiseTo"": 200}, {""name"": ""pot"", ""kind"": ""raise"", ""raiseTo"": 300}]",fold,,native accepted action; browser intent/attempt/latency unverified
276,1,I6pFGSpdTT6gy2Vp9ARHeNbm,preflop,"[""9s"", ""Qd""]",[],"[{""name"": ""check"", ""kind"": ""check"", ""raiseTo"": null}, {""name"": ""min"", ""kind"": ""raise"", ""raiseTo"": 200}, {""name"": ""pot"", ""kind"": ""raise"", ""raiseTo"": 300}]",raise,300,native accepted action; browser intent/attempt/latency unverified
276,2,I6pFGSpdTT6gy2Vp9ARHeNbm,flop,"[""9s"", ""Qd""]","[""Ts"", ""5h"", ""Ad""]","[{""name"": ""check"", ""kind"": ""check"", ""raiseTo"": null}, {""name"": ""min"", ""kind"": ""raise"", ""raiseTo"": 100}, {""name"": ""pot"", ""kind"": ""raise"", ""raiseTo"": 600}]",check,,native accepted action; browser intent/attempt/latency unverified
276,3,I6pFGSpdTT6gy2Vp9ARHeNbm,turn,"[""9s"", ""Qd""]","[""Ts"", ""5h"", ""Ad"", ""Qs""]","[{""name"": ""check"", ""kind"": ""check"", ""raiseTo"": null}, {""name"": ""min"", ""kind"": ""raise"", ""raiseTo"": 100}, {""name"": ""pot"", ""kind"": ""raise"", ""raiseTo"": 600}]",raise,100,native accepted action; browser intent/attempt/latency unverified
276,4,I6pFGSpdTT6gy2Vp9ARHeNbm,river,"[""9s"", ""Qd""]","[""Ts"", ""5h"", ""Ad"", ""Qs"", ""Kh""]","[{""name"": ""check"", ""kind"": ""check"", ""raiseTo"": null}, {""name"": ""min"", ""kind"": ""raise"", ""raiseTo"": 100}, {""name"": ""pot"", ""kind"": ""raise"", ""raiseTo"": 800}, {""name"": ""jam"", ""kind"": ""raise"", ""raiseTo"": 1600}]",check,,native accepted action; browser intent/attempt/latency unverified
276,5,I6pFGSpdTT6gy2Vp9ARHeNbm,river,"[""9s"", ""Qd""]","[""Ts"", ""5h"", ""Ad"", ""Qs"", ""Kh""]","[{""name"": ""fold"", ""kind"": ""fold"", ""raiseTo"": null}, {""name"": ""call"", ""kind"": ""call"", ""raiseTo"": null}, {""name"": ""min"", ""kind"": ""raise"", ""raiseTo"": 1600}]",fold,,native accepted action; browser intent/attempt/latency unverified
277,1,ZmHh9LNJYw7lOZXeQom8wBku,preflop,"[""2h"", ""6s""]",[],"[{""name"": ""fold"", ""kind"": ""fold"", ""raiseTo"": null}, {""name"": ""call"", ""kind"": ""call"", ""raiseTo"": null}, {""name"": ""min"", ""kind"": ""raise"", ""raiseTo"": 200}, {""name"": ""pot"", ""kind"": ""raise"", ""raiseTo"": 300}]",fold,,native accepted action; browser intent/attempt/latency unverified
278,1,lzjj6ABbomi0TB5h_Bc_791T,preflop,"[""5s"", ""2s""]",[],"[{""name"": ""fold"", ""kind"": ""fold"", ""raiseTo"": null}, {""name"": ""call"", ""kind"": ""call"", ""raiseTo"": null}, {""name"": ""min"", ""kind"": ""raise"", ""raiseTo"": 300}, {""name"": ""pot"", ""kind"": ""raise"", ""raiseTo"": 600}]",call,,native accepted action; browser intent/attempt/latency unverified
278,2,lzjj6ABbomi0TB5h_Bc_791T,flop,"[""5s"", ""2s""]","[""7c"", ""9d"", ""4c""]","[{""name"": ""check"", ""kind"": ""check"", ""raiseTo"": null}, {""name"": ""min"", ""kind"": ""raise"", ""raiseTo"": 100}, {""name"": ""pot"", ""kind"": ""raise"", ""raiseTo"": 400}]",check,,native accepted action; browser intent/attempt/latency unverified
278,3,lzjj6ABbomi0TB5h_Bc_791T,turn,"[""5s"", ""2s""]","[""7c"", ""9d"", ""4c"", ""6s""]","[{""name"": ""check"", ""kind"": ""check"", ""raiseTo"": null}, {""name"": ""min"", ""kind"": ""raise"", ""raiseTo"": 100}, {""name"": ""pot"", ""kind"": ""raise"", ""raiseTo"": 400}]",raise,100,native accepted action; browser intent/attempt/latency unverified
278,4,lzjj6ABbomi0TB5h_Bc_791T,river,"[""5s"", ""2s""]","[""7c"", ""9d"", ""4c"", ""6s"", ""Ac""]","[{""name"": ""check"", ""kind"": ""check"", ""raiseTo"": null}, {""name"": ""min"", ""kind"": ""raise"", ""raiseTo"": 100}, {""name"": ""pot"", ""kind"": ""raise"", ""raiseTo"": 600}]",check,,native accepted action; browser intent/attempt/latency unverified
279,1,GOikJDhcRhyP4PHlOy0XU7oL,preflop,"[""As"", ""9s""]",[],"[{""name"": ""fold"", ""kind"": ""fold"", ""raiseTo"": null}, {""name"": ""call"", ""kind"": ""call"", ""raiseTo"": null}, {""name"": ""min"", ""kind"": ""raise"", ""raiseTo"": 200}, {""name"": ""pot"", ""kind"": ""raise"", ""raiseTo"": 300}]",raise,300,native accepted action; browser intent/attempt/latency unverified
279,2,GOikJDhcRhyP4PHlOy0XU7oL,preflop,"[""As"", ""9s""]",[],"[{""name"": ""fold"", ""kind"": ""fold"", ""raiseTo"": null}, {""name"": ""call"", ""kind"": ""call"", ""raiseTo"": null}, {""name"": ""min"", ""kind"": ""raise"", ""raiseTo"": 1500}, {""name"": ""pot"", ""kind"": ""raise"", ""raiseTo"": 2000}]",call,,native accepted action; browser intent/attempt/latency unverified
279,3,GOikJDhcRhyP4PHlOy0XU7oL,flop,"[""As"", ""9s""]","[""Kh"", ""8d"", ""2h""]","[{""name"": ""check"", ""kind"": ""check"", ""raiseTo"": null}, {""name"": ""min"", ""kind"": ""raise"", ""raiseTo"": 100}, {""name"": ""pot"", ""kind"": ""raise"", ""raiseTo"": 1100}]",check,,native accepted action; browser intent/attempt/latency unverified
279,4,GOikJDhcRhyP4PHlOy0XU7oL,turn,"[""As"", ""9s""]","[""Kh"", ""8d"", ""2h"", ""9c""]","[{""name"": ""fold"", ""kind"": ""fold"", ""raiseTo"": null}, {""name"": ""call"", ""kind"": ""call"", ""raiseTo"": null}]",fold,,native accepted action; browser intent/attempt/latency unverified
280,1,O1HrKX75HJa-1lVNOzB0QV7j,preflop,"[""9h"", ""5s""]",[],"[{""name"": ""check"", ""kind"": ""check"", ""raiseTo"": null}, {""name"": ""min"", ""kind"": ""raise"", ""raiseTo"": 200}, {""name"": ""pot"", ""kind"": ""raise"", ""raiseTo"": 300}]",check,,native accepted action; browser intent/attempt/latency unverified
280,2,O1HrKX75HJa-1lVNOzB0QV7j,flop,"[""9h"", ""5s""]","[""2s"", ""Qd"", ""8s""]","[{""name"": ""check"", ""kind"": ""check"", ""raiseTo"": null}, {""name"": ""min"", ""kind"": ""raise"", ""raiseTo"": 100}, {""name"": ""pot"", ""kind"": ""raise"", ""raiseTo"": 200}]",check,,native accepted action; browser intent/attempt/latency unverified
280,3,O1HrKX75HJa-1lVNOzB0QV7j,flop,"[""9h"", ""5s""]","[""2s"", ""Qd"", ""8s""]","[{""name"": ""fold"", ""kind"": ""fold"", ""raiseTo"": null}, {""name"": ""call"", ""kind"": ""call"", ""raiseTo"": null}, {""name"": ""min"", ""kind"": ""raise"", ""raiseTo"": 200}, {""name"": ""pot"", ""kind"": ""raise"", ""raiseTo"": 500}]",call,,native accepted action; browser intent/attempt/latency unverified
280,4,O1HrKX75HJa-1lVNOzB0QV7j,turn,"[""9h"", ""5s""]","[""2s"", ""Qd"", ""8s"", ""3d""]","[{""name"": ""check"", ""kind"": ""check"", ""raiseTo"": null}, {""name"": ""min"", ""kind"": ""raise"", ""raiseTo"": 100}, {""name"": ""pot"", ""kind"": ""raise"", ""raiseTo"": 400}]",check,,native accepted action; browser intent/attempt/latency unverified
280,5,O1HrKX75HJa-1lVNOzB0QV7j,river,"[""9h"", ""5s""]","[""2s"", ""Qd"", ""8s"", ""3d"", ""Qs""]","[{""name"": ""check"", ""kind"": ""check"", ""raiseTo"": null}, {""name"": ""min"", ""kind"": ""raise"", ""raiseTo"": 100}, {""name"": ""pot"", ""kind"": ""raise"", ""raiseTo"": 400}]",raise,100,native accepted action; browser intent/attempt/latency unverified
281,1,KdIdUk23PQt9d1FpN-6vLPiZ,preflop,"[""Jc"", ""2d""]",[],"[{""name"": ""fold"", ""kind"": ""fold"", ""raiseTo"": null}, {""name"": ""call"", ""kind"": ""call"", ""raiseTo"": null}, {""name"": ""min"", ""kind"": ""raise"", ""raiseTo"": 200}, {""name"": ""pot"", ""kind"": ""raise"", ""raiseTo"": 300}]",raise,200,native accepted action; browser intent/attempt/latency unverified
283,1,vDK6t1vDm5ks73da4NujC3q5,preflop,"[""Jc"", ""Th""]",[],"[{""name"": ""fold"", ""kind"": ""fold"", ""raiseTo"": null}, {""name"": ""call"", ""kind"": ""call"", ""raiseTo"": null}, {""name"": ""min"", ""kind"": ""raise"", ""raiseTo"": 200}, {""name"": ""pot"", ""kind"": ""raise"", ""raiseTo"": 300}]",raise,300,native accepted action; browser intent/attempt/latency unverified
284,1,5dn1vHtxVjbrabt68PQIIFnT,preflop,"[""Kd"", ""3h""]",[],"[{""name"": ""check"", ""kind"": ""check"", ""raiseTo"": null}, {""name"": ""min"", ""kind"": ""raise"", ""raiseTo"": 200}, {""name"": ""pot"", ""kind"": ""raise"", ""raiseTo"": 300}]",check,,native accepted action; browser intent/attempt/latency unverified
284,2,5dn1vHtxVjbrabt68PQIIFnT,flop,"[""Kd"", ""3h""]","[""Qc"", ""Kh"", ""6d""]","[{""name"": ""check"", ""kind"": ""check"", ""raiseTo"": null}, {""name"": ""min"", ""kind"": ""raise"", ""raiseTo"": 100}, {""name"": ""pot"", ""kind"": ""raise"", ""raiseTo"": 200}]",raise,100,native accepted action; browser intent/attempt/latency unverified
284,3,5dn1vHtxVjbrabt68PQIIFnT,turn,"[""Kd"", ""3h""]","[""Qc"", ""Kh"", ""6d"", ""Qd""]","[{""name"": ""check"", ""kind"": ""check"", ""raiseTo"": null}, {""name"": ""min"", ""kind"": ""raise"", ""raiseTo"": 100}, {""name"": ""pot"", ""kind"": ""raise"", ""raiseTo"": 400}]",check,,native accepted action; browser intent/attempt/latency unverified
284,4,5dn1vHtxVjbrabt68PQIIFnT,river,"[""Kd"", ""3h""]","[""Qc"", ""Kh"", ""6d"", ""Qd"", ""2c""]","[{""name"": ""check"", ""kind"": ""check"", ""raiseTo"": null}, {""name"": ""min"", ""kind"": ""raise"", ""raiseTo"": 100}, {""name"": ""pot"", ""kind"": ""raise"", ""raiseTo"": 400}]",raise,100,native accepted action; browser intent/attempt/latency unverified
285,1,EOsd3y4H6HeheklgSamwYk-I,preflop,"[""Jd"", ""Kh""]",[],"[{""name"": ""fold"", ""kind"": ""fold"", ""raiseTo"": null}, {""name"": ""call"", ""kind"": ""call"", ""raiseTo"": null}, {""name"": ""min"", ""kind"": ""raise"", ""raiseTo"": 200}, {""name"": ""pot"", ""kind"": ""raise"", ""raiseTo"": 300}]",raise,300,native accepted action; browser intent/attempt/latency unverified
285,2,EOsd3y4H6HeheklgSamwYk-I,preflop,"[""Jd"", ""Kh""]",[],"[{""name"": ""fold"", ""kind"": ""fold"", ""raiseTo"": null}, {""name"": ""call"", ""kind"": ""call"", ""raiseTo"": null}, {""name"": ""min"", ""kind"": ""raise"", ""raiseTo"": 700}, {""name"": ""pot"", ""kind"": ""raise"", ""raiseTo"": 1500}, {""name"": ""jam"", ""kind"": ""raise"", ""raiseTo"": 2000}]",call,,native accepted action; browser intent/attempt/latency unverified
285,3,EOsd3y4H6HeheklgSamwYk-I,flop,"[""Jd"", ""Kh""]","[""7s"", ""2d"", ""Qs""]","[{""name"": ""check"", ""kind"": ""check"", ""raiseTo"": null}, {""name"": ""min"", ""kind"": ""raise"", ""raiseTo"": 100}, {""name"": ""pot"", ""kind"": ""raise"", ""raiseTo"": 1000}, {""name"": ""jam"", ""kind"": ""raise"", ""raiseTo"": 1500}]",check,,native accepted action; browser intent/attempt/latency unverified
285,4,EOsd3y4H6HeheklgSamwYk-I,turn,"[""Jd"", ""Kh""]","[""7s"", ""2d"", ""Qs"", ""6s""]","[{""name"": ""fold"", ""kind"": ""fold"", ""raiseTo"": null}, {""name"": ""call"", ""kind"": ""call"", ""raiseTo"": null}, {""name"": ""min"", ""kind"": ""raise"", ""raiseTo"": 1500}]",fold,,native accepted action; browser intent/attempt/latency unverified
286,1,2NwhlhfGR66DYy8mwyugnD_k,preflop,"[""Js"", ""Jc""]",[],"[{""name"": ""fold"", ""kind"": ""fold"", ""raiseTo"": null}, {""name"": ""call"", ""kind"": ""call"", ""raiseTo"": null}, {""name"": ""min"", ""kind"": ""raise"", ""raiseTo"": 300}, {""name"": ""pot"", ""kind"": ""raise"", ""raiseTo"": 600}]",raise,600,native accepted action; browser intent/attempt/latency unverified
286,2,2NwhlhfGR66DYy8mwyugnD_k,flop,"[""Js"", ""Jc""]","[""2h"", ""Qh"", ""5h""]","[{""name"": ""check"", ""kind"": ""check"", ""raiseTo"": null}, {""name"": ""min"", ""kind"": ""raise"", ""raiseTo"": 100}, {""name"": ""pot"", ""kind"": ""raise"", ""raiseTo"": 1200}, {""name"": ""jam"", ""kind"": ""raise"", ""raiseTo"": 1400}]",check,,native accepted action; browser intent/attempt/latency unverified
286,3,2NwhlhfGR66DYy8mwyugnD_k,flop,"[""Js"", ""Jc""]","[""2h"", ""Qh"", ""5h""]","[{""name"": ""fold"", ""kind"": ""fold"", ""raiseTo"": null}, {""name"": ""call"", ""kind"": ""call"", ""raiseTo"": null}, {""name"": ""min"", ""kind"": ""raise"", ""raiseTo"": 1400}]",fold,,native accepted action; browser intent/attempt/latency unverified
287,1,dFg3kjqyERdnkrnGANfnOSYI,preflop,"[""4c"", ""3s""]",[],"[{""name"": ""fold"", ""kind"": ""fold"", ""raiseTo"": null}, {""name"": ""call"", ""kind"": ""call"", ""raiseTo"": null}, {""name"": ""min"", ""kind"": ""raise"", ""raiseTo"": 200}, {""name"": ""pot"", ""kind"": ""raise"", ""raiseTo"": 300}]",fold,,native accepted action; browser intent/attempt/latency unverified
288,1,XalKiwLf044A0uH8yQHGAjYV,preflop,"[""8d"", ""7c""]",[],"[{""name"": ""check"", ""kind"": ""check"", ""raiseTo"": null}, {""name"": ""min"", ""kind"": ""raise"", ""raiseTo"": 200}, {""name"": ""pot"", ""kind"": ""raise"", ""raiseTo"": 300}]",check,,native accepted action; browser intent/attempt/latency unverified
288,2,XalKiwLf044A0uH8yQHGAjYV,flop,"[""8d"", ""7c""]","[""7s"", ""Ah"", ""5d""]","[{""name"": ""check"", ""kind"": ""check"", ""raiseTo"": null}, {""name"": ""min"", ""kind"": ""raise"", ""raiseTo"": 100}, {""name"": ""pot"", ""kind"": ""raise"", ""raiseTo"": 200}]",check,,native accepted action; browser intent/attempt/latency unverified
288,3,XalKiwLf044A0uH8yQHGAjYV,turn,"[""8d"", ""7c""]","[""7s"", ""Ah"", ""5d"", ""6s""]","[{""name"": ""check"", ""kind"": ""check"", ""raiseTo"": null}, {""name"": ""min"", ""kind"": ""raise"", ""raiseTo"": 100}, {""name"": ""pot"", ""kind"": ""raise"", ""raiseTo"": 200}]",raise,100,native accepted action; browser intent/attempt/latency unverified
288,4,XalKiwLf044A0uH8yQHGAjYV,river,"[""8d"", ""7c""]","[""7s"", ""Ah"", ""5d"", ""6s"", ""Js""]","[{""name"": ""check"", ""kind"": ""check"", ""raiseTo"": null}, {""name"": ""min"", ""kind"": ""raise"", ""raiseTo"": 100}, {""name"": ""pot"", ""kind"": ""raise"", ""raiseTo"": 400}]",check,,native accepted action; browser intent/attempt/latency unverified
289,1,b4SF4z9apfzVnYL-8EiduvCX,preflop,"[""6d"", ""Ad""]",[],"[{""name"": ""fold"", ""kind"": ""fold"", ""raiseTo"": null}, {""name"": ""call"", ""kind"": ""call"", ""raiseTo"": null}, {""name"": ""min"", ""kind"": ""raise"", ""raiseTo"": 200}, {""name"": ""pot"", ""kind"": ""raise"", ""raiseTo"": 300}]",raise,300,native accepted action; browser intent/attempt/latency unverified
289,2,b4SF4z9apfzVnYL-8EiduvCX,preflop,"[""6d"", ""Ad""]",[],"[{""name"": ""fold"", ""kind"": ""fold"", ""raiseTo"": null}, {""name"": ""call"", ""kind"": ""call"", ""raiseTo"": null}, {""name"": ""min"", ""kind"": ""raise"", ""raiseTo"": 700}, {""name"": ""pot"", ""kind"": ""raise"", ""raiseTo"": 1500}, {""name"": ""jam"", ""kind"": ""raise"", ""raiseTo"": 2000}]",call,,native accepted action; browser intent/attempt/latency unverified
289,3,b4SF4z9apfzVnYL-8EiduvCX,flop,"[""6d"", ""Ad""]","[""Kd"", ""Jd"", ""3s""]","[{""name"": ""fold"", ""kind"": ""fold"", ""raiseTo"": null}, {""name"": ""call"", ""kind"": ""call"", ""raiseTo"": null}, {""name"": ""min"", ""kind"": ""raise"", ""raiseTo"": 200}, {""name"": ""pot"", ""kind"": ""raise"", ""raiseTo"": 1300}, {""name"": ""jam"", ""kind"": ""raise"", ""raiseTo"": 1500}]",call,,native accepted action; browser intent/attempt/latency unverified
289,4,b4SF4z9apfzVnYL-8EiduvCX,turn,"[""6d"", ""Ad""]","[""Kd"", ""Jd"", ""3s"", ""7s""]","[{""name"": ""fold"", ""kind"": ""fold"", ""raiseTo"": null}, {""name"": ""call"", ""kind"": ""call"", ""raiseTo"": null}, {""name"": ""min"", ""kind"": ""raise"", ""raiseTo"": 200}, {""name"": ""pot"", ""kind"": ""raise"", ""raiseTo"": 1400}]",call,,native accepted action; browser intent/attempt/latency unverified
289,5,b4SF4z9apfzVnYL-8EiduvCX,river,"[""6d"", ""Ad""]","[""Kd"", ""Jd"", ""3s"", ""7s"", ""Js""]","[{""name"": ""fold"", ""kind"": ""fold"", ""raiseTo"": null}, {""name"": ""call"", ""kind"": ""call"", ""raiseTo"": null}, {""name"": ""min"", ""kind"": ""raise"", ""raiseTo"": 200}, {""name"": ""pot"", ""kind"": ""raise"", ""raiseTo"": 1300}]",call,,native accepted action; browser intent/attempt/latency unverified
290,1,_Hj4gcd0ZG-13n1UkPAmPnOH,preflop,"[""6d"", ""3d""]",[],"[{""name"": ""check"", ""kind"": ""check"", ""raiseTo"": null}, {""name"": ""min"", ""kind"": ""raise"", ""raiseTo"": 200}, {""name"": ""pot"", ""kind"": ""raise"", ""raiseTo"": 300}]",check,,native accepted action; browser intent/attempt/latency unverified
290,2,_Hj4gcd0ZG-13n1UkPAmPnOH,flop,"[""6d"", ""3d""]","[""5c"", ""3c"", ""8s""]","[{""name"": ""check"", ""kind"": ""check"", ""raiseTo"": null}, {""name"": ""min"", ""kind"": ""raise"", ""raiseTo"": 100}, {""name"": ""pot"", ""kind"": ""raise"", ""raiseTo"": 200}]",check,,native accepted action; browser intent/attempt/latency unverified
290,3,_Hj4gcd0ZG-13n1UkPAmPnOH,flop,"[""6d"", ""3d""]","[""5c"", ""3c"", ""8s""]","[{""name"": ""fold"", ""kind"": ""fold"", ""raiseTo"": null}, {""name"": ""call"", ""kind"": ""call"", ""raiseTo"": null}, {""name"": ""min"", ""kind"": ""raise"", ""raiseTo"": 200}, {""name"": ""pot"", ""kind"": ""raise"", ""raiseTo"": 500}]",call,,native accepted action; browser intent/attempt/latency unverified
290,4,_Hj4gcd0ZG-13n1UkPAmPnOH,turn,"[""6d"", ""3d""]","[""5c"", ""3c"", ""8s"", ""9s""]","[{""name"": ""check"", ""kind"": ""check"", ""raiseTo"": null}, {""name"": ""min"", ""kind"": ""raise"", ""raiseTo"": 100}, {""name"": ""pot"", ""kind"": ""raise"", ""raiseTo"": 400}]",check,,native accepted action; browser intent/attempt/latency unverified
290,5,_Hj4gcd0ZG-13n1UkPAmPnOH,river,"[""6d"", ""3d""]","[""5c"", ""3c"", ""8s"", ""9s"", ""Ad""]","[{""name"": ""check"", ""kind"": ""check"", ""raiseTo"": null}, {""name"": ""min"", ""kind"": ""raise"", ""raiseTo"": 100}, {""name"": ""pot"", ""kind"": ""raise"", ""raiseTo"": 400}]",check,,native accepted action; browser intent/attempt/latency unverified
291,1,uPLE42eUXGzXukq3J3GhCc0p,preflop,"[""6h"", ""Kh""]",[],"[{""name"": ""fold"", ""kind"": ""fold"", ""raiseTo"": null}, {""name"": ""call"", ""kind"": ""call"", ""raiseTo"": null}, {""name"": ""min"", ""kind"": ""raise"", ""raiseTo"": 200}, {""name"": ""pot"", ""kind"": ""raise"", ""raiseTo"": 300}]",raise,300,native accepted action; browser intent/attempt/latency unverified
291,2,uPLE42eUXGzXukq3J3GhCc0p,preflop,"[""6h"", ""Kh""]",[],"[{""name"": ""fold"", ""kind"": ""fold"", ""raiseTo"": null}, {""name"": ""call"", ""kind"": ""call"", ""raiseTo"": null}, {""name"": ""min"", ""kind"": ""raise"", ""raiseTo"": 1500}, {""name"": ""pot"", ""kind"": ""raise"", ""raiseTo"": 2000}]",fold,,native accepted action; browser intent/attempt/latency unverified
292,1,jsWdWQwz_eM5WtX6KmixtFyK,preflop,"[""9s"", ""Th""]",[],"[{""name"": ""fold"", ""kind"": ""fold"", ""raiseTo"": null}, {""name"": ""call"", ""kind"": ""call"", ""raiseTo"": null}, {""name"": ""min"", ""kind"": ""raise"", ""raiseTo"": 500}, {""name"": ""pot"", ""kind"": ""raise"", ""raiseTo"": 900}]",call,,native accepted action; browser intent/attempt/latency unverified
292,2,jsWdWQwz_eM5WtX6KmixtFyK,flop,"[""9s"", ""Th""]","[""8c"", ""Tc"", ""8s""]","[{""name"": ""check"", ""kind"": ""check"", ""raiseTo"": null}, {""name"": ""min"", ""kind"": ""raise"", ""raiseTo"": 100}, {""name"": ""pot"", ""kind"": ""raise"", ""raiseTo"": 600}]",check,,native accepted action; browser intent/attempt/latency unverified
292,3,jsWdWQwz_eM5WtX6KmixtFyK,flop,"[""9s"", ""Th""]","[""8c"", ""Tc"", ""8s""]","[{""name"": ""fold"", ""kind"": ""fold"", ""raiseTo"": null}, {""name"": ""call"", ""kind"": ""call"", ""raiseTo"": null}, {""name"": ""min"", ""kind"": ""raise"", ""raiseTo"": 200}, {""name"": ""pot"", ""kind"": ""raise"", ""raiseTo"": 900}, {""name"": ""jam"", ""kind"": ""raise"", ""raiseTo"": 1700}]",call,,native accepted action; browser intent/attempt/latency unverified
292,4,jsWdWQwz_eM5WtX6KmixtFyK,turn,"[""9s"", ""Th""]","[""8c"", ""Tc"", ""8s"", ""9c""]","[{""name"": ""check"", ""kind"": ""check"", ""raiseTo"": null}, {""name"": ""min"", ""kind"": ""raise"", ""raiseTo"": 100}, {""name"": ""pot"", ""kind"": ""raise"", ""raiseTo"": 800}, {""name"": ""jam"", ""kind"": ""raise"", ""raiseTo"": 1600}]",check,,native accepted action; browser intent/attempt/latency unverified
292,5,jsWdWQwz_eM5WtX6KmixtFyK,turn,"[""9s"", ""Th""]","[""8c"", ""Tc"", ""8s"", ""9c""]","[{""name"": ""fold"", ""kind"": ""fold"", ""raiseTo"": null}, {""name"": ""call"", ""kind"": ""call"", ""raiseTo"": null}, {""name"": ""min"", ""kind"": ""raise"", ""raiseTo"": 200}, {""name"": ""pot"", ""kind"": ""raise"", ""raiseTo"": 1100}, {""name"": ""jam"", ""kind"": ""raise"", ""raiseTo"": 1600}]",call,,native accepted action; browser intent/attempt/latency unverified
292,6,jsWdWQwz_eM5WtX6KmixtFyK,river,"[""9s"", ""Th""]","[""8c"", ""Tc"", ""8s"", ""9c"", ""5c""]","[{""name"": ""check"", ""kind"": ""check"", ""raiseTo"": null}, {""name"": ""min"", ""kind"": ""raise"", ""raiseTo"": 100}, {""name"": ""pot"", ""kind"": ""raise"", ""raiseTo"": 1000}, {""name"": ""jam"", ""kind"": ""raise"", ""raiseTo"": 1500}]",check,,native accepted action; browser intent/attempt/latency unverified
293,1,AUdyjiqfiJ6i-LmfzEitsYiX,preflop,"[""7h"", ""8h""]",[],"[{""name"": ""fold"", ""kind"": ""fold"", ""raiseTo"": null}, {""name"": ""call"", ""kind"": ""call"", ""raiseTo"": null}, {""name"": ""min"", ""kind"": ""raise"", ""raiseTo"": 200}, {""name"": ""pot"", ""kind"": ""raise"", ""raiseTo"": 300}]",raise,300,native accepted action; browser intent/attempt/latency unverified
294,1,tpzhTd1diR8KuSxlYk6lTwrD,preflop,"[""3s"", ""4h""]",[],"[{""name"": ""fold"", ""kind"": ""fold"", ""raiseTo"": null}, {""name"": ""call"", ""kind"": ""call"", ""raiseTo"": null}, {""name"": ""min"", ""kind"": ""raise"", ""raiseTo"": 300}, {""name"": ""pot"", ""kind"": ""raise"", ""raiseTo"": 600}]",call,,native accepted action; browser intent/attempt/latency unverified
294,2,tpzhTd1diR8KuSxlYk6lTwrD,flop,"[""3s"", ""4h""]","[""Td"", ""4c"", ""Jd""]","[{""name"": ""check"", ""kind"": ""check"", ""raiseTo"": null}, {""name"": ""min"", ""kind"": ""raise"", ""raiseTo"": 100}, {""name"": ""pot"", ""kind"": ""raise"", ""raiseTo"": 400}]",check,,native accepted action; browser intent/attempt/latency unverified
294,3,tpzhTd1diR8KuSxlYk6lTwrD,turn,"[""3s"", ""4h""]","[""Td"", ""4c"", ""Jd"", ""5c""]","[{""name"": ""check"", ""kind"": ""check"", ""raiseTo"": null}, {""name"": ""min"", ""kind"": ""raise"", ""raiseTo"": 100}, {""name"": ""pot"", ""kind"": ""raise"", ""raiseTo"": 400}]",check,,native accepted action; browser intent/attempt/latency unverified
294,4,tpzhTd1diR8KuSxlYk6lTwrD,river,"[""3s"", ""4h""]","[""Td"", ""4c"", ""Jd"", ""5c"", ""As""]","[{""name"": ""check"", ""kind"": ""check"", ""raiseTo"": null}, {""name"": ""min"", ""kind"": ""raise"", ""raiseTo"": 100}, {""name"": ""pot"", ""kind"": ""raise"", ""raiseTo"": 400}]",check,,native accepted action; browser intent/attempt/latency unverified
295,1,90RY5uhAB1lwMJuElA7RuO7c,preflop,"[""Kd"", ""Qd""]",[],"[{""name"": ""fold"", ""kind"": ""fold"", ""raiseTo"": null}, {""name"": ""call"", ""kind"": ""call"", ""raiseTo"": null}, {""name"": ""min"", ""kind"": ""raise"", ""raiseTo"": 200}, {""name"": ""pot"", ""kind"": ""raise"", ""raiseTo"": 300}]",raise,300,native accepted action; browser intent/attempt/latency unverified
296,1,o0KndSqYhnxU3wWjaZK5jHqH,preflop,"[""Jd"", ""5s""]",[],"[{""name"": ""fold"", ""kind"": ""fold"", ""raiseTo"": null}, {""name"": ""call"", ""kind"": ""call"", ""raiseTo"": null}, {""name"": ""min"", ""kind"": ""raise"", ""raiseTo"": 300}, {""name"": ""pot"", ""kind"": ""raise"", ""raiseTo"": 600}]",call,,native accepted action; browser intent/attempt/latency unverified
296,2,o0KndSqYhnxU3wWjaZK5jHqH,flop,"[""Jd"", ""5s""]","[""4s"", ""2c"", ""5h""]","[{""name"": ""check"", ""kind"": ""check"", ""raiseTo"": null}, {""name"": ""min"", ""kind"": ""raise"", ""raiseTo"": 100}, {""name"": ""pot"", ""kind"": ""raise"", ""raiseTo"": 400}]",check,,native accepted action; browser intent/attempt/latency unverified
296,3,o0KndSqYhnxU3wWjaZK5jHqH,turn,"[""Jd"", ""5s""]","[""4s"", ""2c"", ""5h"", ""2h""]","[{""name"": ""check"", ""kind"": ""check"", ""raiseTo"": null}, {""name"": ""min"", ""kind"": ""raise"", ""raiseTo"": 100}, {""name"": ""pot"", ""kind"": ""raise"", ""raiseTo"": 400}]",raise,100,native accepted action; browser intent/attempt/latency unverified
296,4,o0KndSqYhnxU3wWjaZK5jHqH,turn,"[""Jd"", ""5s""]","[""4s"", ""2c"", ""5h"", ""2h""]","[{""name"": ""fold"", ""kind"": ""fold"", ""raiseTo"": null}, {""name"": ""call"", ""kind"": ""call"", ""raiseTo"": null}, {""name"": ""min"", ""kind"": ""raise"", ""raiseTo"": 300}, {""name"": ""pot"", ""kind"": ""raise"", ""raiseTo"": 1000}, {""name"": ""jam"", ""kind"": ""raise"", ""raiseTo"": 1800}]",call,,native accepted action; browser intent/attempt/latency unverified
296,5,o0KndSqYhnxU3wWjaZK5jHqH,river,"[""Jd"", ""5s""]","[""4s"", ""2c"", ""5h"", ""2h"", ""7d""]","[{""name"": ""check"", ""kind"": ""check"", ""raiseTo"": null}, {""name"": ""min"", ""kind"": ""raise"", ""raiseTo"": 100}, {""name"": ""pot"", ""kind"": ""raise"", ""raiseTo"": 800}, {""name"": ""jam"", ""kind"": ""raise"", ""raiseTo"": 1600}]",check,,native accepted action; browser intent/attempt/latency unverified
296,6,o0KndSqYhnxU3wWjaZK5jHqH,river,"[""Jd"", ""5s""]","[""4s"", ""2c"", ""5h"", ""2h"", ""7d""]","[{""name"": ""fold"", ""kind"": ""fold"", ""raiseTo"": null}, {""name"": ""call"", ""kind"": ""call"", ""raiseTo"": null}, {""name"": ""min"", ""kind"": ""raise"", ""raiseTo"": 200}, {""name"": ""pot"", ""kind"": ""raise"", ""raiseTo"": 1100}, {""name"": ""jam"", ""kind"": ""raise"", ""raiseTo"": 1600}]",call,,native accepted action; browser intent/attempt/latency unverified
297,1,rtAaVPvUM3iJP_Dm9p1CQHpc,preflop,"[""7c"", ""2s""]",[],"[{""name"": ""fold"", ""kind"": ""fold"", ""raiseTo"": null}, {""name"": ""call"", ""kind"": ""call"", ""raiseTo"": null}, {""name"": ""min"", ""kind"": ""raise"", ""raiseTo"": 200}, {""name"": ""pot"", ""kind"": ""raise"", ""raiseTo"": 300}]",raise,200,native accepted action; browser intent/attempt/latency unverified
297,2,rtAaVPvUM3iJP_Dm9p1CQHpc,flop,"[""7c"", ""2s""]","[""7h"", ""5c"", ""9s""]","[{""name"": ""check"", ""kind"": ""check"", ""raiseTo"": null}, {""name"": ""min"", ""kind"": ""raise"", ""raiseTo"": 100}, {""name"": ""pot"", ""kind"": ""raise"", ""raiseTo"": 400}]",check,,native accepted action; browser intent/attempt/latency unverified
297,3,rtAaVPvUM3iJP_Dm9p1CQHpc,turn,"[""7c"", ""2s""]","[""7h"", ""5c"", ""9s"", ""Qh""]","[{""name"": ""check"", ""kind"": ""check"", ""raiseTo"": null}, {""name"": ""min"", ""kind"": ""raise"", ""raiseTo"": 100}, {""name"": ""pot"", ""kind"": ""raise"", ""raiseTo"": 400}]",raise,100,native accepted action; browser intent/attempt/latency unverified
297,4,rtAaVPvUM3iJP_Dm9p1CQHpc,river,"[""7c"", ""2s""]","[""7h"", ""5c"", ""9s"", ""Qh"", ""2h""]","[{""name"": ""fold"", ""kind"": ""fold"", ""raiseTo"": null}, {""name"": ""call"", ""kind"": ""call"", ""raiseTo"": null}, {""name"": ""min"", ""kind"": ""raise"", ""raiseTo"": 1200}, {""name"": ""pot"", ""kind"": ""raise"", ""raiseTo"": 1700}]",fold,,native accepted action; browser intent/attempt/latency unverified
298,1,bvWX23Yh3sBPBWdlnz_Oe6fo,preflop,"[""4c"", ""Td""]",[],"[{""name"": ""fold"", ""kind"": ""fold"", ""raiseTo"": null}, {""name"": ""call"", ""kind"": ""call"", ""raiseTo"": null}, {""name"": ""min"", ""kind"": ""raise"", ""raiseTo"": 500}, {""name"": ""pot"", ""kind"": ""raise"", ""raiseTo"": 900}]",fold,,native accepted action; browser intent/attempt/latency unverified
299,1,2rwbUA2mZ3OIzFyP3YjcMkdH,preflop,"[""8s"", ""3s""]",[],"[{""name"": ""fold"", ""kind"": ""fold"", ""raiseTo"": null}, {""name"": ""call"", ""kind"": ""call"", ""raiseTo"": null}, {""name"": ""min"", ""kind"": ""raise"", ""raiseTo"": 200}, {""name"": ""pot"", ""kind"": ""raise"", ""raiseTo"": 300}]",call,,native accepted action; browser intent/attempt/latency unverified
299,2,2rwbUA2mZ3OIzFyP3YjcMkdH,flop,"[""8s"", ""3s""]","[""9c"", ""2s"", ""As""]","[{""name"": ""check"", ""kind"": ""check"", ""raiseTo"": null}, {""name"": ""min"", ""kind"": ""raise"", ""raiseTo"": 100}, {""name"": ""pot"", ""kind"": ""raise"", ""raiseTo"": 200}]",check,,native accepted action; browser intent/attempt/latency unverified
299,3,2rwbUA2mZ3OIzFyP3YjcMkdH,turn,"[""8s"", ""3s""]","[""9c"", ""2s"", ""As"", ""9h""]","[{""name"": ""check"", ""kind"": ""check"", ""raiseTo"": null}, {""name"": ""min"", ""kind"": ""raise"", ""raiseTo"": 100}, {""name"": ""pot"", ""kind"": ""raise"", ""raiseTo"": 200}]",raise,100,native accepted action; browser intent/attempt/latency unverified
299,4,2rwbUA2mZ3OIzFyP3YjcMkdH,turn,"[""8s"", ""3s""]","[""9c"", ""2s"", ""As"", ""9h""]","[{""name"": ""fold"", ""kind"": ""fold"", ""raiseTo"": null}, {""name"": ""call"", ""kind"": ""call"", ""raiseTo"": null}, {""name"": ""min"", ""kind"": ""raise"", ""raiseTo"": 900}, {""name"": ""pot"", ""kind"": ""raise"", ""raiseTo"": 1700}, {""name"": ""jam"", ""kind"": ""raise"", ""raiseTo"": 1900}]",fold,,native accepted action; browser intent/attempt/latency unverified
300,1,3V3J0PpfjG4MDrLbgjeT98Iy,preflop,"[""Jh"", ""7c""]",[],"[{""name"": ""check"", ""kind"": ""check"", ""raiseTo"": null}, {""name"": ""min"", ""kind"": ""raise"", ""raiseTo"": 200}, {""name"": ""pot"", ""kind"": ""raise"", ""raiseTo"": 300}]",check,,native accepted action; browser intent/attempt/latency unverified
300,2,3V3J0PpfjG4MDrLbgjeT98Iy,flop,"[""Jh"", ""7c""]","[""Qh"", ""3d"", ""3s""]","[{""name"": ""check"", ""kind"": ""check"", ""raiseTo"": null}, {""name"": ""min"", ""kind"": ""raise"", ""raiseTo"": 100}, {""name"": ""pot"", ""kind"": ""raise"", ""raiseTo"": 200}]",check,,native accepted action; browser intent/attempt/latency unverified
300,3,3V3J0PpfjG4MDrLbgjeT98Iy,turn,"[""Jh"", ""7c""]","[""Qh"", ""3d"", ""3s"", ""9s""]","[{""name"": ""check"", ""kind"": ""check"", ""raiseTo"": null}, {""name"": ""min"", ""kind"": ""raise"", ""raiseTo"": 100}, {""name"": ""pot"", ""kind"": ""raise"", ""raiseTo"": 200}]",raise,100,native accepted action; browser intent/attempt/latency unverified
300,4,3V3J0PpfjG4MDrLbgjeT98Iy,turn,"[""Jh"", ""7c""]","[""Qh"", ""3d"", ""3s"", ""9s""]","[{""name"": ""fold"", ""kind"": ""fold"", ""raiseTo"": null}, {""name"": ""call"", ""kind"": ""call"", ""raiseTo"": null}, {""name"": ""min"", ""kind"": ""raise"", ""raiseTo"": 300}, {""name"": ""pot"", ""kind"": ""raise"", ""raiseTo"": 800}]",fold,,native accepted action; browser intent/attempt/latency unverified
301,1,IHi9Kqb-drPPpvqHFiXLg0Z8,preflop,"[""6h"", ""Kc""]",[],"[{""name"": ""fold"", ""kind"": ""fold"", ""raiseTo"": null}, {""name"": ""call"", ""kind"": ""call"", ""raiseTo"": null}, {""name"": ""min"", ""kind"": ""raise"", ""raiseTo"": 200}, {""name"": ""pot"", ""kind"": ""raise"", ""raiseTo"": 300}]",call,,native accepted action; browser intent/attempt/latency unverified
301,2,IHi9Kqb-drPPpvqHFiXLg0Z8,preflop,"[""6h"", ""Kc""]",[],"[{""name"": ""fold"", ""kind"": ""fold"", ""raiseTo"": null}, {""name"": ""call"", ""kind"": ""call"", ""raiseTo"": null}, {""name"": ""min"", ""kind"": ""raise"", ""raiseTo"": 300}, {""name"": ""pot"", ""kind"": ""raise"", ""raiseTo"": 600}]",call,,native accepted action; browser intent/attempt/latency unverified
301,3,IHi9Kqb-drPPpvqHFiXLg0Z8,flop,"[""6h"", ""Kc""]","[""7d"", ""6d"", ""Ac""]","[{""name"": ""fold"", ""kind"": ""fold"", ""raiseTo"": null}, {""name"": ""call"", ""kind"": ""call"", ""raiseTo"": null}, {""name"": ""min"", ""kind"": ""raise"", ""raiseTo"": 200}, {""name"": ""pot"", ""kind"": ""raise"", ""raiseTo"": 700}]",call,,native accepted action; browser intent/attempt/latency unverified
301,4,IHi9Kqb-drPPpvqHFiXLg0Z8,turn,"[""6h"", ""Kc""]","[""7d"", ""6d"", ""Ac"", ""Ah""]","[{""name"": ""check"", ""kind"": ""check"", ""raiseTo"": null}, {""name"": ""min"", ""kind"": ""raise"", ""raiseTo"": 100}, {""name"": ""pot"", ""kind"": ""raise"", ""raiseTo"": 600}]",check,,native accepted action; browser intent/attempt/latency unverified
301,5,IHi9Kqb-drPPpvqHFiXLg0Z8,river,"[""6h"", ""Kc""]","[""7d"", ""6d"", ""Ac"", ""Ah"", ""Ts""]","[{""name"": ""fold"", ""kind"": ""fold"", ""raiseTo"": null}, {""name"": ""call"", ""kind"": ""call"", ""raiseTo"": null}, {""name"": ""min"", ""kind"": ""raise"", ""raiseTo"": 200}, {""name"": ""pot"", ""kind"": ""raise"", ""raiseTo"": 900}, {""name"": ""jam"", ""kind"": ""raise"", ""raiseTo"": 1700}]",call,,native accepted action; browser intent/attempt/latency unverified
302,1,1qnj17YBM5ssmIxcR4-QoBqU,preflop,"[""Qh"", ""Ah""]",[],"[{""name"": ""fold"", ""kind"": ""fold"", ""raiseTo"": null}, {""name"": ""call"", ""kind"": ""call"", ""raiseTo"": null}, {""name"": ""min"", ""kind"": ""raise"", ""raiseTo"": 500}, {""name"": ""pot"", ""kind"": ""raise"", ""raiseTo"": 900}]",raise,500,native accepted action; browser intent/attempt/latency unverified
302,2,1qnj17YBM5ssmIxcR4-QoBqU,preflop,"[""Qh"", ""Ah""]",[],"[{""name"": ""fold"", ""kind"": ""fold"", ""raiseTo"": null}, {""name"": ""call"", ""kind"": ""call"", ""raiseTo"": null}, {""name"": ""min"", ""kind"": ""raise"", ""raiseTo"": 2000}]",call,,native accepted action; browser intent/attempt/latency unverified
302,3,1qnj17YBM5ssmIxcR4-QoBqU,flop,"[""Qh"", ""Ah""]","[""4c"", ""Ad"", ""9h""]","[{""name"": ""check"", ""kind"": ""check"", ""raiseTo"": null}, {""name"": ""min"", ""kind"": ""raise"", ""raiseTo"": 100}, {""name"": ""pot"", ""kind"": ""raise"", ""raiseTo"": 500}]",raise,500,native accepted action; browser intent/attempt/latency unverified
303,1,iABLYXZ-cJzbgY5YSRn27wGr,preflop,"[""6c"", ""Qc""]",[],"[{""name"": ""fold"", ""kind"": ""fold"", ""raiseTo"": null}, {""name"": ""call"", ""kind"": ""call"", ""raiseTo"": null}, {""name"": ""min"", ""kind"": ""raise"", ""raiseTo"": 200}, {""name"": ""pot"", ""kind"": ""raise"", ""raiseTo"": 300}]",raise,200,native accepted action; browser intent/attempt/latency unverified
303,2,iABLYXZ-cJzbgY5YSRn27wGr,flop,"[""6c"", ""Qc""]","[""Qh"", ""2h"", ""As""]","[{""name"": ""fold"", ""kind"": ""fold"", ""raiseTo"": null}, {""name"": ""call"", ""kind"": ""call"", ""raiseTo"": null}, {""name"": ""min"", ""kind"": ""raise"", ""raiseTo"": 200}, {""name"": ""pot"", ""kind"": ""raise"", ""raiseTo"": 700}]",call,,native accepted action; browser intent/attempt/latency unverified
303,3,iABLYXZ-cJzbgY5YSRn27wGr,turn,"[""6c"", ""Qc""]","[""Qh"", ""2h"", ""As"", ""9s""]","[{""name"": ""check"", ""kind"": ""check"", ""raiseTo"": null}, {""name"": ""min"", ""kind"": ""raise"", ""raiseTo"": 100}, {""name"": ""pot"", ""kind"": ""raise"", ""raiseTo"": 600}]",raise,100,native accepted action; browser intent/attempt/latency unverified
304,1,nTkWYB5gWxwuQa50CtcJ3-uZ,preflop,"[""3h"", ""4d""]",[],"[{""name"": ""fold"", ""kind"": ""fold"", ""raiseTo"": null}, {""name"": ""call"", ""kind"": ""call"", ""raiseTo"": null}, {""name"": ""min"", ""kind"": ""raise"", ""raiseTo"": 500}, {""name"": ""pot"", ""kind"": ""raise"", ""raiseTo"": 900}]",fold,,native accepted action; browser intent/attempt/latency unverified
305,1,6uYMPce64vdgEFzp-0QBKSaf,preflop,"[""Jh"", ""9h""]",[],"[{""name"": ""fold"", ""kind"": ""fold"", ""raiseTo"": null}, {""name"": ""call"", ""kind"": ""call"", ""raiseTo"": null}, {""name"": ""min"", ""kind"": ""raise"", ""raiseTo"": 200}, {""name"": ""pot"", ""kind"": ""raise"", ""raiseTo"": 300}]",raise,200,native accepted action; browser intent/attempt/latency unverified
305,2,6uYMPce64vdgEFzp-0QBKSaf,preflop,"[""Jh"", ""9h""]",[],"[{""name"": ""fold"", ""kind"": ""fold"", ""raiseTo"": null}, {""name"": ""call"", ""kind"": ""call"", ""raiseTo"": null}, {""name"": ""min"", ""kind"": ""raise"", ""raiseTo"": 400}, {""name"": ""pot"", ""kind"": ""raise"", ""raiseTo"": 900}]",call,,native accepted action; browser intent/attempt/latency unverified
305,3,6uYMPce64vdgEFzp-0QBKSaf,flop,"[""Jh"", ""9h""]","[""9s"", ""Qd"", ""3d""]","[{""name"": ""fold"", ""kind"": ""fold"", ""raiseTo"": null}, {""name"": ""call"", ""kind"": ""call"", ""raiseTo"": null}, {""name"": ""min"", ""kind"": ""raise"", ""raiseTo"": 200}, {""name"": ""pot"", ""kind"": ""raise"", ""raiseTo"": 900}, {""name"": ""jam"", ""kind"": ""raise"", ""raiseTo"": 1700}]",call,,native accepted action; browser intent/attempt/latency unverified
305,4,6uYMPce64vdgEFzp-0QBKSaf,turn,"[""Jh"", ""9h""]","[""9s"", ""Qd"", ""3d"", ""4d""]","[{""name"": ""check"", ""kind"": ""check"", ""raiseTo"": null}, {""name"": ""min"", ""kind"": ""raise"", ""raiseTo"": 100}, {""name"": ""pot"", ""kind"": ""raise"", ""raiseTo"": 800}, {""name"": ""jam"", ""kind"": ""raise"", ""raiseTo"": 1600}]",check,,native accepted action; browser intent/attempt/latency unverified
305,5,6uYMPce64vdgEFzp-0QBKSaf,river,"[""Jh"", ""9h""]","[""9s"", ""Qd"", ""3d"", ""4d"", ""9c""]","[{""name"": ""fold"", ""kind"": ""fold"", ""raiseTo"": null}, {""name"": ""call"", ""kind"": ""call"", ""raiseTo"": null}, {""name"": ""min"", ""kind"": ""raise"", ""raiseTo"": 200}, {""name"": ""pot"", ""kind"": ""raise"", ""raiseTo"": 1100}, {""name"": ""jam"", ""kind"": ""raise"", ""raiseTo"": 1600}]",call,,native accepted action; browser intent/attempt/latency unverified
306,1,9WtQwc3q_rTHqS5qCxQAQU2d,preflop,"[""3h"", ""9c""]",[],"[{""name"": ""fold"", ""kind"": ""fold"", ""raiseTo"": null}, {""name"": ""call"", ""kind"": ""call"", ""raiseTo"": null}, {""name"": ""min"", ""kind"": ""raise"", ""raiseTo"": 300}, {""name"": ""pot"", ""kind"": ""raise"", ""raiseTo"": 600}]",fold,,native accepted action; browser intent/attempt/latency unverified
307,1,iCktoJ-8asBDK_FY0rwmcpb_,preflop,"[""2s"", ""5s""]",[],"[{""name"": ""fold"", ""kind"": ""fold"", ""raiseTo"": null}, {""name"": ""call"", ""kind"": ""call"", ""raiseTo"": null}, {""name"": ""min"", ""kind"": ""raise"", ""raiseTo"": 200}, {""name"": ""pot"", ""kind"": ""raise"", ""raiseTo"": 300}]",call,,native accepted action; browser intent/attempt/latency unverified
307,2,iCktoJ-8asBDK_FY0rwmcpb_,preflop,"[""2s"", ""5s""]",[],"[{""name"": ""fold"", ""kind"": ""fold"", ""raiseTo"": null}, {""name"": ""call"", ""kind"": ""call"", ""raiseTo"": null}, {""name"": ""min"", ""kind"": ""raise"", ""raiseTo"": 300}, {""name"": ""pot"", ""kind"": ""raise"", ""raiseTo"": 600}]",call,,native accepted action; browser intent/attempt/latency unverified
307,3,iCktoJ-8asBDK_FY0rwmcpb_,flop,"[""2s"", ""5s""]","[""3s"", ""Qd"", ""9h""]","[{""name"": ""fold"", ""kind"": ""fold"", ""raiseTo"": null}, {""name"": ""call"", ""kind"": ""call"", ""raiseTo"": null}, {""name"": ""min"", ""kind"": ""raise"", ""raiseTo"": 800}, {""name"": ""pot"", ""kind"": ""raise"", ""raiseTo"": 1600}, {""name"": ""jam"", ""kind"": ""raise"", ""raiseTo"": 1800}]",fold,,native accepted action; browser intent/attempt/latency unverified
308,1,kWon1tl-1Awx1xo4RocqefSI,preflop,"[""Td"", ""2c""]",[],"[{""name"": ""fold"", ""kind"": ""fold"", ""raiseTo"": null}, {""name"": ""call"", ""kind"": ""call"", ""raiseTo"": null}, {""name"": ""min"", ""kind"": ""raise"", ""raiseTo"": 500}, {""name"": ""pot"", ""kind"": ""raise"", ""raiseTo"": 900}]",fold,,native accepted action; browser intent/attempt/latency unverified
309,1,YZ-E_ftfccjza3oCBtL0_Lzl,preflop,"[""6c"", ""Qd""]",[],"[{""name"": ""fold"", ""kind"": ""fold"", ""raiseTo"": null}, {""name"": ""call"", ""kind"": ""call"", ""raiseTo"": null}, {""name"": ""min"", ""kind"": ""raise"", ""raiseTo"": 200}, {""name"": ""pot"", ""kind"": ""raise"", ""raiseTo"": 300}]",raise,200,native accepted action; browser intent/attempt/latency unverified
309,2,YZ-E_ftfccjza3oCBtL0_Lzl,preflop,"[""6c"", ""Qd""]",[],"[{""name"": ""fold"", ""kind"": ""fold"", ""raiseTo"": null}, {""name"": ""call"", ""kind"": ""call"", ""raiseTo"": null}, {""name"": ""min"", ""kind"": ""raise"", ""raiseTo"": 400}, {""name"": ""pot"", ""kind"": ""raise"", ""raiseTo"": 900}]",call,,native accepted action; browser intent/attempt/latency unverified
309,3,YZ-E_ftfccjza3oCBtL0_Lzl,flop,"[""6c"", ""Qd""]","[""8h"", ""4d"", ""9h""]","[{""name"": ""fold"", ""kind"": ""fold"", ""raiseTo"": null}, {""name"": ""call"", ""kind"": ""call"", ""raiseTo"": null}, {""name"": ""min"", ""kind"": ""raise"", ""raiseTo"": 200}, {""name"": ""pot"", ""kind"": ""raise"", ""raiseTo"": 900}, {""name"": ""jam"", ""kind"": ""raise"", ""raiseTo"": 1700}]",call,,native accepted action; browser intent/attempt/latency unverified
309,4,YZ-E_ftfccjza3oCBtL0_Lzl,turn,"[""6c"", ""Qd""]","[""8h"", ""4d"", ""9h"", ""Qc""]","[{""name"": ""fold"", ""kind"": ""fold"", ""raiseTo"": null}, {""name"": ""call"", ""kind"": ""call"", ""raiseTo"": null}, {""name"": ""min"", ""kind"": ""raise"", ""raiseTo"": 1600}]",raise,1600,native accepted action; browser intent/attempt/latency unverified
310,1,epOpbkBAO88VV7_h2QtmwOiO,preflop,"[""3s"", ""9s""]",[],"[{""name"": ""fold"", ""kind"": ""fold"", ""raiseTo"": null}, {""name"": ""call"", ""kind"": ""call"", ""raiseTo"": null}, {""name"": ""min"", ""kind"": ""raise"", ""raiseTo"": 300}, {""name"": ""pot"", ""kind"": ""raise"", ""raiseTo"": 600}]",call,,native accepted action; browser intent/attempt/latency unverified
310,2,epOpbkBAO88VV7_h2QtmwOiO,flop,"[""3s"", ""9s""]","[""Jh"", ""Ts"", ""Tc""]","[{""name"": ""check"", ""kind"": ""check"", ""raiseTo"": null}, {""name"": ""min"", ""kind"": ""raise"", ""raiseTo"": 100}, {""name"": ""pot"", ""kind"": ""raise"", ""raiseTo"": 400}]",check,,native accepted action; browser intent/attempt/latency unverified
310,3,epOpbkBAO88VV7_h2QtmwOiO,flop,"[""3s"", ""9s""]","[""Jh"", ""Ts"", ""Tc""]","[{""name"": ""fold"", ""kind"": ""fold"", ""raiseTo"": null}, {""name"": ""call"", ""kind"": ""call"", ""raiseTo"": null}, {""name"": ""min"", ""kind"": ""raise"", ""raiseTo"": 200}, {""name"": ""pot"", ""kind"": ""raise"", ""raiseTo"": 700}]",call,,native accepted action; browser intent/attempt/latency unverified
310,4,epOpbkBAO88VV7_h2QtmwOiO,turn,"[""3s"", ""9s""]","[""Jh"", ""Ts"", ""Tc"", ""7d""]","[{""name"": ""check"", ""kind"": ""check"", ""raiseTo"": null}, {""name"": ""min"", ""kind"": ""raise"", ""raiseTo"": 100}, {""name"": ""pot"", ""kind"": ""raise"", ""raiseTo"": 600}]",check,,native accepted action; browser intent/attempt/latency unverified
310,5,epOpbkBAO88VV7_h2QtmwOiO,river,"[""3s"", ""9s""]","[""Jh"", ""Ts"", ""Tc"", ""7d"", ""9c""]","[{""name"": ""check"", ""kind"": ""check"", ""raiseTo"": null}, {""name"": ""min"", ""kind"": ""raise"", ""raiseTo"": 100}, {""name"": ""pot"", ""kind"": ""raise"", ""raiseTo"": 600}]",check,,native accepted action; browser intent/attempt/latency unverified
310,6,epOpbkBAO88VV7_h2QtmwOiO,river,"[""3s"", ""9s""]","[""Jh"", ""Ts"", ""Tc"", ""7d"", ""9c""]","[{""name"": ""fold"", ""kind"": ""fold"", ""raiseTo"": null}, {""name"": ""call"", ""kind"": ""call"", ""raiseTo"": null}, {""name"": ""min"", ""kind"": ""raise"", ""raiseTo"": 1200}, {""name"": ""pot"", ""kind"": ""raise"", ""raiseTo"": 1700}]",fold,,native accepted action; browser intent/attempt/latency unverified
311,1,VDDuilCnHn0_5SQdh4FddEy4,preflop,"[""6s"", ""Ts""]",[],"[{""name"": ""fold"", ""kind"": ""fold"", ""raiseTo"": null}, {""name"": ""call"", ""kind"": ""call"", ""raiseTo"": null}, {""name"": ""min"", ""kind"": ""raise"", ""raiseTo"": 200}, {""name"": ""pot"", ""kind"": ""raise"", ""raiseTo"": 300}]",call,,native accepted action; browser intent/attempt/latency unverified
311,2,VDDuilCnHn0_5SQdh4FddEy4,flop,"[""6s"", ""Ts""]","[""As"", ""9c"", ""8c""]","[{""name"": ""check"", ""kind"": ""check"", ""raiseTo"": null}, {""name"": ""min"", ""kind"": ""raise"", ""raiseTo"": 100}, {""name"": ""pot"", ""kind"": ""raise"", ""raiseTo"": 200}]",raise,100,native accepted action; browser intent/attempt/latency unverified
311,3,VDDuilCnHn0_5SQdh4FddEy4,turn,"[""6s"", ""Ts""]","[""As"", ""9c"", ""8c"", ""Jd""]","[{""name"": ""check"", ""kind"": ""check"", ""raiseTo"": null}, {""name"": ""min"", ""kind"": ""raise"", ""raiseTo"": 100}, {""name"": ""pot"", ""kind"": ""raise"", ""raiseTo"": 400}]",check,,native accepted action; browser intent/attempt/latency unverified
311,4,VDDuilCnHn0_5SQdh4FddEy4,river,"[""6s"", ""Ts""]","[""As"", ""9c"", ""8c"", ""Jd"", ""6d""]","[{""name"": ""fold"", ""kind"": ""fold"", ""raiseTo"": null}, {""name"": ""call"", ""kind"": ""call"", ""raiseTo"": null}, {""name"": ""min"", ""kind"": ""raise"", ""raiseTo"": 200}, {""name"": ""pot"", ""kind"": ""raise"", ""raiseTo"": 700}]",call,,native accepted action; browser intent/attempt/latency unverified
312,1,dwG4gBnwip68Nd6xqNPmGRkY,preflop,"[""9s"", ""5d""]",[],"[{""name"": ""check"", ""kind"": ""check"", ""raiseTo"": null}, {""name"": ""min"", ""kind"": ""raise"", ""raiseTo"": 200}, {""name"": ""pot"", ""kind"": ""raise"", ""raiseTo"": 300}]",check,,native accepted action; browser intent/attempt/latency unverified
312,2,dwG4gBnwip68Nd6xqNPmGRkY,flop,"[""9s"", ""5d""]","[""Ad"", ""Th"", ""5s""]","[{""name"": ""check"", ""kind"": ""check"", ""raiseTo"": null}, {""name"": ""min"", ""kind"": ""raise"", ""raiseTo"": 100}, {""name"": ""pot"", ""kind"": ""raise"", ""raiseTo"": 200}]",check,,native accepted action; browser intent/attempt/latency unverified
312,3,dwG4gBnwip68Nd6xqNPmGRkY,flop,"[""9s"", ""5d""]","[""Ad"", ""Th"", ""5s""]","[{""name"": ""fold"", ""kind"": ""fold"", ""raiseTo"": null}, {""name"": ""call"", ""kind"": ""call"", ""raiseTo"": null}, {""name"": ""min"", ""kind"": ""raise"", ""raiseTo"": 200}, {""name"": ""pot"", ""kind"": ""raise"", ""raiseTo"": 500}]",call,,native accepted action; browser intent/attempt/latency unverified
312,4,dwG4gBnwip68Nd6xqNPmGRkY,turn,"[""9s"", ""5d""]","[""Ad"", ""Th"", ""5s"", ""8c""]","[{""name"": ""check"", ""kind"": ""check"", ""raiseTo"": null}, {""name"": ""min"", ""kind"": ""raise"", ""raiseTo"": 100}, {""name"": ""pot"", ""kind"": ""raise"", ""raiseTo"": 400}]",check,,native accepted action; browser intent/attempt/latency unverified
312,5,dwG4gBnwip68Nd6xqNPmGRkY,turn,"[""9s"", ""5d""]","[""Ad"", ""Th"", ""5s"", ""8c""]","[{""name"": ""fold"", ""kind"": ""fold"", ""raiseTo"": null}, {""name"": ""call"", ""kind"": ""call"", ""raiseTo"": null}, {""name"": ""min"", ""kind"": ""raise"", ""raiseTo"": 200}, {""name"": ""pot"", ""kind"": ""raise"", ""raiseTo"": 700}]",call,,native accepted action; browser intent/attempt/latency unverified
312,6,dwG4gBnwip68Nd6xqNPmGRkY,river,"[""9s"", ""5d""]","[""Ad"", ""Th"", ""5s"", ""8c"", ""2d""]","[{""name"": ""check"", ""kind"": ""check"", ""raiseTo"": null}, {""name"": ""min"", ""kind"": ""raise"", ""raiseTo"": 100}, {""name"": ""pot"", ""kind"": ""raise"", ""raiseTo"": 600}]",check,,native accepted action; browser intent/attempt/latency unverified
312,7,dwG4gBnwip68Nd6xqNPmGRkY,river,"[""9s"", ""5d""]","[""Ad"", ""Th"", ""5s"", ""8c"", ""2d""]","[{""name"": ""fold"", ""kind"": ""fold"", ""raiseTo"": null}, {""name"": ""call"", ""kind"": ""call"", ""raiseTo"": null}, {""name"": ""min"", ""kind"": ""raise"", ""raiseTo"": 200}, {""name"": ""pot"", ""kind"": ""raise"", ""raiseTo"": 900}, {""name"": ""jam"", ""kind"": ""raise"", ""raiseTo"": 1700}]",call,,native accepted action; browser intent/attempt/latency unverified
313,1,0Y9av43YB1WpJu6Q-2cfqXNm,preflop,"[""2c"", ""8c""]",[],"[{""name"": ""fold"", ""kind"": ""fold"", ""raiseTo"": null}, {""name"": ""call"", ""kind"": ""call"", ""raiseTo"": null}, {""name"": ""min"", ""kind"": ""raise"", ""raiseTo"": 200}, {""name"": ""pot"", ""kind"": ""raise"", ""raiseTo"": 300}]",call,,native accepted action; browser intent/attempt/latency unverified
313,2,0Y9av43YB1WpJu6Q-2cfqXNm,flop,"[""2c"", ""8c""]","[""Jd"", ""6c"", ""6h""]","[{""name"": ""fold"", ""kind"": ""fold"", ""raiseTo"": null}, {""name"": ""call"", ""kind"": ""call"", ""raiseTo"": null}, {""name"": ""min"", ""kind"": ""raise"", ""raiseTo"": 200}, {""name"": ""pot"", ""kind"": ""raise"", ""raiseTo"": 500}]",fold,,native accepted action; browser intent/attempt/latency unverified
314,1,2EfQUjFEKn7AoGD8T5wg5FIj,preflop,"[""Kc"", ""Ts""]",[],"[{""name"": ""fold"", ""kind"": ""fold"", ""raiseTo"": null}, {""name"": ""call"", ""kind"": ""call"", ""raiseTo"": null}, {""name"": ""min"", ""kind"": ""raise"", ""raiseTo"": 300}, {""name"": ""pot"", ""kind"": ""raise"", ""raiseTo"": 600}]",call,,native accepted action; browser intent/attempt/latency unverified
314,2,2EfQUjFEKn7AoGD8T5wg5FIj,flop,"[""Kc"", ""Ts""]","[""Td"", ""Kd"", ""2h""]","[{""name"": ""check"", ""kind"": ""check"", ""raiseTo"": null}, {""name"": ""min"", ""kind"": ""raise"", ""raiseTo"": 100}, {""name"": ""pot"", ""kind"": ""raise"", ""raiseTo"": 400}]",raise,100,native accepted action; browser intent/attempt/latency unverified
314,3,2EfQUjFEKn7AoGD8T5wg5FIj,turn,"[""Kc"", ""Ts""]","[""Td"", ""Kd"", ""2h"", ""8d""]","[{""name"": ""check"", ""kind"": ""check"", ""raiseTo"": null}, {""name"": ""min"", ""kind"": ""raise"", ""raiseTo"": 100}, {""name"": ""pot"", ""kind"": ""raise"", ""raiseTo"": 600}]",check,,native accepted action; browser intent/attempt/latency unverified
314,4,2EfQUjFEKn7AoGD8T5wg5FIj,river,"[""Kc"", ""Ts""]","[""Td"", ""Kd"", ""2h"", ""8d"", ""2s""]","[{""name"": ""check"", ""kind"": ""check"", ""raiseTo"": null}, {""name"": ""min"", ""kind"": ""raise"", ""raiseTo"": 100}, {""name"": ""pot"", ""kind"": ""raise"", ""raiseTo"": 600}]",check,,native accepted action; browser intent/attempt/latency unverified
314,5,2EfQUjFEKn7AoGD8T5wg5FIj,river,"[""Kc"", ""Ts""]","[""Td"", ""Kd"", ""2h"", ""8d"", ""2s""]","[{""name"": ""fold"", ""kind"": ""fold"", ""raiseTo"": null}, {""name"": ""call"", ""kind"": ""call"", ""raiseTo"": null}, {""name"": ""min"", ""kind"": ""raise"", ""raiseTo"": 1200}, {""name"": ""pot"", ""kind"": ""raise"", ""raiseTo"": 1700}]",fold,,native accepted action; browser intent/attempt/latency unverified
315,1,FyCOgo9pwwY9-ce23CDc989d,preflop,"[""Jd"", ""Tc""]",[],"[{""name"": ""fold"", ""kind"": ""fold"", ""raiseTo"": null}, {""name"": ""call"", ""kind"": ""call"", ""raiseTo"": null}, {""name"": ""min"", ""kind"": ""raise"", ""raiseTo"": 200}, {""name"": ""pot"", ""kind"": ""raise"", ""raiseTo"": 300}]",raise,200,native accepted action; browser intent/attempt/latency unverified
315,2,FyCOgo9pwwY9-ce23CDc989d,preflop,"[""Jd"", ""Tc""]",[],"[{""name"": ""fold"", ""kind"": ""fold"", ""raiseTo"": null}, {""name"": ""call"", ""kind"": ""call"", ""raiseTo"": null}, {""name"": ""min"", ""kind"": ""raise"", ""raiseTo"": 400}, {""name"": ""pot"", ""kind"": ""raise"", ""raiseTo"": 900}]",call,,native accepted action; browser intent/attempt/latency unverified
315,3,FyCOgo9pwwY9-ce23CDc989d,flop,"[""Jd"", ""Tc""]","[""7c"", ""3s"", ""Qc""]","[{""name"": ""fold"", ""kind"": ""fold"", ""raiseTo"": null}, {""name"": ""call"", ""kind"": ""call"", ""raiseTo"": null}, {""name"": ""min"", ""kind"": ""raise"", ""raiseTo"": 1200}, {""name"": ""pot"", ""kind"": ""raise"", ""raiseTo"": 1700}]",fold,,native accepted action; browser intent/attempt/latency unverified
317,1,pV371wIuIo3VedVtXMQgP25Y,preflop,"[""Ts"", ""3s""]",[],"[{""name"": ""fold"", ""kind"": ""fold"", ""raiseTo"": null}, {""name"": ""call"", ""kind"": ""call"", ""raiseTo"": null}, {""name"": ""min"", ""kind"": ""raise"", ""raiseTo"": 200}, {""name"": ""pot"", ""kind"": ""raise"", ""raiseTo"": 300}]",call,,native accepted action; browser intent/attempt/latency unverified
317,2,pV371wIuIo3VedVtXMQgP25Y,flop,"[""Ts"", ""3s""]","[""As"", ""9s"", ""3c""]","[{""name"": ""check"", ""kind"": ""check"", ""raiseTo"": null}, {""name"": ""min"", ""kind"": ""raise"", ""raiseTo"": 100}, {""name"": ""pot"", ""kind"": ""raise"", ""raiseTo"": 200}]",raise,100,native accepted action; browser intent/attempt/latency unverified
317,3,pV371wIuIo3VedVtXMQgP25Y,turn,"[""Ts"", ""3s""]","[""As"", ""9s"", ""3c"", ""9d""]","[{""name"": ""check"", ""kind"": ""check"", ""raiseTo"": null}, {""name"": ""min"", ""kind"": ""raise"", ""raiseTo"": 100}, {""name"": ""pot"", ""kind"": ""raise"", ""raiseTo"": 400}]",raise,100,native accepted action; browser intent/attempt/latency unverified
317,4,pV371wIuIo3VedVtXMQgP25Y,turn,"[""Ts"", ""3s""]","[""As"", ""9s"", ""3c"", ""9d""]","[{""name"": ""fold"", ""kind"": ""fold"", ""raiseTo"": null}, {""name"": ""call"", ""kind"": ""call"", ""raiseTo"": null}, {""name"": ""min"", ""kind"": ""raise"", ""raiseTo"": 1300}, {""name"": ""pot"", ""kind"": ""raise"", ""raiseTo"": 1800}]",fold,,native accepted action; browser intent/attempt/latency unverified
318,1,vubTPSz71FUnPZJU0eviA-YC,preflop,"[""4c"", ""9h""]",[],"[{""name"": ""check"", ""kind"": ""check"", ""raiseTo"": null}, {""name"": ""min"", ""kind"": ""raise"", ""raiseTo"": 200}, {""name"": ""pot"", ""kind"": ""raise"", ""raiseTo"": 300}]",check,,native accepted action; browser intent/attempt/latency unverified
318,2,vubTPSz71FUnPZJU0eviA-YC,flop,"[""4c"", ""9h""]","[""Tc"", ""Qd"", ""2h""]","[{""name"": ""check"", ""kind"": ""check"", ""raiseTo"": null}, {""name"": ""min"", ""kind"": ""raise"", ""raiseTo"": 100}, {""name"": ""pot"", ""kind"": ""raise"", ""raiseTo"": 200}]",check,,native accepted action; browser intent/attempt/latency unverified
318,3,vubTPSz71FUnPZJU0eviA-YC,flop,"[""4c"", ""9h""]","[""Tc"", ""Qd"", ""2h""]","[{""name"": ""fold"", ""kind"": ""fold"", ""raiseTo"": null}, {""name"": ""call"", ""kind"": ""call"", ""raiseTo"": null}, {""name"": ""min"", ""kind"": ""raise"", ""raiseTo"": 200}, {""name"": ""pot"", ""kind"": ""raise"", ""raiseTo"": 500}]",fold,,native accepted action; browser intent/attempt/latency unverified
319,1,ID5vDQ36WIjDBRyGWrxhgy9Z,preflop,"[""Th"", ""8c""]",[],"[{""name"": ""fold"", ""kind"": ""fold"", ""raiseTo"": null}, {""name"": ""call"", ""kind"": ""call"", ""raiseTo"": null}, {""name"": ""min"", ""kind"": ""raise"", ""raiseTo"": 200}, {""name"": ""pot"", ""kind"": ""raise"", ""raiseTo"": 300}]",call,,native accepted action; browser intent/attempt/latency unverified
319,2,ID5vDQ36WIjDBRyGWrxhgy9Z,preflop,"[""Th"", ""8c""]",[],"[{""name"": ""fold"", ""kind"": ""fold"", ""raiseTo"": null}, {""name"": ""call"", ""kind"": ""call"", ""raiseTo"": null}, {""name"": ""min"", ""kind"": ""raise"", ""raiseTo"": 300}, {""name"": ""pot"", ""kind"": ""raise"", ""raiseTo"": 600}]",call,,native accepted action; browser intent/attempt/latency unverified
319,3,ID5vDQ36WIjDBRyGWrxhgy9Z,flop,"[""Th"", ""8c""]","[""Td"", ""Ks"", ""Jh""]","[{""name"": ""check"", ""kind"": ""check"", ""raiseTo"": null}, {""name"": ""min"", ""kind"": ""raise"", ""raiseTo"": 100}, {""name"": ""pot"", ""kind"": ""raise"", ""raiseTo"": 400}]",raise,100,native accepted action; browser intent/attempt/latency unverified
319,4,ID5vDQ36WIjDBRyGWrxhgy9Z,flop,"[""Th"", ""8c""]","[""Td"", ""Ks"", ""Jh""]","[{""name"": ""fold"", ""kind"": ""fold"", ""raiseTo"": null}, {""name"": ""call"", ""kind"": ""call"", ""raiseTo"": null}, {""name"": ""min"", ""kind"": ""raise"", ""raiseTo"": 1300}, {""name"": ""pot"", ""kind"": ""raise"", ""raiseTo"": 1800}]",fold,,native accepted action; browser intent/attempt/latency unverified
320,1,RyhKiH1S4nxrUbcmmCcfjpC0,preflop,"[""3c"", ""Js""]",[],"[{""name"": ""check"", ""kind"": ""check"", ""raiseTo"": null}, {""name"": ""min"", ""kind"": ""raise"", ""raiseTo"": 200}, {""name"": ""pot"", ""kind"": ""raise"", ""raiseTo"": 300}]",check,,native accepted action; browser intent/attempt/latency unverified
320,2,RyhKiH1S4nxrUbcmmCcfjpC0,flop,"[""3c"", ""Js""]","[""3h"", ""Qs"", ""Tc""]","[{""name"": ""check"", ""kind"": ""check"", ""raiseTo"": null}, {""name"": ""min"", ""kind"": ""raise"", ""raiseTo"": 100}, {""name"": ""pot"", ""kind"": ""raise"", ""raiseTo"": 200}]",check,,native accepted action; browser intent/attempt/latency unverified
320,3,RyhKiH1S4nxrUbcmmCcfjpC0,flop,"[""3c"", ""Js""]","[""3h"", ""Qs"", ""Tc""]","[{""name"": ""fold"", ""kind"": ""fold"", ""raiseTo"": null}, {""name"": ""call"", ""kind"": ""call"", ""raiseTo"": null}, {""name"": ""min"", ""kind"": ""raise"", ""raiseTo"": 200}, {""name"": ""pot"", ""kind"": ""raise"", ""raiseTo"": 500}]",call,,native accepted action; browser intent/attempt/latency unverified
320,4,RyhKiH1S4nxrUbcmmCcfjpC0,turn,"[""3c"", ""Js""]","[""3h"", ""Qs"", ""Tc"", ""Kd""]","[{""name"": ""check"", ""kind"": ""check"", ""raiseTo"": null}, {""name"": ""min"", ""kind"": ""raise"", ""raiseTo"": 100}, {""name"": ""pot"", ""kind"": ""raise"", ""raiseTo"": 400}]",check,,native accepted action; browser intent/attempt/latency unverified
320,5,RyhKiH1S4nxrUbcmmCcfjpC0,turn,"[""3c"", ""Js""]","[""3h"", ""Qs"", ""Tc"", ""Kd""]","[{""name"": ""fold"", ""kind"": ""fold"", ""raiseTo"": null}, {""name"": ""call"", ""kind"": ""call"", ""raiseTo"": null}, {""name"": ""min"", ""kind"": ""raise"", ""raiseTo"": 800}, {""name"": ""pot"", ""kind"": ""raise"", ""raiseTo"": 1600}, {""name"": ""jam"", ""kind"": ""raise"", ""raiseTo"": 1800}]",fold,,native accepted action; browser intent/attempt/latency unverified
321,1,-Koa4W2TX6FqrEiughweWji7,preflop,"[""4d"", ""As""]",[],"[{""name"": ""fold"", ""kind"": ""fold"", ""raiseTo"": null}, {""name"": ""call"", ""kind"": ""call"", ""raiseTo"": null}, {""name"": ""min"", ""kind"": ""raise"", ""raiseTo"": 200}, {""name"": ""pot"", ""kind"": ""raise"", ""raiseTo"": 300}]",raise,200,native accepted action; browser intent/attempt/latency unverified
321,2,-Koa4W2TX6FqrEiughweWji7,flop,"[""4d"", ""As""]","[""6d"", ""5d"", ""2c""]","[{""name"": ""fold"", ""kind"": ""fold"", ""raiseTo"": null}, {""name"": ""call"", ""kind"": ""call"", ""raiseTo"": null}, {""name"": ""min"", ""kind"": ""raise"", ""raiseTo"": 200}, {""name"": ""pot"", ""kind"": ""raise"", ""raiseTo"": 700}]",call,,native accepted action; browser intent/attempt/latency unverified
321,3,-Koa4W2TX6FqrEiughweWji7,turn,"[""4d"", ""As""]","[""6d"", ""5d"", ""2c"", ""2h""]","[{""name"": ""check"", ""kind"": ""check"", ""raiseTo"": null}, {""name"": ""min"", ""kind"": ""raise"", ""raiseTo"": 100}, {""name"": ""pot"", ""kind"": ""raise"", ""raiseTo"": 600}]",check,,native accepted action; browser intent/attempt/latency unverified
321,4,-Koa4W2TX6FqrEiughweWji7,river,"[""4d"", ""As""]","[""6d"", ""5d"", ""2c"", ""2h"", ""5s""]","[{""name"": ""fold"", ""kind"": ""fold"", ""raiseTo"": null}, {""name"": ""call"", ""kind"": ""call"", ""raiseTo"": null}, {""name"": ""min"", ""kind"": ""raise"", ""raiseTo"": 1200}, {""name"": ""pot"", ""kind"": ""raise"", ""raiseTo"": 1700}]",fold,,native accepted action; browser intent/attempt/latency unverified
323,1,NZ7GEqOzlyI11wvmUY5_eM24,preflop,"[""9d"", ""9c""]",[],"[{""name"": ""fold"", ""kind"": ""fold"", ""raiseTo"": null}, {""name"": ""call"", ""kind"": ""call"", ""raiseTo"": null}, {""name"": ""min"", ""kind"": ""raise"", ""raiseTo"": 200}, {""name"": ""pot"", ""kind"": ""raise"", ""raiseTo"": 300}]",raise,200,native accepted action; browser intent/attempt/latency unverified
323,2,NZ7GEqOzlyI11wvmUY5_eM24,flop,"[""9d"", ""9c""]","[""Kh"", ""5d"", ""8c""]","[{""name"": ""fold"", ""kind"": ""fold"", ""raiseTo"": null}, {""name"": ""call"", ""kind"": ""call"", ""raiseTo"": null}, {""name"": ""min"", ""kind"": ""raise"", ""raiseTo"": 800}, {""name"": ""pot"", ""kind"": ""raise"", ""raiseTo"": 1600}, {""name"": ""jam"", ""kind"": ""raise"", ""raiseTo"": 1800}]",fold,,native accepted action; browser intent/attempt/latency unverified
324,1,u3dlEfouBj2eRcObQLL3jFdy,preflop,"[""Tc"", ""6c""]",[],"[{""name"": ""fold"", ""kind"": ""fold"", ""raiseTo"": null}, {""name"": ""call"", ""kind"": ""call"", ""raiseTo"": null}, {""name"": ""min"", ""kind"": ""raise"", ""raiseTo"": 300}, {""name"": ""pot"", ""kind"": ""raise"", ""raiseTo"": 600}]",call,,native accepted action; browser intent/attempt/latency unverified
324,2,u3dlEfouBj2eRcObQLL3jFdy,flop,"[""Tc"", ""6c""]","[""2d"", ""7c"", ""Jh""]","[{""name"": ""check"", ""kind"": ""check"", ""raiseTo"": null}, {""name"": ""min"", ""kind"": ""raise"", ""raiseTo"": 100}, {""name"": ""pot"", ""kind"": ""raise"", ""raiseTo"": 400}]",check,,native accepted action; browser intent/attempt/latency unverified
324,3,u3dlEfouBj2eRcObQLL3jFdy,flop,"[""Tc"", ""6c""]","[""2d"", ""7c"", ""Jh""]","[{""name"": ""fold"", ""kind"": ""fold"", ""raiseTo"": null}, {""name"": ""call"", ""kind"": ""call"", ""raiseTo"": null}, {""name"": ""min"", ""kind"": ""raise"", ""raiseTo"": 200}, {""name"": ""pot"", ""kind"": ""raise"", ""raiseTo"": 700}]",call,,native accepted action; browser intent/attempt/latency unverified
324,4,u3dlEfouBj2eRcObQLL3jFdy,turn,"[""Tc"", ""6c""]","[""2d"", ""7c"", ""Jh"", ""6d""]","[{""name"": ""check"", ""kind"": ""check"", ""raiseTo"": null}, {""name"": ""min"", ""kind"": ""raise"", ""raiseTo"": 100}, {""name"": ""pot"", ""kind"": ""raise"", ""raiseTo"": 600}]",check,,native accepted action; browser intent/attempt/latency unverified
324,5,u3dlEfouBj2eRcObQLL3jFdy,river,"[""Tc"", ""6c""]","[""2d"", ""7c"", ""Jh"", ""6d"", ""4c""]","[{""name"": ""check"", ""kind"": ""check"", ""raiseTo"": null}, {""name"": ""min"", ""kind"": ""raise"", ""raiseTo"": 100}, {""name"": ""pot"", ""kind"": ""raise"", ""raiseTo"": 600}]",raise,100,native accepted action; browser intent/attempt/latency unverified
325,1,UranImlZLU1wu8J_KsrGtMvq,preflop,"[""4d"", ""Kc""]",[],"[{""name"": ""fold"", ""kind"": ""fold"", ""raiseTo"": null}, {""name"": ""call"", ""kind"": ""call"", ""raiseTo"": null}, {""name"": ""min"", ""kind"": ""raise"", ""raiseTo"": 200}, {""name"": ""pot"", ""kind"": ""raise"", ""raiseTo"": 300}]",raise,200,native accepted action; browser intent/attempt/latency unverified
327,1,ULTaIP6oyT6OwxqoQR7gtyd_,preflop,"[""9h"", ""9c""]",[],"[{""name"": ""fold"", ""kind"": ""fold"", ""raiseTo"": null}, {""name"": ""call"", ""kind"": ""call"", ""raiseTo"": null}, {""name"": ""min"", ""kind"": ""raise"", ""raiseTo"": 200}, {""name"": ""pot"", ""kind"": ""raise"", ""raiseTo"": 300}]",raise,200,native accepted action; browser intent/attempt/latency unverified
327,2,ULTaIP6oyT6OwxqoQR7gtyd_,flop,"[""9h"", ""9c""]","[""Qc"", ""3d"", ""2d""]","[{""name"": ""check"", ""kind"": ""check"", ""raiseTo"": null}, {""name"": ""min"", ""kind"": ""raise"", ""raiseTo"": 100}, {""name"": ""pot"", ""kind"": ""raise"", ""raiseTo"": 400}]",raise,100,native accepted action; browser intent/attempt/latency unverified
327,3,ULTaIP6oyT6OwxqoQR7gtyd_,flop,"[""9h"", ""9c""]","[""Qc"", ""3d"", ""2d""]","[{""name"": ""fold"", ""kind"": ""fold"", ""raiseTo"": null}, {""name"": ""call"", ""kind"": ""call"", ""raiseTo"": null}, {""name"": ""min"", ""kind"": ""raise"", ""raiseTo"": 300}, {""name"": ""pot"", ""kind"": ""raise"", ""raiseTo"": 1000}, {""name"": ""jam"", ""kind"": ""raise"", ""raiseTo"": 1800}]",call,,native accepted action; browser intent/attempt/latency unverified
327,4,ULTaIP6oyT6OwxqoQR7gtyd_,turn,"[""9h"", ""9c""]","[""Qc"", ""3d"", ""2d"", ""2s""]","[{""name"": ""fold"", ""kind"": ""fold"", ""raiseTo"": null}, {""name"": ""call"", ""kind"": ""call"", ""raiseTo"": null}, {""name"": ""min"", ""kind"": ""raise"", ""raiseTo"": 200}, {""name"": ""pot"", ""kind"": ""raise"", ""raiseTo"": 1100}, {""name"": ""jam"", ""kind"": ""raise"", ""raiseTo"": 1600}]",call,,native accepted action; browser intent/attempt/latency unverified
327,5,ULTaIP6oyT6OwxqoQR7gtyd_,river,"[""9h"", ""9c""]","[""Qc"", ""3d"", ""2d"", ""2s"", ""6d""]","[{""name"": ""fold"", ""kind"": ""fold"", ""raiseTo"": null}, {""name"": ""call"", ""kind"": ""call"", ""raiseTo"": null}]",fold,,native accepted action; browser intent/attempt/latency unverified
328,1,mF3EcBOk3Koyk58gf68oVCGZ,preflop,"[""9c"", ""4c""]",[],"[{""name"": ""check"", ""kind"": ""check"", ""raiseTo"": null}, {""name"": ""min"", ""kind"": ""raise"", ""raiseTo"": 200}, {""name"": ""pot"", ""kind"": ""raise"", ""raiseTo"": 300}]",check,,native accepted action; browser intent/attempt/latency unverified
328,2,mF3EcBOk3Koyk58gf68oVCGZ,flop,"[""9c"", ""4c""]","[""8s"", ""Jc"", ""Jd""]","[{""name"": ""check"", ""kind"": ""check"", ""raiseTo"": null}, {""name"": ""min"", ""kind"": ""raise"", ""raiseTo"": 100}, {""name"": ""pot"", ""kind"": ""raise"", ""raiseTo"": 200}]",check,,native accepted action; browser intent/attempt/latency unverified
328,3,mF3EcBOk3Koyk58gf68oVCGZ,turn,"[""9c"", ""4c""]","[""8s"", ""Jc"", ""Jd"", ""Qs""]","[{""name"": ""check"", ""kind"": ""check"", ""raiseTo"": null}, {""name"": ""min"", ""kind"": ""raise"", ""raiseTo"": 100}, {""name"": ""pot"", ""kind"": ""raise"", ""raiseTo"": 200}]",raise,100,native accepted action; browser intent/attempt/latency unverified
329,1,IcoRBRKu5_27jUkdbUSCdpB2,preflop,"[""3c"", ""3s""]",[],"[{""name"": ""fold"", ""kind"": ""fold"", ""raiseTo"": null}, {""name"": ""call"", ""kind"": ""call"", ""raiseTo"": null}, {""name"": ""min"", ""kind"": ""raise"", ""raiseTo"": 200}, {""name"": ""pot"", ""kind"": ""raise"", ""raiseTo"": 300}]",raise,200,native accepted action; browser intent/attempt/latency unverified
329,2,IcoRBRKu5_27jUkdbUSCdpB2,flop,"[""3c"", ""3s""]","[""Kc"", ""4c"", ""Qc""]","[{""name"": ""check"", ""kind"": ""check"", ""raiseTo"": null}, {""name"": ""min"", ""kind"": ""raise"", ""raiseTo"": 100}, {""name"": ""pot"", ""kind"": ""raise"", ""raiseTo"": 400}]",check,,native accepted action; browser intent/attempt/latency unverified
329,3,IcoRBRKu5_27jUkdbUSCdpB2,turn,"[""3c"", ""3s""]","[""Kc"", ""4c"", ""Qc"", ""6c""]","[{""name"": ""check"", ""kind"": ""check"", ""raiseTo"": null}, {""name"": ""min"", ""kind"": ""raise"", ""raiseTo"": 100}, {""name"": ""pot"", ""kind"": ""raise"", ""raiseTo"": 400}]",raise,100,native accepted action; browser intent/attempt/latency unverified
329,4,IcoRBRKu5_27jUkdbUSCdpB2,river,"[""3c"", ""3s""]","[""Kc"", ""4c"", ""Qc"", ""6c"", ""Jd""]","[{""name"": ""check"", ""kind"": ""check"", ""raiseTo"": null}, {""name"": ""min"", ""kind"": ""raise"", ""raiseTo"": 100}, {""name"": ""pot"", ""kind"": ""raise"", ""raiseTo"": 600}]",check,,native accepted action; browser intent/attempt/latency unverified
331,1,M06kxQdACci618lHR45Lel4O,preflop,"[""9c"", ""Qc""]",[],"[{""name"": ""fold"", ""kind"": ""fold"", ""raiseTo"": null}, {""name"": ""call"", ""kind"": ""call"", ""raiseTo"": null}, {""name"": ""min"", ""kind"": ""raise"", ""raiseTo"": 200}, {""name"": ""pot"", ""kind"": ""raise"", ""raiseTo"": 300}]",raise,200,native accepted action; browser intent/attempt/latency unverified
331,2,M06kxQdACci618lHR45Lel4O,preflop,"[""9c"", ""Qc""]",[],"[{""name"": ""fold"", ""kind"": ""fold"", ""raiseTo"": null}, {""name"": ""call"", ""kind"": ""call"", ""raiseTo"": null}, {""name"": ""min"", ""kind"": ""raise"", ""raiseTo"": 400}, {""name"": ""pot"", ""kind"": ""raise"", ""raiseTo"": 900}]",call,,native accepted action; browser intent/attempt/latency unverified
331,3,M06kxQdACci618lHR45Lel4O,flop,"[""9c"", ""Qc""]","[""4d"", ""2s"", ""As""]","[{""name"": ""check"", ""kind"": ""check"", ""raiseTo"": null}, {""name"": ""min"", ""kind"": ""raise"", ""raiseTo"": 100}, {""name"": ""pot"", ""kind"": ""raise"", ""raiseTo"": 600}]",check,,native accepted action; browser intent/attempt/latency unverified
331,4,M06kxQdACci618lHR45Lel4O,turn,"[""9c"", ""Qc""]","[""4d"", ""2s"", ""As"", ""7d""]","[{""name"": ""fold"", ""kind"": ""fold"", ""raiseTo"": null}, {""name"": ""call"", ""kind"": ""call"", ""raiseTo"": null}, {""name"": ""min"", ""kind"": ""raise"", ""raiseTo"": 1200}, {""name"": ""pot"", ""kind"": ""raise"", ""raiseTo"": 1700}]",fold,,native accepted action; browser intent/attempt/latency unverified
333,1,w57puNoyHVDPZiBU1HRPaS-0,preflop,"[""Ac"", ""3c""]",[],"[{""name"": ""fold"", ""kind"": ""fold"", ""raiseTo"": null}, {""name"": ""call"", ""kind"": ""call"", ""raiseTo"": null}, {""name"": ""min"", ""kind"": ""raise"", ""raiseTo"": 200}, {""name"": ""pot"", ""kind"": ""raise"", ""raiseTo"": 300}]",raise,200,native accepted action; browser intent/attempt/latency unverified
333,2,w57puNoyHVDPZiBU1HRPaS-0,flop,"[""Ac"", ""3c""]","[""8h"", ""5d"", ""Jc""]","[{""name"": ""fold"", ""kind"": ""fold"", ""raiseTo"": null}, {""name"": ""call"", ""kind"": ""call"", ""raiseTo"": null}, {""name"": ""min"", ""kind"": ""raise"", ""raiseTo"": 800}, {""name"": ""pot"", ""kind"": ""raise"", ""raiseTo"": 1600}, {""name"": ""jam"", ""kind"": ""raise"", ""raiseTo"": 1800}]",fold,,native accepted action; browser intent/attempt/latency unverified
335,1,B2OLN2m5Sfv2docRfatowjXF,preflop,"[""Td"", ""Js""]",[],"[{""name"": ""fold"", ""kind"": ""fold"", ""raiseTo"": null}, {""name"": ""call"", ""kind"": ""call"", ""raiseTo"": null}, {""name"": ""min"", ""kind"": ""raise"", ""raiseTo"": 200}, {""name"": ""pot"", ""kind"": ""raise"", ""raiseTo"": 300}]",raise,200,native accepted action; browser intent/attempt/latency unverified
335,2,B2OLN2m5Sfv2docRfatowjXF,preflop,"[""Td"", ""Js""]",[],"[{""name"": ""fold"", ""kind"": ""fold"", ""raiseTo"": null}, {""name"": ""call"", ""kind"": ""call"", ""raiseTo"": null}, {""name"": ""min"", ""kind"": ""raise"", ""raiseTo"": 1000}, {""name"": ""pot"", ""kind"": ""raise"", ""raiseTo"": 1800}, {""name"": ""jam"", ""kind"": ""raise"", ""raiseTo"": 2000}]",fold,,native accepted action; browser intent/attempt/latency unverified
336,1,74JDXZzegXbdFp5IJgVOT17f,preflop,"[""6h"", ""9h""]",[],"[{""name"": ""check"", ""kind"": ""check"", ""raiseTo"": null}, {""name"": ""min"", ""kind"": ""raise"", ""raiseTo"": 200}, {""name"": ""pot"", ""kind"": ""raise"", ""raiseTo"": 300}]",check,,native accepted action; browser intent/attempt/latency unverified
336,2,74JDXZzegXbdFp5IJgVOT17f,flop,"[""6h"", ""9h""]","[""Qc"", ""3c"", ""Qs""]","[{""name"": ""check"", ""kind"": ""check"", ""raiseTo"": null}, {""name"": ""min"", ""kind"": ""raise"", ""raiseTo"": 100}, {""name"": ""pot"", ""kind"": ""raise"", ""raiseTo"": 200}]",check,,native accepted action; browser intent/attempt/latency unverified
336,3,74JDXZzegXbdFp5IJgVOT17f,flop,"[""6h"", ""9h""]","[""Qc"", ""3c"", ""Qs""]","[{""name"": ""fold"", ""kind"": ""fold"", ""raiseTo"": null}, {""name"": ""call"", ""kind"": ""call"", ""raiseTo"": null}, {""name"": ""min"", ""kind"": ""raise"", ""raiseTo"": 200}, {""name"": ""pot"", ""kind"": ""raise"", ""raiseTo"": 500}]",fold,,native accepted action; browser intent/attempt/latency unverified
337,1,2i7_SPKcKSb7E8LJVAY8cd5J,preflop,"[""2h"", ""Jc""]",[],"[{""name"": ""fold"", ""kind"": ""fold"", ""raiseTo"": null}, {""name"": ""call"", ""kind"": ""call"", ""raiseTo"": null}, {""name"": ""min"", ""kind"": ""raise"", ""raiseTo"": 200}, {""name"": ""pot"", ""kind"": ""raise"", ""raiseTo"": 300}]",call,,native accepted action; browser intent/attempt/latency unverified
337,2,2i7_SPKcKSb7E8LJVAY8cd5J,flop,"[""2h"", ""Jc""]","[""8h"", ""4s"", ""6d""]","[{""name"": ""fold"", ""kind"": ""fold"", ""raiseTo"": null}, {""name"": ""call"", ""kind"": ""call"", ""raiseTo"": null}, {""name"": ""min"", ""kind"": ""raise"", ""raiseTo"": 200}, {""name"": ""pot"", ""kind"": ""raise"", ""raiseTo"": 500}]",fold,,native accepted action; browser intent/attempt/latency unverified
339,1,DVs6DLbI9AQk1UfECrYhbHsE,preflop,"[""3h"", ""5d""]",[],"[{""name"": ""fold"", ""kind"": ""fold"", ""raiseTo"": null}, {""name"": ""call"", ""kind"": ""call"", ""raiseTo"": null}, {""name"": ""min"", ""kind"": ""raise"", ""raiseTo"": 200}, {""name"": ""pot"", ""kind"": ""raise"", ""raiseTo"": 300}]",call,,native accepted action; browser intent/attempt/latency unverified
339,2,DVs6DLbI9AQk1UfECrYhbHsE,preflop,"[""3h"", ""5d""]",[],"[{""name"": ""fold"", ""kind"": ""fold"", ""raiseTo"": null}, {""name"": ""call"", ""kind"": ""call"", ""raiseTo"": null}, {""name"": ""min"", ""kind"": ""raise"", ""raiseTo"": 300}, {""name"": ""pot"", ""kind"": ""raise"", ""raiseTo"": 600}]",fold,,native accepted action; browser intent/attempt/latency unverified
340,1,GjIy3Je-d4CFlx2UgPBSlvlY,preflop,"[""2c"", ""2h""]",[],"[{""name"": ""check"", ""kind"": ""check"", ""raiseTo"": null}, {""name"": ""min"", ""kind"": ""raise"", ""raiseTo"": 200}, {""name"": ""pot"", ""kind"": ""raise"", ""raiseTo"": 300}]",check,,native accepted action; browser intent/attempt/latency unverified
340,2,GjIy3Je-d4CFlx2UgPBSlvlY,flop,"[""2c"", ""2h""]","[""4c"", ""3c"", ""Ks""]","[{""name"": ""check"", ""kind"": ""check"", ""raiseTo"": null}, {""name"": ""min"", ""kind"": ""raise"", ""raiseTo"": 100}, {""name"": ""pot"", ""kind"": ""raise"", ""raiseTo"": 200}]",check,,native accepted action; browser intent/attempt/latency unverified
340,3,GjIy3Je-d4CFlx2UgPBSlvlY,flop,"[""2c"", ""2h""]","[""4c"", ""3c"", ""Ks""]","[{""name"": ""fold"", ""kind"": ""fold"", ""raiseTo"": null}, {""name"": ""call"", ""kind"": ""call"", ""raiseTo"": null}, {""name"": ""min"", ""kind"": ""raise"", ""raiseTo"": 200}, {""name"": ""pot"", ""kind"": ""raise"", ""raiseTo"": 500}]",call,,native accepted action; browser intent/attempt/latency unverified
340,4,GjIy3Je-d4CFlx2UgPBSlvlY,turn,"[""2c"", ""2h""]","[""4c"", ""3c"", ""Ks"", ""4s""]","[{""name"": ""check"", ""kind"": ""check"", ""raiseTo"": null}, {""name"": ""min"", ""kind"": ""raise"", ""raiseTo"": 100}, {""name"": ""pot"", ""kind"": ""raise"", ""raiseTo"": 400}]",check,,native accepted action; browser intent/attempt/latency unverified
340,5,GjIy3Je-d4CFlx2UgPBSlvlY,river,"[""2c"", ""2h""]","[""4c"", ""3c"", ""Ks"", ""4s"", ""Qh""]","[{""name"": ""check"", ""kind"": ""check"", ""raiseTo"": null}, {""name"": ""min"", ""kind"": ""raise"", ""raiseTo"": 100}, {""name"": ""pot"", ""kind"": ""raise"", ""raiseTo"": 400}]",check,,native accepted action; browser intent/attempt/latency unverified
341,1,apORNZ5lzcKmx-mTcFyFAtE1,preflop,"[""3c"", ""7d""]",[],"[{""name"": ""fold"", ""kind"": ""fold"", ""raiseTo"": null}, {""name"": ""call"", ""kind"": ""call"", ""raiseTo"": null}, {""name"": ""min"", ""kind"": ""raise"", ""raiseTo"": 200}, {""name"": ""pot"", ""kind"": ""raise"", ""raiseTo"": 300}]",call,,native accepted action; browser intent/attempt/latency unverified
341,2,apORNZ5lzcKmx-mTcFyFAtE1,preflop,"[""3c"", ""7d""]",[],"[{""name"": ""fold"", ""kind"": ""fold"", ""raiseTo"": null}, {""name"": ""call"", ""kind"": ""call"", ""raiseTo"": null}, {""name"": ""min"", ""kind"": ""raise"", ""raiseTo"": 500}, {""name"": ""pot"", ""kind"": ""raise"", ""raiseTo"": 900}]",fold,,native accepted action; browser intent/attempt/latency unverified
342,1,DLuBMQrP4N9IF2AxunFMlnME,preflop,"[""Jd"", ""Qd""]",[],"[{""name"": ""check"", ""kind"": ""check"", ""raiseTo"": null}, {""name"": ""min"", ""kind"": ""raise"", ""raiseTo"": 200}, {""name"": ""pot"", ""kind"": ""raise"", ""raiseTo"": 300}]",raise,200,native accepted action; browser intent/attempt/latency unverified
342,2,DLuBMQrP4N9IF2AxunFMlnME,preflop,"[""Jd"", ""Qd""]",[],"[{""name"": ""fold"", ""kind"": ""fold"", ""raiseTo"": null}, {""name"": ""call"", ""kind"": ""call"", ""raiseTo"": null}, {""name"": ""min"", ""kind"": ""raise"", ""raiseTo"": 400}, {""name"": ""pot"", ""kind"": ""raise"", ""raiseTo"": 900}]",call,,native accepted action; browser intent/attempt/latency unverified
342,3,DLuBMQrP4N9IF2AxunFMlnME,flop,"[""Jd"", ""Qd""]","[""7c"", ""Tc"", ""2h""]","[{""name"": ""check"", ""kind"": ""check"", ""raiseTo"": null}, {""name"": ""min"", ""kind"": ""raise"", ""raiseTo"": 100}, {""name"": ""pot"", ""kind"": ""raise"", ""raiseTo"": 600}]",check,,native accepted action; browser intent/attempt/latency unverified
342,4,DLuBMQrP4N9IF2AxunFMlnME,turn,"[""Jd"", ""Qd""]","[""7c"", ""Tc"", ""2h"", ""7h""]","[{""name"": ""check"", ""kind"": ""check"", ""raiseTo"": null}, {""name"": ""min"", ""kind"": ""raise"", ""raiseTo"": 100}, {""name"": ""pot"", ""kind"": ""raise"", ""raiseTo"": 600}]",raise,100,native accepted action; browser intent/attempt/latency unverified
343,1,REM0wrdKsBOloRCpwT2p0lbI,preflop,"[""8c"", ""8s""]",[],"[{""name"": ""fold"", ""kind"": ""fold"", ""raiseTo"": null}, {""name"": ""call"", ""kind"": ""call"", ""raiseTo"": null}, {""name"": ""min"", ""kind"": ""raise"", ""raiseTo"": 200}, {""name"": ""pot"", ""kind"": ""raise"", ""raiseTo"": 300}]",raise,200,native accepted action; browser intent/attempt/latency unverified
343,2,REM0wrdKsBOloRCpwT2p0lbI,flop,"[""8c"", ""8s""]","[""6h"", ""Jc"", ""9h""]","[{""name"": ""fold"", ""kind"": ""fold"", ""raiseTo"": null}, {""name"": ""call"", ""kind"": ""call"", ""raiseTo"": null}, {""name"": ""min"", ""kind"": ""raise"", ""raiseTo"": 200}, {""name"": ""pot"", ""kind"": ""raise"", ""raiseTo"": 700}]",call,,native accepted action; browser intent/attempt/latency unverified
343,3,REM0wrdKsBOloRCpwT2p0lbI,turn,"[""8c"", ""8s""]","[""6h"", ""Jc"", ""9h"", ""7d""]","[{""name"": ""fold"", ""kind"": ""fold"", ""raiseTo"": null}, {""name"": ""call"", ""kind"": ""call"", ""raiseTo"": null}, {""name"": ""min"", ""kind"": ""raise"", ""raiseTo"": 200}, {""name"": ""pot"", ""kind"": ""raise"", ""raiseTo"": 900}, {""name"": ""jam"", ""kind"": ""raise"", ""raiseTo"": 1700}]",call,,native accepted action; browser intent/attempt/latency unverified
343,4,REM0wrdKsBOloRCpwT2p0lbI,river,"[""8c"", ""8s""]","[""6h"", ""Jc"", ""9h"", ""7d"", ""5s""]","[{""name"": ""fold"", ""kind"": ""fold"", ""raiseTo"": null}, {""name"": ""call"", ""kind"": ""call"", ""raiseTo"": null}]",call,,native accepted action; browser intent/attempt/latency unverified
344,1,32Jmc4p2EdZ9LkehreQXtyku,preflop,"[""9s"", ""4h""]",[],"[{""name"": ""fold"", ""kind"": ""fold"", ""raiseTo"": null}, {""name"": ""call"", ""kind"": ""call"", ""raiseTo"": null}, {""name"": ""min"", ""kind"": ""raise"", ""raiseTo"": 500}, {""name"": ""pot"", ""kind"": ""raise"", ""raiseTo"": 900}]",fold,,native accepted action; browser intent/attempt/latency unverified
345,1,X8_2gWio_iVyebuk-UN6nzJ1,preflop,"[""Ac"", ""9s""]",[],"[{""name"": ""fold"", ""kind"": ""fold"", ""raiseTo"": null}, {""name"": ""call"", ""kind"": ""call"", ""raiseTo"": null}, {""name"": ""min"", ""kind"": ""raise"", ""raiseTo"": 200}, {""name"": ""pot"", ""kind"": ""raise"", ""raiseTo"": 300}]",raise,200,native accepted action; browser intent/attempt/latency unverified
345,2,X8_2gWio_iVyebuk-UN6nzJ1,flop,"[""Ac"", ""9s""]","[""7h"", ""8d"", ""8s""]","[{""name"": ""check"", ""kind"": ""check"", ""raiseTo"": null}, {""name"": ""min"", ""kind"": ""raise"", ""raiseTo"": 100}, {""name"": ""pot"", ""kind"": ""raise"", ""raiseTo"": 400}]",raise,100,native accepted action; browser intent/attempt/latency unverified
346,1,fGy2V_Zi4n-24HbFZr_DSkRT,preflop,"[""3c"", ""Qs""]",[],"[{""name"": ""fold"", ""kind"": ""fold"", ""raiseTo"": null}, {""name"": ""call"", ""kind"": ""call"", ""raiseTo"": null}, {""name"": ""min"", ""kind"": ""raise"", ""raiseTo"": 300}, {""name"": ""pot"", ""kind"": ""raise"", ""raiseTo"": 600}]",call,,native accepted action; browser intent/attempt/latency unverified
346,2,fGy2V_Zi4n-24HbFZr_DSkRT,flop,"[""3c"", ""Qs""]","[""Js"", ""5c"", ""Th""]","[{""name"": ""check"", ""kind"": ""check"", ""raiseTo"": null}, {""name"": ""min"", ""kind"": ""raise"", ""raiseTo"": 100}, {""name"": ""pot"", ""kind"": ""raise"", ""raiseTo"": 400}]",check,,native accepted action; browser intent/attempt/latency unverified
346,3,fGy2V_Zi4n-24HbFZr_DSkRT,flop,"[""3c"", ""Qs""]","[""Js"", ""5c"", ""Th""]","[{""name"": ""fold"", ""kind"": ""fold"", ""raiseTo"": null}, {""name"": ""call"", ""kind"": ""call"", ""raiseTo"": null}, {""name"": ""min"", ""kind"": ""raise"", ""raiseTo"": 200}, {""name"": ""pot"", ""kind"": ""raise"", ""raiseTo"": 700}]",call,,native accepted action; browser intent/attempt/latency unverified
346,4,fGy2V_Zi4n-24HbFZr_DSkRT,turn,"[""3c"", ""Qs""]","[""Js"", ""5c"", ""Th"", ""9c""]","[{""name"": ""check"", ""kind"": ""check"", ""raiseTo"": null}, {""name"": ""min"", ""kind"": ""raise"", ""raiseTo"": 100}, {""name"": ""pot"", ""kind"": ""raise"", ""raiseTo"": 600}]",raise,100,native accepted action; browser intent/attempt/latency unverified
346,5,fGy2V_Zi4n-24HbFZr_DSkRT,turn,"[""3c"", ""Qs""]","[""Js"", ""5c"", ""Th"", ""9c""]","[{""name"": ""fold"", ""kind"": ""fold"", ""raiseTo"": null}, {""name"": ""call"", ""kind"": ""call"", ""raiseTo"": null}]",fold,,native accepted action; browser intent/attempt/latency unverified
347,1,F11Hw5i5ctnZ66TDeL1w_p5N,preflop,"[""Td"", ""Ad""]",[],"[{""name"": ""fold"", ""kind"": ""fold"", ""raiseTo"": null}, {""name"": ""call"", ""kind"": ""call"", ""raiseTo"": null}, {""name"": ""min"", ""kind"": ""raise"", ""raiseTo"": 200}, {""name"": ""pot"", ""kind"": ""raise"", ""raiseTo"": 300}]",raise,200,native accepted action; browser intent/attempt/latency unverified
347,2,F11Hw5i5ctnZ66TDeL1w_p5N,flop,"[""Td"", ""Ad""]","[""3s"", ""Ac"", ""5d""]","[{""name"": ""fold"", ""kind"": ""fold"", ""raiseTo"": null}, {""name"": ""call"", ""kind"": ""call"", ""raiseTo"": null}, {""name"": ""min"", ""kind"": ""raise"", ""raiseTo"": 800}, {""name"": ""pot"", ""kind"": ""raise"", ""raiseTo"": 1600}, {""name"": ""jam"", ""kind"": ""raise"", ""raiseTo"": 1800}]",call,,native accepted action; browser intent/attempt/latency unverified
347,3,F11Hw5i5ctnZ66TDeL1w_p5N,turn,"[""Td"", ""Ad""]","[""3s"", ""Ac"", ""5d"", ""2d""]","[{""name"": ""fold"", ""kind"": ""fold"", ""raiseTo"": null}, {""name"": ""call"", ""kind"": ""call"", ""raiseTo"": null}, {""name"": ""min"", ""kind"": ""raise"", ""raiseTo"": 1400}]",call,,native accepted action; browser intent/attempt/latency unverified
347,4,F11Hw5i5ctnZ66TDeL1w_p5N,river,"[""Td"", ""Ad""]","[""3s"", ""Ac"", ""5d"", ""2d"", ""8s""]","[{""name"": ""check"", ""kind"": ""check"", ""raiseTo"": null}, {""name"": ""min"", ""kind"": ""raise"", ""raiseTo"": 100}, {""name"": ""pot"", ""kind"": ""raise"", ""raiseTo"": 200}]",raise,100,native accepted action; browser intent/attempt/latency unverified
347,5,F11Hw5i5ctnZ66TDeL1w_p5N,river,"[""Td"", ""Ad""]","[""3s"", ""Ac"", ""5d"", ""2d"", ""8s""]","[{""name"": ""fold"", ""kind"": ""fold"", ""raiseTo"": null}, {""name"": ""call"", ""kind"": ""call"", ""raiseTo"": null}]",call,,native accepted action; browser intent/attempt/latency unverified
348,1,hJgoCOGNX5fVcGoOaOwA0-O7,preflop,"[""3h"", ""4h""]",[],"[{""name"": ""check"", ""kind"": ""check"", ""raiseTo"": null}, {""name"": ""min"", ""kind"": ""raise"", ""raiseTo"": 200}, {""name"": ""pot"", ""kind"": ""raise"", ""raiseTo"": 300}]",check,,native accepted action; browser intent/attempt/latency unverified
348,2,hJgoCOGNX5fVcGoOaOwA0-O7,flop,"[""3h"", ""4h""]","[""9d"", ""9h"", ""6c""]","[{""name"": ""check"", ""kind"": ""check"", ""raiseTo"": null}, {""name"": ""min"", ""kind"": ""raise"", ""raiseTo"": 100}, {""name"": ""pot"", ""kind"": ""raise"", ""raiseTo"": 200}]",check,,native accepted action; browser intent/attempt/latency unverified
348,3,hJgoCOGNX5fVcGoOaOwA0-O7,flop,"[""3h"", ""4h""]","[""9d"", ""9h"", ""6c""]","[{""name"": ""fold"", ""kind"": ""fold"", ""raiseTo"": null}, {""name"": ""call"", ""kind"": ""call"", ""raiseTo"": null}, {""name"": ""min"", ""kind"": ""raise"", ""raiseTo"": 200}, {""name"": ""pot"", ""kind"": ""raise"", ""raiseTo"": 500}]",fold,,native accepted action; browser intent/attempt/latency unverified
349,1,gfDpo1TgnE7g4rSkdl4vM6Q7,preflop,"[""2h"", ""Qc""]",[],"[{""name"": ""fold"", ""kind"": ""fold"", ""raiseTo"": null}, {""name"": ""call"", ""kind"": ""call"", ""raiseTo"": null}, {""name"": ""min"", ""kind"": ""raise"", ""raiseTo"": 200}, {""name"": ""pot"", ""kind"": ""raise"", ""raiseTo"": 300}]",call,,native accepted action; browser intent/attempt/latency unverified
349,2,gfDpo1TgnE7g4rSkdl4vM6Q7,preflop,"[""2h"", ""Qc""]",[],"[{""name"": ""fold"", ""kind"": ""fold"", ""raiseTo"": null}, {""name"": ""call"", ""kind"": ""call"", ""raiseTo"": null}, {""name"": ""min"", ""kind"": ""raise"", ""raiseTo"": 300}, {""name"": ""pot"", ""kind"": ""raise"", ""raiseTo"": 600}]",call,,native accepted action; browser intent/attempt/latency unverified
349,3,gfDpo1TgnE7g4rSkdl4vM6Q7,flop,"[""2h"", ""Qc""]","[""6h"", ""5s"", ""4h""]","[{""name"": ""fold"", ""kind"": ""fold"", ""raiseTo"": null}, {""name"": ""call"", ""kind"": ""call"", ""raiseTo"": null}, {""name"": ""min"", ""kind"": ""raise"", ""raiseTo"": 800}, {""name"": ""pot"", ""kind"": ""raise"", ""raiseTo"": 1600}, {""name"": ""jam"", ""kind"": ""raise"", ""raiseTo"": 1800}]",fold,,native accepted action; browser intent/attempt/latency unverified
350,1,buz7RUdmwwIDgdrGq8o5A2_P,preflop,"[""2d"", ""8s""]",[],"[{""name"": ""fold"", ""kind"": ""fold"", ""raiseTo"": null}, {""name"": ""call"", ""kind"": ""call"", ""raiseTo"": null}, {""name"": ""min"", ""kind"": ""raise"", ""raiseTo"": 500}, {""name"": ""pot"", ""kind"": ""raise"", ""raiseTo"": 900}]",fold,,native accepted action; browser intent/attempt/latency unverified
351,1,AcfeILCtqlATxSgzA2_jlpS1,preflop,"[""Js"", ""Ac""]",[],"[{""name"": ""fold"", ""kind"": ""fold"", ""raiseTo"": null}, {""name"": ""call"", ""kind"": ""call"", ""raiseTo"": null}, {""name"": ""min"", ""kind"": ""raise"", ""raiseTo"": 200}, {""name"": ""pot"", ""kind"": ""raise"", ""raiseTo"": 300}]",raise,200,native accepted action; browser intent/attempt/latency unverified
351,2,AcfeILCtqlATxSgzA2_jlpS1,flop,"[""Js"", ""Ac""]","[""Qh"", ""2s"", ""4d""]","[{""name"": ""check"", ""kind"": ""check"", ""raiseTo"": null}, {""name"": ""min"", ""kind"": ""raise"", ""raiseTo"": 100}, {""name"": ""pot"", ""kind"": ""raise"", ""raiseTo"": 400}]",raise,100,native accepted action; browser intent/attempt/latency unverified
353,1,zXwstpzz-kznSbW-MKXk_Tl6,preflop,"[""Ad"", ""7h""]",[],"[{""name"": ""fold"", ""kind"": ""fold"", ""raiseTo"": null}, {""name"": ""call"", ""kind"": ""call"", ""raiseTo"": null}, {""name"": ""min"", ""kind"": ""raise"", ""raiseTo"": 200}, {""name"": ""pot"", ""kind"": ""raise"", ""raiseTo"": 300}]",raise,200,native accepted action; browser intent/attempt/latency unverified
353,2,zXwstpzz-kznSbW-MKXk_Tl6,preflop,"[""Ad"", ""7h""]",[],"[{""name"": ""fold"", ""kind"": ""fold"", ""raiseTo"": null}, {""name"": ""call"", ""kind"": ""call"", ""raiseTo"": null}, {""name"": ""min"", ""kind"": ""raise"", ""raiseTo"": 400}, {""name"": ""pot"", ""kind"": ""raise"", ""raiseTo"": 900}]",call,,native accepted action; browser intent/attempt/latency unverified
353,3,zXwstpzz-kznSbW-MKXk_Tl6,flop,"[""Ad"", ""7h""]","[""Tc"", ""Kc"", ""3c""]","[{""name"": ""check"", ""kind"": ""check"", ""raiseTo"": null}, {""name"": ""min"", ""kind"": ""raise"", ""raiseTo"": 100}, {""name"": ""pot"", ""kind"": ""raise"", ""raiseTo"": 600}]",check,,native accepted action; browser intent/attempt/latency unverified
353,4,zXwstpzz-kznSbW-MKXk_Tl6,turn,"[""Ad"", ""7h""]","[""Tc"", ""Kc"", ""3c"", ""Td""]","[{""name"": ""fold"", ""kind"": ""fold"", ""raiseTo"": null}, {""name"": ""call"", ""kind"": ""call"", ""raiseTo"": null}, {""name"": ""min"", ""kind"": ""raise"", ""raiseTo"": 200}, {""name"": ""pot"", ""kind"": ""raise"", ""raiseTo"": 900}, {""name"": ""jam"", ""kind"": ""raise"", ""raiseTo"": 1700}]",call,,native accepted action; browser intent/attempt/latency unverified
353,5,zXwstpzz-kznSbW-MKXk_Tl6,river,"[""Ad"", ""7h""]","[""Tc"", ""Kc"", ""3c"", ""Td"", ""2d""]","[{""name"": ""check"", ""kind"": ""check"", ""raiseTo"": null}, {""name"": ""min"", ""kind"": ""raise"", ""raiseTo"": 100}, {""name"": ""pot"", ""kind"": ""raise"", ""raiseTo"": 800}, {""name"": ""jam"", ""kind"": ""raise"", ""raiseTo"": 1600}]",check,,native accepted action; browser intent/attempt/latency unverified
355,1,xiTb36LY98P1NZHKIocr49XM,preflop,"[""3c"", ""9d""]",[],"[{""name"": ""fold"", ""kind"": ""fold"", ""raiseTo"": null}, {""name"": ""call"", ""kind"": ""call"", ""raiseTo"": null}, {""name"": ""min"", ""kind"": ""raise"", ""raiseTo"": 200}, {""name"": ""pot"", ""kind"": ""raise"", ""raiseTo"": 300}]",fold,,native accepted action; browser intent/attempt/latency unverified
356,1,qnIngYv4DA6XeJ1Q4n3jxXxJ,preflop,"[""Jc"", ""2h""]",[],"[{""name"": ""fold"", ""kind"": ""fold"", ""raiseTo"": null}, {""name"": ""call"", ""kind"": ""call"", ""raiseTo"": null}, {""name"": ""min"", ""kind"": ""raise"", ""raiseTo"": 300}, {""name"": ""pot"", ""kind"": ""raise"", ""raiseTo"": 600}]",call,,native accepted action; browser intent/attempt/latency unverified
356,2,qnIngYv4DA6XeJ1Q4n3jxXxJ,flop,"[""Jc"", ""2h""]","[""Qs"", ""7h"", ""Ts""]","[{""name"": ""check"", ""kind"": ""check"", ""raiseTo"": null}, {""name"": ""min"", ""kind"": ""raise"", ""raiseTo"": 100}, {""name"": ""pot"", ""kind"": ""raise"", ""raiseTo"": 400}]",check,,native accepted action; browser intent/attempt/latency unverified
356,3,qnIngYv4DA6XeJ1Q4n3jxXxJ,turn,"[""Jc"", ""2h""]","[""Qs"", ""7h"", ""Ts"", ""Kh""]","[{""name"": ""check"", ""kind"": ""check"", ""raiseTo"": null}, {""name"": ""min"", ""kind"": ""raise"", ""raiseTo"": 100}, {""name"": ""pot"", ""kind"": ""raise"", ""raiseTo"": 400}]",raise,100,native accepted action; browser intent/attempt/latency unverified
356,4,qnIngYv4DA6XeJ1Q4n3jxXxJ,river,"[""Jc"", ""2h""]","[""Qs"", ""7h"", ""Ts"", ""Kh"", ""3s""]","[{""name"": ""check"", ""kind"": ""check"", ""raiseTo"": null}, {""name"": ""min"", ""kind"": ""raise"", ""raiseTo"": 100}, {""name"": ""pot"", ""kind"": ""raise"", ""raiseTo"": 600}]",check,,native accepted action; browser intent/attempt/latency unverified
357,1,Ki3xNwkHiY2cWgWn4DYet7Xf,preflop,"[""2d"", ""Td""]",[],"[{""name"": ""fold"", ""kind"": ""fold"", ""raiseTo"": null}, {""name"": ""call"", ""kind"": ""call"", ""raiseTo"": null}, {""name"": ""min"", ""kind"": ""raise"", ""raiseTo"": 200}, {""name"": ""pot"", ""kind"": ""raise"", ""raiseTo"": 300}]",raise,200,native accepted action; browser intent/attempt/latency unverified
357,2,Ki3xNwkHiY2cWgWn4DYet7Xf,flop,"[""2d"", ""Td""]","[""Jd"", ""8s"", ""Ac""]","[{""name"": ""check"", ""kind"": ""check"", ""raiseTo"": null}, {""name"": ""min"", ""kind"": ""raise"", ""raiseTo"": 100}, {""name"": ""pot"", ""kind"": ""raise"", ""raiseTo"": 400}]",raise,100,native accepted action; browser intent/attempt/latency unverified
357,3,Ki3xNwkHiY2cWgWn4DYet7Xf,flop,"[""2d"", ""Td""]","[""Jd"", ""8s"", ""Ac""]","[{""name"": ""fold"", ""kind"": ""fold"", ""raiseTo"": null}, {""name"": ""call"", ""kind"": ""call"", ""raiseTo"": null}, {""name"": ""min"", ""kind"": ""raise"", ""raiseTo"": 1300}, {""name"": ""pot"", ""kind"": ""raise"", ""raiseTo"": 1800}]",fold,,native accepted action; browser intent/attempt/latency unverified
359,1,OqYe1c4CVqe-dQzZBdV1N9La,preflop,"[""3c"", ""Qc""]",[],"[{""name"": ""fold"", ""kind"": ""fold"", ""raiseTo"": null}, {""name"": ""call"", ""kind"": ""call"", ""raiseTo"": null}, {""name"": ""min"", ""kind"": ""raise"", ""raiseTo"": 200}, {""name"": ""pot"", ""kind"": ""raise"", ""raiseTo"": 300}]",raise,200,native accepted action; browser intent/attempt/latency unverified
359,2,OqYe1c4CVqe-dQzZBdV1N9La,flop,"[""3c"", ""Qc""]","[""9c"", ""6c"", ""7d""]","[{""name"": ""fold"", ""kind"": ""fold"", ""raiseTo"": null}, {""name"": ""call"", ""kind"": ""call"", ""raiseTo"": null}, {""name"": ""min"", ""kind"": ""raise"", ""raiseTo"": 200}, {""name"": ""pot"", ""kind"": ""raise"", ""raiseTo"": 700}]",call,,native accepted action; browser intent/attempt/latency unverified
359,3,OqYe1c4CVqe-dQzZBdV1N9La,turn,"[""3c"", ""Qc""]","[""9c"", ""6c"", ""7d"", ""4h""]","[{""name"": ""fold"", ""kind"": ""fold"", ""raiseTo"": null}, {""name"": ""call"", ""kind"": ""call"", ""raiseTo"": null}, {""name"": ""min"", ""kind"": ""raise"", ""raiseTo"": 200}, {""name"": ""pot"", ""kind"": ""raise"", ""raiseTo"": 900}, {""name"": ""jam"", ""kind"": ""raise"", ""raiseTo"": 1700}]",call,,native accepted action; browser intent/attempt/latency unverified
359,4,OqYe1c4CVqe-dQzZBdV1N9La,river,"[""3c"", ""Qc""]","[""9c"", ""6c"", ""7d"", ""4h"", ""5s""]","[{""name"": ""check"", ""kind"": ""check"", ""raiseTo"": null}, {""name"": ""min"", ""kind"": ""raise"", ""raiseTo"": 100}, {""name"": ""pot"", ""kind"": ""raise"", ""raiseTo"": 800}, {""name"": ""jam"", ""kind"": ""raise"", ""raiseTo"": 1600}]",raise,100,native accepted action; browser intent/attempt/latency unverified
361,1,kxAaGUlvT-kaklvb6xY3EzkR,preflop,"[""Ts"", ""2h""]",[],"[{""name"": ""fold"", ""kind"": ""fold"", ""raiseTo"": null}, {""name"": ""call"", ""kind"": ""call"", ""raiseTo"": null}, {""name"": ""min"", ""kind"": ""raise"", ""raiseTo"": 200}, {""name"": ""pot"", ""kind"": ""raise"", ""raiseTo"": 300}]",fold,,native accepted action; browser intent/attempt/latency unverified
362,1,mALS8D2v13IzameMtU9o00XT,preflop,"[""4h"", ""Qd""]",[],"[{""name"": ""check"", ""kind"": ""check"", ""raiseTo"": null}, {""name"": ""min"", ""kind"": ""raise"", ""raiseTo"": 200}, {""name"": ""pot"", ""kind"": ""raise"", ""raiseTo"": 300}]",check,,native accepted action; browser intent/attempt/latency unverified
362,2,mALS8D2v13IzameMtU9o00XT,flop,"[""4h"", ""Qd""]","[""8d"", ""Js"", ""Jc""]","[{""name"": ""check"", ""kind"": ""check"", ""raiseTo"": null}, {""name"": ""min"", ""kind"": ""raise"", ""raiseTo"": 100}, {""name"": ""pot"", ""kind"": ""raise"", ""raiseTo"": 200}]",check,,native accepted action; browser intent/attempt/latency unverified
362,3,mALS8D2v13IzameMtU9o00XT,flop,"[""4h"", ""Qd""]","[""8d"", ""Js"", ""Jc""]","[{""name"": ""fold"", ""kind"": ""fold"", ""raiseTo"": null}, {""name"": ""call"", ""kind"": ""call"", ""raiseTo"": null}, {""name"": ""min"", ""kind"": ""raise"", ""raiseTo"": 200}, {""name"": ""pot"", ""kind"": ""raise"", ""raiseTo"": 500}]",call,,native accepted action; browser intent/attempt/latency unverified
362,4,mALS8D2v13IzameMtU9o00XT,turn,"[""4h"", ""Qd""]","[""8d"", ""Js"", ""Jc"", ""2d""]","[{""name"": ""check"", ""kind"": ""check"", ""raiseTo"": null}, {""name"": ""min"", ""kind"": ""raise"", ""raiseTo"": 100}, {""name"": ""pot"", ""kind"": ""raise"", ""raiseTo"": 400}]",check,,native accepted action; browser intent/attempt/latency unverified
362,5,mALS8D2v13IzameMtU9o00XT,river,"[""4h"", ""Qd""]","[""8d"", ""Js"", ""Jc"", ""2d"", ""As""]","[{""name"": ""check"", ""kind"": ""check"", ""raiseTo"": null}, {""name"": ""min"", ""kind"": ""raise"", ""raiseTo"": 100}, {""name"": ""pot"", ""kind"": ""raise"", ""raiseTo"": 400}]",check,,native accepted action; browser intent/attempt/latency unverified
363,1,PkIsN_m81VRFTwyKHiY7uuBr,preflop,"[""3c"", ""Jd""]",[],"[{""name"": ""fold"", ""kind"": ""fold"", ""raiseTo"": null}, {""name"": ""call"", ""kind"": ""call"", ""raiseTo"": null}, {""name"": ""min"", ""kind"": ""raise"", ""raiseTo"": 200}, {""name"": ""pot"", ""kind"": ""raise"", ""raiseTo"": 300}]",call,,native accepted action; browser intent/attempt/latency unverified
363,2,PkIsN_m81VRFTwyKHiY7uuBr,flop,"[""3c"", ""Jd""]","[""6d"", ""8d"", ""3d""]","[{""name"": ""check"", ""kind"": ""check"", ""raiseTo"": null}, {""name"": ""min"", ""kind"": ""raise"", ""raiseTo"": 100}, {""name"": ""pot"", ""kind"": ""raise"", ""raiseTo"": 200}]",check,,native accepted action; browser intent/attempt/latency unverified
363,3,PkIsN_m81VRFTwyKHiY7uuBr,turn,"[""3c"", ""Jd""]","[""6d"", ""8d"", ""3d"", ""9s""]","[{""name"": ""check"", ""kind"": ""check"", ""raiseTo"": null}, {""name"": ""min"", ""kind"": ""raise"", ""raiseTo"": 100}, {""name"": ""pot"", ""kind"": ""raise"", ""raiseTo"": 200}]",check,,native accepted action; browser intent/attempt/latency unverified
363,4,PkIsN_m81VRFTwyKHiY7uuBr,river,"[""3c"", ""Jd""]","[""6d"", ""8d"", ""3d"", ""9s"", ""2d""]","[{""name"": ""fold"", ""kind"": ""fold"", ""raiseTo"": null}, {""name"": ""call"", ""kind"": ""call"", ""raiseTo"": null}, {""name"": ""min"", ""kind"": ""raise"", ""raiseTo"": 400}, {""name"": ""pot"", ""kind"": ""raise"", ""raiseTo"": 800}]",call,,native accepted action; browser intent/attempt/latency unverified
364,1,GpjIMEsB2OjGZ3qdn-VfFwk9,preflop,"[""Ah"", ""6d""]",[],"[{""name"": ""fold"", ""kind"": ""fold"", ""raiseTo"": null}, {""name"": ""call"", ""kind"": ""call"", ""raiseTo"": null}, {""name"": ""min"", ""kind"": ""raise"", ""raiseTo"": 500}, {""name"": ""pot"", ""kind"": ""raise"", ""raiseTo"": 900}]",call,,native accepted action; browser intent/attempt/latency unverified
364,2,GpjIMEsB2OjGZ3qdn-VfFwk9,flop,"[""Ah"", ""6d""]","[""5s"", ""7d"", ""5c""]","[{""name"": ""check"", ""kind"": ""check"", ""raiseTo"": null}, {""name"": ""min"", ""kind"": ""raise"", ""raiseTo"": 100}, {""name"": ""pot"", ""kind"": ""raise"", ""raiseTo"": 600}]",check,,native accepted action; browser intent/attempt/latency unverified
364,3,GpjIMEsB2OjGZ3qdn-VfFwk9,flop,"[""Ah"", ""6d""]","[""5s"", ""7d"", ""5c""]","[{""name"": ""fold"", ""kind"": ""fold"", ""raiseTo"": null}, {""name"": ""call"", ""kind"": ""call"", ""raiseTo"": null}, {""name"": ""min"", ""kind"": ""raise"", ""raiseTo"": 1200}, {""name"": ""pot"", ""kind"": ""raise"", ""raiseTo"": 1700}]",fold,,native accepted action; browser intent/attempt/latency unverified
365,1,7Vyfht6trc7XVGDzl2NZ9JlM,preflop,"[""4d"", ""3h""]",[],"[{""name"": ""fold"", ""kind"": ""fold"", ""raiseTo"": null}, {""name"": ""call"", ""kind"": ""call"", ""raiseTo"": null}, {""name"": ""min"", ""kind"": ""raise"", ""raiseTo"": 200}, {""name"": ""pot"", ""kind"": ""raise"", ""raiseTo"": 300}]",call,,native accepted action; browser intent/attempt/latency unverified
365,2,7Vyfht6trc7XVGDzl2NZ9JlM,preflop,"[""4d"", ""3h""]",[],"[{""name"": ""fold"", ""kind"": ""fold"", ""raiseTo"": null}, {""name"": ""call"", ""kind"": ""call"", ""raiseTo"": null}, {""name"": ""min"", ""kind"": ""raise"", ""raiseTo"": 300}, {""name"": ""pot"", ""kind"": ""raise"", ""raiseTo"": 600}]",fold,,native accepted action; browser intent/attempt/latency unverified
366,1,iWPYgNjl86QRffP-URfVX4xJ,preflop,"[""5c"", ""8h""]",[],"[{""name"": ""fold"", ""kind"": ""fold"", ""raiseTo"": null}, {""name"": ""call"", ""kind"": ""call"", ""raiseTo"": null}, {""name"": ""min"", ""kind"": ""raise"", ""raiseTo"": 300}, {""name"": ""pot"", ""kind"": ""raise"", ""raiseTo"": 600}]",call,,native accepted action; browser intent/attempt/latency unverified
366,2,iWPYgNjl86QRffP-URfVX4xJ,flop,"[""5c"", ""8h""]","[""Jc"", ""As"", ""Ks""]","[{""name"": ""check"", ""kind"": ""check"", ""raiseTo"": null}, {""name"": ""min"", ""kind"": ""raise"", ""raiseTo"": 100}, {""name"": ""pot"", ""kind"": ""raise"", ""raiseTo"": 400}]",check,,native accepted action; browser intent/attempt/latency unverified
366,3,iWPYgNjl86QRffP-URfVX4xJ,flop,"[""5c"", ""8h""]","[""Jc"", ""As"", ""Ks""]","[{""name"": ""fold"", ""kind"": ""fold"", ""raiseTo"": null}, {""name"": ""call"", ""kind"": ""call"", ""raiseTo"": null}, {""name"": ""min"", ""kind"": ""raise"", ""raiseTo"": 200}, {""name"": ""pot"", ""kind"": ""raise"", ""raiseTo"": 700}]",fold,,native accepted action; browser intent/attempt/latency unverified
367,1,o0rFRoM3MLwA092QnXq6kWGJ,preflop,"[""Td"", ""Kd""]",[],"[{""name"": ""fold"", ""kind"": ""fold"", ""raiseTo"": null}, {""name"": ""call"", ""kind"": ""call"", ""raiseTo"": null}, {""name"": ""min"", ""kind"": ""raise"", ""raiseTo"": 200}, {""name"": ""pot"", ""kind"": ""raise"", ""raiseTo"": 300}]",raise,200,native accepted action; browser intent/attempt/latency unverified
369,1,bdz6A7gPKmW9E34ZFIvsSiGZ,preflop,"[""Ac"", ""9d""]",[],"[{""name"": ""fold"", ""kind"": ""fold"", ""raiseTo"": null}, {""name"": ""call"", ""kind"": ""call"", ""raiseTo"": null}, {""name"": ""min"", ""kind"": ""raise"", ""raiseTo"": 200}, {""name"": ""pot"", ""kind"": ""raise"", ""raiseTo"": 300}]",raise,200,native accepted action; browser intent/attempt/latency unverified
369,2,bdz6A7gPKmW9E34ZFIvsSiGZ,preflop,"[""Ac"", ""9d""]",[],"[{""name"": ""fold"", ""kind"": ""fold"", ""raiseTo"": null}, {""name"": ""call"", ""kind"": ""call"", ""raiseTo"": null}, {""name"": ""min"", ""kind"": ""raise"", ""raiseTo"": 1000}, {""name"": ""pot"", ""kind"": ""raise"", ""raiseTo"": 1800}, {""name"": ""jam"", ""kind"": ""raise"", ""raiseTo"": 2000}]",call,,native accepted action; browser intent/attempt/latency unverified
369,3,bdz6A7gPKmW9E34ZFIvsSiGZ,flop,"[""Ac"", ""9d""]","[""8s"", ""5h"", ""7h""]","[{""name"": ""fold"", ""kind"": ""fold"", ""raiseTo"": null}, {""name"": ""call"", ""kind"": ""call"", ""raiseTo"": null}]",fold,,native accepted action; browser intent/attempt/latency unverified
370,1,OdglFJXuYRxt_97C0eNrCz_6,preflop,"[""Qh"", ""6s""]",[],"[{""name"": ""fold"", ""kind"": ""fold"", ""raiseTo"": null}, {""name"": ""call"", ""kind"": ""call"", ""raiseTo"": null}, {""name"": ""min"", ""kind"": ""raise"", ""raiseTo"": 500}, {""name"": ""pot"", ""kind"": ""raise"", ""raiseTo"": 900}]",call,,native accepted action; browser intent/attempt/latency unverified
370,2,OdglFJXuYRxt_97C0eNrCz_6,flop,"[""Qh"", ""6s""]","[""9s"", ""8s"", ""4h""]","[{""name"": ""check"", ""kind"": ""check"", ""raiseTo"": null}, {""name"": ""min"", ""kind"": ""raise"", ""raiseTo"": 100}, {""name"": ""pot"", ""kind"": ""raise"", ""raiseTo"": 600}]",check,,native accepted action; browser intent/attempt/latency unverified
370,3,OdglFJXuYRxt_97C0eNrCz_6,flop,"[""Qh"", ""6s""]","[""9s"", ""8s"", ""4h""]","[{""name"": ""fold"", ""kind"": ""fold"", ""raiseTo"": null}, {""name"": ""call"", ""kind"": ""call"", ""raiseTo"": null}, {""name"": ""min"", ""kind"": ""raise"", ""raiseTo"": 200}, {""name"": ""pot"", ""kind"": ""raise"", ""raiseTo"": 900}, {""name"": ""jam"", ""kind"": ""raise"", ""raiseTo"": 1700}]",call,,native accepted action; browser intent/attempt/latency unverified
370,4,OdglFJXuYRxt_97C0eNrCz_6,turn,"[""Qh"", ""6s""]","[""9s"", ""8s"", ""4h"", ""Qs""]","[{""name"": ""check"", ""kind"": ""check"", ""raiseTo"": null}, {""name"": ""min"", ""kind"": ""raise"", ""raiseTo"": 100}, {""name"": ""pot"", ""kind"": ""raise"", ""raiseTo"": 800}, {""name"": ""jam"", ""kind"": ""raise"", ""raiseTo"": 1600}]",raise,100,native accepted action; browser intent/attempt/latency unverified
370,5,OdglFJXuYRxt_97C0eNrCz_6,turn,"[""Qh"", ""6s""]","[""9s"", ""8s"", ""4h"", ""Qs""]","[{""name"": ""fold"", ""kind"": ""fold"", ""raiseTo"": null}, {""name"": ""call"", ""kind"": ""call"", ""raiseTo"": null}, {""name"": ""min"", ""kind"": ""raise"", ""raiseTo"": 1600}]",fold,,native accepted action; browser intent/attempt/latency unverified
371,1,GWCcdP653dWyUH3-t27MEjGS,preflop,"[""2h"", ""Ah""]",[],"[{""name"": ""fold"", ""kind"": ""fold"", ""raiseTo"": null}, {""name"": ""call"", ""kind"": ""call"", ""raiseTo"": null}, {""name"": ""min"", ""kind"": ""raise"", ""raiseTo"": 200}, {""name"": ""pot"", ""kind"": ""raise"", ""raiseTo"": 300}]",raise,200,native accepted action; browser intent/attempt/latency unverified
371,2,GWCcdP653dWyUH3-t27MEjGS,flop,"[""2h"", ""Ah""]","[""Qc"", ""8s"", ""2s""]","[{""name"": ""check"", ""kind"": ""check"", ""raiseTo"": null}, {""name"": ""min"", ""kind"": ""raise"", ""raiseTo"": 100}, {""name"": ""pot"", ""kind"": ""raise"", ""raiseTo"": 400}]",check,,native accepted action; browser intent/attempt/latency unverified
371,3,GWCcdP653dWyUH3-t27MEjGS,turn,"[""2h"", ""Ah""]","[""Qc"", ""8s"", ""2s"", ""Qs""]","[{""name"": ""check"", ""kind"": ""check"", ""raiseTo"": null}, {""name"": ""min"", ""kind"": ""raise"", ""raiseTo"": 100}, {""name"": ""pot"", ""kind"": ""raise"", ""raiseTo"": 400}]",raise,100,native accepted action; browser intent/attempt/latency unverified
372,1,DES9TynCFPezFRLebXXgvEes,preflop,"[""Jc"", ""8c""]",[],"[{""name"": ""check"", ""kind"": ""check"", ""raiseTo"": null}, {""name"": ""min"", ""kind"": ""raise"", ""raiseTo"": 200}, {""name"": ""pot"", ""kind"": ""raise"", ""raiseTo"": 300}]",check,,native accepted action; browser intent/attempt/latency unverified
372,2,DES9TynCFPezFRLebXXgvEes,flop,"[""Jc"", ""8c""]","[""7s"", ""4s"", ""8d""]","[{""name"": ""check"", ""kind"": ""check"", ""raiseTo"": null}, {""name"": ""min"", ""kind"": ""raise"", ""raiseTo"": 100}, {""name"": ""pot"", ""kind"": ""raise"", ""raiseTo"": 200}]",raise,100,native accepted action; browser intent/attempt/latency unverified
373,1,I2JwbdiZEvN7rWPvP9rw6bQc,preflop,"[""7c"", ""Qh""]",[],"[{""name"": ""fold"", ""kind"": ""fold"", ""raiseTo"": null}, {""name"": ""call"", ""kind"": ""call"", ""raiseTo"": null}, {""name"": ""min"", ""kind"": ""raise"", ""raiseTo"": 200}, {""name"": ""pot"", ""kind"": ""raise"", ""raiseTo"": 300}]",raise,200,native accepted action; browser intent/attempt/latency unverified
373,2,I2JwbdiZEvN7rWPvP9rw6bQc,flop,"[""7c"", ""Qh""]","[""9h"", ""Td"", ""3d""]","[{""name"": ""check"", ""kind"": ""check"", ""raiseTo"": null}, {""name"": ""min"", ""kind"": ""raise"", ""raiseTo"": 100}, {""name"": ""pot"", ""kind"": ""raise"", ""raiseTo"": 400}]",raise,100,native accepted action; browser intent/attempt/latency unverified
373,3,I2JwbdiZEvN7rWPvP9rw6bQc,turn,"[""7c"", ""Qh""]","[""9h"", ""Td"", ""3d"", ""6s""]","[{""name"": ""fold"", ""kind"": ""fold"", ""raiseTo"": null}, {""name"": ""call"", ""kind"": ""call"", ""raiseTo"": null}, {""name"": ""min"", ""kind"": ""raise"", ""raiseTo"": 200}, {""name"": ""pot"", ""kind"": ""raise"", ""raiseTo"": 900}, {""name"": ""jam"", ""kind"": ""raise"", ""raiseTo"": 1700}]",fold,,native accepted action; browser intent/attempt/latency unverified
374,1,pElVnsaDFAwR9qNbhpVv0inD,preflop,"[""7h"", ""9c""]",[],"[{""name"": ""check"", ""kind"": ""check"", ""raiseTo"": null}, {""name"": ""min"", ""kind"": ""raise"", ""raiseTo"": 200}, {""name"": ""pot"", ""kind"": ""raise"", ""raiseTo"": 300}]",check,,native accepted action; browser intent/attempt/latency unverified
374,2,pElVnsaDFAwR9qNbhpVv0inD,flop,"[""7h"", ""9c""]","[""As"", ""3c"", ""Kc""]","[{""name"": ""check"", ""kind"": ""check"", ""raiseTo"": null}, {""name"": ""min"", ""kind"": ""raise"", ""raiseTo"": 100}, {""name"": ""pot"", ""kind"": ""raise"", ""raiseTo"": 200}]",check,,native accepted action; browser intent/attempt/latency unverified
374,3,pElVnsaDFAwR9qNbhpVv0inD,turn,"[""7h"", ""9c""]","[""As"", ""3c"", ""Kc"", ""6h""]","[{""name"": ""check"", ""kind"": ""check"", ""raiseTo"": null}, {""name"": ""min"", ""kind"": ""raise"", ""raiseTo"": 100}, {""name"": ""pot"", ""kind"": ""raise"", ""raiseTo"": 200}]",check,,native accepted action; browser intent/attempt/latency unverified
374,4,pElVnsaDFAwR9qNbhpVv0inD,turn,"[""7h"", ""9c""]","[""As"", ""3c"", ""Kc"", ""6h""]","[{""name"": ""fold"", ""kind"": ""fold"", ""raiseTo"": null}, {""name"": ""call"", ""kind"": ""call"", ""raiseTo"": null}, {""name"": ""min"", ""kind"": ""raise"", ""raiseTo"": 200}, {""name"": ""pot"", ""kind"": ""raise"", ""raiseTo"": 500}]",fold,,native accepted action; browser intent/attempt/latency unverified
375,1,rv0tBOx59S7wujWyQyI1nnsS,preflop,"[""4c"", ""5h""]",[],"[{""name"": ""fold"", ""kind"": ""fold"", ""raiseTo"": null}, {""name"": ""call"", ""kind"": ""call"", ""raiseTo"": null}, {""name"": ""min"", ""kind"": ""raise"", ""raiseTo"": 200}, {""name"": ""pot"", ""kind"": ""raise"", ""raiseTo"": 300}]",call,,native accepted action; browser intent/attempt/latency unverified
375,2,rv0tBOx59S7wujWyQyI1nnsS,preflop,"[""4c"", ""5h""]",[],"[{""name"": ""fold"", ""kind"": ""fold"", ""raiseTo"": null}, {""name"": ""call"", ""kind"": ""call"", ""raiseTo"": null}, {""name"": ""min"", ""kind"": ""raise"", ""raiseTo"": 500}, {""name"": ""pot"", ""kind"": ""raise"", ""raiseTo"": 900}]",fold,,native accepted action; browser intent/attempt/latency unverified
376,1,sMD7BqfjWg8ON79MPSitecGk,preflop,"[""4h"", ""4c""]",[],"[{""name"": ""fold"", ""kind"": ""fold"", ""raiseTo"": null}, {""name"": ""call"", ""kind"": ""call"", ""raiseTo"": null}, {""name"": ""min"", ""kind"": ""raise"", ""raiseTo"": 500}, {""name"": ""pot"", ""kind"": ""raise"", ""raiseTo"": 900}]",call,,native accepted action; browser intent/attempt/latency unverified
376,2,sMD7BqfjWg8ON79MPSitecGk,flop,"[""4h"", ""4c""]","[""3h"", ""Jc"", ""7h""]","[{""name"": ""check"", ""kind"": ""check"", ""raiseTo"": null}, {""name"": ""min"", ""kind"": ""raise"", ""raiseTo"": 100}, {""name"": ""pot"", ""kind"": ""raise"", ""raiseTo"": 600}]",check,,native accepted action; browser intent/attempt/latency unverified
376,3,sMD7BqfjWg8ON79MPSitecGk,flop,"[""4h"", ""4c""]","[""3h"", ""Jc"", ""7h""]","[{""name"": ""fold"", ""kind"": ""fold"", ""raiseTo"": null}, {""name"": ""call"", ""kind"": ""call"", ""raiseTo"": null}, {""name"": ""min"", ""kind"": ""raise"", ""raiseTo"": 200}, {""name"": ""pot"", ""kind"": ""raise"", ""raiseTo"": 900}, {""name"": ""jam"", ""kind"": ""raise"", ""raiseTo"": 1700}]",call,,native accepted action; browser intent/attempt/latency unverified
376,4,sMD7BqfjWg8ON79MPSitecGk,turn,"[""4h"", ""4c""]","[""3h"", ""Jc"", ""7h"", ""9s""]","[{""name"": ""check"", ""kind"": ""check"", ""raiseTo"": null}, {""name"": ""min"", ""kind"": ""raise"", ""raiseTo"": 100}, {""name"": ""pot"", ""kind"": ""raise"", ""raiseTo"": 800}, {""name"": ""jam"", ""kind"": ""raise"", ""raiseTo"": 1600}]",check,,native accepted action; browser intent/attempt/latency unverified
376,5,sMD7BqfjWg8ON79MPSitecGk,turn,"[""4h"", ""4c""]","[""3h"", ""Jc"", ""7h"", ""9s""]","[{""name"": ""fold"", ""kind"": ""fold"", ""raiseTo"": null}, {""name"": ""call"", ""kind"": ""call"", ""raiseTo"": null}, {""name"": ""min"", ""kind"": ""raise"", ""raiseTo"": 1600}]",fold,,native accepted action; browser intent/attempt/latency unverified
377,1,1MZ3B0QRM2ts1EDQJ6t_HCPz,preflop,"[""3d"", ""Js""]",[],"[{""name"": ""fold"", ""kind"": ""fold"", ""raiseTo"": null}, {""name"": ""call"", ""kind"": ""call"", ""raiseTo"": null}, {""name"": ""min"", ""kind"": ""raise"", ""raiseTo"": 200}, {""name"": ""pot"", ""kind"": ""raise"", ""raiseTo"": 300}]",call,,native accepted action; browser intent/attempt/latency unverified
377,2,1MZ3B0QRM2ts1EDQJ6t_HCPz,flop,"[""3d"", ""Js""]","[""8d"", ""3s"", ""7h""]","[{""name"": ""fold"", ""kind"": ""fold"", ""raiseTo"": null}, {""name"": ""call"", ""kind"": ""call"", ""raiseTo"": null}, {""name"": ""min"", ""kind"": ""raise"", ""raiseTo"": 200}, {""name"": ""pot"", ""kind"": ""raise"", ""raiseTo"": 500}]",call,,native accepted action; browser intent/attempt/latency unverified
377,3,1MZ3B0QRM2ts1EDQJ6t_HCPz,turn,"[""3d"", ""Js""]","[""8d"", ""3s"", ""7h"", ""6d""]","[{""name"": ""fold"", ""kind"": ""fold"", ""raiseTo"": null}, {""name"": ""call"", ""kind"": ""call"", ""raiseTo"": null}, {""name"": ""min"", ""kind"": ""raise"", ""raiseTo"": 200}, {""name"": ""pot"", ""kind"": ""raise"", ""raiseTo"": 700}]",call,,native accepted action; browser intent/attempt/latency unverified
377,4,1MZ3B0QRM2ts1EDQJ6t_HCPz,river,"[""3d"", ""Js""]","[""8d"", ""3s"", ""7h"", ""6d"", ""9c""]","[{""name"": ""check"", ""kind"": ""check"", ""raiseTo"": null}, {""name"": ""min"", ""kind"": ""raise"", ""raiseTo"": 100}, {""name"": ""pot"", ""kind"": ""raise"", ""raiseTo"": 600}]",check,,native accepted action; browser intent/attempt/latency unverified
378,1,S7mauLo1c0ZOHM56fw-Lx9fM,preflop,"[""Qh"", ""Kd""]",[],"[{""name"": ""fold"", ""kind"": ""fold"", ""raiseTo"": null}, {""name"": ""call"", ""kind"": ""call"", ""raiseTo"": null}, {""name"": ""min"", ""kind"": ""raise"", ""raiseTo"": 300}, {""name"": ""pot"", ""kind"": ""raise"", ""raiseTo"": 600}]",call,,native accepted action; browser intent/attempt/latency unverified
378,2,S7mauLo1c0ZOHM56fw-Lx9fM,flop,"[""Qh"", ""Kd""]","[""2d"", ""Td"", ""9s""]","[{""name"": ""check"", ""kind"": ""check"", ""raiseTo"": null}, {""name"": ""min"", ""kind"": ""raise"", ""raiseTo"": 100}, {""name"": ""pot"", ""kind"": ""raise"", ""raiseTo"": 400}]",check,,native accepted action; browser intent/attempt/latency unverified
378,3,S7mauLo1c0ZOHM56fw-Lx9fM,flop,"[""Qh"", ""Kd""]","[""2d"", ""Td"", ""9s""]","[{""name"": ""fold"", ""kind"": ""fold"", ""raiseTo"": null}, {""name"": ""call"", ""kind"": ""call"", ""raiseTo"": null}, {""name"": ""min"", ""kind"": ""raise"", ""raiseTo"": 200}, {""name"": ""pot"", ""kind"": ""raise"", ""raiseTo"": 700}]",call,,native accepted action; browser intent/attempt/latency unverified
378,4,S7mauLo1c0ZOHM56fw-Lx9fM,turn,"[""Qh"", ""Kd""]","[""2d"", ""Td"", ""9s"", ""Jh""]","[{""name"": ""check"", ""kind"": ""check"", ""raiseTo"": null}, {""name"": ""min"", ""kind"": ""raise"", ""raiseTo"": 100}, {""name"": ""pot"", ""kind"": ""raise"", ""raiseTo"": 600}]",raise,600,native accepted action; browser intent/attempt/latency unverified
378,5,S7mauLo1c0ZOHM56fw-Lx9fM,river,"[""Qh"", ""Kd""]","[""2d"", ""Td"", ""9s"", ""Jh"", ""3s""]","[{""name"": ""check"", ""kind"": ""check"", ""raiseTo"": null}, {""name"": ""min"", ""kind"": ""raise"", ""raiseTo"": 100}, {""name"": ""pot"", ""kind"": ""raise"", ""raiseTo"": 1100}]",raise,1100,native accepted action; browser intent/attempt/latency unverified
379,1,PFXFdBoypFUDDM0acx387ugp,preflop,"[""Ad"", ""2d""]",[],"[{""name"": ""fold"", ""kind"": ""fold"", ""raiseTo"": null}, {""name"": ""call"", ""kind"": ""call"", ""raiseTo"": null}, {""name"": ""min"", ""kind"": ""raise"", ""raiseTo"": 200}, {""name"": ""pot"", ""kind"": ""raise"", ""raiseTo"": 300}]",raise,200,native accepted action; browser intent/attempt/latency unverified
379,2,PFXFdBoypFUDDM0acx387ugp,flop,"[""Ad"", ""2d""]","[""Js"", ""Qh"", ""Jd""]","[{""name"": ""fold"", ""kind"": ""fold"", ""raiseTo"": null}, {""name"": ""call"", ""kind"": ""call"", ""raiseTo"": null}, {""name"": ""min"", ""kind"": ""raise"", ""raiseTo"": 800}, {""name"": ""pot"", ""kind"": ""raise"", ""raiseTo"": 1600}, {""name"": ""jam"", ""kind"": ""raise"", ""raiseTo"": 1800}]",fold,,native accepted action; browser intent/attempt/latency unverified
380,1,Qtk63ecMnOX9XWeUVbV-9Ykx,preflop,"[""6s"", ""Ac""]",[],"[{""name"": ""fold"", ""kind"": ""fold"", ""raiseTo"": null}, {""name"": ""call"", ""kind"": ""call"", ""raiseTo"": null}, {""name"": ""min"", ""kind"": ""raise"", ""raiseTo"": 500}, {""name"": ""pot"", ""kind"": ""raise"", ""raiseTo"": 900}]",call,,native accepted action; browser intent/attempt/latency unverified
380,2,Qtk63ecMnOX9XWeUVbV-9Ykx,flop,"[""6s"", ""Ac""]","[""8d"", ""9h"", ""2c""]","[{""name"": ""check"", ""kind"": ""check"", ""raiseTo"": null}, {""name"": ""min"", ""kind"": ""raise"", ""raiseTo"": 100}, {""name"": ""pot"", ""kind"": ""raise"", ""raiseTo"": 600}]",check,,native accepted action; browser intent/attempt/latency unverified
380,3,Qtk63ecMnOX9XWeUVbV-9Ykx,flop,"[""6s"", ""Ac""]","[""8d"", ""9h"", ""2c""]","[{""name"": ""fold"", ""kind"": ""fold"", ""raiseTo"": null}, {""name"": ""call"", ""kind"": ""call"", ""raiseTo"": null}, {""name"": ""min"", ""kind"": ""raise"", ""raiseTo"": 200}, {""name"": ""pot"", ""kind"": ""raise"", ""raiseTo"": 900}, {""name"": ""jam"", ""kind"": ""raise"", ""raiseTo"": 1700}]",call,,native accepted action; browser intent/attempt/latency unverified
380,4,Qtk63ecMnOX9XWeUVbV-9Ykx,turn,"[""6s"", ""Ac""]","[""8d"", ""9h"", ""2c"", ""Kh""]","[{""name"": ""check"", ""kind"": ""check"", ""raiseTo"": null}, {""name"": ""min"", ""kind"": ""raise"", ""raiseTo"": 100}, {""name"": ""pot"", ""kind"": ""raise"", ""raiseTo"": 800}, {""name"": ""jam"", ""kind"": ""raise"", ""raiseTo"": 1600}]",check,,native accepted action; browser intent/attempt/latency unverified
380,5,Qtk63ecMnOX9XWeUVbV-9Ykx,turn,"[""6s"", ""Ac""]","[""8d"", ""9h"", ""2c"", ""Kh""]","[{""name"": ""fold"", ""kind"": ""fold"", ""raiseTo"": null}, {""name"": ""call"", ""kind"": ""call"", ""raiseTo"": null}, {""name"": ""min"", ""kind"": ""raise"", ""raiseTo"": 200}, {""name"": ""pot"", ""kind"": ""raise"", ""raiseTo"": 1100}, {""name"": ""jam"", ""kind"": ""raise"", ""raiseTo"": 1600}]",call,,native accepted action; browser intent/attempt/latency unverified
380,6,Qtk63ecMnOX9XWeUVbV-9Ykx,river,"[""6s"", ""Ac""]","[""8d"", ""9h"", ""2c"", ""Kh"", ""7s""]","[{""name"": ""check"", ""kind"": ""check"", ""raiseTo"": null}, {""name"": ""min"", ""kind"": ""raise"", ""raiseTo"": 100}, {""name"": ""pot"", ""kind"": ""raise"", ""raiseTo"": 1000}, {""name"": ""jam"", ""kind"": ""raise"", ""raiseTo"": 1500}]",check,,native accepted action; browser intent/attempt/latency unverified
380,7,Qtk63ecMnOX9XWeUVbV-9Ykx,river,"[""6s"", ""Ac""]","[""8d"", ""9h"", ""2c"", ""Kh"", ""7s""]","[{""name"": ""fold"", ""kind"": ""fold"", ""raiseTo"": null}, {""name"": ""call"", ""kind"": ""call"", ""raiseTo"": null}]",fold,,native accepted action; browser intent/attempt/latency unverified
381,1,Z466nzLYg2O7yRmNxZt9oByL,preflop,"[""Kc"", ""7c""]",[],"[{""name"": ""fold"", ""kind"": ""fold"", ""raiseTo"": null}, {""name"": ""call"", ""kind"": ""call"", ""raiseTo"": null}, {""name"": ""min"", ""kind"": ""raise"", ""raiseTo"": 200}, {""name"": ""pot"", ""kind"": ""raise"", ""raiseTo"": 300}]",raise,200,native accepted action; browser intent/attempt/latency unverified
381,2,Z466nzLYg2O7yRmNxZt9oByL,flop,"[""Kc"", ""7c""]","[""Tc"", ""4s"", ""Ad""]","[{""name"": ""check"", ""kind"": ""check"", ""raiseTo"": null}, {""name"": ""min"", ""kind"": ""raise"", ""raiseTo"": 100}, {""name"": ""pot"", ""kind"": ""raise"", ""raiseTo"": 400}]",raise,100,native accepted action; browser intent/attempt/latency unverified
381,3,Z466nzLYg2O7yRmNxZt9oByL,flop,"[""Kc"", ""7c""]","[""Tc"", ""4s"", ""Ad""]","[{""name"": ""fold"", ""kind"": ""fold"", ""raiseTo"": null}, {""name"": ""call"", ""kind"": ""call"", ""raiseTo"": null}, {""name"": ""min"", ""kind"": ""raise"", ""raiseTo"": 300}, {""name"": ""pot"", ""kind"": ""raise"", ""raiseTo"": 1000}, {""name"": ""jam"", ""kind"": ""raise"", ""raiseTo"": 1800}]",fold,,native accepted action; browser intent/attempt/latency unverified
382,1,tndRI4UH6Lg7lU7ghnRKua6o,preflop,"[""6d"", ""Ah""]",[],"[{""name"": ""fold"", ""kind"": ""fold"", ""raiseTo"": null}, {""name"": ""call"", ""kind"": ""call"", ""raiseTo"": null}, {""name"": ""min"", ""kind"": ""raise"", ""raiseTo"": 300}, {""name"": ""pot"", ""kind"": ""raise"", ""raiseTo"": 600}]",call,,native accepted action; browser intent/attempt/latency unverified
382,2,tndRI4UH6Lg7lU7ghnRKua6o,flop,"[""6d"", ""Ah""]","[""Qs"", ""8d"", ""Kc""]","[{""name"": ""check"", ""kind"": ""check"", ""raiseTo"": null}, {""name"": ""min"", ""kind"": ""raise"", ""raiseTo"": 100}, {""name"": ""pot"", ""kind"": ""raise"", ""raiseTo"": 400}]",check,,native accepted action; browser intent/attempt/latency unverified
382,3,tndRI4UH6Lg7lU7ghnRKua6o,flop,"[""6d"", ""Ah""]","[""Qs"", ""8d"", ""Kc""]","[{""name"": ""fold"", ""kind"": ""fold"", ""raiseTo"": null}, {""name"": ""call"", ""kind"": ""call"", ""raiseTo"": null}, {""name"": ""min"", ""kind"": ""raise"", ""raiseTo"": 200}, {""name"": ""pot"", ""kind"": ""raise"", ""raiseTo"": 700}]",call,,native accepted action; browser intent/attempt/latency unverified
382,4,tndRI4UH6Lg7lU7ghnRKua6o,turn,"[""6d"", ""Ah""]","[""Qs"", ""8d"", ""Kc"", ""3c""]","[{""name"": ""check"", ""kind"": ""check"", ""raiseTo"": null}, {""name"": ""min"", ""kind"": ""raise"", ""raiseTo"": 100}, {""name"": ""pot"", ""kind"": ""raise"", ""raiseTo"": 600}]",check,,native accepted action; browser intent/attempt/latency unverified
382,5,tndRI4UH6Lg7lU7ghnRKua6o,river,"[""6d"", ""Ah""]","[""Qs"", ""8d"", ""Kc"", ""3c"", ""8c""]","[{""name"": ""check"", ""kind"": ""check"", ""raiseTo"": null}, {""name"": ""min"", ""kind"": ""raise"", ""raiseTo"": 100}, {""name"": ""pot"", ""kind"": ""raise"", ""raiseTo"": 600}]",check,,native accepted action; browser intent/attempt/latency unverified
383,1,mxbfzF7-v5hA3-d0uypRzncq,preflop,"[""9c"", ""4h""]",[],"[{""name"": ""fold"", ""kind"": ""fold"", ""raiseTo"": null}, {""name"": ""call"", ""kind"": ""call"", ""raiseTo"": null}, {""name"": ""min"", ""kind"": ""raise"", ""raiseTo"": 200}, {""name"": ""pot"", ""kind"": ""raise"", ""raiseTo"": 300}]",raise,200,native accepted action; browser intent/attempt/latency unverified
383,2,mxbfzF7-v5hA3-d0uypRzncq,flop,"[""9c"", ""4h""]","[""7d"", ""Ad"", ""8s""]","[{""name"": ""check"", ""kind"": ""check"", ""raiseTo"": null}, {""name"": ""min"", ""kind"": ""raise"", ""raiseTo"": 100}, {""name"": ""pot"", ""kind"": ""raise"", ""raiseTo"": 400}]",raise,100,native accepted action; browser intent/attempt/latency unverified
383,3,mxbfzF7-v5hA3-d0uypRzncq,turn,"[""9c"", ""4h""]","[""7d"", ""Ad"", ""8s"", ""Jd""]","[{""name"": ""check"", ""kind"": ""check"", ""raiseTo"": null}, {""name"": ""min"", ""kind"": ""raise"", ""raiseTo"": 100}, {""name"": ""pot"", ""kind"": ""raise"", ""raiseTo"": 600}]",check,,native accepted action; browser intent/attempt/latency unverified
383,4,mxbfzF7-v5hA3-d0uypRzncq,river,"[""9c"", ""4h""]","[""7d"", ""Ad"", ""8s"", ""Jd"", ""Ah""]","[{""name"": ""fold"", ""kind"": ""fold"", ""raiseTo"": null}, {""name"": ""call"", ""kind"": ""call"", ""raiseTo"": null}, {""name"": ""min"", ""kind"": ""raise"", ""raiseTo"": 200}, {""name"": ""pot"", ""kind"": ""raise"", ""raiseTo"": 900}, {""name"": ""jam"", ""kind"": ""raise"", ""raiseTo"": 1700}]",call,,native accepted action; browser intent/attempt/latency unverified
385,1,UUezkX1FwN6jWNoaJ1twel7a,preflop,"[""Ad"", ""8d""]",[],"[{""name"": ""fold"", ""kind"": ""fold"", ""raiseTo"": null}, {""name"": ""call"", ""kind"": ""call"", ""raiseTo"": null}, {""name"": ""min"", ""kind"": ""raise"", ""raiseTo"": 200}, {""name"": ""pot"", ""kind"": ""raise"", ""raiseTo"": 300}]",raise,200,native accepted action; browser intent/attempt/latency unverified
385,2,UUezkX1FwN6jWNoaJ1twel7a,preflop,"[""Ad"", ""8d""]",[],"[{""name"": ""fold"", ""kind"": ""fold"", ""raiseTo"": null}, {""name"": ""call"", ""kind"": ""call"", ""raiseTo"": null}, {""name"": ""min"", ""kind"": ""raise"", ""raiseTo"": 1000}, {""name"": ""pot"", ""kind"": ""raise"", ""raiseTo"": 1800}, {""name"": ""jam"", ""kind"": ""raise"", ""raiseTo"": 2000}]",fold,,native accepted action; browser intent/attempt/latency unverified
386,1,XbYkguJEJvbhToqaJmTG8Ma1,preflop,"[""4c"", ""9s""]",[],"[{""name"": ""check"", ""kind"": ""check"", ""raiseTo"": null}, {""name"": ""min"", ""kind"": ""raise"", ""raiseTo"": 200}, {""name"": ""pot"", ""kind"": ""raise"", ""raiseTo"": 300}]",check,,native accepted action; browser intent/attempt/latency unverified
386,2,XbYkguJEJvbhToqaJmTG8Ma1,flop,"[""4c"", ""9s""]","[""8c"", ""4h"", ""Js""]","[{""name"": ""check"", ""kind"": ""check"", ""raiseTo"": null}, {""name"": ""min"", ""kind"": ""raise"", ""raiseTo"": 100}, {""name"": ""pot"", ""kind"": ""raise"", ""raiseTo"": 200}]",check,,native accepted action; browser intent/attempt/latency unverified
386,3,XbYkguJEJvbhToqaJmTG8Ma1,flop,"[""4c"", ""9s""]","[""8c"", ""4h"", ""Js""]","[{""name"": ""fold"", ""kind"": ""fold"", ""raiseTo"": null}, {""name"": ""call"", ""kind"": ""call"", ""raiseTo"": null}, {""name"": ""min"", ""kind"": ""raise"", ""raiseTo"": 200}, {""name"": ""pot"", ""kind"": ""raise"", ""raiseTo"": 500}]",call,,native accepted action; browser intent/attempt/latency unverified
386,4,XbYkguJEJvbhToqaJmTG8Ma1,turn,"[""4c"", ""9s""]","[""8c"", ""4h"", ""Js"", ""6d""]","[{""name"": ""check"", ""kind"": ""check"", ""raiseTo"": null}, {""name"": ""min"", ""kind"": ""raise"", ""raiseTo"": 100}, {""name"": ""pot"", ""kind"": ""raise"", ""raiseTo"": 400}]",check,,native accepted action; browser intent/attempt/latency unverified
386,5,XbYkguJEJvbhToqaJmTG8Ma1,turn,"[""4c"", ""9s""]","[""8c"", ""4h"", ""Js"", ""6d""]","[{""name"": ""fold"", ""kind"": ""fold"", ""raiseTo"": null}, {""name"": ""call"", ""kind"": ""call"", ""raiseTo"": null}, {""name"": ""min"", ""kind"": ""raise"", ""raiseTo"": 200}, {""name"": ""pot"", ""kind"": ""raise"", ""raiseTo"": 700}]",call,,native accepted action; browser intent/attempt/latency unverified
386,6,XbYkguJEJvbhToqaJmTG8Ma1,river,"[""4c"", ""9s""]","[""8c"", ""4h"", ""Js"", ""6d"", ""8s""]","[{""name"": ""check"", ""kind"": ""check"", ""raiseTo"": null}, {""name"": ""min"", ""kind"": ""raise"", ""raiseTo"": 100}, {""name"": ""pot"", ""kind"": ""raise"", ""raiseTo"": 600}]",check,,native accepted action; browser intent/attempt/latency unverified
387,1,W2bDsMzUmKmf_2u7aDiZrM8C,preflop,"[""6s"", ""3s""]",[],"[{""name"": ""fold"", ""kind"": ""fold"", ""raiseTo"": null}, {""name"": ""call"", ""kind"": ""call"", ""raiseTo"": null}, {""name"": ""min"", ""kind"": ""raise"", ""raiseTo"": 200}, {""name"": ""pot"", ""kind"": ""raise"", ""raiseTo"": 300}]",raise,200,native accepted action; browser intent/attempt/latency unverified
387,2,W2bDsMzUmKmf_2u7aDiZrM8C,preflop,"[""6s"", ""3s""]",[],"[{""name"": ""fold"", ""kind"": ""fold"", ""raiseTo"": null}, {""name"": ""call"", ""kind"": ""call"", ""raiseTo"": null}, {""name"": ""min"", ""kind"": ""raise"", ""raiseTo"": 400}, {""name"": ""pot"", ""kind"": ""raise"", ""raiseTo"": 900}]",call,,native accepted action; browser intent/attempt/latency unverified
387,3,W2bDsMzUmKmf_2u7aDiZrM8C,flop,"[""6s"", ""3s""]","[""Js"", ""4d"", ""8s""]","[{""name"": ""fold"", ""kind"": ""fold"", ""raiseTo"": null}, {""name"": ""call"", ""kind"": ""call"", ""raiseTo"": null}, {""name"": ""min"", ""kind"": ""raise"", ""raiseTo"": 200}, {""name"": ""pot"", ""kind"": ""raise"", ""raiseTo"": 900}, {""name"": ""jam"", ""kind"": ""raise"", ""raiseTo"": 1700}]",call,,native accepted action; browser intent/attempt/latency unverified
387,4,W2bDsMzUmKmf_2u7aDiZrM8C,turn,"[""6s"", ""3s""]","[""Js"", ""4d"", ""8s"", ""3c""]","[{""name"": ""check"", ""kind"": ""check"", ""raiseTo"": null}, {""name"": ""min"", ""kind"": ""raise"", ""raiseTo"": 100}, {""name"": ""pot"", ""kind"": ""raise"", ""raiseTo"": 800}, {""name"": ""jam"", ""kind"": ""raise"", ""raiseTo"": 1600}]",check,,native accepted action; browser intent/attempt/latency unverified
387,5,W2bDsMzUmKmf_2u7aDiZrM8C,river,"[""6s"", ""3s""]","[""Js"", ""4d"", ""8s"", ""3c"", ""Td""]","[{""name"": ""fold"", ""kind"": ""fold"", ""raiseTo"": null}, {""name"": ""call"", ""kind"": ""call"", ""raiseTo"": null}, {""name"": ""min"", ""kind"": ""raise"", ""raiseTo"": 200}, {""name"": ""pot"", ""kind"": ""raise"", ""raiseTo"": 1100}, {""name"": ""jam"", ""kind"": ""raise"", ""raiseTo"": 1600}]",call,,native accepted action; browser intent/attempt/latency unverified
389,1,oEXMcyC9Z9vDxHoO4VWe2QVh,preflop,"[""Qd"", ""2d""]",[],"[{""name"": ""fold"", ""kind"": ""fold"", ""raiseTo"": null}, {""name"": ""call"", ""kind"": ""call"", ""raiseTo"": null}, {""name"": ""min"", ""kind"": ""raise"", ""raiseTo"": 200}, {""name"": ""pot"", ""kind"": ""raise"", ""raiseTo"": 300}]",raise,200,native accepted action; browser intent/attempt/latency unverified
390,1,8dXY6KkGszA2QOXLowGJfdH9,preflop,"[""Ad"", ""5h""]",[],"[{""name"": ""fold"", ""kind"": ""fold"", ""raiseTo"": null}, {""name"": ""call"", ""kind"": ""call"", ""raiseTo"": null}, {""name"": ""min"", ""kind"": ""raise"", ""raiseTo"": 500}, {""name"": ""pot"", ""kind"": ""raise"", ""raiseTo"": 900}]",call,,native accepted action; browser intent/attempt/latency unverified
390,2,8dXY6KkGszA2QOXLowGJfdH9,flop,"[""Ad"", ""5h""]","[""4c"", ""6c"", ""9d""]","[{""name"": ""check"", ""kind"": ""check"", ""raiseTo"": null}, {""name"": ""min"", ""kind"": ""raise"", ""raiseTo"": 100}, {""name"": ""pot"", ""kind"": ""raise"", ""raiseTo"": 600}]",check,,native accepted action; browser intent/attempt/latency unverified
390,3,8dXY6KkGszA2QOXLowGJfdH9,flop,"[""Ad"", ""5h""]","[""4c"", ""6c"", ""9d""]","[{""name"": ""fold"", ""kind"": ""fold"", ""raiseTo"": null}, {""name"": ""call"", ""kind"": ""call"", ""raiseTo"": null}, {""name"": ""min"", ""kind"": ""raise"", ""raiseTo"": 200}, {""name"": ""pot"", ""kind"": ""raise"", ""raiseTo"": 900}, {""name"": ""jam"", ""kind"": ""raise"", ""raiseTo"": 1700}]",call,,native accepted action; browser intent/attempt/latency unverified
390,4,8dXY6KkGszA2QOXLowGJfdH9,turn,"[""Ad"", ""5h""]","[""4c"", ""6c"", ""9d"", ""3c""]","[{""name"": ""check"", ""kind"": ""check"", ""raiseTo"": null}, {""name"": ""min"", ""kind"": ""raise"", ""raiseTo"": 100}, {""name"": ""pot"", ""kind"": ""raise"", ""raiseTo"": 800}, {""name"": ""jam"", ""kind"": ""raise"", ""raiseTo"": 1600}]",raise,100,native accepted action; browser intent/attempt/latency unverified
391,1,PojGx0r8Ae_l-PC3zk0wBcd8,preflop,"[""Td"", ""3h""]",[],"[{""name"": ""fold"", ""kind"": ""fold"", ""raiseTo"": null}, {""name"": ""call"", ""kind"": ""call"", ""raiseTo"": null}, {""name"": ""min"", ""kind"": ""raise"", ""raiseTo"": 200}, {""name"": ""pot"", ""kind"": ""raise"", ""raiseTo"": 300}]",raise,200,native accepted action; browser intent/attempt/latency unverified
391,2,PojGx0r8Ae_l-PC3zk0wBcd8,flop,"[""Td"", ""3h""]","[""5c"", ""3s"", ""Ah""]","[{""name"": ""check"", ""kind"": ""check"", ""raiseTo"": null}, {""name"": ""min"", ""kind"": ""raise"", ""raiseTo"": 100}, {""name"": ""pot"", ""kind"": ""raise"", ""raiseTo"": 400}]",check,,native accepted action; browser intent/attempt/latency unverified
391,3,PojGx0r8Ae_l-PC3zk0wBcd8,turn,"[""Td"", ""3h""]","[""5c"", ""3s"", ""Ah"", ""9c""]","[{""name"": ""check"", ""kind"": ""check"", ""raiseTo"": null}, {""name"": ""min"", ""kind"": ""raise"", ""raiseTo"": 100}, {""name"": ""pot"", ""kind"": ""raise"", ""raiseTo"": 400}]",raise,100,native accepted action; browser intent/attempt/latency unverified
392,1,b9KeF_FefeRQMbY86sU_Za0U,preflop,"[""7h"", ""Kc""]",[],"[{""name"": ""fold"", ""kind"": ""fold"", ""raiseTo"": null}, {""name"": ""call"", ""kind"": ""call"", ""raiseTo"": null}, {""name"": ""min"", ""kind"": ""raise"", ""raiseTo"": 500}, {""name"": ""pot"", ""kind"": ""raise"", ""raiseTo"": 900}]",call,,native accepted action; browser intent/attempt/latency unverified
392,2,b9KeF_FefeRQMbY86sU_Za0U,flop,"[""7h"", ""Kc""]","[""9s"", ""Ac"", ""As""]","[{""name"": ""check"", ""kind"": ""check"", ""raiseTo"": null}, {""name"": ""min"", ""kind"": ""raise"", ""raiseTo"": 100}, {""name"": ""pot"", ""kind"": ""raise"", ""raiseTo"": 600}]",check,,native accepted action; browser intent/attempt/latency unverified
392,3,b9KeF_FefeRQMbY86sU_Za0U,flop,"[""7h"", ""Kc""]","[""9s"", ""Ac"", ""As""]","[{""name"": ""fold"", ""kind"": ""fold"", ""raiseTo"": null}, {""name"": ""call"", ""kind"": ""call"", ""raiseTo"": null}, {""name"": ""min"", ""kind"": ""raise"", ""raiseTo"": 200}, {""name"": ""pot"", ""kind"": ""raise"", ""raiseTo"": 900}, {""name"": ""jam"", ""kind"": ""raise"", ""raiseTo"": 1700}]",call,,native accepted action; browser intent/attempt/latency unverified
392,4,b9KeF_FefeRQMbY86sU_Za0U,turn,"[""7h"", ""Kc""]","[""9s"", ""Ac"", ""As"", ""5d""]","[{""name"": ""check"", ""kind"": ""check"", ""raiseTo"": null}, {""name"": ""min"", ""kind"": ""raise"", ""raiseTo"": 100}, {""name"": ""pot"", ""kind"": ""raise"", ""raiseTo"": 800}, {""name"": ""jam"", ""kind"": ""raise"", ""raiseTo"": 1600}]",check,,native accepted action; browser intent/attempt/latency unverified
392,5,b9KeF_FefeRQMbY86sU_Za0U,river,"[""7h"", ""Kc""]","[""9s"", ""Ac"", ""As"", ""5d"", ""Jc""]","[{""name"": ""check"", ""kind"": ""check"", ""raiseTo"": null}, {""name"": ""min"", ""kind"": ""raise"", ""raiseTo"": 100}, {""name"": ""pot"", ""kind"": ""raise"", ""raiseTo"": 800}, {""name"": ""jam"", ""kind"": ""raise"", ""raiseTo"": 1600}]",check,,native accepted action; browser intent/attempt/latency unverified
392,6,b9KeF_FefeRQMbY86sU_Za0U,river,"[""7h"", ""Kc""]","[""9s"", ""Ac"", ""As"", ""5d"", ""Jc""]","[{""name"": ""fold"", ""kind"": ""fold"", ""raiseTo"": null}, {""name"": ""call"", ""kind"": ""call"", ""raiseTo"": null}, {""name"": ""min"", ""kind"": ""raise"", ""raiseTo"": 200}, {""name"": ""pot"", ""kind"": ""raise"", ""raiseTo"": 1100}, {""name"": ""jam"", ""kind"": ""raise"", ""raiseTo"": 1600}]",call,,native accepted action; browser intent/attempt/latency unverified
393,1,MbmbVt9k1XLFCe5tjXTRAsv6,preflop,"[""Jh"", ""Ah""]",[],"[{""name"": ""fold"", ""kind"": ""fold"", ""raiseTo"": null}, {""name"": ""call"", ""kind"": ""call"", ""raiseTo"": null}, {""name"": ""min"", ""kind"": ""raise"", ""raiseTo"": 200}, {""name"": ""pot"", ""kind"": ""raise"", ""raiseTo"": 300}]",raise,200,native accepted action; browser intent/attempt/latency unverified
393,2,MbmbVt9k1XLFCe5tjXTRAsv6,preflop,"[""Jh"", ""Ah""]",[],"[{""name"": ""fold"", ""kind"": ""fold"", ""raiseTo"": null}, {""name"": ""call"", ""kind"": ""call"", ""raiseTo"": null}, {""name"": ""min"", ""kind"": ""raise"", ""raiseTo"": 1000}, {""name"": ""pot"", ""kind"": ""raise"", ""raiseTo"": 1800}, {""name"": ""jam"", ""kind"": ""raise"", ""raiseTo"": 2000}]",call,,native accepted action; browser intent/attempt/latency unverified
393,3,MbmbVt9k1XLFCe5tjXTRAsv6,flop,"[""Jh"", ""Ah""]","[""2s"", ""Kc"", ""Th""]","[{""name"": ""check"", ""kind"": ""check"", ""raiseTo"": null}, {""name"": ""min"", ""kind"": ""raise"", ""raiseTo"": 100}, {""name"": ""pot"", ""kind"": ""raise"", ""raiseTo"": 1200}, {""name"": ""jam"", ""kind"": ""raise"", ""raiseTo"": 1400}]",check,,native accepted action; browser intent/attempt/latency unverified
393,4,MbmbVt9k1XLFCe5tjXTRAsv6,turn,"[""Jh"", ""Ah""]","[""2s"", ""Kc"", ""Th"", ""2h""]","[{""name"": ""fold"", ""kind"": ""fold"", ""raiseTo"": null}, {""name"": ""call"", ""kind"": ""call"", ""raiseTo"": null}, {""name"": ""min"", ""kind"": ""raise"", ""raiseTo"": 1400}]",fold,,native accepted action; browser intent/attempt/latency unverified
394,1,6An9qCJhKNPlqIXspyTbhlDb,preflop,"[""Qd"", ""Qc""]",[],"[{""name"": ""fold"", ""kind"": ""fold"", ""raiseTo"": null}, {""name"": ""call"", ""kind"": ""call"", ""raiseTo"": null}, {""name"": ""min"", ""kind"": ""raise"", ""raiseTo"": 500}, {""name"": ""pot"", ""kind"": ""raise"", ""raiseTo"": 900}]",raise,900,native accepted action; browser intent/attempt/latency unverified
394,2,6An9qCJhKNPlqIXspyTbhlDb,preflop,"[""Qd"", ""Qc""]",[],"[{""name"": ""fold"", ""kind"": ""fold"", ""raiseTo"": null}, {""name"": ""call"", ""kind"": ""call"", ""raiseTo"": null}]",call,,native accepted action; browser intent/attempt/latency unverified
395,1,4LHE8ol6ZG5fZUDN61rKQOLV,preflop,"[""9d"", ""9h""]",[],"[{""name"": ""fold"", ""kind"": ""fold"", ""raiseTo"": null}, {""name"": ""call"", ""kind"": ""call"", ""raiseTo"": null}, {""name"": ""min"", ""kind"": ""raise"", ""raiseTo"": 200}, {""name"": ""pot"", ""kind"": ""raise"", ""raiseTo"": 300}]",raise,200,native accepted action; browser intent/attempt/latency unverified
395,2,4LHE8ol6ZG5fZUDN61rKQOLV,preflop,"[""9d"", ""9h""]",[],"[{""name"": ""fold"", ""kind"": ""fold"", ""raiseTo"": null}, {""name"": ""call"", ""kind"": ""call"", ""raiseTo"": null}, {""name"": ""min"", ""kind"": ""raise"", ""raiseTo"": 1000}, {""name"": ""pot"", ""kind"": ""raise"", ""raiseTo"": 1800}, {""name"": ""jam"", ""kind"": ""raise"", ""raiseTo"": 2000}]",call,,native accepted action; browser intent/attempt/latency unverified
395,3,4LHE8ol6ZG5fZUDN61rKQOLV,flop,"[""9d"", ""9h""]","[""3s"", ""Kd"", ""Ah""]","[{""name"": ""fold"", ""kind"": ""fold"", ""raiseTo"": null}, {""name"": ""call"", ""kind"": ""call"", ""raiseTo"": null}, {""name"": ""min"", ""kind"": ""raise"", ""raiseTo"": 1400}]",fold,,native accepted action; browser intent/attempt/latency unverified
397,1,So-58iryOlu3OmtmdKZkh09i,preflop,"[""Kh"", ""3h""]",[],"[{""name"": ""fold"", ""kind"": ""fold"", ""raiseTo"": null}, {""name"": ""call"", ""kind"": ""call"", ""raiseTo"": null}, {""name"": ""min"", ""kind"": ""raise"", ""raiseTo"": 200}, {""name"": ""pot"", ""kind"": ""raise"", ""raiseTo"": 300}]",raise,200,native accepted action; browser intent/attempt/latency unverified
397,2,So-58iryOlu3OmtmdKZkh09i,preflop,"[""Kh"", ""3h""]",[],"[{""name"": ""fold"", ""kind"": ""fold"", ""raiseTo"": null}, {""name"": ""call"", ""kind"": ""call"", ""raiseTo"": null}, {""name"": ""min"", ""kind"": ""raise"", ""raiseTo"": 400}, {""name"": ""pot"", ""kind"": ""raise"", ""raiseTo"": 900}]",call,,native accepted action; browser intent/attempt/latency unverified
397,3,So-58iryOlu3OmtmdKZkh09i,flop,"[""Kh"", ""3h""]","[""5d"", ""6c"", ""3c""]","[{""name"": ""check"", ""kind"": ""check"", ""raiseTo"": null}, {""name"": ""min"", ""kind"": ""raise"", ""raiseTo"": 100}, {""name"": ""pot"", ""kind"": ""raise"", ""raiseTo"": 600}]",check,,native accepted action; browser intent/attempt/latency unverified
397,4,So-58iryOlu3OmtmdKZkh09i,turn,"[""Kh"", ""3h""]","[""5d"", ""6c"", ""3c"", ""8h""]","[{""name"": ""check"", ""kind"": ""check"", ""raiseTo"": null}, {""name"": ""min"", ""kind"": ""raise"", ""raiseTo"": 100}, {""name"": ""pot"", ""kind"": ""raise"", ""raiseTo"": 600}]",raise,100,native accepted action; browser intent/attempt/latency unverified
397,5,So-58iryOlu3OmtmdKZkh09i,turn,"[""Kh"", ""3h""]","[""5d"", ""6c"", ""3c"", ""8h""]","[{""name"": ""fold"", ""kind"": ""fold"", ""raiseTo"": null}, {""name"": ""call"", ""kind"": ""call"", ""raiseTo"": null}, {""name"": ""min"", ""kind"": ""raise"", ""raiseTo"": 1700}]",fold,,native accepted action; browser intent/attempt/latency unverified
399,1,2dmcCB3zq2GLKkttuY8Uv9rr,preflop,"[""7c"", ""5d""]",[],"[{""name"": ""fold"", ""kind"": ""fold"", ""raiseTo"": null}, {""name"": ""call"", ""kind"": ""call"", ""raiseTo"": null}, {""name"": ""min"", ""kind"": ""raise"", ""raiseTo"": 200}, {""name"": ""pot"", ""kind"": ""raise"", ""raiseTo"": 300}]",raise,200,native accepted action; browser intent/attempt/latency unverified
399,2,2dmcCB3zq2GLKkttuY8Uv9rr,flop,"[""7c"", ""5d""]","[""5s"", ""Qs"", ""3s""]","[{""name"": ""check"", ""kind"": ""check"", ""raiseTo"": null}, {""name"": ""min"", ""kind"": ""raise"", ""raiseTo"": 100}, {""name"": ""pot"", ""kind"": ""raise"", ""raiseTo"": 400}]",check,,native accepted action; browser intent/attempt/latency unverified
399,3,2dmcCB3zq2GLKkttuY8Uv9rr,turn,"[""7c"", ""5d""]","[""5s"", ""Qs"", ""3s"", ""6d""]","[{""name"": ""check"", ""kind"": ""check"", ""raiseTo"": null}, {""name"": ""min"", ""kind"": ""raise"", ""raiseTo"": 100}, {""name"": ""pot"", ""kind"": ""raise"", ""raiseTo"": 400}]",check,,native accepted action; browser intent/attempt/latency unverified
399,4,2dmcCB3zq2GLKkttuY8Uv9rr,river,"[""7c"", ""5d""]","[""5s"", ""Qs"", ""3s"", ""6d"", ""9h""]","[{""name"": ""fold"", ""kind"": ""fold"", ""raiseTo"": null}, {""name"": ""call"", ""kind"": ""call"", ""raiseTo"": null}, {""name"": ""min"", ""kind"": ""raise"", ""raiseTo"": 200}, {""name"": ""pot"", ""kind"": ""raise"", ""raiseTo"": 700}]",call,,native accepted action; browser intent/attempt/latency unverified
400,1,BqCAhUVkc2SWOJ5c5ryb9QMp,preflop,"[""5c"", ""8d""]",[],"[{""name"": ""check"", ""kind"": ""check"", ""raiseTo"": null}, {""name"": ""min"", ""kind"": ""raise"", ""raiseTo"": 200}, {""name"": ""pot"", ""kind"": ""raise"", ""raiseTo"": 300}]",check,,native accepted action; browser intent/attempt/latency unverified
400,2,BqCAhUVkc2SWOJ5c5ryb9QMp,flop,"[""5c"", ""8d""]","[""9d"", ""2h"", ""4h""]","[{""name"": ""check"", ""kind"": ""check"", ""raiseTo"": null}, {""name"": ""min"", ""kind"": ""raise"", ""raiseTo"": 100}, {""name"": ""pot"", ""kind"": ""raise"", ""raiseTo"": 200}]",check,,native accepted action; browser intent/attempt/latency unverified
400,3,BqCAhUVkc2SWOJ5c5ryb9QMp,flop,"[""5c"", ""8d""]","[""9d"", ""2h"", ""4h""]","[{""name"": ""fold"", ""kind"": ""fold"", ""raiseTo"": null}, {""name"": ""call"", ""kind"": ""call"", ""raiseTo"": null}, {""name"": ""min"", ""kind"": ""raise"", ""raiseTo"": 200}, {""name"": ""pot"", ""kind"": ""raise"", ""raiseTo"": 500}]",call,,native accepted action; browser intent/attempt/latency unverified
400,4,BqCAhUVkc2SWOJ5c5ryb9QMp,turn,"[""5c"", ""8d""]","[""9d"", ""2h"", ""4h"", ""8s""]","[{""name"": ""check"", ""kind"": ""check"", ""raiseTo"": null}, {""name"": ""min"", ""kind"": ""raise"", ""raiseTo"": 100}, {""name"": ""pot"", ""kind"": ""raise"", ""raiseTo"": 400}]",raise,100,native accepted action; browser intent/attempt/latency unverified
