model,mode,block,rotation,action_index,street,position,priority,own_cards,board,pot_chips,call_chips,root_trained,selected_alternative,selected_raise_to,gap_bb,ci95_low_bb,ci95_high_bb,range_ess,range_particles,range_resets,selection_worlds,evaluation_worlds,root_alternatives_json,selection_means_json,evaluation_means_json,evaluation_mixture_bb,continuation_trained,continuation_fallback
B-2026093001-100000000,native,338,1,2,flop,big_blind,0078aa9748a1d2b9f8aa0bcd3c29657c37082bcc7cb8b3fc41edf4bc5d04e376,6h Jh,8s 9s Ah,500,0,True,min,100,1.1338660607902349,-0.5609323050489328,2.8286644266294028,59.20812182741125,128,0,32,32,"[{""kind"": ""check"", ""name"": ""check"", ""raise_to"": null, ""root_probability"": 0.5685320267202683}, {""kind"": ""raise"", ""name"": ""min"", ""raise_to"": 100, ""root_probability"": 0.43146797327973174}, {""kind"": ""raise"", ""name"": ""pot"", ""raise_to"": 500, ""root_probability"": 0.0}, {""kind"": ""raise"", ""name"": ""one-third"", ""raise_to"": 167, ""root_probability"": 0}, {""kind"": ""raise"", ""name"": ""two-thirds"", ""raise_to"": 333, ""root_probability"": 0}]","[-3.4690625, -2.71375, -4.75, -6.750625, -5.020625]","[-3.255, -1.260625, -0.5625, -2.4578125, -1.165]",-2.394491060790235,315,139
B-2026093001-100000000,native,412,1,4,flop,big_blind,030a0386c6c29aaf77413de3f20d735bce3300c130fabc1affdd35edde1d4af9,4s Jd,9h Ac 8c,833,333,True,fold,,0.0,0.0,0.0,29.422728088460524,128,0,32,32,"[{""kind"": ""fold"", ""name"": ""fold"", ""raise_to"": null, ""root_probability"": 1.0}, {""kind"": ""call"", ""name"": ""call"", ""raise_to"": null, ""root_probability"": 0.0}, {""kind"": ""raise"", ""name"": ""min"", ""raise_to"": 666, ""root_probability"": 0.0}, {""kind"": ""raise"", ""name"": ""pot"", ""raise_to"": 1499, ""root_probability"": 0.0}, {""kind"": ""raise"", ""name"": ""jam"", ""raise_to"": 1750, ""root_probability"": 0.0}, {""kind"": ""raise"", ""name"": ""one-third"", ""raise_to"": 722, ""root_probability"": 0}, {""kind"": ""raise"", ""name"": ""two-thirds"", ""raise_to"": 1110, ""root_probability"": 0}]","[-2.5, -6.0965625, -7.3653125, -10.5684375, -10.678125, -7.750312500000001, -8.344375]","[-2.5, -5.383125, -6.6465625, -16.6296875, -16.77125, -7.031562500000001, -10.604375]",-2.5,483,14
B-2026093001-100000000,native,333,1,3,flop,button,0087d16ee7a5285740413dca2756f5e33b2aa0c235d948cbc540dc85b7e3e839,6d Tc,Qc Jd Th,667,267,True,fold,,2.5946875,-1.950078814616762,7.139453814616762,37.488780394372554,128,0,32,32,"[{""kind"": ""fold"", ""name"": ""fold"", ""raise_to"": null, ""root_probability"": 0.0}, {""kind"": ""call"", ""name"": ""call"", ""raise_to"": null, ""root_probability"": 1.0}, {""kind"": ""raise"", ""name"": ""min"", ""raise_to"": 534, ""root_probability"": 0.0}, {""kind"": ""raise"", ""name"": ""pot"", ""raise_to"": 1201, ""root_probability"": 0.0}, {""kind"": ""raise"", ""name"": ""jam"", ""raise_to"": 1800, ""root_probability"": 0.0}, {""kind"": ""raise"", ""name"": ""one-third"", ""raise_to"": 578, ""root_probability"": 0}, {""kind"": ""raise"", ""name"": ""two-thirds"", ""raise_to"": 890, ""root_probability"": 0}]","[-2.0, -6.3546875, -8.395, -9.790625, -9.9778125, -8.87125, -7.855]","[-2.0, -4.5946875, -7.5228125, -7.5625, -4.58125, -7.0665625, -5.526875]",-4.5946875,238,81
B-2026093001-100000000,native,472,0,3,flop,button,01ce052acd310402e9c68d3b773147cadaf534ec358ae2e593fd75cd627400da,Js 5s,As 8d Qd,333,133,True,fold,,0.0,0.0,0.0,66.54993951363764,128,0,32,32,"[{""kind"": ""fold"", ""name"": ""fold"", ""raise_to"": null, ""root_probability"": 1.0}, {""kind"": ""call"", ""name"": ""call"", ""raise_to"": null, ""root_probability"": 0.0}, {""kind"": ""raise"", ""name"": ""min"", ""raise_to"": 266, ""root_probability"": 0.0}, {""kind"": ""raise"", ""name"": ""pot"", ""raise_to"": 599, ""root_probability"": 0.0}, {""kind"": ""raise"", ""name"": ""one-third"", ""raise_to"": 288, ""root_probability"": 0}, {""kind"": ""raise"", ""name"": ""two-thirds"", ""raise_to"": 444, ""root_probability"": 0}]","[-1.0, -1.4275, -3.2771875, -4.4234375, -2.710625, -2.3184375]","[-1.0, -0.41125, 1.2215625, -0.26, 1.1984375, -2.04625]",-1.0,306,26
B-2026093001-100000000,native,47,0,1,preflop,big_blind,01badcf3c1154ae22d6df9dc7f84221850f1c3606fbd07757559fc2db497ec4b,Th 9s,,350,150,True,pot,750,4.2346875,1.2477991199604612,7.221575880039538,53.48555187115113,128,0,32,32,"[{""kind"": ""fold"", ""name"": ""fold"", ""raise_to"": null, ""root_probability"": 0.0}, {""kind"": ""call"", ""name"": ""call"", ""raise_to"": null, ""root_probability"": 1.0}, {""kind"": ""raise"", ""name"": ""min"", ""raise_to"": 400, ""root_probability"": 0.0}, {""kind"": ""raise"", ""name"": ""pot"", ""raise_to"": 750, ""root_probability"": 0.0}]","[-1.0, 2.1565625, 1.421875, 2.421875]","[-1.0, -0.6721874999999999, 1.6875, 3.5625]",-0.6721874999999999,163,65
B-2026093001-100000000,native,326,1,1,preflop,big_blind,01e64d5f066f6a52dc264899672d683ceb59d74cff7a3d4647df892940112c6c,3d 9h,,350,150,True,pot,750,3.5838824212350255,1.7796608824808569,5.388103959989194,56.346368715083734,128,0,32,32,"[{""kind"": ""fold"", ""name"": ""fold"", ""raise_to"": null, ""root_probability"": 0.4781347975133479}, {""kind"": ""call"", ""name"": ""call"", ""raise_to"": null, ""root_probability"": 0.521865202486652}, {""kind"": ""raise"", ""name"": ""min"", ""raise_to"": 400, ""root_probability"": 0.0}, {""kind"": ""raise"", ""name"": ""pot"", ""raise_to"": 750, ""root_probability"": 0.0}]","[-1.0, -1.1775, -0.1875, 0.234375]","[-1.0, -0.5415625, 2.421875, 2.823125]",-0.7607574212350254,172,47
B-2026093001-100000000,native,370,0,0,preflop,button,007f08b0f821a8d87eff300a5987ab8ec843f5e1380350d9f32eddbebcf2ccd4,3s 5h,,150,50,True,pot,300,0.84375,-0.10179767992073574,1.7892976799207356,128.0,128,0,32,32,"[{""kind"": ""fold"", ""name"": ""fold"", ""raise_to"": null, ""root_probability"": 1.0}, {""kind"": ""call"", ""name"": ""call"", ""raise_to"": null, ""root_probability"": 0.0}, {""kind"": ""raise"", ""name"": ""min"", ""raise_to"": 200, ""root_probability"": 0.0}, {""kind"": ""raise"", ""name"": ""pot"", ""raise_to"": 300, ""root_probability"": 0.0}, {""kind"": ""raise"", ""name"": ""open-2.5bb"", ""raise_to"": 250, ""root_probability"": 0}]","[-0.5, -0.02874999999999997, 0.3821875, 0.78125, 0.296875]","[-0.5, -0.535, -0.239375, 0.34375, -0.4065625]",-0.5,224,14
B-2026093001-100000000,native,94,0,0,preflop,button,00ca0544ad7e7e74624f7010a1b403ca9dda934cf09a7df331f7ba3ef0dd3321,As 9h,,150,50,True,min,200,0.0,0.0,0.0,128.0,128,0,32,32,"[{""kind"": ""fold"", ""name"": ""fold"", ""raise_to"": null, ""root_probability"": 0.0}, {""kind"": ""call"", ""name"": ""call"", ""raise_to"": null, ""root_probability"": 0.0}, {""kind"": ""raise"", ""name"": ""min"", ""raise_to"": 200, ""root_probability"": 1.0}, {""kind"": ""raise"", ""name"": ""pot"", ""raise_to"": 300, ""root_probability"": 0.0}, {""kind"": ""raise"", ""name"": ""open-2.5bb"", ""raise_to"": 250, ""root_probability"": 0}]","[-0.5, 0.5153125000000001, 1.8753125, 1.7603125, 0.79125]","[-0.5, -1.0162499999999999, 0.073125, 1.0625, 0.1821875]",0.073125,253,19
B-2026093001-100000000,native,294,1,8,river,big_blind,01996480e3651090a7ebf906791a60b537660a1cb66f3f251efa627a77d5ac17,Ts 7c,Ks Kh Js 6c Kd,2450,1550,True,fold,,13.0,9.45324357430043,16.54675642569957,57.267978590468246,128,0,32,32,"[{""kind"": ""fold"", ""name"": ""fold"", ""raise_to"": null, ""root_probability"": 0.0}, {""kind"": ""call"", ""name"": ""call"", ""raise_to"": null, ""root_probability"": 1.0}]","[-4.5, -18.75]","[-4.5, -17.5]",-17.5,0,0
B-2026093001-100000000,native,294,1,6,river,big_blind,05c21bb2465d9037c024f1b6318ce55cc15ba5ff8f65286c17a6a835510d7bd3,Ts 7c,Ks Kh Js 6c Kd,700,0,True,pot,700,0.068586902074695,-1.5039215143822298,1.6410953185316197,41.678329033257576,128,0,32,32,"[{""kind"": ""check"", ""name"": ""check"", ""raise_to"": null, ""root_probability"": 0.33558246931121954}, {""kind"": ""raise"", ""name"": ""min"", ""raise_to"": 100, ""root_probability"": 0.6644175306887805}, {""kind"": ""raise"", ""name"": ""pot"", ""raise_to"": 700, ""root_probability"": 0.0}, {""kind"": ""raise"", ""name"": ""one-third"", ""raise_to"": 233, ""root_probability"": 0}, {""kind"": ""raise"", ""name"": ""two-thirds"", ""raise_to"": 467, ""root_probability"": 0}]","[-7.995, -7.109375, -4.859375, -6.608125, -6.026875]","[-7.234375, -6.84375, -6.90625, -6.17625, -6.3965625]",-6.974836902074695,96,5
B-2026093001-100000000,native,395,1,8,river,button,0036acbb81ce2d2e8c0e2cb15d9d19a4c9618b1d4cdaece4070e18850d254afe,4c Kh,Tc Ts 8d 3d Js,400,0,True,min,100,1.15625,0.5210644755923042,1.7914355244076958,91.43367500206558,128,0,32,32,"[{""kind"": ""check"", ""name"": ""check"", ""raise_to"": null, ""root_probability"": 1.0}, {""kind"": ""raise"", ""name"": ""min"", ""raise_to"": 100, ""root_probability"": 0.0}, {""kind"": ""raise"", ""name"": ""pot"", ""raise_to"": 400, ""root_probability"": 0.0}, {""kind"": ""raise"", ""name"": ""one-third"", ""raise_to"": 133, ""root_probability"": 0}, {""kind"": ""raise"", ""name"": ""two-thirds"", ""raise_to"": 267, ""root_probability"": 0}]","[0.125, 1.0625, 0.75, 1.0006249999999999, 0.749375]","[0.375, 1.53125, 1.25, 1.5003125, 1.3746875]",0.375,12,0
B-2026093001-100000000,native,408,0,7,river,button,0cb0da6e28f973f8e86d37259986e6339fe20e53d79e5cdc2493b01014f5cb24,2s Jd,As 4c Kh Ks Jh,1667,667,False,fold,,5.053515625000001,2.586149444111588,7.520881805888414,30.802113788629413,128,0,32,32,"[{""kind"": ""fold"", ""name"": ""fold"", ""raise_to"": null, ""root_probability"": 0.25}, {""kind"": ""call"", ""name"": ""call"", ""raise_to"": null, ""root_probability"": 0.25}, {""kind"": ""raise"", ""name"": ""min"", ""raise_to"": 1334, ""root_probability"": 0.25}, {""kind"": ""raise"", ""name"": ""pot"", ""raise_to"": 1500, ""root_probability"": 0.25}, {""kind"": ""raise"", ""name"": ""one-third"", ""raise_to"": 1445, ""root_probability"": 0}]","[-5.0, -6.564375, -9.43, -9.5825, -9.637812499999999]","[-5.0, -8.3878125, -13.285, -13.54125, -13.2146875]",-10.053515625000001,0,31
B-2026093001-100000000,native,188,1,6,turn,big_blind,045b4c16ab00328f4bb342609111ea03be66c3042599550440a03b4d6b90b356,9c 2c,3h Jd Qd Qh,800,100,True,pot,1000,4.25,0.0005476610364558709,8.499452338963543,32.258228669992036,128,0,32,32,"[{""kind"": ""fold"", ""name"": ""fold"", ""raise_to"": null, ""root_probability"": 0.0}, {""kind"": ""call"", ""name"": ""call"", ""raise_to"": null, ""root_probability"": 0.0}, {""kind"": ""raise"", ""name"": ""min"", ""raise_to"": 200, ""root_probability"": 1.0}, {""kind"": ""raise"", ""name"": ""pot"", ""raise_to"": 1000, ""root_probability"": 0.0}, {""kind"": ""raise"", ""name"": ""jam"", ""raise_to"": 1650, ""root_probability"": 0.0}, {""kind"": ""raise"", ""name"": ""one-third"", ""raise_to"": 400, ""root_probability"": 0}, {""kind"": ""raise"", ""name"": ""two-thirds"", ""raise_to"": 700, ""root_probability"": 0}]","[-3.5, -5.609375, -4.421875, -2.828125, -2.953125, -4.34375, -7.59375]","[-3.5, -6.265625, -5.265625, -1.015625, -1.625, -2.65625, -3.421875]",-5.265625,301,10
B-2026093001-100000000,native,464,1,4,turn,big_blind,079c79ac943ab4c9bb5b4b0d4d5538d1ca5b96437018bde6ae39a9f43e562d77,As 5d,3s Qs Qc 4c,700,0,True,pot,700,0.83375,-2.133132950000583,3.8006329500005833,44.40762404717746,128,0,32,32,"[{""kind"": ""check"", ""name"": ""check"", ""raise_to"": null, ""root_probability"": 1.0}, {""kind"": ""raise"", ""name"": ""min"", ""raise_to"": 100, ""root_probability"": 0.0}, {""kind"": ""raise"", ""name"": ""pot"", ""raise_to"": 700, ""root_probability"": 0.0}, {""kind"": ""raise"", ""name"": ""one-third"", ""raise_to"": 233, ""root_probability"": 0}, {""kind"": ""raise"", ""name"": ""two-thirds"", ""raise_to"": 467, ""root_probability"": 0}]","[-1.1878125, 0.359375, 1.59375, 0.5528124999999999, 0.4996875]","[-0.09937499999999999, -0.375, 0.734375, 0.03187499999999999, 0.8796875]",-0.09937499999999999,207,16
B-2026093001-100000000,native,10,0,5,turn,button,03085f162a8bc0dd4a0cba688c8c5d3be5c9aaf0d02d00893f6be6b92a5d6a58,Ah 2c,6d 7c 8c Js,800,200,True,two-thirds,867,2.1111481559072205,-0.2142583702412466,4.436554682055688,19.895496115786514,128,0,32,32,"[{""kind"": ""fold"", ""name"": ""fold"", ""raise_to"": null, ""root_probability"": 0.0}, {""kind"": ""call"", ""name"": ""call"", ""raise_to"": null, ""root_probability"": 0.2939678707311639}, {""kind"": ""raise"", ""name"": ""min"", ""raise_to"": 400, ""root_probability"": 0.19023539497457934}, {""kind"": ""raise"", ""name"": ""pot"", ""raise_to"": 1200, ""root_probability"": 0.5157967342942569}, {""kind"": ""raise"", ""name"": ""jam"", ""raise_to"": 1700, ""root_probability"": 0.0}, {""kind"": ""raise"", ""name"": ""one-third"", ""raise_to"": 533, ""root_probability"": 0}, {""kind"": ""raise"", ""name"": ""two-thirds"", ""raise_to"": 867, ""root_probability"": 0}]","[-3.0, -3.75, -6.4896875, -5.75, -7.5, -4.8259375, -1.71875]","[-3.0, -3.864375, -5.6040625, -8.03125, -8.59375, -5.9840625, -4.2334375]",-6.3445856559072205,164,123
B-2026093001-100000000,native,403,1,5,turn,button,036909f3baf0113e5c60577a69f31e3f23e3a68cf60a42e84883961fd5f08868,Th 6c,Kh Jh Js 5s,1000,400,True,fold,,0.0,0.0,0.0,15.81518522903825,128,0,32,32,"[{""kind"": ""fold"", ""name"": ""fold"", ""raise_to"": null, ""root_probability"": 1.0}, {""kind"": ""call"", ""name"": ""call"", ""raise_to"": null, ""root_probability"": 0.0}, {""kind"": ""raise"", ""name"": ""min"", ""raise_to"": 800, ""root_probability"": 0.0}, {""kind"": ""raise"", ""name"": ""pot"", ""raise_to"": 1700, ""root_probability"": 0.0}, {""kind"": ""raise"", ""name"": ""one-third"", ""raise_to"": 867, ""root_probability"": 0}, {""kind"": ""raise"", ""name"": ""two-thirds"", ""raise_to"": 1333, ""root_probability"": 0}]","[-3.0, -7.84375, -9.09375, -10.71875, -9.188125, -9.5309375]","[-3.0, -6.958125, -9.3853125, -13.25, -9.49375, -11.9884375]",-3.0,136,96
B-2026093001-100000000,restricted,369,0,2,flop,big_blind,03f4426d0825d033d767bfe4e8b7f90500c6b8b17e94b814f752537f93c3071d,9s Jd,Kc 2s 3d,600,0,True,check,,0.045960316387237674,-0.05616385811831946,0.1480844908927948,49.67290200789419,128,0,32,32,"[{""kind"": ""check"", ""name"": ""check"", ""raise_to"": null, ""root_probability"": 0.9474739241288713}, {""kind"": ""raise"", ""name"": ""min"", ""raise_to"": 100, ""root_probability"": 0.05252607587112871}, {""kind"": ""raise"", ""name"": ""pot"", ""raise_to"": 600, ""root_probability"": 0.0}]","[-3.21875, -3.4375, -6.0]","[-3.125, -4.0, -6.375]",-3.1709603163872377,268,0
B-2026093001-100000000,restricted,388,1,2,flop,big_blind,05b5e47ab4c4839b0bc606e12507031377902ecd5fb8b784b9de1e9481775c28,Kc 2c,Ts 7d 8d,600,0,True,check,,0.01313151896778228,-0.032501788375901335,0.058764826311465894,60.1622220682965,128,0,32,32,"[{""kind"": ""check"", ""name"": ""check"", ""raise_to"": null, ""root_probability"": 0.9474739241288713}, {""kind"": ""raise"", ""name"": ""min"", ""raise_to"": 100, ""root_probability"": 0.05252607587112871}, {""kind"": ""raise"", ""name"": ""pot"", ""raise_to"": 600, ""root_probability"": 0.0}]","[-3.0625, -4.1875, -6.03125]","[-3.125, -3.375, -6.75]",-3.138131518967782,237,0
B-2026093001-100000000,restricted,333,1,3,flop,button,0087d16ee7a5285740413dca2756f5e33b2aa0c235d948cbc540dc85b7e3e839,6d Tc,Qc Jd Th,800,400,True,fold,,2.0,-3.069091320469644,7.069091320469644,31.14472835418044,128,0,32,32,"[{""kind"": ""fold"", ""name"": ""fold"", ""raise_to"": null, ""root_probability"": 0.0}, {""kind"": ""call"", ""name"": ""call"", ""raise_to"": null, ""root_probability"": 1.0}, {""kind"": ""raise"", ""name"": ""min"", ""raise_to"": 800, ""root_probability"": 0.0}, {""kind"": ""raise"", ""name"": ""pot"", ""raise_to"": 1600, ""root_probability"": 0.0}, {""kind"": ""raise"", ""name"": ""jam"", ""raise_to"": 1800, ""root_probability"": 0.0}]","[-2.0, -5.15625, -7.3125, -6.0625, -6.5]","[-2.0, -4.0, -1.65625, -2.6875, -1.875]",-4.0,175,0
B-2026093001-100000000,restricted,472,0,3,flop,button,01ce052acd310402e9c68d3b773147cadaf534ec358ae2e593fd75cd627400da,Js 5s,As 8d Qd,400,200,True,call,,0.34375,-0.900514214084785,1.588014214084785,72.50754555906298,128,0,32,32,"[{""kind"": ""fold"", ""name"": ""fold"", ""raise_to"": null, ""root_probability"": 1.0}, {""kind"": ""call"", ""name"": ""call"", ""raise_to"": null, ""root_probability"": 0.0}, {""kind"": ""raise"", ""name"": ""min"", ""raise_to"": 400, ""root_probability"": 0.0}, {""kind"": ""raise"", ""name"": ""pot"", ""raise_to"": 800, ""root_probability"": 0.0}]","[-1.0, 1.15625, -0.9375, -0.75]","[-1.0, -0.65625, -1.84375, -2.65625]",-1.0,210,0
B-2026093001-100000000,restricted,47,0,1,preflop,big_blind,01badcf3c1154ae22d6df9dc7f84221850f1c3606fbd07757559fc2db497ec4b,Th 9s,,400,200,True,min,500,3.996006183913197,0.9933376894727335,6.998674678353661,63.979416143439984,128,0,32,32,"[{""kind"": ""fold"", ""name"": ""fold"", ""raise_to"": null, ""root_probability"": 0.36252155472905895}, {""kind"": ""call"", ""name"": ""call"", ""raise_to"": null, ""root_probability"": 0.637478445270941}, {""kind"": ""raise"", ""name"": ""min"", ""raise_to"": 500, ""root_probability"": 0.0}, {""kind"": ""raise"", ""name"": ""pot"", ""raise_to"": 900, ""root_probability"": 0.0}]","[-1.0, -2.46875, 0.59375, 0.15625]","[-1.0, -5.0625, 0.40625, -1.3125]",-3.5897561839131975,228,0
B-2026093001-100000000,restricted,326,1,1,preflop,big_blind,01e64d5f066f6a52dc264899672d683ceb59d74cff7a3d4647df892940112c6c,3d 9h,,400,200,True,pot,900,-0.6875,-4.12552195589528,2.75052195589528,61.116405718175365,128,0,32,32,"[{""kind"": ""fold"", ""name"": ""fold"", ""raise_to"": null, ""root_probability"": 1.0}, {""kind"": ""call"", ""name"": ""call"", ""raise_to"": null, ""root_probability"": 0.0}, {""kind"": ""raise"", ""name"": ""min"", ""raise_to"": 500, ""root_probability"": 0.0}, {""kind"": ""raise"", ""name"": ""pot"", ""raise_to"": 900, ""root_probability"": 0.0}]","[-1.0, -2.0, -0.5625, 0.375]","[-1.0, -4.0, -1.34375, -1.6875]",-1.0,236,0
B-2026093001-100000000,restricted,370,0,0,preflop,button,007f08b0f821a8d87eff300a5987ab8ec843f5e1380350d9f32eddbebcf2ccd4,3s 5h,,150,50,True,min,200,1.625,0.8175122668064847,2.4324877331935153,128.0,128,0,32,32,"[{""kind"": ""fold"", ""name"": ""fold"", ""raise_to"": null, ""root_probability"": 1.0}, {""kind"": ""call"", ""name"": ""call"", ""raise_to"": null, ""root_probability"": 0.0}, {""kind"": ""raise"", ""name"": ""min"", ""raise_to"": 200, ""root_probability"": 0.0}, {""kind"": ""raise"", ""name"": ""pot"", ""raise_to"": 300, ""root_probability"": 0.0}]","[-0.5, -1.0, 0.46875, 0.15625]","[-0.5, -0.0625, 1.125, 0.78125]",-0.5,192,0
B-2026093001-100000000,restricted,94,0,0,preflop,button,00ca0544ad7e7e74624f7010a1b403ca9dda934cf09a7df331f7ba3ef0dd3321,As 9h,,150,50,True,min,200,0.0,0.0,0.0,128.0,128,0,32,32,"[{""kind"": ""fold"", ""name"": ""fold"", ""raise_to"": null, ""root_probability"": 0.0}, {""kind"": ""call"", ""name"": ""call"", ""raise_to"": null, ""root_probability"": 0.0}, {""kind"": ""raise"", ""name"": ""min"", ""raise_to"": 200, ""root_probability"": 1.0}, {""kind"": ""raise"", ""name"": ""pot"", ""raise_to"": 300, ""root_probability"": 0.0}]","[-0.5, 0.90625, 1.75, 0.71875]","[-0.5, 1.34375, 2.03125, 2.125]",2.03125,195,4
B-2026093001-100000000,restricted,294,1,8,river,big_blind,01996480e3651090a7ebf906791a60b537660a1cb66f3f251efa627a77d5ac17,Ts 7c,Ks Kh Js 6c Kd,3300,700,True,fold,,5.75,3.976621787150215,7.523378212849785,32.676470642820405,128,0,32,32,"[{""kind"": ""fold"", ""name"": ""fold"", ""raise_to"": null, ""root_probability"": 0.0}, {""kind"": ""call"", ""name"": ""call"", ""raise_to"": null, ""root_probability"": 1.0}]","[-13.0, -20.0]","[-13.0, -18.75]",-18.75,0,0
B-2026093001-100000000,restricted,294,1,6,river,big_blind,05c21bb2465d9037c024f1b6318ce55cc15ba5ff8f65286c17a6a835510d7bd3,Ts 7c,Ks Kh Js 6c Kd,2400,0,True,pot,800,1.0625,-2.890118301184409,5.015118301184409,37.403074820762605,128,0,32,32,"[{""kind"": ""check"", ""name"": ""check"", ""raise_to"": null, ""root_probability"": 0.0}, {""kind"": ""raise"", ""name"": ""min"", ""raise_to"": 100, ""root_probability"": 1.0}, {""kind"": ""raise"", ""name"": ""pot"", ""raise_to"": 800, ""root_probability"": 0.0}]","[-14.75, -15.40625, -11.0]","[-15.25, -15.0625, -14.0]",-15.0625,48,0
B-2026093001-100000000,restricted,175,1,7,river,button,1622f00320dbaf55efe93b4af867e699272411fb5ff84b840a326597681b7cef,Ks 9h,6d 9s 5c 2s 5h,400,0,True,check,,0.15625,-0.3116833217986746,0.6241833217986745,82.78042746088869,128,0,32,32,"[{""kind"": ""check"", ""name"": ""check"", ""raise_to"": null, ""root_probability"": 0.0}, {""kind"": ""raise"", ""name"": ""min"", ""raise_to"": 100, ""root_probability"": 1.0}, {""kind"": ""raise"", ""name"": ""pot"", ""raise_to"": 400, ""root_probability"": 0.0}]","[1.875, 1.6875, 1.875]","[1.75, 1.59375, 1.75]",1.59375,4,0
B-2026093001-100000000,restricted,116,0,8,river,button,19cf46be3b0e3b38fd8868551ea5b0dd38142345af44f1c109b873e5a3ebfdd5,4h 5h,Jc 2s 3c Kd 9d,2400,0,True,pot,800,0.0,0.0,0.0,17.134079687357616,128,0,32,32,"[{""kind"": ""check"", ""name"": ""check"", ""raise_to"": null, ""root_probability"": 0.0}, {""kind"": ""raise"", ""name"": ""min"", ""raise_to"": 100, ""root_probability"": 0.0}, {""kind"": ""raise"", ""name"": ""pot"", ""raise_to"": 800, ""root_probability"": 1.0}]","[-11.625, -7.53125, -4.0]","[-11.625, -9.875, 0.0]",0.0,5,0
B-2026093001-100000000,restricted,145,0,5,turn,big_blind,0812a161c4b1b55fd20c9be096e76f13840eb513a5bdc2bb8b82056b4fb4c291,3d Kc,Kh Ac 6d 6h,1800,0,True,pot,1100,0.23149775431815728,-0.21721821318575346,0.6802137218220681,28.619193311795772,128,0,32,32,"[{""kind"": ""check"", ""name"": ""check"", ""raise_to"": null, ""root_probability"": 0.0}, {""kind"": ""raise"", ""name"": ""min"", ""raise_to"": 100, ""root_probability"": 0.23149775431815778}, {""kind"": ""raise"", ""name"": ""pot"", ""raise_to"": 1100, ""root_probability"": 0.7685022456818423}]","[-11.46875, -11.65625, -10.875]","[-7.875, -9.15625, -8.15625]",-8.387747754318157,121,0
B-2026093001-100000000,restricted,147,0,5,turn,big_blind,159afb5ed5c4d2a48ff4182a8eb03beefaa274d1e3286ae2e23e9dd04c9740f9,7d 8s,7s 8d Jd Qc,1800,0,True,pot,1100,0.84375,-1.2245683610207028,2.9120683610207028,37.76975748138917,128,0,32,32,"[{""kind"": ""check"", ""name"": ""check"", ""raise_to"": null, ""root_probability"": 1.0}, {""kind"": ""raise"", ""name"": ""min"", ""raise_to"": 100, ""root_probability"": 0.0}, {""kind"": ""raise"", ""name"": ""pot"", ""raise_to"": 1100, ""root_probability"": 0.0}]","[0.84375, 1.03125, 6.15625]","[2.59375, 0.09375, 3.4375]",2.59375,152,0
B-2026093001-100000000,restricted,10,0,5,turn,button,03085f162a8bc0dd4a0cba688c8c5d3be5c9aaf0d02d00893f6be6b92a5d6a58,Ah 2c,6d 7c 8c Js,700,100,True,fold,,0.7785742082670866,-1.3643869357699443,2.9215353523041174,12.756230271760064,128,0,32,32,"[{""kind"": ""fold"", ""name"": ""fold"", ""raise_to"": null, ""root_probability"": 0.0}, {""kind"": ""call"", ""name"": ""call"", ""raise_to"": null, ""root_probability"": 0.2939678707311639}, {""kind"": ""raise"", ""name"": ""min"", ""raise_to"": 200, ""root_probability"": 0.19023539497457934}, {""kind"": ""raise"", ""name"": ""pot"", ""raise_to"": 900, ""root_probability"": 0.5157967342942569}, {""kind"": ""raise"", ""name"": ""jam"", ""raise_to"": 1700, ""root_probability"": 0.0}]","[-3.0, -3.40625, -4.375, -5.25, -12.5]","[-3.0, -2.53125, -3.75, -4.5, -9.75]",-3.7785742082670866,175,0
B-2026093001-100000000,restricted,187,1,5,turn,button,059b3a76041ca9d2a59db772057c7b3bc173585c44d567bf886d6cc384e22ef0,2d Kc,6h 2c 5c Th,1200,600,True,fold,,0.0,0.0,0.0,24.984888652942626,128,0,32,32,"[{""kind"": ""fold"", ""name"": ""fold"", ""raise_to"": null, ""root_probability"": 1.0}, {""kind"": ""call"", ""name"": ""call"", ""raise_to"": null, ""root_probability"": 0.0}, {""kind"": ""raise"", ""name"": ""min"", ""raise_to"": 1200, ""root_probability"": 0.0}, {""kind"": ""raise"", ""name"": ""pot"", ""raise_to"": 1700, ""root_probability"": 0.0}]","[-3.0, -7.5625, -8.625, -10.25]","[-3.0, -3.9375, -10.40625, -9.0]",-3.0,121,0
B-2026093001-500000000,native,79,0,4,flop,big_blind,014f248752876da05c933f60eaffc7e71dec3f87f406bf85346e8b3d3e3600d8,7h As,Ad 9h Ac,833,333,True,call,,0.14176849531837404,-3.1117606023308,3.3952975929675486,21.60271195791893,128,0,32,32,"[{""kind"": ""fold"", ""name"": ""fold"", ""raise_to"": null, ""root_probability"": 0.0}, {""kind"": ""call"", ""name"": ""call"", ""raise_to"": null, ""root_probability"": 0.09988256940715884}, {""kind"": ""raise"", ""name"": ""min"", ""raise_to"": 666, ""root_probability"": 0.0}, {""kind"": ""raise"", ""name"": ""pot"", ""raise_to"": 1499, ""root_probability"": 0.9001174305928411}, {""kind"": ""raise"", ""name"": ""jam"", ""raise_to"": 1750, ""root_probability"": 0.0}, {""kind"": ""raise"", ""name"": ""one-third"", ""raise_to"": 722, ""root_probability"": 0}, {""kind"": ""raise"", ""name"": ""two-thirds"", ""raise_to"": 1110, ""root_probability"": 0}]","[-2.5, 10.6396875, 8.90875, 7.195, 7.29, 8.9796875, 8.4184375]","[-2.5, 8.686875, 9.14375, 8.529375, 8.9575, 9.31875, 9.31]",8.545106504681627,355,19
B-2026093001-500000000,native,299,0,2,flop,big_blind,03286163edb0387c6b73ffcae1272d0abd8e6f7b98920350f565b8310e665629,Kd 2h,2s 3d Td,500,0,True,check,,0.060047977970707545,-0.2547025424613831,0.37479849840279816,63.97941614343997,128,0,32,32,"[{""kind"": ""check"", ""name"": ""check"", ""raise_to"": null, ""root_probability"": 0.9153508680589145}, {""kind"": ""raise"", ""name"": ""min"", ""raise_to"": 100, ""root_probability"": 0.08464913194108539}, {""kind"": ""raise"", ""name"": ""pot"", ""raise_to"": 500, ""root_probability"": 0.0}, {""kind"": ""raise"", ""name"": ""one-third"", ""raise_to"": 167, ""root_probability"": 0}, {""kind"": ""raise"", ""name"": ""two-thirds"", ""raise_to"": 333, ""root_probability"": 0}]","[-2.104375, -2.2028125, -2.484375, -3.03875, -6.565]","[-0.06687500000000002, -0.77625, -2.296875, -2.931875, -3.3340625]",-0.12692297797070756,378,125
B-2026093001-500000000,native,333,1,3,flop,button,0087d16ee7a5285740413dca2756f5e33b2aa0c235d948cbc540dc85b7e3e839,6d Tc,Qc Jd Th,333,133,True,two-thirds,444,4.617008872157325,1.4489301258385758,7.785087618476075,86.88292329938737,128,0,32,32,"[{""kind"": ""fold"", ""name"": ""fold"", ""raise_to"": null, ""root_probability"": 0.0}, {""kind"": ""call"", ""name"": ""call"", ""raise_to"": null, ""root_probability"": 0.7488175118915776}, {""kind"": ""raise"", ""name"": ""min"", ""raise_to"": 266, ""root_probability"": 0.2511824881084224}, {""kind"": ""raise"", ""name"": ""pot"", ""raise_to"": 599, ""root_probability"": 0.0}, {""kind"": ""raise"", ""name"": ""one-third"", ""raise_to"": 288, ""root_probability"": 0}, {""kind"": ""raise"", ""name"": ""two-thirds"", ""raise_to"": 444, ""root_probability"": 0}]","[-1.0, -1.941875, -2.2521875, -3.6675, -2.3234375, -0.12468749999999995]","[-1.0, -7.166875, -6.2890625, -4.563125, -6.4115625, -2.329375]",-6.946383872157326,374,47
B-2026093001-500000000,native,472,0,3,flop,button,01ce052acd310402e9c68d3b773147cadaf534ec358ae2e593fd75cd627400da,Js 5s,As 8d Qd,333,133,True,call,,0.293649051308043,-0.6776702271068812,1.2649683297229672,66.54993951363764,128,0,32,32,"[{""kind"": ""fold"", ""name"": ""fold"", ""raise_to"": null, ""root_probability"": 0.5553646360435802}, {""kind"": ""call"", ""name"": ""call"", ""raise_to"": null, ""root_probability"": 0.4446353639564198}, {""kind"": ""raise"", ""name"": ""min"", ""raise_to"": 266, ""root_probability"": 0.0}, {""kind"": ""raise"", ""name"": ""pot"", ""raise_to"": 599, ""root_probability"": 0.0}, {""kind"": ""raise"", ""name"": ""one-third"", ""raise_to"": 288, ""root_probability"": 0}, {""kind"": ""raise"", ""name"": ""two-thirds"", ""raise_to"": 444, ""root_probability"": 0}]","[-1.0, -0.8300000000000001, -1.8528125, -4.9228125, -1.5728125, -2.0409375]","[-1.0, -0.47125000000000006, -0.12781249999999994, -0.6665625, -0.24281249999999996, -2.015]",-0.7648990513080429,309,29
B-2026093001-500000000,native,47,0,1,preflop,big_blind,01badcf3c1154ae22d6df9dc7f84221850f1c3606fbd07757559fc2db497ec4b,Th 9s,,350,150,True,pot,750,3.3853125,0.29196365580230577,6.478661344197694,53.48555187115113,128,0,32,32,"[{""kind"": ""fold"", ""name"": ""fold"", ""raise_to"": null, ""root_probability"": 0.0}, {""kind"": ""call"", ""name"": ""call"", ""raise_to"": null, ""root_probability"": 1.0}, {""kind"": ""raise"", ""name"": ""min"", ""raise_to"": 400, ""root_probability"": 0.0}, {""kind"": ""raise"", ""name"": ""pot"", ""raise_to"": 750, ""root_probability"": 0.0}]","[-1.0, 0.0678125, 1.421875, 2.890625]","[-1.0, -0.2446875, 1.6875, 3.140625]",-0.2446875,172,63
B-2026093001-500000000,native,326,1,1,preflop,big_blind,01e64d5f066f6a52dc264899672d683ceb59d74cff7a3d4647df892940112c6c,3d 9h,,350,150,True,pot,750,3.4375,2.301291721414983,4.573708278585017,56.346368715083734,128,0,32,32,"[{""kind"": ""fold"", ""name"": ""fold"", ""raise_to"": null, ""root_probability"": 1.0}, {""kind"": ""call"", ""name"": ""call"", ""raise_to"": null, ""root_probability"": 0.0}, {""kind"": ""raise"", ""name"": ""min"", ""raise_to"": 400, ""root_probability"": 0.0}, {""kind"": ""raise"", ""name"": ""pot"", ""raise_to"": 750, ""root_probability"": 0.0}]","[-1.0, -3.7625, -0.1875, 0.234375]","[-1.0, 0.66125, 2.453125, 2.4375]",-1.0,179,54
B-2026093001-500000000,native,370,0,0,preflop,button,007f08b0f821a8d87eff300a5987ab8ec843f5e1380350d9f32eddbebcf2ccd4,3s 5h,,150,50,True,pot,300,0.59375,-0.990713234634991,2.178213234634991,128.0,128,0,32,32,"[{""kind"": ""fold"", ""name"": ""fold"", ""raise_to"": null, ""root_probability"": 1.0}, {""kind"": ""call"", ""name"": ""call"", ""raise_to"": null, ""root_probability"": 0.0}, {""kind"": ""raise"", ""name"": ""min"", ""raise_to"": 200, ""root_probability"": 0.0}, {""kind"": ""raise"", ""name"": ""pot"", ""raise_to"": 300, ""root_probability"": 0.0}, {""kind"": ""raise"", ""name"": ""open-2.5bb"", ""raise_to"": 250, ""root_probability"": 0}]","[-0.5, 0.6446875, -0.1875, 0.9375, 0.078125]","[-0.5, -0.06593749999999998, 0.8334375, 0.09375, 0.4421875]",-0.5,247,13
B-2026093001-500000000,native,94,0,0,preflop,button,00ca0544ad7e7e74624f7010a1b403ca9dda934cf09a7df331f7ba3ef0dd3321,As 9h,,150,50,True,min,200,-0.674728176197025,-1.8032384220333997,0.45378206963934975,128.0,128,0,32,32,"[{""kind"": ""fold"", ""name"": ""fold"", ""raise_to"": null, ""root_probability"": 0.0}, {""kind"": ""call"", ""name"": ""call"", ""raise_to"": null, ""root_probability"": 0.0}, {""kind"": ""raise"", ""name"": ""min"", ""raise_to"": 200, ""root_probability"": 0.4316582880151406}, {""kind"": ""raise"", ""name"": ""pot"", ""raise_to"": 300, ""root_probability"": 0.5683417119848593}, {""kind"": ""raise"", ""name"": ""open-2.5bb"", ""raise_to"": 250, ""root_probability"": 0}]","[-0.5, 0.29312499999999997, 2.1565625, 1.8125, 1.0046875]","[-0.5, -0.26812499999999995, 0.0940625, 1.28125, 0.16125]",0.768790676197025,275,17
B-2026093001-500000000,native,294,1,8,river,big_blind,01996480e3651090a7ebf906791a60b537660a1cb66f3f251efa627a77d5ac17,Ts 7c,Ks Kh Js 6c Kd,3350,650,True,fold,,4.625,1.8117118492253144,7.438288150774685,49.24812521419166,128,0,32,32,"[{""kind"": ""fold"", ""name"": ""fold"", ""raise_to"": null, ""root_probability"": 0.0}, {""kind"": ""call"", ""name"": ""call"", ""raise_to"": null, ""root_probability"": 1.0}]","[-13.5, -18.75]","[-13.5, -18.125]",-18.125,0,0
B-2026093001-500000000,native,276,1,6,river,big_blind,023333b0be0a75a5a75b10a93792480a921b1d6ae39068d1173b2b573cfd9f42,4h 5h,Ks 5d 4d Tc 6c,900,0,True,check,,1.90625,-0.10398065368238862,3.9164806536823886,37.29863459918939,128,0,32,32,"[{""kind"": ""check"", ""name"": ""check"", ""raise_to"": null, ""root_probability"": 0.0}, {""kind"": ""raise"", ""name"": ""min"", ""raise_to"": 100, ""root_probability"": 0.0}, {""kind"": ""raise"", ""name"": ""pot"", ""raise_to"": 900, ""root_probability"": 1.0}, {""kind"": ""raise"", ""name"": ""jam"", ""raise_to"": 1550, ""root_probability"": 0.0}, {""kind"": ""raise"", ""name"": ""one-third"", ""raise_to"": 300, ""root_probability"": 0}, {""kind"": ""raise"", ""name"": ""two-thirds"", ""raise_to"": 600, ""root_probability"": 0}]","[4.890625, 4.078125, 3.734375, 3.734375, 4.109375, 3.734375]","[4.875, 3.03125, 2.96875, 2.96875, 3.25, 3.34375]",2.96875,19,6
B-2026093001-500000000,native,474,0,9,river,button,028c37514d6f30674f4a63cf7db5aef9d6b0af87a0904b3c1a5dd274e31a3a3b,5c Qc,2d As 4d Ad Ah,1110,444,True,call,,0.20601485186584723,-1.099862489531688,1.5118921932633826,81.03423631288199,128,0,32,32,"[{""kind"": ""fold"", ""name"": ""fold"", ""raise_to"": null, ""root_probability"": 0.49493057505308763}, {""kind"": ""call"", ""name"": ""call"", ""raise_to"": null, ""root_probability"": 0.5050694249469123}, {""kind"": ""raise"", ""name"": ""min"", ""raise_to"": 988, ""root_probability"": 0.0}, {""kind"": ""raise"", ""name"": ""pot"", ""raise_to"": 1767, ""root_probability"": 0.0}, {""kind"": ""raise"", ""name"": ""one-third"", ""raise_to"": 1062, ""root_probability"": 0}, {""kind"": ""raise"", ""name"": ""two-thirds"", ""raise_to"": 1580, ""root_probability"": 0}]","[-3.33, 0.97125, -0.7984375000000005, -1.3937500000000003, -1.1915624999999999, -1.411875]","[-3.33, -2.91375, -6.523750000000001, -3.9971875000000003, -7.0325, -6.133125]",-3.119764851865847,10,20
B-2026093001-500000000,native,159,1,7,river,button,034b09c1a11cee15a894d00ce658ee9e149932ae47bdf6a420661f451b2867cd,Kh 8s,8d 5c 5h 6s 9c,667,267,True,fold,,-0.6865625,-2.300073077332411,0.9269480773324108,48.56992967396038,128,0,32,32,"[{""kind"": ""fold"", ""name"": ""fold"", ""raise_to"": null, ""root_probability"": 0.0}, {""kind"": ""call"", ""name"": ""call"", ""raise_to"": null, ""root_probability"": 1.0}, {""kind"": ""raise"", ""name"": ""min"", ""raise_to"": 534, ""root_probability"": 0.0}, {""kind"": ""raise"", ""name"": ""pot"", ""raise_to"": 1201, ""root_probability"": 0.0}, {""kind"": ""raise"", ""name"": ""jam"", ""raise_to"": 1800, ""root_probability"": 0.0}, {""kind"": ""raise"", ""name"": ""one-third"", ""raise_to"": 578, ""root_probability"": 0}, {""kind"": ""raise"", ""name"": ""two-thirds"", ""raise_to"": 890, ""root_probability"": 0}]","[-2.0, -2.335, -3.9203125, -12.8965625, -13.8325, -4.2787500000000005, -6.812812500000001]","[-2.0, -1.3134375, -2.3146875, -10.374375, -10.74875, -3.153125, -4.671875]",-1.3134375,145,1
B-2026093001-500000000,native,291,0,5,turn,big_blind,07987cd7663aeac715e9dac7a66aad635878d2ae52123d2d527e2a136896d3ce,Ts 8d,4c 7s 3d 7c,1000,0,True,pot,1000,-2.09375,-4.610630213569033,0.42313021356903313,10.109849532220432,128,0,32,32,"[{""kind"": ""check"", ""name"": ""check"", ""raise_to"": null, ""root_probability"": 0.0}, {""kind"": ""raise"", ""name"": ""min"", ""raise_to"": 100, ""root_probability"": 1.0}, {""kind"": ""raise"", ""name"": ""pot"", ""raise_to"": 1000, ""root_probability"": 0.0}, {""kind"": ""raise"", ""name"": ""jam"", ""raise_to"": 1500, ""root_probability"": 0.0}, {""kind"": ""raise"", ""name"": ""one-third"", ""raise_to"": 333, ""root_probability"": 0}, {""kind"": ""raise"", ""name"": ""two-thirds"", ""raise_to"": 667, ""root_probability"": 0}]","[-3.8746875, -0.0625, 4.6875, 4.21875, -0.5621875000000001, 2.29125]","[-5.6771875, 1.9375, -0.15625, 1.09375, 0.656875, 0.5721875000000001]",1.9375,159,54
B-2026093001-500000000,native,464,1,4,turn,big_blind,079c79ac943ab4c9bb5b4b0d4d5538d1ca5b96437018bde6ae39a9f43e562d77,As 5d,3s Qs Qc 4c,700,0,True,pot,700,0.4385266665877967,-1.5201786042545022,2.397231937430096,44.40762404717746,128,0,32,32,"[{""kind"": ""check"", ""name"": ""check"", ""raise_to"": null, ""root_probability"": 0.037115974890386726}, {""kind"": ""raise"", ""name"": ""min"", ""raise_to"": 100, ""root_probability"": 0.9628840251096134}, {""kind"": ""raise"", ""name"": ""pot"", ""raise_to"": 700, ""root_probability"": 0.0}, {""kind"": ""raise"", ""name"": ""one-third"", ""raise_to"": 233, ""root_probability"": 0}, {""kind"": ""raise"", ""name"": ""two-thirds"", ""raise_to"": 467, ""root_probability"": 0}]","[-1.109375, 0.28125, 2.1875, 0.2703125, 1.2390625]","[-0.578125, -2.234375, -1.734375, -1.1928125, -1.2193749999999999]",-2.172901666587797,194,11
B-2026093001-500000000,native,379,1,5,turn,button,02ecc1a1d00dcad73660d414e41a45f8f736a388c4bf44a0c765b4595c8bbb42,Qd 6c,7h 7d Kd 8c,466,0,True,one-third,155,1.303088052563794,0.16861685003308113,2.4375592550945067,73.3234566140896,128,0,32,32,"[{""kind"": ""check"", ""name"": ""check"", ""raise_to"": null, ""root_probability"": 0.4976578509109019}, {""kind"": ""raise"", ""name"": ""min"", ""raise_to"": 100, ""root_probability"": 0.46674432980036745}, {""kind"": ""raise"", ""name"": ""pot"", ""raise_to"": 466, ""root_probability"": 0.035597819288730584}, {""kind"": ""raise"", ""name"": ""one-third"", ""raise_to"": 155, ""root_probability"": 0}, {""kind"": ""raise"", ""name"": ""two-thirds"", ""raise_to"": 311, ""root_probability"": 0}]","[-4.806875, -2.230625, -4.684375, -2.1646875, -2.7690625]","[-4.845, -1.460625, -3.2887500000000003, -1.906875, -3.9884375000000003]",-3.2099630525637943,247,1
B-2026093001-500000000,native,474,0,5,turn,button,048d028b4615b30082373ce2ae0a63fcf623024ef6a595e4879a3c9c97969344,5c Qc,2d As 4d Ad,466,0,True,two-thirds,311,1.718125,-0.07922531406430466,3.5154753140643047,77.43376579211024,128,0,32,32,"[{""kind"": ""check"", ""name"": ""check"", ""raise_to"": null, ""root_probability"": 1.0}, {""kind"": ""raise"", ""name"": ""min"", ""raise_to"": 100, ""root_probability"": 0.0}, {""kind"": ""raise"", ""name"": ""pot"", ""raise_to"": 466, ""root_probability"": 0.0}, {""kind"": ""raise"", ""name"": ""one-third"", ""raise_to"": 155, ""root_probability"": 0}, {""kind"": ""raise"", ""name"": ""two-thirds"", ""raise_to"": 311, ""root_probability"": 0}]","[-1.865625, -0.34781249999999997, 0.29125, -0.033749999999999974, 0.921875]","[-1.5490625, 0.1453125, -0.6553125, 0.02531250000000007, 0.16906249999999995]",-1.5490625,183,0
B-2026093001-500000000,restricted,79,0,4,flop,big_blind,014f248752876da05c933f60eaffc7e71dec3f87f406bf85346e8b3d3e3600d8,7h As,Ad 9h Ac,1200,600,True,min,1200,1.436739196591852,0.4860250368149974,2.3874533563687064,29.197656553493598,128,0,32,32,"[{""kind"": ""fold"", ""name"": ""fold"", ""raise_to"": null, ""root_probability"": 0.0}, {""kind"": ""call"", ""name"": ""call"", ""raise_to"": null, ""root_probability"": 0.26086339805041175}, {""kind"": ""raise"", ""name"": ""min"", ""raise_to"": 1200, ""root_probability"": 0.2717793715857188}, {""kind"": ""raise"", ""name"": ""pot"", ""raise_to"": 1700, ""root_probability"": 0.4673572303638695}]","[-3.0, 8.75, 9.625, 8.78125]","[-3.0, 10.21875, 12.03125, 9.96875]",10.594510803408149,187,0
B-2026093001-500000000,restricted,299,0,2,flop,big_blind,03286163edb0387c6b73ffcae1272d0abd8e6f7b98920350f565b8310e665629,Kd 2h,2s 3d Td,600,0,True,pot,600,-0.7581444042107987,-4.709467384988953,3.1931785765673557,56.346368715083536,128,0,32,32,"[{""kind"": ""check"", ""name"": ""check"", ""raise_to"": null, ""root_probability"": 0.4516510587275456}, {""kind"": ""raise"", ""name"": ""min"", ""raise_to"": 100, ""root_probability"": 0.5483489412724544}, {""kind"": ""raise"", ""name"": ""pot"", ""raise_to"": 600, ""root_probability"": 0.0}]","[-0.875, -2.46875, 2.40625]","[-1.875, -3.96875, -3.78125]",-3.0231055957892012,322,0
B-2026093001-500000000,restricted,333,1,3,flop,button,0087d16ee7a5285740413dca2756f5e33b2aa0c235d948cbc540dc85b7e3e839,6d Tc,Qc Jd Th,400,200,True,fold,,1.1710620394254598,-2.0206927188479886,4.362816797698908,86.50649813699505,128,0,32,32,"[{""kind"": ""fold"", ""name"": ""fold"", ""raise_to"": null, ""root_probability"": 0.0}, {""kind"": ""call"", ""name"": ""call"", ""raise_to"": null, ""root_probability"": 0.7488175118915776}, {""kind"": ""raise"", ""name"": ""min"", ""raise_to"": 400, ""root_probability"": 0.2511824881084224}, {""kind"": ""raise"", ""name"": ""pot"", ""raise_to"": 800, ""root_probability"": 0.0}]","[-1.0, -3.84375, -2.03125, -2.96875]","[-1.0, -2.34375, -1.65625, 1.78125]",-2.17106203942546,223,2
B-2026093001-500000000,restricted,472,0,3,flop,button,01ce052acd310402e9c68d3b773147cadaf534ec358ae2e593fd75cd627400da,Js 5s,As 8d Qd,400,200,True,call,,0.31239260777451394,-0.4031376387858885,1.0279228543349164,72.50754555906298,128,0,32,32,"[{""kind"": ""fold"", ""name"": ""fold"", ""raise_to"": null, ""root_probability"": 0.5553646360435802}, {""kind"": ""call"", ""name"": ""call"", ""raise_to"": null, ""root_probability"": 0.4446353639564198}, {""kind"": ""raise"", ""name"": ""min"", ""raise_to"": 400, ""root_probability"": 0.0}, {""kind"": ""raise"", ""name"": ""pot"", ""raise_to"": 800, ""root_probability"": 0.0}]","[-1.0, 1.78125, -0.5625, -1.71875]","[-1.0, -0.4375, -2.15625, -5.46875]",-0.7498926077745139,207,0
B-2026093001-500000000,restricted,47,0,1,preflop,big_blind,01badcf3c1154ae22d6df9dc7f84221850f1c3606fbd07757559fc2db497ec4b,Th 9s,,400,200,True,min,500,6.65625,2.6023737331058765,10.710126266894124,63.979416143439984,128,0,32,32,"[{""kind"": ""fold"", ""name"": ""fold"", ""raise_to"": null, ""root_probability"": 0.0}, {""kind"": ""call"", ""name"": ""call"", ""raise_to"": null, ""root_probability"": 1.0}, {""kind"": ""raise"", ""name"": ""min"", ""raise_to"": 500, ""root_probability"": 0.0}, {""kind"": ""raise"", ""name"": ""pot"", ""raise_to"": 900, ""root_probability"": 0.0}]","[-1.0, -2.53125, 1.28125, 0.15625]","[-1.0, -6.34375, 0.3125, 0.03125]",-6.34375,228,0
B-2026093001-500000000,restricted,326,1,1,preflop,big_blind,01e64d5f066f6a52dc264899672d683ceb59d74cff7a3d4647df892940112c6c,3d 9h,,400,200,True,min,500,1.71875,-0.02898748067470369,3.4664874806747035,61.116405718175365,128,0,32,32,"[{""kind"": ""fold"", ""name"": ""fold"", ""raise_to"": null, ""root_probability"": 1.0}, {""kind"": ""call"", ""name"": ""call"", ""raise_to"": null, ""root_probability"": 0.0}, {""kind"": ""raise"", ""name"": ""min"", ""raise_to"": 500, ""root_probability"": 0.0}, {""kind"": ""raise"", ""name"": ""pot"", ""raise_to"": 900, ""root_probability"": 0.0}]","[-1.0, -1.6875, 1.28125, 0.5]","[-1.0, -3.9375, 0.71875, -3.03125]",-1.0,235,0
B-2026093001-500000000,restricted,370,0,0,preflop,button,007f08b0f821a8d87eff300a5987ab8ec843f5e1380350d9f32eddbebcf2ccd4,3s 5h,,150,50,True,min,200,0.875,-0.2418998224422002,1.9918998224422002,128.0,128,0,32,32,"[{""kind"": ""fold"", ""name"": ""fold"", ""raise_to"": null, ""root_probability"": 1.0}, {""kind"": ""call"", ""name"": ""call"", ""raise_to"": null, ""root_probability"": 0.0}, {""kind"": ""raise"", ""name"": ""min"", ""raise_to"": 200, ""root_probability"": 0.0}, {""kind"": ""raise"", ""name"": ""pot"", ""raise_to"": 300, ""root_probability"": 0.0}]","[-0.5, 1.0625, 1.3125, 0.78125]","[-0.5, 0.59375, 0.375, 0.40625]",-0.5,217,1
B-2026093001-500000000,restricted,94,0,0,preflop,button,00ca0544ad7e7e74624f7010a1b403ca9dda934cf09a7df331f7ba3ef0dd3321,As 9h,,150,50,True,pot,300,0.5665515030198724,0.053518608388608446,1.0795843976511366,128.0,128,0,32,32,"[{""kind"": ""fold"", ""name"": ""fold"", ""raise_to"": null, ""root_probability"": 0.0}, {""kind"": ""call"", ""name"": ""call"", ""raise_to"": null, ""root_probability"": 0.0}, {""kind"": ""raise"", ""name"": ""min"", ""raise_to"": 200, ""root_probability"": 0.4316582880151406}, {""kind"": ""raise"", ""name"": ""pot"", ""raise_to"": 300, ""root_probability"": 0.5683417119848593}]","[-0.5, 0.0625, 1.1875, 1.6875]","[-0.5, 1.4375, 1.8125, 3.125]",2.5584484969801276,219,0
B-2026093001-500000000,restricted,452,1,6,river,big_blind,11c7733b6a6728e6c889a35627bfd46d0312c9449714fd5abcfea7e7b4c93e5c,5d Qh,Ts 7d 7h Kc 6d,600,0,True,min,100,1.84375,0.6353886854713777,3.0521113145286223,80.51024424681893,128,0,32,32,"[{""kind"": ""check"", ""name"": ""check"", ""raise_to"": null, ""root_probability"": 1.0}, {""kind"": ""raise"", ""name"": ""min"", ""raise_to"": 100, ""root_probability"": 0.0}, {""kind"": ""raise"", ""name"": ""pot"", ""raise_to"": 600, ""root_probability"": 0.0}]","[-1.78125, -0.0625, -1.5]","[-2.5625, -0.71875, -2.25]",-2.5625,38,0
B-2026093001-500000000,restricted,134,1,6,river,big_blind,152025d3b38c1cda71144a3839117e18a1b0ea4e05f0bf8c04b62398879aa934,7d 5d,Jh Ts 2s 6c 5c,1800,0,True,min,100,0.0,0.0,0.0,37.81552515756994,128,0,32,32,"[{""kind"": ""check"", ""name"": ""check"", ""raise_to"": null, ""root_probability"": 0.0}, {""kind"": ""raise"", ""name"": ""min"", ""raise_to"": 100, ""root_probability"": 1.0}, {""kind"": ""raise"", ""name"": ""pot"", ""raise_to"": 1100, ""root_probability"": 0.0}]","[-4.6875, -1.96875, -6.0625]","[-8.90625, -5.125, -5.71875]",-5.125,66,0
B-2026093001-500000000,restricted,147,1,8,river,button,0118de12bfa7f7b06704fa0a56eb9e61305abac10b60e02db6ce5b5dd1488027,9d Jc,7s 8d Jd Qc 8c,2900,1100,True,call,,0.0,0.0,0.0,30.07604527668096,128,0,32,32,"[{""kind"": ""fold"", ""name"": ""fold"", ""raise_to"": null, ""root_probability"": 0.0}, {""kind"": ""call"", ""name"": ""call"", ""raise_to"": null, ""root_probability"": 1.0}]","[-9.0, -6.25]","[-9.0, 0.0]",0.0,0,0
B-2026093001-500000000,restricted,159,1,7,river,button,034b09c1a11cee15a894d00ce658ee9e149932ae47bdf6a420661f451b2867cd,Kh 8s,8d 5c 5h 6s 9c,800,400,True,call,,0.0,0.0,0.0,42.302655015053666,128,0,32,32,"[{""kind"": ""fold"", ""name"": ""fold"", ""raise_to"": null, ""root_probability"": 0.0}, {""kind"": ""call"", ""name"": ""call"", ""raise_to"": null, ""root_probability"": 1.0}, {""kind"": ""raise"", ""name"": ""min"", ""raise_to"": 800, ""root_probability"": 0.0}, {""kind"": ""raise"", ""name"": ""pot"", ""raise_to"": 1600, ""root_probability"": 0.0}, {""kind"": ""raise"", ""name"": ""jam"", ""raise_to"": 1800, ""root_probability"": 0.0}]","[-2.0, -1.5, -3.5, -8.375, -7.8125]","[-2.0, -3.0, -5.875, -12.5625, -12.6875]",-3.0,72,0
B-2026093001-500000000,restricted,464,1,4,turn,big_blind,079c79ac943ab4c9bb5b4b0d4d5538d1ca5b96437018bde6ae39a9f43e562d77,As 5d,3s Qs Qc 4c,800,0,True,check,,-1.46875,-2.869559773696528,-0.0679402263034723,43.1665626261853,128,0,32,32,"[{""kind"": ""check"", ""name"": ""check"", ""raise_to"": null, ""root_probability"": 0.0}, {""kind"": ""raise"", ""name"": ""min"", ""raise_to"": 100, ""root_probability"": 1.0}, {""kind"": ""raise"", ""name"": ""pot"", ""raise_to"": 800, ""root_probability"": 0.0}, {""kind"": ""raise"", ""name"": ""jam"", ""raise_to"": 1600, ""root_probability"": 0.0}]","[-1.84375, -1.9375, -3.0, -3.0]","[-1.3125, 0.15625, 0.03125, 0.75]",0.15625,171,0
B-2026093001-500000000,restricted,47,0,5,turn,big_blind,0972cf1007aaf6a263101a881e3f6629d8fd1619ba94cc1977f1cdf34009e878,Th 9s,2d 9h 8d 5c,2400,0,True,pot,800,1.7346802621853967,-1.2244017159723188,4.693762240343112,16.731196176397717,128,0,32,32,"[{""kind"": ""check"", ""name"": ""check"", ""raise_to"": null, ""root_probability"": 0.49319122763795364}, {""kind"": ""raise"", ""name"": ""min"", ""raise_to"": 100, ""root_probability"": 0.5068087723620465}, {""kind"": ""raise"", ""name"": ""pot"", ""raise_to"": 800, ""root_probability"": 0.0}]","[0.0, 0.71875, 2.5]","[-6.625, -4.375, -3.75]",-5.484680262185397,147,0
B-2026093001-500000000,restricted,379,1,5,turn,button,02ecc1a1d00dcad73660d414e41a45f8f736a388c4bf44a0c765b4595c8bbb42,Qd 6c,7h 7d Kd 8c,600,0,True,min,100,0.7344501688665372,0.20031837424257393,1.2685819634905005,72.84507734497662,128,0,32,32,"[{""kind"": ""check"", ""name"": ""check"", ""raise_to"": null, ""root_probability"": 0.4976578509109019}, {""kind"": ""raise"", ""name"": ""min"", ""raise_to"": 100, ""root_probability"": 0.46674432980036745}, {""kind"": ""raise"", ""name"": ""pot"", ""raise_to"": 600, ""root_probability"": 0.035597819288730584}]","[-2.65625, -0.6875, -3.6875]","[-1.40625, -0.1875, -3.78125]",-0.9219501688665371,141,0
B-2026093001-500000000,restricted,10,0,5,turn,button,03085f162a8bc0dd4a0cba688c8c5d3be5c9aaf0d02d00893f6be6b92a5d6a58,Ah 2c,6d 7c 8c Js,500,100,True,min,200,0.46086138823242956,-0.2603895442901654,1.1821123207550246,40.57247547817825,128,0,32,32,"[{""kind"": ""fold"", ""name"": ""fold"", ""raise_to"": null, ""root_probability"": 0.0}, {""kind"": ""call"", ""name"": ""call"", ""raise_to"": null, ""root_probability"": 0.0}, {""kind"": ""raise"", ""name"": ""min"", ""raise_to"": 200, ""root_probability"": 0.7457316478717628}, {""kind"": ""raise"", ""name"": ""pot"", ""raise_to"": 700, ""root_probability"": 0.2542683521282371}]","[-2.0, -2.21875, -1.6875, -3.75]","[-2.0, -1.84375, -1.71875, -3.53125]",-2.1796113882324297,180,0
B-2026093002-100000000,native,412,1,4,flop,big_blind,030a0386c6c29aaf77413de3f20d735bce3300c130fabc1affdd35edde1d4af9,4s Jd,9h Ac 8c,833,333,True,fold,,0.0,0.0,0.0,29.422728088460524,128,0,32,32,"[{""kind"": ""fold"", ""name"": ""fold"", ""raise_to"": null, ""root_probability"": 1.0}, {""kind"": ""call"", ""name"": ""call"", ""raise_to"": null, ""root_probability"": 0.0}, {""kind"": ""raise"", ""name"": ""min"", ""raise_to"": 666, ""root_probability"": 0.0}, {""kind"": ""raise"", ""name"": ""pot"", ""raise_to"": 1499, ""root_probability"": 0.0}, {""kind"": ""raise"", ""name"": ""jam"", ""raise_to"": 1750, ""root_probability"": 0.0}, {""kind"": ""raise"", ""name"": ""one-third"", ""raise_to"": 722, ""root_probability"": 0}, {""kind"": ""raise"", ""name"": ""two-thirds"", ""raise_to"": 1110, ""root_probability"": 0}]","[-2.5, -5.779375, -7.2565625, -10.678125, -10.678125, -7.589062500000001, -8.438125]","[-2.5, -5.886875, -7.2353125, -15.426874999999999, -16.77125, -7.602812500000001, -10.341875]",-2.5,449,15
B-2026093002-100000000,native,299,0,2,flop,big_blind,03286163edb0387c6b73ffcae1272d0abd8e6f7b98920350f565b8310e665629,Kd 2h,2s 3d Td,500,0,True,min,100,-0.2813962722374229,-2.862295717247674,2.2995031727728286,63.97941614343997,128,0,32,32,"[{""kind"": ""check"", ""name"": ""check"", ""raise_to"": null, ""root_probability"": 0.7186496976534348}, {""kind"": ""raise"", ""name"": ""min"", ""raise_to"": 100, ""root_probability"": 0.28135030234656533}, {""kind"": ""raise"", ""name"": ""pot"", ""raise_to"": 500, ""root_probability"": 0.0}, {""kind"": ""raise"", ""name"": ""one-third"", ""raise_to"": 167, ""root_probability"": 0}, {""kind"": ""raise"", ""name"": ""two-thirds"", ""raise_to"": 333, ""root_probability"": 0}]","[-2.041875, -1.448125, -3.0625, -3.188125, -2.1771875]","[-0.5046875, -0.89625, -2.21875, -3.36625, 2.5]",-0.6148537277625771,360,123
B-2026093002-100000000,native,333,1,3,flop,button,0087d16ee7a5285740413dca2756f5e33b2aa0c235d948cbc540dc85b7e3e839,6d Tc,Qc Jd Th,667,267,True,fold,,3.034228557632856,-1.0759454426315802,7.144402557897292,37.488780394372554,128,0,32,32,"[{""kind"": ""fold"", ""name"": ""fold"", ""raise_to"": null, ""root_probability"": 0.0}, {""kind"": ""call"", ""name"": ""call"", ""raise_to"": null, ""root_probability"": 0.3439289226466901}, {""kind"": ""raise"", ""name"": ""min"", ""raise_to"": 534, ""root_probability"": 0.0992309151075484}, {""kind"": ""raise"", ""name"": ""pot"", ""raise_to"": 1201, ""root_probability"": 0.5568401622457615}, {""kind"": ""raise"", ""name"": ""jam"", ""raise_to"": 1800, ""root_probability"": 0.0}, {""kind"": ""raise"", ""name"": ""one-third"", ""raise_to"": 578, ""root_probability"": 0}, {""kind"": ""raise"", ""name"": ""two-thirds"", ""raise_to"": 890, ""root_probability"": 0}]","[-2.0, -6.2296875, -5.77, -8.915, -9.9778125, -6.628125, -5.039375]","[-2.0, -5.1471875, -4.145625, -5.1228125, -4.58125, -4.163125, -5.2425]",-5.034228557632856,237,106
B-2026093002-100000000,native,472,0,3,flop,button,01ce052acd310402e9c68d3b773147cadaf534ec358ae2e593fd75cd627400da,Js 5s,As 8d Qd,333,133,True,fold,,-1.024499043119483,-2.4032756329459875,0.3542775467070216,66.54993951363764,128,0,32,32,"[{""kind"": ""fold"", ""name"": ""fold"", ""raise_to"": null, ""root_probability"": 0.169831787501943}, {""kind"": ""call"", ""name"": ""call"", ""raise_to"": null, ""root_probability"": 0.3631663126039326}, {""kind"": ""raise"", ""name"": ""min"", ""raise_to"": 266, ""root_probability"": 0.3537879593030264}, {""kind"": ""raise"", ""name"": ""pot"", ""raise_to"": 599, ""root_probability"": 0.11321394059109786}, {""kind"": ""raise"", ""name"": ""one-third"", ""raise_to"": 288, ""root_probability"": 0}, {""kind"": ""raise"", ""name"": ""two-thirds"", ""raise_to"": 444, ""root_probability"": 0}]","[-1.0, -2.080625, -2.0771875, -4.4234375, -1.840625, -2.6896875000000002]","[-1.0, 0.03875000000000001, 0.7328125, -0.6978125, 0.5853125, -1.6125]",0.024499043119482908,298,25
B-2026093002-100000000,native,47,0,1,preflop,big_blind,01badcf3c1154ae22d6df9dc7f84221850f1c3606fbd07757559fc2db497ec4b,Th 9s,,350,150,True,pot,750,1.2613358237579726,-0.34447271247814437,2.8671443599940893,53.48555187115113,128,0,32,32,"[{""kind"": ""fold"", ""name"": ""fold"", ""raise_to"": null, ""root_probability"": 0.0}, {""kind"": ""call"", ""name"": ""call"", ""raise_to"": null, ""root_probability"": 0.343140785967314}, {""kind"": ""raise"", ""name"": ""min"", ""raise_to"": 400, ""root_probability"": 0.3422063190004422}, {""kind"": ""raise"", ""name"": ""pot"", ""raise_to"": 750, ""root_probability"": 0.3146528950322439}]","[-1.0, 0.3334375, 1.421875, 2.890625]","[-1.0, -0.20906249999999998, 2.03125, 2.75]",1.4886641762420274,168,62
B-2026093002-100000000,native,326,1,1,preflop,big_blind,01e64d5f066f6a52dc264899672d683ceb59d74cff7a3d4647df892940112c6c,3d 9h,,350,150,True,pot,750,3.5,2.316566196493926,4.683433803506074,56.346368715083734,128,0,32,32,"[{""kind"": ""fold"", ""name"": ""fold"", ""raise_to"": null, ""root_probability"": 1.0}, {""kind"": ""call"", ""name"": ""call"", ""raise_to"": null, ""root_probability"": 0.0}, {""kind"": ""raise"", ""name"": ""min"", ""raise_to"": 400, ""root_probability"": 0.0}, {""kind"": ""raise"", ""name"": ""pot"", ""raise_to"": 750, ""root_probability"": 0.0}]","[-1.0, -2.83375, -0.1875, 0.234375]","[-1.0, -0.5575, 2.421875, 2.5]",-1.0,161,51
B-2026093002-100000000,native,370,0,0,preflop,button,007f08b0f821a8d87eff300a5987ab8ec843f5e1380350d9f32eddbebcf2ccd4,3s 5h,,150,50,True,pot,300,0.5,-1.1686097485743583,2.168609748574358,128.0,128,0,32,32,"[{""kind"": ""fold"", ""name"": ""fold"", ""raise_to"": null, ""root_probability"": 1.0}, {""kind"": ""call"", ""name"": ""call"", ""raise_to"": null, ""root_probability"": 0.0}, {""kind"": ""raise"", ""name"": ""min"", ""raise_to"": 200, ""root_probability"": 0.0}, {""kind"": ""raise"", ""name"": ""pot"", ""raise_to"": 300, ""root_probability"": 0.0}, {""kind"": ""raise"", ""name"": ""open-2.5bb"", ""raise_to"": 250, ""root_probability"": 0}]","[-0.5, 0.3646875, -0.3365625, 1.65625, -0.4375]","[-0.5, 0.044999999999999984, 0.8228125, 0.0, -0.1825]",-0.5,230,11
B-2026093002-100000000,native,94,0,0,preflop,button,00ca0544ad7e7e74624f7010a1b403ca9dda934cf09a7df331f7ba3ef0dd3321,As 9h,,150,50,True,min,200,1.2258760110467655,-1.88497355751269,4.336725579606221,128.0,128,0,32,32,"[{""kind"": ""fold"", ""name"": ""fold"", ""raise_to"": null, ""root_probability"": 0.0}, {""kind"": ""call"", ""name"": ""call"", ""raise_to"": null, ""root_probability"": 0.23995511684403298}, {""kind"": ""raise"", ""name"": ""min"", ""raise_to"": 200, ""root_probability"": 0.1179356930305307}, {""kind"": ""raise"", ""name"": ""pot"", ""raise_to"": 300, ""root_probability"": 0.6421091901254362}, {""kind"": ""raise"", ""name"": ""open-2.5bb"", ""raise_to"": 250, ""root_probability"": 0}]","[-0.5, 0.80125, 1.823125, 1.75, 1.1921875]","[-0.5, -0.2609375, 1.0003125, -0.4375, -0.4534375]",-0.22556351104676545,283,19
B-2026093002-100000000,native,294,1,8,river,big_blind,01996480e3651090a7ebf906791a60b537660a1cb66f3f251efa627a77d5ac17,Ts 7c,Ks Kh Js 6c Kd,2450,1550,True,fold,,13.0,9.45324357430043,16.54675642569957,57.267978590468246,128,0,32,32,"[{""kind"": ""fold"", ""name"": ""fold"", ""raise_to"": null, ""root_probability"": 0.0}, {""kind"": ""call"", ""name"": ""call"", ""raise_to"": null, ""root_probability"": 1.0}]","[-4.5, -18.75]","[-4.5, -17.5]",-17.5,0,0
B-2026093002-100000000,native,276,1,6,river,big_blind,023333b0be0a75a5a75b10a93792480a921b1d6ae39068d1173b2b573cfd9f42,4h 5h,Ks 5d 4d Tc 6c,900,0,True,min,100,0.4497144326184054,-0.6404623931343251,1.539891258371136,37.29863459918939,128,0,32,32,"[{""kind"": ""check"", ""name"": ""check"", ""raise_to"": null, ""root_probability"": 0.38479796647029085}, {""kind"": ""raise"", ""name"": ""min"", ""raise_to"": 100, ""root_probability"": 0.0020266321931779684}, {""kind"": ""raise"", ""name"": ""pot"", ""raise_to"": 900, ""root_probability"": 0.534164714928149}, {""kind"": ""raise"", ""name"": ""jam"", ""raise_to"": 1550, ""root_probability"": 0.07901068640838214}, {""kind"": ""raise"", ""name"": ""one-third"", ""raise_to"": 300, ""root_probability"": 0}, {""kind"": ""raise"", ""name"": ""two-thirds"", ""raise_to"": 600, ""root_probability"": 0}]","[3.84375, 4.53125, 3.734375, 3.734375, 4.109375, 3.734375]","[4.3125, 3.9375, 2.96875, 2.96875, 3.25, 3.34375]",3.4877855673815947,19,6
B-2026093002-100000000,native,395,1,8,river,button,0036acbb81ce2d2e8c0e2cb15d9d19a4c9618b1d4cdaece4070e18850d254afe,4c Kh,Tc Ts 8d 3d Js,400,0,True,min,100,1.15625,0.5210644755923042,1.7914355244076958,91.43367500206558,128,0,32,32,"[{""kind"": ""check"", ""name"": ""check"", ""raise_to"": null, ""root_probability"": 1.0}, {""kind"": ""raise"", ""name"": ""min"", ""raise_to"": 100, ""root_probability"": 0.0}, {""kind"": ""raise"", ""name"": ""pot"", ""raise_to"": 400, ""root_probability"": 0.0}, {""kind"": ""raise"", ""name"": ""one-third"", ""raise_to"": 133, ""root_probability"": 0}, {""kind"": ""raise"", ""name"": ""two-thirds"", ""raise_to"": 267, ""root_probability"": 0}]","[0.125, 1.0625, 0.75, 1.0006249999999999, 0.749375]","[0.375, 1.53125, 1.25, 1.5003125, 1.3746875]",0.375,12,0
B-2026093002-100000000,native,474,0,9,river,button,028c37514d6f30674f4a63cf7db5aef9d6b0af87a0904b3c1a5dd274e31a3a3b,5c Qc,2d As 4d Ad Ah,2699,1301,True,call,,-0.5099999999999992,-7.3015214931474945,6.281521493147497,81.03423631288184,128,0,32,32,"[{""kind"": ""fold"", ""name"": ""fold"", ""raise_to"": null, ""root_probability"": 1.0}, {""kind"": ""call"", ""name"": ""call"", ""raise_to"": null, ""root_probability"": 0.0}]","[-6.99, 2.5]","[-6.99, -7.5]",-6.99,0,0
B-2026093002-100000000,native,291,0,5,turn,big_blind,07987cd7663aeac715e9dac7a66aad635878d2ae52123d2d527e2a136896d3ce,Ts 8d,4c 7s 3d 7c,1000,0,True,pot,1000,2.652436605452489,0.2894861904642503,5.015387020440727,10.109849532220432,128,0,32,32,"[{""kind"": ""check"", ""name"": ""check"", ""raise_to"": null, ""root_probability"": 0.43363903337440474}, {""kind"": ""raise"", ""name"": ""min"", ""raise_to"": 100, ""root_probability"": 0.37968256236429937}, {""kind"": ""raise"", ""name"": ""pot"", ""raise_to"": 1000, ""root_probability"": 0.18667840426129595}, {""kind"": ""raise"", ""name"": ""jam"", ""raise_to"": 1500, ""root_probability"": 0.0}, {""kind"": ""raise"", ""name"": ""one-third"", ""raise_to"": 333, ""root_probability"": 0}, {""kind"": ""raise"", ""name"": ""two-thirds"", ""raise_to"": 667, ""root_probability"": 0}]","[-3.333125, -3.625, 4.71875, 4.21875, -0.5621875000000001, 2.26]","[-3.0834375, -3.53125, -0.03125, 1.09375, 0.656875, 0.77]",-2.683686605452489,163,61
B-2026093002-100000000,native,327,0,10,turn,big_blind,1b6972606ad65f45221ab4f28b2fd03ace42a7a0885406338d20be13437687a2,As 3h,9d 3s Qc Jc,2935,367,False,call,,2.7468749999999975,-0.16843767667085618,5.662187676670851,12.1098468270416,128,0,32,32,"[{""kind"": ""fold"", ""name"": ""fold"", ""raise_to"": null, ""root_probability"": 0.3333333333333333}, {""kind"": ""call"", ""name"": ""call"", ""raise_to"": null, ""root_probability"": 0.3333333333333333}, {""kind"": ""raise"", ""name"": ""min"", ""raise_to"": 1650, ""root_probability"": 0.3333333333333333}]","[-12.84, -12.6134375, -17.5]","[-12.84, -10.424687500000001, -16.25]",-13.171562499999999,0,80
B-2026093002-100000000,native,379,1,5,turn,button,02ecc1a1d00dcad73660d414e41a45f8f736a388c4bf44a0c765b4595c8bbb42,Qd 6c,7h 7d Kd 8c,466,0,True,one-third,155,-0.420491317091819,-1.0331577257285378,0.19217509154489976,73.3234566140896,128,0,32,32,"[{""kind"": ""check"", ""name"": ""check"", ""raise_to"": null, ""root_probability"": 0.37184581020053337}, {""kind"": ""raise"", ""name"": ""min"", ""raise_to"": 100, ""root_probability"": 0.6281541897994667}, {""kind"": ""raise"", ""name"": ""pot"", ""raise_to"": 466, ""root_probability"": 0.0}, {""kind"": ""raise"", ""name"": ""one-third"", ""raise_to"": 155, ""root_probability"": 0}, {""kind"": ""raise"", ""name"": ""two-thirds"", ""raise_to"": 311, ""root_probability"": 0}]","[-2.4875000000000003, -1.99125, -4.7146875, -1.9221875, -2.7740625000000003]","[-2.1034375, -2.4678125, -3.6953125, -2.7528125, -2.9684375000000003]",-2.332321182908181,239,0
B-2026093002-100000000,native,10,0,5,turn,button,03085f162a8bc0dd4a0cba688c8c5d3be5c9aaf0d02d00893f6be6b92a5d6a58,Ah 2c,6d 7c 8c Js,1067,267,False,two-thirds,1156,-1.4883593750000002,-4.674373303064942,1.6976545530649416,19.895496115786514,128,0,32,32,"[{""kind"": ""fold"", ""name"": ""fold"", ""raise_to"": null, ""root_probability"": 0.25}, {""kind"": ""call"", ""name"": ""call"", ""raise_to"": null, ""root_probability"": 0.25}, {""kind"": ""raise"", ""name"": ""min"", ""raise_to"": 534, ""root_probability"": 0.25}, {""kind"": ""raise"", ""name"": ""pot"", ""raise_to"": 1600, ""root_probability"": 0.25}, {""kind"": ""raise"", ""name"": ""one-third"", ""raise_to"": 712, ""root_probability"": 0}, {""kind"": ""raise"", ""name"": ""two-thirds"", ""raise_to"": 1156, ""root_probability"": 0}]","[-4.0, -7.9796875, -3.6684375, -7.081875, -5.5578125, -3.055625]","[-4.0, -7.6575, -6.145625, -9.5821875, -4.4471875, -8.334687500000001]",-6.846328125,140,100
B-2026093002-100000000,restricted,443,0,3,flop,big_blind,0277b15292ccd8d76faab21e6fb091842676453fd52a0cc10850093ee395ea9f,9c Kh,Td 3c 8c,1800,0,True,min,100,6.654878383114774,2.561267433911828,10.74848933231772,13.845043046355993,128,0,32,32,"[{""kind"": ""check"", ""name"": ""check"", ""raise_to"": null, ""root_probability"": 0.0}, {""kind"": ""raise"", ""name"": ""min"", ""raise_to"": 100, ""root_probability"": 0.19639204430312165}, {""kind"": ""raise"", ""name"": ""pot"", ""raise_to"": 1100, ""root_probability"": 0.8036079556968783}]","[-7.21875, 2.875, -3.21875]","[-6.90625, 0.53125, -7.75]",-6.123628383114774,198,0
B-2026093002-100000000,restricted,369,0,2,flop,big_blind,03f4426d0825d033d767bfe4e8b7f90500c6b8b17e94b814f752537f93c3071d,9s Jd,Kc 2s 3d,600,0,True,check,,0.3809624176677807,-0.2761152446932347,1.038040080028796,49.67290200789419,128,0,32,32,"[{""kind"": ""check"", ""name"": ""check"", ""raise_to"": null, ""root_probability"": 0.6516915038466007}, {""kind"": ""raise"", ""name"": ""min"", ""raise_to"": 100, ""root_probability"": 0.34830849615339937}, {""kind"": ""raise"", ""name"": ""pot"", ""raise_to"": 600, ""root_probability"": 0.0}]","[-2.3125, -3.3125, -5.0]","[-3.25, -4.34375, -5.78125]",-3.6309624176677806,278,0
B-2026093002-100000000,restricted,333,1,3,flop,button,0087d16ee7a5285740413dca2756f5e33b2aa0c235d948cbc540dc85b7e3e839,6d Tc,Qc Jd Th,800,400,True,fold,,0.7004456568433218,-3.7051822512663555,5.106073564952999,31.14472835418044,128,0,32,32,"[{""kind"": ""fold"", ""name"": ""fold"", ""raise_to"": null, ""root_probability"": 0.0}, {""kind"": ""call"", ""name"": ""call"", ""raise_to"": null, ""root_probability"": 0.3439289226466901}, {""kind"": ""raise"", ""name"": ""min"", ""raise_to"": 800, ""root_probability"": 0.0992309151075484}, {""kind"": ""raise"", ""name"": ""pot"", ""raise_to"": 1600, ""root_probability"": 0.5568401622457615}, {""kind"": ""raise"", ""name"": ""jam"", ""raise_to"": 1800, ""root_probability"": 0.0}]","[-2.0, -6.96875, -5.53125, -6.0625, -6.5]","[-2.0, -2.78125, -2.84375, -2.625, -1.875]",-2.7004456568433217,194,10
B-2026093002-100000000,restricted,472,0,3,flop,button,01ce052acd310402e9c68d3b773147cadaf534ec358ae2e593fd75cd627400da,Js 5s,As 8d Qd,400,200,True,call,,0.8689968805459649,-0.6520938610967799,2.3900876221887097,72.50754555906298,128,0,32,32,"[{""kind"": ""fold"", ""name"": ""fold"", ""raise_to"": null, ""root_probability"": 0.169831787501943}, {""kind"": ""call"", ""name"": ""call"", ""raise_to"": null, ""root_probability"": 0.3631663126039326}, {""kind"": ""raise"", ""name"": ""min"", ""raise_to"": 400, ""root_probability"": 0.3537879593030264}, {""kind"": ""raise"", ""name"": ""pot"", ""raise_to"": 800, ""root_probability"": 0.11321394059109786}]","[-1.0, 1.84375, -1.25, -0.6875]","[-1.0, -1.0625, -2.46875, -4.4375]",-1.931496880545965,207,0
B-2026093002-100000000,restricted,47,0,1,preflop,big_blind,01badcf3c1154ae22d6df9dc7f84221850f1c3606fbd07757559fc2db497ec4b,Th 9s,,400,200,True,pot,900,1.637015849201012,-1.3549039020926958,4.62893560049472,63.979416143439984,128,0,32,32,"[{""kind"": ""fold"", ""name"": ""fold"", ""raise_to"": null, ""root_probability"": 0.0}, {""kind"": ""call"", ""name"": ""call"", ""raise_to"": null, ""root_probability"": 0.5756539249937626}, {""kind"": ""raise"", ""name"": ""min"", ""raise_to"": 500, ""root_probability"": 0.0}, {""kind"": ""raise"", ""name"": ""pot"", ""raise_to"": 900, ""root_probability"": 0.42434607500623744}]","[-1.0, 0.75, 0.84375, 1.125]","[-1.0, -4.15625, -0.21875, -1.3125]",-2.949515849201012,231,0
B-2026093002-100000000,restricted,326,1,1,preflop,big_blind,01e64d5f066f6a52dc264899672d683ceb59d74cff7a3d4647df892940112c6c,3d 9h,,400,200,True,call,,-0.24061880288309673,-2.0369954403683486,1.555757834602155,61.116405718175365,128,0,32,32,"[{""kind"": ""fold"", ""name"": ""fold"", ""raise_to"": null, ""root_probability"": 0.5922924378660845}, {""kind"": ""call"", ""name"": ""call"", ""raise_to"": null, ""root_probability"": 0.40770756213391557}, {""kind"": ""raise"", ""name"": ""min"", ""raise_to"": 500, ""root_probability"": 0.0}, {""kind"": ""raise"", ""name"": ""pot"", ""raise_to"": 900, ""root_probability"": 0.0}]","[-1.0, -0.21875, -0.40625, -1.0]","[-1.0, -1.40625, -3.125, -1.5625]",-1.1656311971169033,250,0
B-2026093002-100000000,restricted,370,0,0,preflop,button,007f08b0f821a8d87eff300a5987ab8ec843f5e1380350d9f32eddbebcf2ccd4,3s 5h,,150,50,True,min,200,1.125,0.38810498078090416,1.8618950192190957,128.0,128,0,32,32,"[{""kind"": ""fold"", ""name"": ""fold"", ""raise_to"": null, ""root_probability"": 1.0}, {""kind"": ""call"", ""name"": ""call"", ""raise_to"": null, ""root_probability"": 0.0}, {""kind"": ""raise"", ""name"": ""min"", ""raise_to"": 200, ""root_probability"": 0.0}, {""kind"": ""raise"", ""name"": ""pot"", ""raise_to"": 300, ""root_probability"": 0.0}]","[-0.5, 0.40625, 1.15625, 1.09375]","[-0.5, -0.96875, 0.625, 0.90625]",-0.5,214,0
B-2026093002-100000000,restricted,94,0,0,preflop,button,00ca0544ad7e7e74624f7010a1b403ca9dda934cf09a7df331f7ba3ef0dd3321,As 9h,,150,50,True,min,200,-0.2864094027950485,-1.0631004288446746,0.49028162325457764,128.0,128,0,32,32,"[{""kind"": ""fold"", ""name"": ""fold"", ""raise_to"": null, ""root_probability"": 0.0}, {""kind"": ""call"", ""name"": ""call"", ""raise_to"": null, ""root_probability"": 0.23995511684403298}, {""kind"": ""raise"", ""name"": ""min"", ""raise_to"": 200, ""root_probability"": 0.1179356930305307}, {""kind"": ""raise"", ""name"": ""pot"", ""raise_to"": 300, ""root_probability"": 0.6421091901254362}]","[-0.5, -0.59375, 1.59375, 0.75]","[-0.5, 1.59375, 2.15625, 2.8125]",2.4426594027950483,218,1
B-2026093002-100000000,restricted,141,0,6,river,big_blind,04724c7a2f302f2517b046c780a421c6cb6fb4f0f45b77e757e85c2018a3bef8,5h 9h,Qd 2c 8s Td 3c,1000,0,True,pot,1000,7.78125,5.572492189119609,9.99000781088039,27.499420304998484,128,0,32,32,"[{""kind"": ""check"", ""name"": ""check"", ""raise_to"": null, ""root_probability"": 1.0}, {""kind"": ""raise"", ""name"": ""min"", ""raise_to"": 100, ""root_probability"": 0.0}, {""kind"": ""raise"", ""name"": ""pot"", ""raise_to"": 1000, ""root_probability"": 0.0}, {""kind"": ""raise"", ""name"": ""jam"", ""raise_to"": 1500, ""root_probability"": 0.0}]","[-4.78125, 0.53125, 5.0, 5.0]","[-4.65625, 0.1875, 3.125, 2.65625]",-4.65625,19,0
B-2026093002-100000000,restricted,30,1,6,river,big_blind,10a1ce23c228df528aa2d38918b7ac4819ec320b45f62658d69ed67b7388b57a,7c 8c,3h 6s 3c Ah 9d,800,0,True,min,100,4.6875,3.116116113290989,6.258883886709011,55.08670702176608,128,0,32,32,"[{""kind"": ""check"", ""name"": ""check"", ""raise_to"": null, ""root_probability"": 1.0}, {""kind"": ""raise"", ""name"": ""min"", ""raise_to"": 100, ""root_probability"": 0.0}, {""kind"": ""raise"", ""name"": ""pot"", ""raise_to"": 800, ""root_probability"": 0.0}, {""kind"": ""raise"", ""name"": ""jam"", ""raise_to"": 1600, ""root_probability"": 0.0}]","[-3.5625, -0.78125, -1.5, -4.25]","[-4.0625, 0.625, -2.0, -5.0]",-4.0625,54,0
B-2026093002-100000000,restricted,384,0,7,river,button,04d580d2a3f188908df7d5741f55d07d2be9cbc233f73aa164180efa9ad60e77,9h 7d,Td Ks Js 6d 5s,600,0,True,pot,600,2.8125,0.9103503571420184,4.714649642857982,42.72994208054503,128,0,32,32,"[{""kind"": ""check"", ""name"": ""check"", ""raise_to"": null, ""root_probability"": 1.0}, {""kind"": ""raise"", ""name"": ""min"", ""raise_to"": 100, ""root_probability"": 0.0}, {""kind"": ""raise"", ""name"": ""pot"", ""raise_to"": 600, ""root_probability"": 0.0}]","[-2.8125, -0.0625, 0.375]","[-2.8125, -0.28125, 0.0]",-2.8125,12,0
B-2026093002-100000000,restricted,379,1,8,river,button,0718e3202541b15bc996a240815c5a40679116586e256476e29bb68c7fb00eb5,Qd 6c,7h 7d Kd 8c 4d,800,0,True,min,100,3.0693110825025256,-0.09093261623991955,6.229554781244971,79.11159978698711,128,0,32,32,"[{""kind"": ""check"", ""name"": ""check"", ""raise_to"": null, ""root_probability"": 0.10189630583249151}, {""kind"": ""raise"", ""name"": ""min"", ""raise_to"": 100, ""root_probability"": 0.0}, {""kind"": ""raise"", ""name"": ""pot"", ""raise_to"": 800, ""root_probability"": 0.0}, {""kind"": ""raise"", ""name"": ""jam"", ""raise_to"": 1600, ""root_probability"": 0.8981036941675085}]","[-1.75, -0.78125, -3.5, -6.5]","[-2.0, -1.625, -3.0, -5.0]",-4.694311082502526,26,0
B-2026093002-100000000,restricted,145,0,5,turn,big_blind,0812a161c4b1b55fd20c9be096e76f13840eb513a5bdc2bb8b82056b4fb4c291,3d Kc,Kh Ac 6d 6h,1800,0,True,pot,1100,0.0449972747538456,-0.5304874367089593,0.6204819862166505,28.619193311795772,128,0,32,32,"[{""kind"": ""check"", ""name"": ""check"", ""raise_to"": null, ""root_probability"": 0.0}, {""kind"": ""raise"", ""name"": ""min"", ""raise_to"": 100, ""root_probability"": 0.35997819803076603}, {""kind"": ""raise"", ""name"": ""pot"", ""raise_to"": 1100, ""root_probability"": 0.640021801969234}]","[-11.78125, -11.375, -10.875]","[-8.40625, -8.28125, -8.15625]",-8.201247274753845,125,0
B-2026093002-100000000,restricted,47,0,5,turn,big_blind,0972cf1007aaf6a263101a881e3f6629d8fd1619ba94cc1977f1cdf34009e878,Th 9s,2d 9h 8d 5c,2400,0,True,pot,800,0.0,0.0,0.0,16.731196176397717,128,0,32,32,"[{""kind"": ""check"", ""name"": ""check"", ""raise_to"": null, ""root_probability"": 0.0}, {""kind"": ""raise"", ""name"": ""min"", ""raise_to"": 100, ""root_probability"": 0.0}, {""kind"": ""raise"", ""name"": ""pot"", ""raise_to"": 800, ""root_probability"": 1.0}]","[0.375, 0.09375, 2.5]","[-6.21875, -3.84375, -3.75]",-3.75,129,0
B-2026093002-100000000,restricted,379,1,5,turn,button,02ecc1a1d00dcad73660d414e41a45f8f736a388c4bf44a0c765b4595c8bbb42,Qd 6c,7h 7d Kd 8c,600,0,True,min,100,-0.3253650839254665,-1.195370722552677,0.5446405547017441,72.84507734497662,128,0,32,32,"[{""kind"": ""check"", ""name"": ""check"", ""raise_to"": null, ""root_probability"": 0.37184581020053337}, {""kind"": ""raise"", ""name"": ""min"", ""raise_to"": 100, ""root_probability"": 0.6281541897994667}, {""kind"": ""raise"", ""name"": ""pot"", ""raise_to"": 600, ""root_probability"": 0.0}]","[-2.125, -0.4375, -3.34375]","[-1.03125, -1.90625, -3.78125]",-1.5808849160745335,144,0
B-2026093002-100000000,restricted,10,0,5,turn,button,03085f162a8bc0dd4a0cba688c8c5d3be5c9aaf0d02d00893f6be6b92a5d6a58,Ah 2c,6d 7c 8c Js,1600,800,True,fold,,0.0,0.0,0.0,12.756230271760064,128,0,32,32,"[{""kind"": ""fold"", ""name"": ""fold"", ""raise_to"": null, ""root_probability"": 1.0}, {""kind"": ""call"", ""name"": ""call"", ""raise_to"": null, ""root_probability"": 0.0}, {""kind"": ""raise"", ""name"": ""min"", ""raise_to"": 1600, ""root_probability"": 0.0}]","[-4.0, -10.125, -16.75]","[-4.0, -5.4375, -12.5]",-4.0,64,0
B-2026093002-500000000,native,338,1,2,flop,big_blind,0078aa9748a1d2b9f8aa0bcd3c29657c37082bcc7cb8b3fc41edf4bc5d04e376,6h Jh,8s 9s Ah,500,0,True,min,100,3.1403125,0.5925147272753728,5.688110272724627,59.20812182741125,128,0,32,32,"[{""kind"": ""check"", ""name"": ""check"", ""raise_to"": null, ""root_probability"": 1.0}, {""kind"": ""raise"", ""name"": ""min"", ""raise_to"": 100, ""root_probability"": 0.0}, {""kind"": ""raise"", ""name"": ""pot"", ""raise_to"": 500, ""root_probability"": 0.0}, {""kind"": ""raise"", ""name"": ""one-third"", ""raise_to"": 167, ""root_probability"": 0}, {""kind"": ""raise"", ""name"": ""two-thirds"", ""raise_to"": 333, ""root_probability"": 0}]","[-3.4065625, -2.28125, -3.859375, -7.15, -4.561875]","[-3.88, -0.7396875, -0.390625, -2.4265625, -2.2115625]",-3.88,315,136
B-2026093002-500000000,native,412,1,4,flop,big_blind,030a0386c6c29aaf77413de3f20d735bce3300c130fabc1affdd35edde1d4af9,4s Jd,9h Ac 8c,833,333,True,fold,,0.0,0.0,0.0,29.422728088460524,128,0,32,32,"[{""kind"": ""fold"", ""name"": ""fold"", ""raise_to"": null, ""root_probability"": 1.0}, {""kind"": ""call"", ""name"": ""call"", ""raise_to"": null, ""root_probability"": 0.0}, {""kind"": ""raise"", ""name"": ""min"", ""raise_to"": 666, ""root_probability"": 0.0}, {""kind"": ""raise"", ""name"": ""pot"", ""raise_to"": 1499, ""root_probability"": 0.0}, {""kind"": ""raise"", ""name"": ""jam"", ""raise_to"": 1750, ""root_probability"": 0.0}, {""kind"": ""raise"", ""name"": ""one-third"", ""raise_to"": 722, ""root_probability"": 0}, {""kind"": ""raise"", ""name"": ""two-thirds"", ""raise_to"": 1110, ""root_probability"": 0}]","[-2.5, -7.4928125, -7.6940625, -10.4428125, -10.678125, -8.0265625, -8.313125]","[-2.5, -4.560625, -7.0053125000000005, -15.9396875, -16.77125, -7.4428125000000005, -11.610625]",-2.5,489,12
B-2026093002-500000000,native,333,1,3,flop,button,0087d16ee7a5285740413dca2756f5e33b2aa0c235d948cbc540dc85b7e3e839,6d Tc,Qc Jd Th,667,267,True,fold,,3.4719886180900823,-0.6369731272163226,7.580950363396488,37.488780394372554,128,0,32,32,"[{""kind"": ""fold"", ""name"": ""fold"", ""raise_to"": null, ""root_probability"": 0.0}, {""kind"": ""call"", ""name"": ""call"", ""raise_to"": null, ""root_probability"": 0.6117381185723808}, {""kind"": ""raise"", ""name"": ""min"", ""raise_to"": 534, ""root_probability"": 0.38826188142761925}, {""kind"": ""raise"", ""name"": ""pot"", ""raise_to"": 1201, ""root_probability"": 0.0}, {""kind"": ""raise"", ""name"": ""jam"", ""raise_to"": 1800, ""root_probability"": 0.0}, {""kind"": ""raise"", ""name"": ""one-third"", ""raise_to"": 578, ""root_probability"": 0}, {""kind"": ""raise"", ""name"": ""two-thirds"", ""raise_to"": 890, ""root_probability"": 0}]","[-2.0, -6.6465625, -8.85375, -8.915, -9.9778125, -8.458125, -8.36125]","[-2.0, -4.8865625, -6.394375, -5.1228125, -4.58125, -5.811875, -5.526875]",-5.471988618090083,237,82
B-2026093002-500000000,native,472,0,3,flop,button,01ce052acd310402e9c68d3b773147cadaf534ec358ae2e593fd75cd627400da,Js 5s,As 8d Qd,333,133,True,fold,,-0.7942699209786698,-1.6236935204344747,0.03515367847713513,66.54993951363764,128,0,32,32,"[{""kind"": ""fold"", ""name"": ""fold"", ""raise_to"": null, ""root_probability"": 0.5684048654896005}, {""kind"": ""call"", ""name"": ""call"", ""raise_to"": null, ""root_probability"": 0.0}, {""kind"": ""raise"", ""name"": ""min"", ""raise_to"": 266, ""root_probability"": 0.43159513451039966}, {""kind"": ""raise"", ""name"": ""pot"", ""raise_to"": 599, ""root_probability"": 0.0}, {""kind"": ""raise"", ""name"": ""one-third"", ""raise_to"": 288, ""root_probability"": 0}, {""kind"": ""raise"", ""name"": ""two-thirds"", ""raise_to"": 444, ""root_probability"": 0}]","[-1.0, -1.3365625, -1.9246875, -3.5790625, -1.6790625, -2.4334375]","[-1.0, 0.355, 0.8403125, -0.6665625, 0.794375, -1.64375]",-0.2057300790213303,313,25
B-2026093002-500000000,native,47,0,1,preflop,big_blind,01badcf3c1154ae22d6df9dc7f84221850f1c3606fbd07757559fc2db497ec4b,Th 9s,,350,150,True,pot,750,4.2509375,1.0383885431119522,7.463486456888048,53.48555187115113,128,0,32,32,"[{""kind"": ""fold"", ""name"": ""fold"", ""raise_to"": null, ""root_probability"": 0.0}, {""kind"": ""call"", ""name"": ""call"", ""raise_to"": null, ""root_probability"": 1.0}, {""kind"": ""raise"", ""name"": ""min"", ""raise_to"": 400, ""root_probability"": 0.0}, {""kind"": ""raise"", ""name"": ""pot"", ""raise_to"": 750, ""root_probability"": 0.0}]","[-1.0, 1.823125, 1.421875, 2.890625]","[-1.0, -0.6884375, 1.65625, 3.5625]",-0.6884375,165,68
B-2026093002-500000000,native,326,1,1,preflop,big_blind,01e64d5f066f6a52dc264899672d683ceb59d74cff7a3d4647df892940112c6c,3d 9h,,350,150,True,min,400,3.421875,2.025433490068157,4.818316509931843,56.346368715083734,128,0,32,32,"[{""kind"": ""fold"", ""name"": ""fold"", ""raise_to"": null, ""root_probability"": 1.0}, {""kind"": ""call"", ""name"": ""call"", ""raise_to"": null, ""root_probability"": 0.0}, {""kind"": ""raise"", ""name"": ""min"", ""raise_to"": 400, ""root_probability"": 0.0}, {""kind"": ""raise"", ""name"": ""pot"", ""raise_to"": 750, ""root_probability"": 0.0}]","[-1.0, -2.9640625, 0.426875, 0.234375]","[-1.0, 1.0728125, 2.421875, 2.46875]",-1.0,173,49
B-2026093002-500000000,native,370,0,0,preflop,button,007f08b0f821a8d87eff300a5987ab8ec843f5e1380350d9f32eddbebcf2ccd4,3s 5h,,150,50,True,pot,300,0.75,-0.9361087563892516,2.4361087563892516,128.0,128,0,32,32,"[{""kind"": ""fold"", ""name"": ""fold"", ""raise_to"": null, ""root_probability"": 1.0}, {""kind"": ""call"", ""name"": ""call"", ""raise_to"": null, ""root_probability"": 0.0}, {""kind"": ""raise"", ""name"": ""min"", ""raise_to"": 200, ""root_probability"": 0.0}, {""kind"": ""raise"", ""name"": ""pot"", ""raise_to"": 300, ""root_probability"": 0.0}, {""kind"": ""raise"", ""name"": ""open-2.5bb"", ""raise_to"": 250, ""root_probability"": 0}]","[-0.5, 0.1346875, 0.4271875, 1.1875, 0.6978125]","[-0.5, 0.3459375, 0.2715625, 0.25, 0.4421875]",-0.5,239,11
B-2026093002-500000000,native,94,0,0,preflop,button,00ca0544ad7e7e74624f7010a1b403ca9dda934cf09a7df331f7ba3ef0dd3321,As 9h,,150,50,True,pot,300,-0.6357751712562597,-1.8477603172676615,0.5762099747551422,128.0,128,0,32,32,"[{""kind"": ""fold"", ""name"": ""fold"", ""raise_to"": null, ""root_probability"": 0.0}, {""kind"": ""call"", ""name"": ""call"", ""raise_to"": null, ""root_probability"": 0.0}, {""kind"": ""raise"", ""name"": ""min"", ""raise_to"": 200, ""root_probability"": 0.43903335088908746}, {""kind"": ""raise"", ""name"": ""pot"", ""raise_to"": 300, ""root_probability"": 0.5609666491109127}, {""kind"": ""raise"", ""name"": ""open-2.5bb"", ""raise_to"": 250, ""root_probability"": 0}]","[-0.5, 0.436875, 2.0003125, 2.375, 1.0046875]","[-0.5, -0.3703125, 2.354375, 0.90625, 1.84875]",1.5420251712562598,275,14
B-2026093002-500000000,native,294,1,6,river,big_blind,05c21bb2465d9037c024f1b6318ce55cc15ba5ff8f65286c17a6a835510d7bd3,Ts 7c,Ks Kh Js 6c Kd,900,0,True,check,,3.756242397862001,-0.3580000227272291,7.8704848184512315,37.794228208127436,128,0,32,32,"[{""kind"": ""check"", ""name"": ""check"", ""raise_to"": null, ""root_probability"": 0.0}, {""kind"": ""raise"", ""name"": ""min"", ""raise_to"": 100, ""root_probability"": 0.0}, {""kind"": ""raise"", ""name"": ""pot"", ""raise_to"": 900, ""root_probability"": 0.3348724061201876}, {""kind"": ""raise"", ""name"": ""jam"", ""raise_to"": 1550, ""root_probability"": 0.6651275938798124}, {""kind"": ""raise"", ""name"": ""one-third"", ""raise_to"": 300, ""root_probability"": 0}, {""kind"": ""raise"", ""name"": ""two-thirds"", ""raise_to"": 600, ""root_probability"": 0}]","[-4.078125, -6.765625, -8.015625, -6.984375, -4.9375, -8.015625]","[-4.21875, -8.296875, -8.421875, -7.75, -5.734375, -8.140625]",-7.9749923978620005,80,20
B-2026093002-500000000,native,161,0,9,river,big_blind,0892f44e6b213a000569ce673d7aa7391d4c1a2654e416d29fee5de29093c259,2h Qc,5s 5h Qh Td 4d,500,100,True,min,200,1.9165625,-2.2256490252885484,6.058774025288548,35.53003220160605,128,0,32,32,"[{""kind"": ""fold"", ""name"": ""fold"", ""raise_to"": null, ""root_probability"": 0.0}, {""kind"": ""call"", ""name"": ""call"", ""raise_to"": null, ""root_probability"": 1.0}, {""kind"": ""raise"", ""name"": ""min"", ""raise_to"": 200, ""root_probability"": 0.0}, {""kind"": ""raise"", ""name"": ""pot"", ""raise_to"": 700, ""root_probability"": 0.0}, {""kind"": ""raise"", ""name"": ""one-third"", ""raise_to"": 300, ""root_probability"": 0}, {""kind"": ""raise"", ""name"": ""two-thirds"", ""raise_to"": 500, ""root_probability"": 0}]","[-2.0, 1.59375, 3.875, 0.0, 2.59375, 2.46875]","[-2.0, 1.40625, 3.3228125, -3.1875, 2.5940625, 1.6978125]",1.40625,75,86
B-2026093002-500000000,native,474,0,9,river,button,028c37514d6f30674f4a63cf7db5aef9d6b0af87a0904b3c1a5dd274e31a3a3b,5c Qc,2d As 4d Ad Ah,1110,444,True,call,,0.0,0.0,0.0,81.03423631288199,128,0,32,32,"[{""kind"": ""fold"", ""name"": ""fold"", ""raise_to"": null, ""root_probability"": 0.0}, {""kind"": ""call"", ""name"": ""call"", ""raise_to"": null, ""root_probability"": 1.0}, {""kind"": ""raise"", ""name"": ""min"", ""raise_to"": 988, ""root_probability"": 0.0}, {""kind"": ""raise"", ""name"": ""pot"", ""raise_to"": 1767, ""root_probability"": 0.0}, {""kind"": ""raise"", ""name"": ""one-third"", ""raise_to"": 1062, ""root_probability"": 0}, {""kind"": ""raise"", ""name"": ""two-thirds"", ""raise_to"": 1580, ""root_probability"": 0}]","[-3.33, 0.97125, -0.7984375000000005, -1.3937500000000003, -1.1915624999999999, -1.411875]","[-3.33, -2.91375, -6.523750000000001, -3.9971875000000003, -7.0325, -6.133125]",-2.91375,10,20
B-2026093002-500000000,native,107,1,8,river,button,039c4a54ddd09ea4fab4732851cf15ba336603c66b5f6a91e99a102dbf0c6937,Ah Td,5s 8s 8h Jc 4d,400,0,True,min,100,0.15625,-0.22254375231132684,0.5350437523113268,92.40301006253178,128,0,32,32,"[{""kind"": ""check"", ""name"": ""check"", ""raise_to"": null, ""root_probability"": 1.0}, {""kind"": ""raise"", ""name"": ""min"", ""raise_to"": 100, ""root_probability"": 0.0}, {""kind"": ""raise"", ""name"": ""pot"", ""raise_to"": 400, ""root_probability"": 0.0}, {""kind"": ""raise"", ""name"": ""one-third"", ""raise_to"": 133, ""root_probability"": 0}, {""kind"": ""raise"", ""name"": ""two-thirds"", ""raise_to"": 267, ""root_probability"": 0}]","[1.125, 1.21875, 0.75, 1.1671875, 0.9578125]","[1.375, 1.53125, 1.25, 1.5003125, 1.3746875]",1.375,32,0
B-2026093002-500000000,native,128,1,7,turn,big_blind,074282ec0052b68c490006c133ccac2fe7ca9008ac3f1240b88e7c16c21dc66d,Kc 5c,7c 4s 9c Ks,2583,1417,True,call,,0.0,0.0,0.0,3.8434885357641346,128,0,32,32,"[{""kind"": ""fold"", ""name"": ""fold"", ""raise_to"": null, ""root_probability"": 0.0}, {""kind"": ""call"", ""name"": ""call"", ""raise_to"": null, ""root_probability"": 1.0}]","[-5.83, 0.0]","[-5.83, -3.75]",-3.75,0,0
B-2026093002-500000000,native,464,1,4,turn,big_blind,079c79ac943ab4c9bb5b4b0d4d5538d1ca5b96437018bde6ae39a9f43e562d77,As 5d,3s Qs Qc 4c,700,0,True,pot,700,-1.0,-3.0100024943195876,1.0100024943195876,44.40762404717746,128,0,32,32,"[{""kind"": ""check"", ""name"": ""check"", ""raise_to"": null, ""root_probability"": 0.0}, {""kind"": ""raise"", ""name"": ""min"", ""raise_to"": 100, ""root_probability"": 1.0}, {""kind"": ""raise"", ""name"": ""pot"", ""raise_to"": 700, ""root_probability"": 0.0}, {""kind"": ""raise"", ""name"": ""one-third"", ""raise_to"": 233, ""root_probability"": 0}, {""kind"": ""raise"", ""name"": ""two-thirds"", ""raise_to"": 467, ""root_probability"": 0}]","[-1.9790625, 0.359375, 2.1875, 0.5528124999999999, 1.2390625]","[-0.5728125, -0.734375, -1.734375, -0.3484375, -1.2193749999999999]",-0.734375,202,16
B-2026093002-500000000,native,379,1,5,turn,button,02ecc1a1d00dcad73660d414e41a45f8f736a388c4bf44a0c765b4595c8bbb42,Qd 6c,7h 7d Kd 8c,466,0,True,check,,1.7586170594653041,0.3222539464238505,3.1949801725067575,73.3234566140896,128,0,32,32,"[{""kind"": ""check"", ""name"": ""check"", ""raise_to"": null, ""root_probability"": 0.0}, {""kind"": ""raise"", ""name"": ""min"", ""raise_to"": 100, ""root_probability"": 0.4868300124526622}, {""kind"": ""raise"", ""name"": ""pot"", ""raise_to"": 466, ""root_probability"": 0.5131699875473379}, {""kind"": ""raise"", ""name"": ""one-third"", ""raise_to"": 155, ""root_probability"": 0}, {""kind"": ""raise"", ""name"": ""two-thirds"", ""raise_to"": 311, ""root_probability"": 0}]","[-1.9734375000000002, -2.085, -4.684375, -2.2896875, -3.5640625000000004]","[-0.9228125, -2.04125, -3.2887500000000003, -2.3615625, -2.7384375000000003]",-2.6814295594653044,239,0
B-2026093002-500000000,native,474,0,5,turn,button,048d028b4615b30082373ce2ae0a63fcf623024ef6a595e4879a3c9c97969344,5c Qc,2d As 4d Ad,466,0,True,two-thirds,311,1.279375,-0.19708789570642482,2.7558378957064247,77.43376579211024,128,0,32,32,"[{""kind"": ""check"", ""name"": ""check"", ""raise_to"": null, ""root_probability"": 1.0}, {""kind"": ""raise"", ""name"": ""min"", ""raise_to"": 100, ""root_probability"": 0.0}, {""kind"": ""raise"", ""name"": ""pot"", ""raise_to"": 466, ""root_probability"": 0.0}, {""kind"": ""raise"", ""name"": ""one-third"", ""raise_to"": 155, ""root_probability"": 0}, {""kind"": ""raise"", ""name"": ""two-thirds"", ""raise_to"": 311, ""root_probability"": 0}]","[-1.735625, -1.1434374999999999, 0.29125, -0.7490625, 0.5818749999999999]","[-1.4503125000000001, -3.6671875, -0.6553125, -3.786875, -0.17093750000000008]",-1.4503125000000001,213,0
B-2026093002-500000000,restricted,338,1,2,flop,big_blind,0078aa9748a1d2b9f8aa0bcd3c29657c37082bcc7cb8b3fc41edf4bc5d04e376,6h Jh,8s 9s Ah,600,0,True,min,100,0.3806695879089794,-0.6648878880884896,1.4262270639064485,47.76749192680315,128,0,32,32,"[{""kind"": ""check"", ""name"": ""check"", ""raise_to"": null, ""root_probability"": 0.5075594505453057}, {""kind"": ""raise"", ""name"": ""min"", ""raise_to"": 100, ""root_probability"": 0.49244054945469423}, {""kind"": ""raise"", ""name"": ""pot"", ""raise_to"": 600, ""root_probability"": 0.0}]","[-2.84375, -2.4375, -5.4375]","[-2.875, -2.125, -5.0625]",-2.5056695879089794,232,0
B-2026093002-500000000,restricted,299,0,2,flop,big_blind,03286163edb0387c6b73ffcae1272d0abd8e6f7b98920350f565b8310e665629,Kd 2h,2s 3d Td,600,0,True,min,100,0.2953066734911022,-2.576722875072237,3.167336222054441,56.346368715083536,128,0,32,32,"[{""kind"": ""check"", ""name"": ""check"", ""raise_to"": null, ""root_probability"": 0.9449813551715268}, {""kind"": ""raise"", ""name"": ""min"", ""raise_to"": 100, ""root_probability"": 0.05501864482847322}, {""kind"": ""raise"", ""name"": ""pot"", ""raise_to"": 600, ""root_probability"": 0.0}]","[3.96875, 4.96875, -2.0]","[-3.03125, -2.71875, -2.59375]",-3.014056673491102,377,0
B-2026093002-500000000,restricted,333,1,3,flop,button,0087d16ee7a5285740413dca2756f5e33b2aa0c235d948cbc540dc85b7e3e839,6d Tc,Qc Jd Th,800,400,True,fold,,2.811723994063958,-2.401642854401599,8.025090842529515,31.14472835418044,128,0,32,32,"[{""kind"": ""fold"", ""name"": ""fold"", ""raise_to"": null, ""root_probability"": 0.0}, {""kind"": ""call"", ""name"": ""call"", ""raise_to"": null, ""root_probability"": 0.6117381185723808}, {""kind"": ""raise"", ""name"": ""min"", ""raise_to"": 800, ""root_probability"": 0.38826188142761925}, {""kind"": ""raise"", ""name"": ""pot"", ""raise_to"": 1600, ""root_probability"": 0.0}, {""kind"": ""raise"", ""name"": ""jam"", ""raise_to"": 1800, ""root_probability"": 0.0}]","[-2.0, -5.90625, -6.34375, -6.0625, -6.5]","[-2.0, -5.40625, -3.875, -2.65625, -1.875]",-4.811723994063958,198,0
B-2026093002-500000000,restricted,472,0,3,flop,button,01ce052acd310402e9c68d3b773147cadaf534ec358ae2e593fd75cd627400da,Js 5s,As 8d Qd,400,200,True,call,,0.5111963508828001,-1.1982199184701352,2.2206126202357357,72.50754555906298,128,0,32,32,"[{""kind"": ""fold"", ""name"": ""fold"", ""raise_to"": null, ""root_probability"": 0.5684048654896005}, {""kind"": ""call"", ""name"": ""call"", ""raise_to"": null, ""root_probability"": 0.0}, {""kind"": ""raise"", ""name"": ""min"", ""raise_to"": 400, ""root_probability"": 0.43159513451039966}, {""kind"": ""raise"", ""name"": ""pot"", ""raise_to"": 800, ""root_probability"": 0.0}]","[-1.0, 1.625, -0.5625, -1.40625]","[-1.0, -0.8125, -1.75, -4.90625]",-1.3236963508828001,213,0
B-2026093002-500000000,restricted,47,0,1,preflop,big_blind,01badcf3c1154ae22d6df9dc7f84221850f1c3606fbd07757559fc2db497ec4b,Th 9s,,400,200,True,min,500,3.375,-0.37825489412051416,7.128254894120515,63.979416143439984,128,0,32,32,"[{""kind"": ""fold"", ""name"": ""fold"", ""raise_to"": null, ""root_probability"": 0.0}, {""kind"": ""call"", ""name"": ""call"", ""raise_to"": null, ""root_probability"": 1.0}, {""kind"": ""raise"", ""name"": ""min"", ""raise_to"": 500, ""root_probability"": 0.0}, {""kind"": ""raise"", ""name"": ""pot"", ""raise_to"": 900, ""root_probability"": 0.0}]","[-1.0, -1.34375, 1.40625, -0.375]","[-1.0, -4.4375, -1.0625, 0.34375]",-4.4375,219,0
B-2026093002-500000000,restricted,326,1,1,preflop,big_blind,01e64d5f066f6a52dc264899672d683ceb59d74cff7a3d4647df892940112c6c,3d 9h,,400,200,True,call,,-3.6875,-5.975890956747072,-1.3991090432529276,61.116405718175365,128,0,32,32,"[{""kind"": ""fold"", ""name"": ""fold"", ""raise_to"": null, ""root_probability"": 1.0}, {""kind"": ""call"", ""name"": ""call"", ""raise_to"": null, ""root_probability"": 0.0}, {""kind"": ""raise"", ""name"": ""min"", ""raise_to"": 500, ""root_probability"": 0.0}, {""kind"": ""raise"", ""name"": ""pot"", ""raise_to"": 900, ""root_probability"": 0.0}]","[-1.0, 1.25, 1.03125, -0.96875]","[-1.0, -4.6875, 1.0625, -1.84375]",-1.0,243,0
B-2026093002-500000000,restricted,370,0,0,preflop,button,007f08b0f821a8d87eff300a5987ab8ec843f5e1380350d9f32eddbebcf2ccd4,3s 5h,,150,50,True,pot,300,-0.03125,-1.9974551864172816,1.9349551864172816,128.0,128,0,32,32,"[{""kind"": ""fold"", ""name"": ""fold"", ""raise_to"": null, ""root_probability"": 1.0}, {""kind"": ""call"", ""name"": ""call"", ""raise_to"": null, ""root_probability"": 0.0}, {""kind"": ""raise"", ""name"": ""min"", ""raise_to"": 200, ""root_probability"": 0.0}, {""kind"": ""raise"", ""name"": ""pot"", ""raise_to"": 300, ""root_probability"": 0.0}]","[-0.5, 0.46875, 1.3125, 1.34375]","[-0.5, 0.21875, 0.53125, -0.53125]",-0.5,215,0
B-2026093002-500000000,restricted,94,0,0,preflop,button,00ca0544ad7e7e74624f7010a1b403ca9dda934cf09a7df331f7ba3ef0dd3321,As 9h,,150,50,True,min,200,-0.0701208311388643,-0.9460775305622904,0.8058358682845619,128.0,128,0,32,32,"[{""kind"": ""fold"", ""name"": ""fold"", ""raise_to"": null, ""root_probability"": 0.0}, {""kind"": ""call"", ""name"": ""call"", ""raise_to"": null, ""root_probability"": 0.0}, {""kind"": ""raise"", ""name"": ""min"", ""raise_to"": 200, ""root_probability"": 0.43903335088908746}, {""kind"": ""raise"", ""name"": ""pot"", ""raise_to"": 300, ""root_probability"": 0.5609666491109127}]","[-0.5, -0.75, 1.28125, 0.9375]","[-0.5, 1.28125, 2.28125, 2.40625]",2.351370831138864,211,0
B-2026093002-500000000,restricted,294,1,8,river,big_blind,01996480e3651090a7ebf906791a60b537660a1cb66f3f251efa627a77d5ac17,Ts 7c,Ks Kh Js 6c Kd,2500,1500,True,fold,,13.75,11.976621787150215,15.523378212849785,36.98190541559685,128,0,32,32,"[{""kind"": ""fold"", ""name"": ""fold"", ""raise_to"": null, ""root_probability"": 0.0}, {""kind"": ""call"", ""name"": ""call"", ""raise_to"": null, ""root_probability"": 1.0}]","[-5.0, -18.75]","[-5.0, -18.75]",-18.75,0,0
B-2026093002-500000000,restricted,141,0,6,river,big_blind,04724c7a2f302f2517b046c780a421c6cb6fb4f0f45b77e757e85c2018a3bef8,5h 9h,Qd 2c 8s Td 3c,1000,0,True,pot,1000,0.0,0.0,0.0,27.499420304998484,128,0,32,32,"[{""kind"": ""check"", ""name"": ""check"", ""raise_to"": null, ""root_probability"": 0.0}, {""kind"": ""raise"", ""name"": ""min"", ""raise_to"": 100, ""root_probability"": 0.0}, {""kind"": ""raise"", ""name"": ""pot"", ""raise_to"": 1000, ""root_probability"": 1.0}, {""kind"": ""raise"", ""name"": ""jam"", ""raise_to"": 1500, ""root_probability"": 0.0}]","[-5.0, 0.53125, 5.0, 5.0]","[-5.0, 0.1875, 3.125, 2.65625]",3.125,19,0
B-2026093002-500000000,restricted,147,1,8,river,button,0118de12bfa7f7b06704fa0a56eb9e61305abac10b60e02db6ce5b5dd1488027,9d Jc,7s 8d Jd Qc 8c,2900,1100,True,call,,9.0,1.9064871486008599,16.09351285139914,30.07604527668096,128,0,32,32,"[{""kind"": ""fold"", ""name"": ""fold"", ""raise_to"": null, ""root_probability"": 1.0}, {""kind"": ""call"", ""name"": ""call"", ""raise_to"": null, ""root_probability"": 0.0}]","[-9.0, -6.25]","[-9.0, 0.0]",-9.0,0,0
B-2026093002-500000000,restricted,107,1,8,river,button,039c4a54ddd09ea4fab4732851cf15ba336603c66b5f6a91e99a102dbf0c6937,Ah Td,5s 8s 8h Jc 4d,400,0,True,pot,400,0.375,-0.5487467929848854,1.2987467929848853,91.92493936919686,128,0,32,32,"[{""kind"": ""check"", ""name"": ""check"", ""raise_to"": null, ""root_probability"": 1.0}, {""kind"": ""raise"", ""name"": ""min"", ""raise_to"": 100, ""root_probability"": 0.0}, {""kind"": ""raise"", ""name"": ""pot"", ""raise_to"": 400, ""root_probability"": 0.0}]","[0.625, 1.0625, 1.25]","[0.375, 0.75, 0.75]",0.375,14,0
B-2026093002-500000000,restricted,90,1,7,turn,big_blind,06b756d87854d1ef7b334eb07201fb8f9d7d50886c0ecd25840412d69a8e7c2e,Qs 9c,3s 2h 4s Kd,1400,0,True,min,100,0.0,0.0,0.0,20.36960250917313,128,0,32,32,"[{""kind"": ""check"", ""name"": ""check"", ""raise_to"": null, ""root_probability"": 0.0}, {""kind"": ""raise"", ""name"": ""min"", ""raise_to"": 100, ""root_probability"": 1.0}, {""kind"": ""raise"", ""name"": ""pot"", ""raise_to"": 1300, ""root_probability"": 0.0}]","[-3.0625, 0.25, -1.875]","[-0.90625, -0.4375, -3.125]",-0.4375,133,0
B-2026093002-500000000,restricted,464,1,4,turn,big_blind,079c79ac943ab4c9bb5b4b0d4d5538d1ca5b96437018bde6ae39a9f43e562d77,As 5d,3s Qs Qc 4c,800,0,True,min,100,0.0,0.0,0.0,43.1665626261853,128,0,32,32,"[{""kind"": ""check"", ""name"": ""check"", ""raise_to"": null, ""root_probability"": 0.0}, {""kind"": ""raise"", ""name"": ""min"", ""raise_to"": 100, ""root_probability"": 1.0}, {""kind"": ""raise"", ""name"": ""pot"", ""raise_to"": 800, ""root_probability"": 0.0}, {""kind"": ""raise"", ""name"": ""jam"", ""raise_to"": 1600, ""root_probability"": 0.0}]","[-3.1875, -1.78125, -3.28125, -3.0]","[-1.8125, -0.09375, 1.0, 0.75]",-0.09375,164,0
B-2026093002-500000000,restricted,379,1,5,turn,button,02ecc1a1d00dcad73660d414e41a45f8f736a388c4bf44a0c765b4595c8bbb42,Qd 6c,7h 7d Kd 8c,600,0,True,check,,1.134906211085431,-0.5015901519921131,2.771402574162975,72.84507734497662,128,0,32,32,"[{""kind"": ""check"", ""name"": ""check"", ""raise_to"": null, ""root_probability"": 0.0}, {""kind"": ""raise"", ""name"": ""min"", ""raise_to"": 100, ""root_probability"": 0.4868300124526622}, {""kind"": ""raise"", ""name"": ""pot"", ""raise_to"": 600, ""root_probability"": 0.5131699875473379}]","[-1.3125, -1.5625, -3.6875]","[-1.125, -0.65625, -3.78125]",-2.2599062110854313,141,0
B-2026093002-500000000,restricted,474,0,5,turn,button,048d028b4615b30082373ce2ae0a63fcf623024ef6a595e4879a3c9c97969344,5c Qc,2d As 4d Ad,600,0,True,pot,600,2.375,0.34424318669305665,4.405756813306944,79.96359904654872,128,0,32,32,"[{""kind"": ""check"", ""name"": ""check"", ""raise_to"": null, ""root_probability"": 1.0}, {""kind"": ""raise"", ""name"": ""min"", ""raise_to"": 100, ""root_probability"": 0.0}, {""kind"": ""raise"", ""name"": ""pot"", ""raise_to"": 600, ""root_probability"": 0.0}]","[-0.75, 0.59375, 1.5]","[-0.875, 0.28125, 1.5]",-0.875,114,0
B-2026093003-100000000,native,412,1,4,flop,big_blind,030a0386c6c29aaf77413de3f20d735bce3300c130fabc1affdd35edde1d4af9,4s Jd,9h Ac 8c,833,333,True,fold,,0.0,0.0,0.0,29.422728088460524,128,0,32,32,"[{""kind"": ""fold"", ""name"": ""fold"", ""raise_to"": null, ""root_probability"": 1.0}, {""kind"": ""call"", ""name"": ""call"", ""raise_to"": null, ""root_probability"": 0.0}, {""kind"": ""raise"", ""name"": ""min"", ""raise_to"": 666, ""root_probability"": 0.0}, {""kind"": ""raise"", ""name"": ""pot"", ""raise_to"": 1499, ""root_probability"": 0.0}, {""kind"": ""raise"", ""name"": ""jam"", ""raise_to"": 1750, ""root_probability"": 0.0}, {""kind"": ""raise"", ""name"": ""one-third"", ""raise_to"": 722, ""root_probability"": 0}, {""kind"": ""raise"", ""name"": ""two-thirds"", ""raise_to"": 1110, ""root_probability"": 0}]","[-2.5, -5.7634375, -6.0078125, -10.52125, -10.678125, -6.2353125, -8.238125]","[-2.5, -5.383125, -7.5853125, -16.143124999999998, -16.77125, -7.8653125, -9.566875]",-2.5,453,10
B-2026093003-100000000,native,299,0,2,flop,big_blind,03286163edb0387c6b73ffcae1272d0abd8e6f7b98920350f565b8310e665629,Kd 2h,2s 3d Td,500,0,True,min,100,-0.33609350275569494,-2.959301326400521,2.287114320889131,63.97941614343997,128,0,32,32,"[{""kind"": ""check"", ""name"": ""check"", ""raise_to"": null, ""root_probability"": 0.699739238007953}, {""kind"": ""raise"", ""name"": ""min"", ""raise_to"": 100, ""root_probability"": 0.30026076199204693}, {""kind"": ""raise"", ""name"": ""pot"", ""raise_to"": 500, ""root_probability"": 0.0}, {""kind"": ""raise"", ""name"": ""one-third"", ""raise_to"": 167, ""root_probability"": 0}, {""kind"": ""raise"", ""name"": ""two-thirds"", ""raise_to"": 333, ""root_probability"": 0}]","[-4.4009375, -1.5365625, -2.921875, -3.188125, -5.7425]","[-0.7334375, -1.21375, 1.53125, -3.36625, -4.736875]",-0.8776564972443051,358,120
B-2026093003-100000000,native,333,1,3,flop,button,0087d16ee7a5285740413dca2756f5e33b2aa0c235d948cbc540dc85b7e3e839,6d Tc,Qc Jd Th,333,133,True,fold,,3.730848951831693,0.4798135447935499,6.981884358869836,86.88292329938737,128,0,32,32,"[{""kind"": ""fold"", ""name"": ""fold"", ""raise_to"": null, ""root_probability"": 0.0}, {""kind"": ""call"", ""name"": ""call"", ""raise_to"": null, ""root_probability"": 0.7610347057478261}, {""kind"": ""raise"", ""name"": ""min"", ""raise_to"": 266, ""root_probability"": 0.2389652942521739}, {""kind"": ""raise"", ""name"": ""pot"", ""raise_to"": 599, ""root_probability"": 0.0}, {""kind"": ""raise"", ""name"": ""one-third"", ""raise_to"": 288, ""root_probability"": 0}, {""kind"": ""raise"", ""name"": ""two-thirds"", ""raise_to"": 444, ""root_probability"": 0}]","[-1.0, -2.28625, -4.3515625, -1.9278125, -4.32375, -1.76375]","[-1.0, -4.4159375, -5.73375, -5.7490625, -6.1646875, -4.295625]",-4.7308489518316925,395,48
B-2026093003-100000000,native,472,0,3,flop,button,01ce052acd310402e9c68d3b773147cadaf534ec358ae2e593fd75cd627400da,Js 5s,As 8d Qd,333,133,True,fold,,0.0,0.0,0.0,66.54993951363764,128,0,32,32,"[{""kind"": ""fold"", ""name"": ""fold"", ""raise_to"": null, ""root_probability"": 1.0}, {""kind"": ""call"", ""name"": ""call"", ""raise_to"": null, ""root_probability"": 0.0}, {""kind"": ""raise"", ""name"": ""min"", ""raise_to"": 266, ""root_probability"": 0.0}, {""kind"": ""raise"", ""name"": ""pot"", ""raise_to"": 599, ""root_probability"": 0.0}, {""kind"": ""raise"", ""name"": ""one-third"", ""raise_to"": 288, ""root_probability"": 0}, {""kind"": ""raise"", ""name"": ""two-thirds"", ""raise_to"": 444, ""root_probability"": 0}]","[-1.0, -1.8196875000000001, -3.4740625, -3.7353125, -3.203125, -1.9784375]","[-1.0, 0.2425, 0.10531250000000003, -0.6353125, -0.074375, -2.015]",-1.0,309,26
B-2026093003-100000000,native,47,0,1,preflop,big_blind,01badcf3c1154ae22d6df9dc7f84221850f1c3606fbd07757559fc2db497ec4b,Th 9s,,350,150,True,pot,750,3.7403125,0.41275319675585154,7.067871803244149,53.48555187115113,128,0,32,32,"[{""kind"": ""fold"", ""name"": ""fold"", ""raise_to"": null, ""root_probability"": 0.0}, {""kind"": ""call"", ""name"": ""call"", ""raise_to"": null, ""root_probability"": 1.0}, {""kind"": ""raise"", ""name"": ""min"", ""raise_to"": 400, ""root_probability"": 0.0}, {""kind"": ""raise"", ""name"": ""pot"", ""raise_to"": 750, ""root_probability"": 0.0}]","[-1.0, 2.2071875, 1.421875, 3.28125]","[-1.0, -0.9590624999999999, 1.625, 2.78125]",-0.9590624999999999,173,66
B-2026093003-100000000,native,326,1,1,preflop,big_blind,01e64d5f066f6a52dc264899672d683ceb59d74cff7a3d4647df892940112c6c,3d 9h,,350,150,True,pot,750,2.8718420072175834,1.542652954843681,4.201031059591486,56.346368715083734,128,0,32,32,"[{""kind"": ""fold"", ""name"": ""fold"", ""raise_to"": null, ""root_probability"": 0.7458629416562279}, {""kind"": ""call"", ""name"": ""call"", ""raise_to"": null, ""root_probability"": 0.1287064856950409}, {""kind"": ""raise"", ""name"": ""min"", ""raise_to"": 400, ""root_probability"": 0.12543057264873123}, {""kind"": ""raise"", ""name"": ""pot"", ""raise_to"": 750, ""root_probability"": 0.0}]","[-1.0, -2.7296875, -0.1875, 0.234375]","[-1.0, 0.5153125000000001, 2.453125, 2.5]",-0.3718420072175833,165,48
B-2026093003-100000000,native,370,0,0,preflop,button,007f08b0f821a8d87eff300a5987ab8ec843f5e1380350d9f32eddbebcf2ccd4,3s 5h,,150,50,True,min,200,1.09375,0.3055122097917786,1.8819877902082214,128.0,128,0,32,32,"[{""kind"": ""fold"", ""name"": ""fold"", ""raise_to"": null, ""root_probability"": 1.0}, {""kind"": ""call"", ""name"": ""call"", ""raise_to"": null, ""root_probability"": 0.0}, {""kind"": ""raise"", ""name"": ""min"", ""raise_to"": 200, ""root_probability"": 0.0}, {""kind"": ""raise"", ""name"": ""pot"", ""raise_to"": 300, ""root_probability"": 0.0}, {""kind"": ""raise"", ""name"": ""open-2.5bb"", ""raise_to"": 250, ""root_probability"": 0}]","[-0.5, -0.910625, -0.13874999999999998, -0.28125, -0.1509375]","[-0.5, -1.6040625, 0.59375, -0.0625, 0.338125]",-0.5,247,9
B-2026093003-100000000,native,94,0,0,preflop,button,00ca0544ad7e7e74624f7010a1b403ca9dda934cf09a7df331f7ba3ef0dd3321,As 9h,,150,50,True,min,200,-0.3852911988593999,-1.6397194332212415,0.8691370355024417,128.0,128,0,32,32,"[{""kind"": ""fold"", ""name"": ""fold"", ""raise_to"": null, ""root_probability"": 0.0}, {""kind"": ""call"", ""name"": ""call"", ""raise_to"": null, ""root_probability"": 0.26765562514929225}, {""kind"": ""raise"", ""name"": ""min"", ""raise_to"": 200, ""root_probability"": 0.43044823442464025}, {""kind"": ""raise"", ""name"": ""pot"", ""raise_to"": 300, ""root_probability"": 0.3018961404260675}, {""kind"": ""raise"", ""name"": ""open-2.5bb"", ""raise_to"": 250, ""root_probability"": 0}]","[-0.5, -0.27125, 2.010625, 1.5625, 0.8328125]","[-0.5, -0.10999999999999999, -0.2809375, 0.84375, 0.036250000000000004]",0.10435369885939992,264,20
B-2026093003-100000000,native,313,0,6,river,big_blind,066c2f15b75462166a09b39dd43a82da72f6ceb0d9d9d33bddd4049887e5cb2b,5s Qh,2s 3c 6s Th Kc,700,0,True,two-thirds,467,2.040625,0.25382441579070947,3.8274255842092906,43.41360904941443,128,0,32,32,"[{""kind"": ""check"", ""name"": ""check"", ""raise_to"": null, ""root_probability"": 0.0}, {""kind"": ""raise"", ""name"": ""min"", ""raise_to"": 100, ""root_probability"": 1.0}, {""kind"": ""raise"", ""name"": ""pot"", ""raise_to"": 700, ""root_probability"": 0.0}, {""kind"": ""raise"", ""name"": ""one-third"", ""raise_to"": 233, ""root_probability"": 0}, {""kind"": ""raise"", ""name"": ""two-thirds"", ""raise_to"": 467, ""root_probability"": 0}]","[-4.3009375, -2.53125, -0.4375, -1.2378125, 0.21781250000000002]","[-4.05125, -2.1875, 0.4375, -0.8734375000000001, -0.14687499999999998]",-2.1875,69,3
B-2026093003-100000000,native,128,1,7,river,big_blind,074282ec0052b68c490006c133ccac2fe7ca9008ac3f1240b88e7c16c21dc66d,Kc 5c,7c 4s 9c Ks 2c,3498,0,True,pot,251,0.7249848664750028,-0.22281745934392694,1.6727871922939326,24.717362196982208,128,0,32,32,"[{""kind"": ""check"", ""name"": ""check"", ""raise_to"": null, ""root_probability"": 0.0}, {""kind"": ""raise"", ""name"": ""min"", ""raise_to"": 100, ""root_probability"": 0.38879697883693715}, {""kind"": ""raise"", ""name"": ""pot"", ""raise_to"": 251, ""root_probability"": 0.6112030211630628}]","[15.899375, 17.178124999999998, 18.1225]","[15.930625, 14.929374999999999, 16.7940625]",16.069077633524998,20,11
B-2026093003-100000000,native,395,1,8,river,button,0036acbb81ce2d2e8c0e2cb15d9d19a4c9618b1d4cdaece4070e18850d254afe,4c Kh,Tc Ts 8d 3d Js,400,0,True,pot,400,0.875,0.05719251606363773,1.6928074839363623,91.43367500206558,128,0,32,32,"[{""kind"": ""check"", ""name"": ""check"", ""raise_to"": null, ""root_probability"": 1.0}, {""kind"": ""raise"", ""name"": ""min"", ""raise_to"": 100, ""root_probability"": 0.0}, {""kind"": ""raise"", ""name"": ""pot"", ""raise_to"": 400, ""root_probability"": 0.0}, {""kind"": ""raise"", ""name"": ""one-third"", ""raise_to"": 133, ""root_probability"": 0}, {""kind"": ""raise"", ""name"": ""two-thirds"", ""raise_to"": 267, ""root_probability"": 0}]","[0.125, 0.0, 0.75, -0.04125000000000001, 0.749375]","[0.375, 1.0, 1.25, 0.979375, 1.3746875]",0.375,12,0
B-2026093003-100000000,native,248,0,7,river,button,026487468c2b943589fec93d1577ebc0026a2df7c5565aa61405b3ac782eb5a1,Jd 3s,7h Qh Ah 7s 2h,200,0,True,two-thirds,133,-0.12375000000000003,-0.18227148102404295,-0.0652285189759571,79.1271831427335,128,0,32,32,"[{""kind"": ""check"", ""name"": ""check"", ""raise_to"": null, ""root_probability"": 0.0}, {""kind"": ""raise"", ""name"": ""min"", ""raise_to"": 100, ""root_probability"": 1.0}, {""kind"": ""raise"", ""name"": ""pot"", ""raise_to"": 200, ""root_probability"": 0.0}, {""kind"": ""raise"", ""name"": ""two-thirds"", ""raise_to"": 133, ""root_probability"": 0}]","[-0.1875, -0.125, -0.25, -0.04062500000000002]","[-0.03125, -0.125, -0.25, -0.24875000000000003]",-0.125,33,0
B-2026093003-100000000,native,249,0,6,turn,big_blind,0f6334a7d59ef566bbb1ee7eb06629649e21af93ea8515be96287013f73d0057,4s 5d,6h 7h 6s Ac,1167,467,True,fold,,0.0,0.0,0.0,40.09755418853101,128,0,32,32,"[{""kind"": ""fold"", ""name"": ""fold"", ""raise_to"": null, ""root_probability"": 1.0}, {""kind"": ""call"", ""name"": ""call"", ""raise_to"": null, ""root_probability"": 0.0}, {""kind"": ""raise"", ""name"": ""min"", ""raise_to"": 934, ""root_probability"": 0.0}, {""kind"": ""raise"", ""name"": ""pot"", ""raise_to"": 1650, ""root_probability"": 0.0}, {""kind"": ""raise"", ""name"": ""one-third"", ""raise_to"": 1012, ""root_probability"": 0}, {""kind"": ""raise"", ""name"": ""two-thirds"", ""raise_to"": 1556, ""root_probability"": 0}]","[-3.5, -3.7153125, -6.4325, -8.3271875, -7.2159375, -8.678749999999999]","[-3.5, -2.918125, -4.3175, -4.5771875, -5.591875, -7.9746875]",-3.5,162,92
B-2026093003-100000000,native,402,1,5,turn,big_blind,159ee6a0351ee50cd715bcbf255548f170789d28c628b6c115b63ad02a29b871,2d Ts,Jd Ac Ks Qd,1166,0,True,pot,1166,-0.20343750000000005,-0.44534363893745454,0.038468638937454475,28.99757898308581,128,0,32,32,"[{""kind"": ""check"", ""name"": ""check"", ""raise_to"": null, ""root_probability"": 1.0}, {""kind"": ""raise"", ""name"": ""min"", ""raise_to"": 100, ""root_probability"": 0.0}, {""kind"": ""raise"", ""name"": ""pot"", ""raise_to"": 1166, ""root_probability"": 0.0}, {""kind"": ""raise"", ""name"": ""jam"", ""raise_to"": 1417, ""root_probability"": 0.0}, {""kind"": ""raise"", ""name"": ""one-third"", ""raise_to"": 389, ""root_probability"": 0}, {""kind"": ""raise"", ""name"": ""two-thirds"", ""raise_to"": 777, ""root_probability"": 0}]","[6.735625, 3.125, 7.0665625, 6.1184375, 4.35375, 6.2859375]","[9.9209375, 7.3165625, 9.7175, 6.665, 8.6796875, 9.70125]",9.9209375,283,21
B-2026093003-100000000,native,66,0,5,turn,button,0443a702794b5e4406b814023d4803fe5f9bc8f74ff16253109c46daf8af5ef9,Jc 2d,Ah Ts Kd 8h,466,0,True,pot,466,0.3288841950658382,-0.3635593429970455,1.021327733128722,90.3124718883681,128,0,32,32,"[{""kind"": ""check"", ""name"": ""check"", ""raise_to"": null, ""root_probability"": 0.40548539285319024}, {""kind"": ""raise"", ""name"": ""min"", ""raise_to"": 100, ""root_probability"": 0.2907545814334525}, {""kind"": ""raise"", ""name"": ""pot"", ""raise_to"": 466, ""root_probability"": 0.3037600257133573}, {""kind"": ""raise"", ""name"": ""one-third"", ""raise_to"": 155, ""root_probability"": 0}, {""kind"": ""raise"", ""name"": ""two-thirds"", ""raise_to"": 311, ""root_probability"": 0}]","[-0.26749999999999996, -0.36249999999999993, 1.6018750000000002, 0.04468750000000002, 0.7825]","[0.235625, 0.9812500000000001, 1.0193750000000001, 1.02125, 0.38749999999999996]",0.6904908049341618,163,5
B-2026093003-100000000,native,474,0,5,turn,button,048d028b4615b30082373ce2ae0a63fcf623024ef6a595e4879a3c9c97969344,5c Qc,2d As 4d Ad,466,0,True,two-thirds,311,-0.38907657023863657,-1.3877992923246119,0.6096461518473386,77.43376579211024,128,0,32,32,"[{""kind"": ""check"", ""name"": ""check"", ""raise_to"": null, ""root_probability"": 0.13168162621495}, {""kind"": ""raise"", ""name"": ""min"", ""raise_to"": 100, ""root_probability"": 0.3706675127806774}, {""kind"": ""raise"", ""name"": ""pot"", ""raise_to"": 466, ""root_probability"": 0.4976508610043726}, {""kind"": ""raise"", ""name"": ""one-third"", ""raise_to"": 155, ""root_probability"": 0}, {""kind"": ""raise"", ""name"": ""two-thirds"", ""raise_to"": 311, ""root_probability"": 0}]","[-1.2640625, -0.34781249999999997, -0.08499999999999996, -0.033749999999999974, 0.011875000000000024]","[-0.75, -0.475625, -2.0934375, -0.24843749999999992, -1.7059375]",-1.3168609297613636,185,2
B-2026093003-100000000,restricted,412,1,4,flop,big_blind,030a0386c6c29aaf77413de3f20d735bce3300c130fabc1affdd35edde1d4af9,4s Jd,9h Ac 8c,1200,600,True,fold,,0.0,0.0,0.0,37.483561558527256,128,0,32,32,"[{""kind"": ""fold"", ""name"": ""fold"", ""raise_to"": null, ""root_probability"": 1.0}, {""kind"": ""call"", ""name"": ""call"", ""raise_to"": null, ""root_probability"": 0.0}, {""kind"": ""raise"", ""name"": ""min"", ""raise_to"": 1200, ""root_probability"": 0.0}, {""kind"": ""raise"", ""name"": ""pot"", ""raise_to"": 1700, ""root_probability"": 0.0}]","[-3.0, -3.75, -12.625, -14.21875]","[-3.0, -4.125, -12.6875, -11.5]",-3.0,219,0
B-2026093003-100000000,restricted,299,0,2,flop,big_blind,03286163edb0387c6b73ffcae1272d0abd8e6f7b98920350f565b8310e665629,Kd 2h,2s 3d Td,600,0,True,pot,600,-1.5377858697407782,-5.356473150926541,2.280901411444984,56.346368715083536,128,0,32,32,"[{""kind"": ""check"", ""name"": ""check"", ""raise_to"": null, ""root_probability"": 0.5167937198847904}, {""kind"": ""raise"", ""name"": ""min"", ""raise_to"": 100, ""root_probability"": 0.4832062801152097}, {""kind"": ""raise"", ""name"": ""pot"", ""raise_to"": 600, ""root_probability"": 0.0}]","[2.25, -1.53125, 2.59375]","[-1.84375, -4.09375, -4.46875]",-2.9309641302592215,307,0
B-2026093003-100000000,restricted,333,1,3,flop,button,0087d16ee7a5285740413dca2756f5e33b2aa0c235d948cbc540dc85b7e3e839,6d Tc,Qc Jd Th,400,200,True,fold,,0.3992571135796197,-2.9851616475645475,3.7836758747237873,86.50649813699505,128,0,32,32,"[{""kind"": ""fold"", ""name"": ""fold"", ""raise_to"": null, ""root_probability"": 0.0}, {""kind"": ""call"", ""name"": ""call"", ""raise_to"": null, ""root_probability"": 0.7610347057478261}, {""kind"": ""raise"", ""name"": ""min"", ""raise_to"": 400, ""root_probability"": 0.2389652942521739}, {""kind"": ""raise"", ""name"": ""pot"", ""raise_to"": 800, ""root_probability"": 0.0}]","[-1.0, -3.6875, -6.15625, -2.90625]","[-1.0, -2.09375, 0.8125, 1.15625]",-1.3992571135796197,220,1
B-2026093003-100000000,restricted,472,0,3,flop,button,01ce052acd310402e9c68d3b773147cadaf534ec358ae2e593fd75cd627400da,Js 5s,As 8d Qd,400,200,True,call,,0.0,-1.4851270519549122,1.4851270519549122,72.50754555906298,128,0,32,32,"[{""kind"": ""fold"", ""name"": ""fold"", ""raise_to"": null, ""root_probability"": 1.0}, {""kind"": ""call"", ""name"": ""call"", ""raise_to"": null, ""root_probability"": 0.0}, {""kind"": ""raise"", ""name"": ""min"", ""raise_to"": 400, ""root_probability"": 0.0}, {""kind"": ""raise"", ""name"": ""pot"", ""raise_to"": 800, ""root_probability"": 0.0}]","[-1.0, 1.5625, -0.9375, -1.40625]","[-1.0, -1.0, -1.71875, -3.96875]",-1.0,215,0
B-2026093003-100000000,restricted,47,0,1,preflop,big_blind,01badcf3c1154ae22d6df9dc7f84221850f1c3606fbd07757559fc2db497ec4b,Th 9s,,400,200,True,min,500,4.0,-0.1270591791187794,8.12705917911878,63.979416143439984,128,0,32,32,"[{""kind"": ""fold"", ""name"": ""fold"", ""raise_to"": null, ""root_probability"": 0.0}, {""kind"": ""call"", ""name"": ""call"", ""raise_to"": null, ""root_probability"": 1.0}, {""kind"": ""raise"", ""name"": ""min"", ""raise_to"": 500, ""root_probability"": 0.0}, {""kind"": ""raise"", ""name"": ""pot"", ""raise_to"": 900, ""root_probability"": 0.0}]","[-1.0, -2.40625, 0.25, 0.1875]","[-1.0, -4.65625, -0.65625, -0.03125]",-4.65625,226,0
B-2026093003-100000000,restricted,326,1,1,preflop,big_blind,01e64d5f066f6a52dc264899672d683ceb59d74cff7a3d4647df892940112c6c,3d 9h,,400,200,True,pot,900,-1.5,-5.588268249391968,2.5882682493919678,61.116405718175365,128,0,32,32,"[{""kind"": ""fold"", ""name"": ""fold"", ""raise_to"": null, ""root_probability"": 1.0}, {""kind"": ""call"", ""name"": ""call"", ""raise_to"": null, ""root_probability"": 0.0}, {""kind"": ""raise"", ""name"": ""min"", ""raise_to"": 500, ""root_probability"": 0.0}, {""kind"": ""raise"", ""name"": ""pot"", ""raise_to"": 900, ""root_probability"": 0.0}]","[-1.0, -2.34375, -0.46875, 0.8125]","[-1.0, -3.09375, 0.21875, -2.5]",-1.0,230,0
B-2026093003-100000000,restricted,370,0,0,preflop,button,007f08b0f821a8d87eff300a5987ab8ec843f5e1380350d9f32eddbebcf2ccd4,3s 5h,,150,50,True,min,200,1.4375,0.3658648944867502,2.50913510551325,128.0,128,0,32,32,"[{""kind"": ""fold"", ""name"": ""fold"", ""raise_to"": null, ""root_probability"": 1.0}, {""kind"": ""call"", ""name"": ""call"", ""raise_to"": null, ""root_probability"": 0.0}, {""kind"": ""raise"", ""name"": ""min"", ""raise_to"": 200, ""root_probability"": 0.0}, {""kind"": ""raise"", ""name"": ""pot"", ""raise_to"": 300, ""root_probability"": 0.0}]","[-0.5, 0.21875, 1.6875, 1.34375]","[-0.5, -0.375, 0.9375, -0.40625]",-0.5,197,1
B-2026093003-100000000,restricted,94,0,0,preflop,button,00ca0544ad7e7e74624f7010a1b403ca9dda934cf09a7df331f7ba3ef0dd3321,As 9h,,150,50,True,min,200,-0.009826035454871429,-0.8530343824049846,0.8333823114952419,128.0,128,0,32,32,"[{""kind"": ""fold"", ""name"": ""fold"", ""raise_to"": null, ""root_probability"": 0.0}, {""kind"": ""call"", ""name"": ""call"", ""raise_to"": null, ""root_probability"": 0.26765562514929225}, {""kind"": ""raise"", ""name"": ""min"", ""raise_to"": 200, ""root_probability"": 0.43044823442464025}, {""kind"": ""raise"", ""name"": ""pot"", ""raise_to"": 300, ""root_probability"": 0.3018961404260675}]","[-0.5, 0.5625, 1.875, 1.0625]","[-0.5, 1.25, 1.8125, 2.34375]",1.8223260354548714,211,0
B-2026093003-100000000,restricted,141,0,6,river,big_blind,04724c7a2f302f2517b046c780a421c6cb6fb4f0f45b77e757e85c2018a3bef8,5h 9h,Qd 2c 8s Td 3c,1000,0,True,pot,1000,2.757102658406553,0.6180098934000684,4.896195423413038,27.499420304998484,128,0,32,32,"[{""kind"": ""check"", ""name"": ""check"", ""raise_to"": null, ""root_probability"": 0.0}, {""kind"": ""raise"", ""name"": ""min"", ""raise_to"": 100, ""root_probability"": 0.9269276591013883}, {""kind"": ""raise"", ""name"": ""pot"", ""raise_to"": 1000, ""root_probability"": 0.0}, {""kind"": ""raise"", ""name"": ""jam"", ""raise_to"": 1500, ""root_probability"": 0.0730723408986117}]","[-5.0625, 0.53125, 5.0, 5.0]","[-5.0, 0.1875, 3.125, 2.65625]",0.36789734159344756,19,0
B-2026093003-100000000,restricted,128,1,7,river,big_blind,074282ec0052b68c490006c133ccac2fe7ca9008ac3f1240b88e7c16c21dc66d,Kc 5c,7c 4s 9c Ks 2c,2000,0,True,check,,1.25,0.03855205090018887,2.461447949099811,25.530391326690406,128,0,32,32,"[{""kind"": ""check"", ""name"": ""check"", ""raise_to"": null, ""root_probability"": 0.0}, {""kind"": ""raise"", ""name"": ""min"", ""raise_to"": 100, ""root_probability"": 0.0}, {""kind"": ""raise"", ""name"": ""pot"", ""raise_to"": 1000, ""root_probability"": 1.0}]","[13.46875, 11.71875, 13.125]","[14.375, 12.46875, 13.125]",13.125,36,0
B-2026093003-100000000,restricted,147,1,8,river,button,0118de12bfa7f7b06704fa0a56eb9e61305abac10b60e02db6ce5b5dd1488027,9d Jc,7s 8d Jd Qc 8c,2900,1100,True,call,,9.0,1.9064871486008599,16.09351285139914,30.07604527668096,128,0,32,32,"[{""kind"": ""fold"", ""name"": ""fold"", ""raise_to"": null, ""root_probability"": 1.0}, {""kind"": ""call"", ""name"": ""call"", ""raise_to"": null, ""root_probability"": 0.0}]","[-9.0, -6.25]","[-9.0, 0.0]",-9.0,0,0
B-2026093003-100000000,restricted,384,0,7,river,button,04d580d2a3f188908df7d5741f55d07d2be9cbc233f73aa164180efa9ad60e77,9h 7d,Td Ks Js 6d 5s,400,0,True,pot,400,0.0,0.0,0.0,96.54007604167012,128,0,32,32,"[{""kind"": ""check"", ""name"": ""check"", ""raise_to"": null, ""root_probability"": 0.0}, {""kind"": ""raise"", ""name"": ""min"", ""raise_to"": 100, ""root_probability"": 0.0}, {""kind"": ""raise"", ""name"": ""pot"", ""raise_to"": 400, ""root_probability"": 1.0}]","[-1.25, 0.125, 0.25]","[-0.875, 0.4375, 1.75]",1.75,8,0
B-2026093003-100000000,restricted,90,1,7,turn,big_blind,06b756d87854d1ef7b334eb07201fb8f9d7d50886c0ecd25840412d69a8e7c2e,Qs 9c,3s 2h 4s Kd,1400,0,True,pot,1300,1.40625,-3.084620974169658,5.897120974169658,20.36960250917313,128,0,32,32,"[{""kind"": ""check"", ""name"": ""check"", ""raise_to"": null, ""root_probability"": 1.0}, {""kind"": ""raise"", ""name"": ""min"", ""raise_to"": 100, ""root_probability"": 0.0}, {""kind"": ""raise"", ""name"": ""pot"", ""raise_to"": 1300, ""root_probability"": 0.0}]","[-6.71875, -2.5625, -1.875]","[-4.53125, -1.71875, -3.125]",-4.53125,148,0
B-2026093003-100000000,restricted,464,1,4,turn,big_blind,079c79ac943ab4c9bb5b4b0d4d5538d1ca5b96437018bde6ae39a9f43e562d77,As 5d,3s Qs Qc 4c,800,0,True,min,100,-0.05469902436118591,-0.5242672154380805,0.41486916671570867,43.1665626261853,128,0,32,32,"[{""kind"": ""check"", ""name"": ""check"", ""raise_to"": null, ""root_probability"": 0.29019456188842363}, {""kind"": ""raise"", ""name"": ""min"", ""raise_to"": 100, ""root_probability"": 0.6494478939888885}, {""kind"": ""raise"", ""name"": ""pot"", ""raise_to"": 800, ""root_probability"": 0.0}, {""kind"": ""raise"", ""name"": ""jam"", ""raise_to"": 1600, ""root_probability"": 0.06035754412268796}]","[-2.15625, -1.625, -3.0, -3.0]","[-0.15625, -0.15625, 0.0, 0.75]",-0.10155097563881407,169,0
B-2026093003-100000000,restricted,403,1,5,turn,button,036909f3baf0113e5c60577a69f31e3f23e3a68cf60a42e84883961fd5f08868,Th 6c,Kh Jh Js 5s,700,100,True,fold,,0.0,0.0,0.0,31.591534536376358,128,0,32,32,"[{""kind"": ""fold"", ""name"": ""fold"", ""raise_to"": null, ""root_probability"": 1.0}, {""kind"": ""call"", ""name"": ""call"", ""raise_to"": null, ""root_probability"": 0.0}, {""kind"": ""raise"", ""name"": ""min"", ""raise_to"": 200, ""root_probability"": 0.0}, {""kind"": ""raise"", ""name"": ""pot"", ""raise_to"": 900, ""root_probability"": 0.0}, {""kind"": ""raise"", ""name"": ""jam"", ""raise_to"": 1700, ""root_probability"": 0.0}]","[-3.0, -3.375, -4.09375, -5.03125, -8.0]","[-3.0, -5.0, -5.4375, -7.5625, -10.25]",-3.0,168,0
B-2026093003-100000000,restricted,66,0,5,turn,button,0443a702794b5e4406b814023d4803fe5f9bc8f74ff16253109c46daf8af5ef9,Jc 2d,Ah Ts Kd 8h,600,0,True,check,,-0.16639439299254616,-1.0164732459960049,0.6836844600109124,88.56739915127216,128,0,32,32,"[{""kind"": ""check"", ""name"": ""check"", ""raise_to"": null, ""root_probability"": 0.40548539285319024}, {""kind"": ""raise"", ""name"": ""min"", ""raise_to"": 100, ""root_probability"": 0.2907545814334525}, {""kind"": ""raise"", ""name"": ""pot"", ""raise_to"": 600, ""root_probability"": 0.3037600257133573}]","[1.90625, 0.4375, 1.6875]","[1.5, 1.84375, 1.71875]",1.6663943929925462,118,0
B-2026093003-500000000,native,338,1,2,flop,big_blind,0078aa9748a1d2b9f8aa0bcd3c29657c37082bcc7cb8b3fc41edf4bc5d04e376,6h Jh,8s 9s Ah,500,0,True,min,100,1.935086601584413,-0.11239163124130247,3.9825648344101285,59.20812182741125,128,0,32,32,"[{""kind"": ""check"", ""name"": ""check"", ""raise_to"": null, ""root_probability"": 0.7922565410785722}, {""kind"": ""raise"", ""name"": ""min"", ""raise_to"": 100, ""root_probability"": 0.20774345892142784}, {""kind"": ""raise"", ""name"": ""pot"", ""raise_to"": 500, ""root_probability"": 0.0}, {""kind"": ""raise"", ""name"": ""one-third"", ""raise_to"": 167, ""root_probability"": 0}, {""kind"": ""raise"", ""name"": ""two-thirds"", ""raise_to"": 333, ""root_probability"": 0}]","[-3.5109375, -2.166875, -3.859375, -7.473125, -4.5028125]","[-3.3384375, -0.8959375, -1.0625, -2.1346875, -2.2740625]",-2.8310241015844126,318,137
B-2026093003-500000000,native,79,0,4,flop,big_blind,014f248752876da05c933f60eaffc7e71dec3f87f406bf85346e8b3d3e3600d8,7h As,Ad 9h Ac,833,333,True,call,,0.3250000000000001,-2.870689079057611,3.5206890790576115,21.60271195791893,128,0,32,32,"[{""kind"": ""fold"", ""name"": ""fold"", ""raise_to"": null, ""root_probability"": 0.0}, {""kind"": ""call"", ""name"": ""call"", ""raise_to"": null, ""root_probability"": 0.0}, {""kind"": ""raise"", ""name"": ""min"", ""raise_to"": 666, ""root_probability"": 0.0}, {""kind"": ""raise"", ""name"": ""pot"", ""raise_to"": 1499, ""root_probability"": 0.0}, {""kind"": ""raise"", ""name"": ""jam"", ""raise_to"": 1750, ""root_probability"": 1.0}, {""kind"": ""raise"", ""name"": ""one-third"", ""raise_to"": 722, ""root_probability"": 0}, {""kind"": ""raise"", ""name"": ""two-thirds"", ""raise_to"": 1110, ""root_probability"": 0}]","[-2.5, 10.5459375, 8.45, 7.29, 7.29, 8.8771875, 8.3434375]","[-2.5, 9.2825, 8.63375, 9.7959375, 8.9575, 8.77375, 10.4225]",8.9575,379,8
B-2026093003-500000000,native,333,1,3,flop,button,0087d16ee7a5285740413dca2756f5e33b2aa0c235d948cbc540dc85b7e3e839,6d Tc,Qc Jd Th,667,267,True,fold,,3.5876933125620325,-0.6249293957782913,7.800316020902356,37.488780394372554,128,0,32,32,"[{""kind"": ""fold"", ""name"": ""fold"", ""raise_to"": null, ""root_probability"": 0.0}, {""kind"": ""call"", ""name"": ""call"", ""raise_to"": null, ""root_probability"": 0.5300899890163099}, {""kind"": ""raise"", ""name"": ""min"", ""raise_to"": 534, ""root_probability"": 0.30186187154222843}, {""kind"": ""raise"", ""name"": ""pot"", ""raise_to"": 1201, ""root_probability"": 0.16804813944146177}, {""kind"": ""raise"", ""name"": ""jam"", ""raise_to"": 1800, ""root_probability"": 0.0}, {""kind"": ""raise"", ""name"": ""one-third"", ""raise_to"": 578, ""root_probability"": 0}, {""kind"": ""raise"", ""name"": ""two-thirds"", ""raise_to"": 890, ""root_probability"": 0}]","[-2.0, -5.8165625, -8.42625, -8.603125, -9.9778125, -8.003125, -6.714375]","[-2.0, -4.668125, -5.99875, -7.75, -4.58125, -5.565625, -2.139375]",-5.587693312562033,251,100
B-2026093003-500000000,native,472,0,3,flop,button,01ce052acd310402e9c68d3b773147cadaf534ec358ae2e593fd75cd627400da,Js 5s,As 8d Qd,333,133,True,fold,,0.0,0.0,0.0,66.54993951363764,128,0,32,32,"[{""kind"": ""fold"", ""name"": ""fold"", ""raise_to"": null, ""root_probability"": 1.0}, {""kind"": ""call"", ""name"": ""call"", ""raise_to"": null, ""root_probability"": 0.0}, {""kind"": ""raise"", ""name"": ""min"", ""raise_to"": 266, ""root_probability"": 0.0}, {""kind"": ""raise"", ""name"": ""pot"", ""raise_to"": 599, ""root_probability"": 0.0}, {""kind"": ""raise"", ""name"": ""one-third"", ""raise_to"": 288, ""root_probability"": 0}, {""kind"": ""raise"", ""name"": ""two-thirds"", ""raise_to"": 444, ""root_probability"": 0}]","[-1.0, -1.354375, -1.6865625, -2.76875, -1.3928125, -1.7321875000000002]","[-1.0, -0.3271875, 1.6478125000000001, -0.6665625, 1.6521875000000001, -2.015]",-1.0,298,24
B-2026093003-500000000,native,47,0,1,preflop,big_blind,01badcf3c1154ae22d6df9dc7f84221850f1c3606fbd07757559fc2db497ec4b,Th 9s,,350,150,True,pot,750,1.9090236171793793,-0.11479791477813728,3.932845149136896,53.48555187115113,128,0,32,32,"[{""kind"": ""fold"", ""name"": ""fold"", ""raise_to"": null, ""root_probability"": 0.0}, {""kind"": ""call"", ""name"": ""call"", ""raise_to"": null, ""root_probability"": 0.5762883403255886}, {""kind"": ""raise"", ""name"": ""min"", ""raise_to"": 400, ""root_probability"": 0.07952148662417823}, {""kind"": ""raise"", ""name"": ""pot"", ""raise_to"": 750, ""root_probability"": 0.34419017305023314}]","[-1.0, 1.525625, 1.421875, 2.890625]","[-1.0, -1.0162499999999999, 1.65625, 2.21875]",0.30972638282062065,172,64
B-2026093003-500000000,native,326,1,1,preflop,big_blind,01e64d5f066f6a52dc264899672d683ceb59d74cff7a3d4647df892940112c6c,3d 9h,,350,150,True,pot,750,2.90625,1.5827842040934994,4.2297157959065,56.346368715083734,128,0,32,32,"[{""kind"": ""fold"", ""name"": ""fold"", ""raise_to"": null, ""root_probability"": 1.0}, {""kind"": ""call"", ""name"": ""call"", ""raise_to"": null, ""root_probability"": 0.0}, {""kind"": ""raise"", ""name"": ""min"", ""raise_to"": 400, ""root_probability"": 0.0}, {""kind"": ""raise"", ""name"": ""pot"", ""raise_to"": 750, ""root_probability"": 0.0}]","[-1.0, -4.6790625, -0.1875, 0.234375]","[-1.0, 0.41187500000000005, 2.453125, 1.90625]",-1.0,182,53
B-2026093003-500000000,native,370,0,0,preflop,button,007f08b0f821a8d87eff300a5987ab8ec843f5e1380350d9f32eddbebcf2ccd4,3s 5h,,150,50,True,pot,300,0.8125,-1.3006000120209613,2.9256000120209613,128.0,128,0,32,32,"[{""kind"": ""fold"", ""name"": ""fold"", ""raise_to"": null, ""root_probability"": 1.0}, {""kind"": ""call"", ""name"": ""call"", ""raise_to"": null, ""root_probability"": 0.0}, {""kind"": ""raise"", ""name"": ""min"", ""raise_to"": 200, ""root_probability"": 0.0}, {""kind"": ""raise"", ""name"": ""pot"", ""raise_to"": 300, ""root_probability"": 0.0}, {""kind"": ""raise"", ""name"": ""open-2.5bb"", ""raise_to"": 250, ""root_probability"": 0}]","[-0.5, 0.03343750000000004, 0.42375, 0.5, 0.2396875]","[-0.5, -0.8090625, 0.75, 0.3125, 0.369375]",-0.5,234,11
B-2026093003-500000000,native,94,0,0,preflop,button,00ca0544ad7e7e74624f7010a1b403ca9dda934cf09a7df331f7ba3ef0dd3321,As 9h,,150,50,True,pot,300,-0.7387100479945474,-2.9344025993459733,1.4569825033568782,128.0,128,0,32,32,"[{""kind"": ""fold"", ""name"": ""fold"", ""raise_to"": null, ""root_probability"": 0.0}, {""kind"": ""call"", ""name"": ""call"", ""raise_to"": null, ""root_probability"": 0.0}, {""kind"": ""raise"", ""name"": ""min"", ""raise_to"": 200, ""root_probability"": 0.5454250469733622}, {""kind"": ""raise"", ""name"": ""pot"", ""raise_to"": 300, ""root_probability"": 0.45457495302663775}, {""kind"": ""raise"", ""name"": ""open-2.5bb"", ""raise_to"": 250, ""root_probability"": 0}]","[-0.5, 0.22875, 1.5628125, 2.25, 0.994375]","[-0.5, -0.4746875, 0.823125, -0.53125, -0.3178125]",0.20746004799454745,260,15
B-2026093003-500000000,native,276,1,6,river,big_blind,023333b0be0a75a5a75b10a93792480a921b1d6ae39068d1173b2b573cfd9f42,4h 5h,Ks 5d 4d Tc 6c,2100,0,True,one-third,700,0.4063661569915068,-0.33618957501205937,1.148921888995073,30.95322919886124,128,0,32,32,"[{""kind"": ""check"", ""name"": ""check"", ""raise_to"": null, ""root_probability"": 0.0}, {""kind"": ""raise"", ""name"": ""min"", ""raise_to"": 100, ""root_probability"": 0.41549898534548474}, {""kind"": ""raise"", ""name"": ""pot"", ""raise_to"": 950, ""root_probability"": 0.5845010146545153}, {""kind"": ""raise"", ""name"": ""one-third"", ""raise_to"": 700, ""root_probability"": 0}]","[7.671875, 9.515625, 9.1875, 9.546875]","[7.40625, 6.203125, 7.21875, 7.203125]",6.796758843008493,3,29
B-2026093003-500000000,native,141,0,6,river,big_blind,04724c7a2f302f2517b046c780a421c6cb6fb4f0f45b77e757e85c2018a3bef8,5h 9h,Qd 2c 8s Td 3c,900,0,True,jam,1550,2.25,-0.630670823637804,5.130670823637804,30.63710678198692,128,0,32,32,"[{""kind"": ""check"", ""name"": ""check"", ""raise_to"": null, ""root_probability"": 0.0}, {""kind"": ""raise"", ""name"": ""min"", ""raise_to"": 100, ""root_probability"": 1.0}, {""kind"": ""raise"", ""name"": ""pot"", ""raise_to"": 900, ""root_probability"": 0.0}, {""kind"": ""raise"", ""name"": ""jam"", ""raise_to"": 1550, ""root_probability"": 0.0}, {""kind"": ""raise"", ""name"": ""one-third"", ""raise_to"": 300, ""root_probability"": 0}, {""kind"": ""raise"", ""name"": ""two-thirds"", ""raise_to"": 600, ""root_probability"": 0}]","[-4.21875, 0.4375, 2.8125, 3.734375, 1.875, 3.09375]","[-4.40625, -0.8125, 1.125, 1.4375, -0.390625, 0.28125]",-0.8125,25,4
B-2026093003-500000000,native,190,0,9,river,button,01bf70bc514e3a7eed8a51c236deffc3dc1adf63a170e317c8067538754239ce,7h 4d,6h Jd 8d 6d Kd,932,0,True,check,,1.62625,-0.8088386857356304,4.06133868573563,38.73598098199439,128,0,32,32,"[{""kind"": ""check"", ""name"": ""check"", ""raise_to"": null, ""root_probability"": 0.0}, {""kind"": ""raise"", ""name"": ""min"", ""raise_to"": 100, ""root_probability"": 0.0}, {""kind"": ""raise"", ""name"": ""pot"", ""raise_to"": 932, ""root_probability"": 0.0}, {""kind"": ""raise"", ""name"": ""jam"", ""raise_to"": 1534, ""root_probability"": 1.0}, {""kind"": ""raise"", ""name"": ""one-third"", ""raise_to"": 311, ""root_probability"": 0}, {""kind"": ""raise"", ""name"": ""two-thirds"", ""raise_to"": 621, ""root_probability"": 0}]","[2.0387500000000003, -1.160625, -0.4431249999999999, -0.8374999999999999, -0.928125, -0.7346874999999999]","[2.9125, 1.5056250000000002, 0.8918750000000001, 1.2862500000000001, 1.4743750000000002, 1.4743750000000002]",1.2862500000000001,40,0
B-2026093003-500000000,native,285,1,8,river,button,049cbd4dc97777bc76ce671fbe5228d6fbfc649c9feaab3f851db0a2bd93a2b7,Th Jd,Ac 8h 9s Td 7c,533,133,True,min,266,-0.1040625,-1.0734427276116798,0.8653177276116799,39.96381655640379,128,0,32,32,"[{""kind"": ""fold"", ""name"": ""fold"", ""raise_to"": null, ""root_probability"": 0.0}, {""kind"": ""call"", ""name"": ""call"", ""raise_to"": null, ""root_probability"": 0.0}, {""kind"": ""raise"", ""name"": ""min"", ""raise_to"": 266, ""root_probability"": 0.0}, {""kind"": ""raise"", ""name"": ""pot"", ""raise_to"": 799, ""root_probability"": 1.0}, {""kind"": ""raise"", ""name"": ""one-third"", ""raise_to"": 355, ""root_probability"": 0}, {""kind"": ""raise"", ""name"": ""two-thirds"", ""raise_to"": 577, ""root_probability"": 0}]","[-2.0, 2.9137500000000003, 4.93375, 4.2671875, 3.0184375, 2.63625]","[-2.0, 2.3934375, 3.8509375, 3.955, 1.595625, 1.52625]",3.955,33,33
B-2026093003-500000000,native,323,0,7,turn,big_blind,07e4b484f08a729b7774d26fc449ad48bb7f2a93fb3caeca4252bf41c6c0aa1f,6c Ac,7c 6s Js 4s,1100,0,True,one-third,367,5.1603125,1.2764014699714634,9.044223530028535,10.011931520635356,128,0,32,32,"[{""kind"": ""check"", ""name"": ""check"", ""raise_to"": null, ""root_probability"": 1.0}, {""kind"": ""raise"", ""name"": ""min"", ""raise_to"": 100, ""root_probability"": 0.0}, {""kind"": ""raise"", ""name"": ""pot"", ""raise_to"": 1100, ""root_probability"": 0.0}, {""kind"": ""raise"", ""name"": ""jam"", ""raise_to"": 1450, ""root_probability"": 0.0}, {""kind"": ""raise"", ""name"": ""one-third"", ""raise_to"": 367, ""root_probability"": 0}, {""kind"": ""raise"", ""name"": ""two-thirds"", ""raise_to"": 733, ""root_probability"": 0}]","[-10.541875, -4.7915625, -11.65625, -5.65625, -4.23, -8.336875]","[-8.765625, -3.4165625, -8.59375, -4.0625, -3.6053125, -6.4096875]",-8.765625,229,89
B-2026093003-500000000,native,145,0,5,turn,big_blind,0812a161c4b1b55fd20c9be096e76f13840eb513a5bdc2bb8b82056b4fb4c291,3d Kc,Kh Ac 6d 6h,1166,0,True,one-third,389,0.55375,-1.1307770388468048,2.238277038846805,33.718030624177004,128,0,32,32,"[{""kind"": ""check"", ""name"": ""check"", ""raise_to"": null, ""root_probability"": 0.0}, {""kind"": ""raise"", ""name"": ""min"", ""raise_to"": 100, ""root_probability"": 1.0}, {""kind"": ""raise"", ""name"": ""pot"", ""raise_to"": 1166, ""root_probability"": 0.0}, {""kind"": ""raise"", ""name"": ""jam"", ""raise_to"": 1417, ""root_probability"": 0.0}, {""kind"": ""raise"", ""name"": ""one-third"", ""raise_to"": 389, ""root_probability"": 0}, {""kind"": ""raise"", ""name"": ""two-thirds"", ""raise_to"": 777, ""root_probability"": 0}]","[-12.6746875, -12.6675, -12.1103125, -12.1103125, -11.98875, -12.1103125]","[-4.949375, -4.6528125, -4.220625, -4.220625, -4.0990625, -4.220625]",-4.6528125,238,0
B-2026093003-500000000,native,379,1,5,turn,button,02ecc1a1d00dcad73660d414e41a45f8f736a388c4bf44a0c765b4595c8bbb42,Qd 6c,7h 7d Kd 8c,466,0,True,one-third,155,1.3438444929021713,-0.025554518651006664,2.7132435044553493,73.3234566140896,128,0,32,32,"[{""kind"": ""check"", ""name"": ""check"", ""raise_to"": null, ""root_probability"": 0.47683073441204515}, {""kind"": ""raise"", ""name"": ""min"", ""raise_to"": 100, ""root_probability"": 0.3763686090846766}, {""kind"": ""raise"", ""name"": ""pot"", ""raise_to"": 466, ""root_probability"": 0.14680065650327828}, {""kind"": ""raise"", ""name"": ""one-third"", ""raise_to"": 155, ""root_probability"": 0}, {""kind"": ""raise"", ""name"": ""two-thirds"", ""raise_to"": 311, ""root_probability"": 0}]","[-5.5959375, -2.199375, -3.495, -2.1646875, -2.7690625000000004]","[-4.8184375, -1.7734375, -3.725625, -2.168125, -3.1934375000000004]",-3.511969492902171,241,0
B-2026093003-500000000,native,403,1,5,turn,button,036909f3baf0113e5c60577a69f31e3f23e3a68cf60a42e84883961fd5f08868,Th 6c,Kh Jh Js 5s,1000,400,True,fold,,0.0,0.0,0.0,15.81518522903825,128,0,32,32,"[{""kind"": ""fold"", ""name"": ""fold"", ""raise_to"": null, ""root_probability"": 1.0}, {""kind"": ""call"", ""name"": ""call"", ""raise_to"": null, ""root_probability"": 0.0}, {""kind"": ""raise"", ""name"": ""min"", ""raise_to"": 800, ""root_probability"": 0.0}, {""kind"": ""raise"", ""name"": ""pot"", ""raise_to"": 1700, ""root_probability"": 0.0}, {""kind"": ""raise"", ""name"": ""one-third"", ""raise_to"": 867, ""root_probability"": 0}, {""kind"": ""raise"", ""name"": ""two-thirds"", ""raise_to"": 1333, ""root_probability"": 0}]","[-3.0, -5.15625, -10.71875, -10.71875, -10.334999999999999, -8.842812499999999]","[-3.0, -6.520625, -12.3853125, -13.25, -12.82875, -11.300312499999999]",-3.0,136,96
B-2026093003-500000000,restricted,79,0,4,flop,big_blind,014f248752876da05c933f60eaffc7e71dec3f87f406bf85346e8b3d3e3600d8,7h As,Ad 9h Ac,1200,600,True,min,1200,1.2342799355093006,-1.2990228046717824,3.7675826756903836,29.197656553493598,128,0,32,32,"[{""kind"": ""fold"", ""name"": ""fold"", ""raise_to"": null, ""root_probability"": 0.0}, {""kind"": ""call"", ""name"": ""call"", ""raise_to"": null, ""root_probability"": 0.4587308453963667}, {""kind"": ""raise"", ""name"": ""min"", ""raise_to"": 1200, ""root_probability"": 0.08100146813359703}, {""kind"": ""raise"", ""name"": ""pot"", ""raise_to"": 1700, ""root_probability"": 0.46026768647003624}]","[-3.0, 7.9375, 10.0, 8.78125]","[-3.0, 9.15625, 10.90625, 9.96875]",9.671970064490699,216,2
B-2026093003-500000000,restricted,412,1,4,flop,big_blind,030a0386c6c29aaf77413de3f20d735bce3300c130fabc1affdd35edde1d4af9,4s Jd,9h Ac 8c,1200,600,True,call,,-1.71875,-6.284050936181338,2.8465509361813384,37.483561558527256,128,0,32,32,"[{""kind"": ""fold"", ""name"": ""fold"", ""raise_to"": null, ""root_probability"": 1.0}, {""kind"": ""call"", ""name"": ""call"", ""raise_to"": null, ""root_probability"": 0.0}, {""kind"": ""raise"", ""name"": ""min"", ""raise_to"": 1200, ""root_probability"": 0.0}, {""kind"": ""raise"", ""name"": ""pot"", ""raise_to"": 1700, ""root_probability"": 0.0}]","[-3.0, -1.78125, -12.5, -14.21875]","[-3.0, -4.71875, -10.90625, -11.5]",-3.0,215,0
B-2026093003-500000000,restricted,333,1,3,flop,button,0087d16ee7a5285740413dca2756f5e33b2aa0c235d948cbc540dc85b7e3e839,6d Tc,Qc Jd Th,800,400,True,fold,,2.1151537034736005,-2.842336708566333,7.072644115513534,31.14472835418044,128,0,32,32,"[{""kind"": ""fold"", ""name"": ""fold"", ""raise_to"": null, ""root_probability"": 0.0}, {""kind"": ""call"", ""name"": ""call"", ""raise_to"": null, ""root_probability"": 0.5300899890163099}, {""kind"": ""raise"", ""name"": ""min"", ""raise_to"": 800, ""root_probability"": 0.30186187154222843}, {""kind"": ""raise"", ""name"": ""pot"", ""raise_to"": 1600, ""root_probability"": 0.16804813944146177}, {""kind"": ""raise"", ""name"": ""jam"", ""raise_to"": 1800, ""root_probability"": 0.0}]","[-2.0, -7.28125, -9.1875, -6.0625, -6.5]","[-2.0, -4.75, -3.8125, -2.65625, -1.875]",-4.1151537034736005,220,0
B-2026093003-500000000,restricted,472,0,3,flop,button,01ce052acd310402e9c68d3b773147cadaf534ec358ae2e593fd75cd627400da,Js 5s,As 8d Qd,400,200,True,call,,-0.15625,-2.350484575270761,2.037984575270761,72.50754555906298,128,0,32,32,"[{""kind"": ""fold"", ""name"": ""fold"", ""raise_to"": null, ""root_probability"": 1.0}, {""kind"": ""call"", ""name"": ""call"", ""raise_to"": null, ""root_probability"": 0.0}, {""kind"": ""raise"", ""name"": ""min"", ""raise_to"": 400, ""root_probability"": 0.0}, {""kind"": ""raise"", ""name"": ""pot"", ""raise_to"": 800, ""root_probability"": 0.0}]","[-1.0, 1.625, -0.90625, -1.71875]","[-1.0, -1.15625, -1.75, -2.5625]",-1.0,203,0
B-2026093003-500000000,restricted,47,0,1,preflop,big_blind,01badcf3c1154ae22d6df9dc7f84221850f1c3606fbd07757559fc2db497ec4b,Th 9s,,400,200,True,pot,900,3.5625,-1.3681611873517037,8.493161187351703,63.979416143439984,128,0,32,32,"[{""kind"": ""fold"", ""name"": ""fold"", ""raise_to"": null, ""root_probability"": 0.0}, {""kind"": ""call"", ""name"": ""call"", ""raise_to"": null, ""root_probability"": 1.0}, {""kind"": ""raise"", ""name"": ""min"", ""raise_to"": 500, ""root_probability"": 0.0}, {""kind"": ""raise"", ""name"": ""pot"", ""raise_to"": 900, ""root_probability"": 0.0}]","[-1.0, -1.40625, 1.03125, 1.09375]","[-1.0, -5.1875, -0.90625, -1.625]",-5.1875,217,0
B-2026093003-500000000,restricted,326,1,1,preflop,big_blind,01e64d5f066f6a52dc264899672d683ceb59d74cff7a3d4647df892940112c6c,3d 9h,,400,200,True,min,500,0.46875,-1.524986443214676,2.462486443214676,61.116405718175365,128,0,32,32,"[{""kind"": ""fold"", ""name"": ""fold"", ""raise_to"": null, ""root_probability"": 1.0}, {""kind"": ""call"", ""name"": ""call"", ""raise_to"": null, ""root_probability"": 0.0}, {""kind"": ""raise"", ""name"": ""min"", ""raise_to"": 500, ""root_probability"": 0.0}, {""kind"": ""raise"", ""name"": ""pot"", ""raise_to"": 900, ""root_probability"": 0.0}]","[-1.0, -0.09375, 1.21875, 0.375]","[-1.0, -3.78125, -0.53125, 0.21875]",-1.0,242,0
B-2026093003-500000000,restricted,370,0,0,preflop,button,007f08b0f821a8d87eff300a5987ab8ec843f5e1380350d9f32eddbebcf2ccd4,3s 5h,,150,50,True,pot,300,1.65625,0.3705507956839056,2.9419492043160944,128.0,128,0,32,32,"[{""kind"": ""fold"", ""name"": ""fold"", ""raise_to"": null, ""root_probability"": 1.0}, {""kind"": ""call"", ""name"": ""call"", ""raise_to"": null, ""root_probability"": 0.0}, {""kind"": ""raise"", ""name"": ""min"", ""raise_to"": 200, ""root_probability"": 0.0}, {""kind"": ""raise"", ""name"": ""pot"", ""raise_to"": 300, ""root_probability"": 0.0}]","[-0.5, -0.09375, 0.5, 0.59375]","[-0.5, -0.03125, 0.65625, 1.15625]",-0.5,197,0
B-2026093003-500000000,restricted,94,0,0,preflop,button,00ca0544ad7e7e74624f7010a1b403ca9dda934cf09a7df331f7ba3ef0dd3321,As 9h,,150,50,True,pot,300,0.988582897639219,0.15064507382014503,1.826520721458293,128.0,128,0,32,32,"[{""kind"": ""fold"", ""name"": ""fold"", ""raise_to"": null, ""root_probability"": 0.0}, {""kind"": ""call"", ""name"": ""call"", ""raise_to"": null, ""root_probability"": 0.0}, {""kind"": ""raise"", ""name"": ""min"", ""raise_to"": 200, ""root_probability"": 0.5454250469733622}, {""kind"": ""raise"", ""name"": ""pot"", ""raise_to"": 300, ""root_probability"": 0.45457495302663775}]","[-0.5, 0.65625, 1.375, 1.96875]","[-0.5, -0.46875, 1.75, 3.5625]",2.573917102360781,204,0
B-2026093003-500000000,restricted,294,1,8,river,big_blind,01996480e3651090a7ebf906791a60b537660a1cb66f3f251efa627a77d5ac17,Ts 7c,Ks Kh Js 6c Kd,3500,500,True,fold,,3.75,1.976621787150215,5.523378212849785,36.99374456755493,128,0,32,32,"[{""kind"": ""fold"", ""name"": ""fold"", ""raise_to"": null, ""root_probability"": 0.0}, {""kind"": ""call"", ""name"": ""call"", ""raise_to"": null, ""root_probability"": 1.0}]","[-15.0, -18.75]","[-15.0, -18.75]",-18.75,0,0
B-2026093003-500000000,restricted,294,1,6,river,big_blind,05c21bb2465d9037c024f1b6318ce55cc15ba5ff8f65286c17a6a835510d7bd3,Ts 7c,Ks Kh Js 6c Kd,1000,0,True,min,100,2.3267857766891207,0.5094934303691065,4.144078123009135,42.034383581173245,128,0,32,32,"[{""kind"": ""check"", ""name"": ""check"", ""raise_to"": null, ""root_probability"": 0.0}, {""kind"": ""raise"", ""name"": ""min"", ""raise_to"": 100, ""root_probability"": 0.4565171908463367}, {""kind"": ""raise"", ""name"": ""pot"", ""raise_to"": 1000, ""root_probability"": 0.5434828091536633}, {""kind"": ""raise"", ""name"": ""jam"", ""raise_to"": 1500, ""root_probability"": 0.0}]","[-5.0, -3.59375, -8.28125, -8.28125]","[-5.0, -3.6875, -7.96875, -8.28125]",-6.014285776689121,72,0
B-2026093003-500000000,restricted,384,0,7,river,button,04d580d2a3f188908df7d5741f55d07d2be9cbc233f73aa164180efa9ad60e77,9h 7d,Td Ks Js 6d 5s,600,0,True,pot,600,1.0664103221824894,0.34517582850089346,1.7876448158640854,42.72994208054503,128,0,32,32,"[{""kind"": ""check"", ""name"": ""check"", ""raise_to"": null, ""root_probability"": 0.37916811455377414}, {""kind"": ""raise"", ""name"": ""min"", ""raise_to"": 100, ""root_probability"": 0.0}, {""kind"": ""raise"", ""name"": ""pot"", ""raise_to"": 600, ""root_probability"": 0.6208318854462258}]","[-2.8125, -0.0625, 0.375]","[-2.8125, -0.28125, 0.0]",-1.0664103221824897,12,0
B-2026093003-500000000,restricted,379,1,8,river,button,0718e3202541b15bc996a240815c5a40679116586e256476e29bb68c7fb00eb5,Qd 6c,7h 7d Kd 8c 4d,800,0,True,min,100,0.493751403053475,-0.14493435942347188,1.1324371655304217,79.11159978698711,128,0,32,32,"[{""kind"": ""check"", ""name"": ""check"", ""raise_to"": null, ""root_probability"": 0.4420210936551463}, {""kind"": ""raise"", ""name"": ""min"", ""raise_to"": 100, ""root_probability"": 0.31943818421191145}, {""kind"": ""raise"", ""name"": ""pot"", ""raise_to"": 800, ""root_probability"": 0.23854072213294217}, {""kind"": ""raise"", ""name"": ""jam"", ""raise_to"": 1600, ""root_probability"": 0.0}]","[-1.75, -0.78125, -3.5, -6.5]","[-2.0, -1.625, -3.0, -5.0]",-2.118751403053475,26,0
B-2026093003-500000000,restricted,90,1,7,turn,big_blind,06b756d87854d1ef7b334eb07201fb8f9d7d50886c0ecd25840412d69a8e7c2e,Qs 9c,3s 2h 4s Kd,2000,1000,True,call,,7.15625,1.0492961207601699,13.26320387923983,19.54890474815826,128,0,32,32,"[{""kind"": ""fold"", ""name"": ""fold"", ""raise_to"": null, ""root_probability"": 1.0}, {""kind"": ""call"", ""name"": ""call"", ""raise_to"": null, ""root_probability"": 0.0}, {""kind"": ""raise"", ""name"": ""min"", ""raise_to"": 1500, ""root_probability"": 0.0}]","[-5.0, -2.3125, -11.40625]","[-5.0, 2.15625, -6.40625]",-5.0,77,0
B-2026093003-500000000,restricted,464,1,4,turn,big_blind,079c79ac943ab4c9bb5b4b0d4d5538d1ca5b96437018bde6ae39a9f43e562d77,As 5d,3s Qs Qc 4c,800,0,True,check,,-0.2959289504728654,-0.9124924068010908,0.32063450585536,43.1665626261853,128,0,32,32,"[{""kind"": ""check"", ""name"": ""check"", ""raise_to"": null, ""root_probability"": 0.6843424528289436}, {""kind"": ""raise"", ""name"": ""min"", ""raise_to"": 100, ""root_probability"": 0.31565754717105643}, {""kind"": ""raise"", ""name"": ""pot"", ""raise_to"": 800, ""root_probability"": 0.0}, {""kind"": ""raise"", ""name"": ""jam"", ""raise_to"": 1600, ""root_probability"": 0.0}]","[-1.75, -1.8125, -3.25, -3.0]","[-1.0625, -0.125, 0.25, 0.75]",-0.7665710495271346,169,0
B-2026093003-500000000,restricted,379,1,5,turn,button,02ecc1a1d00dcad73660d414e41a45f8f736a388c4bf44a0c765b4595c8bbb42,Qd 6c,7h 7d Kd 8c,600,0,True,check,,-0.28378802723515134,-0.896387197748129,0.3288111432778263,72.84507734497662,128,0,32,32,"[{""kind"": ""check"", ""name"": ""check"", ""raise_to"": null, ""root_probability"": 0.47683073441204515}, {""kind"": ""raise"", ""name"": ""min"", ""raise_to"": 100, ""root_probability"": 0.3763686090846766}, {""kind"": ""raise"", ""name"": ""pot"", ""raise_to"": 600, ""root_probability"": 0.14680065650327828}]","[-0.5625, -0.6875, -3.0]","[-1.59375, -0.4375, -2.625]",-1.3099619727648486,141,0
B-2026093003-500000000,restricted,66,0,5,turn,button,0443a702794b5e4406b814023d4803fe5f9bc8f74ff16253109c46daf8af5ef9,Jc 2d,Ah Ts Kd 8h,600,0,True,pot,600,0.4061412003970266,-0.8003130685941011,1.6125954693881543,88.56739915127216,128,0,32,32,"[{""kind"": ""check"", ""name"": ""check"", ""raise_to"": null, ""root_probability"": 0.2231898732793333}, {""kind"": ""raise"", ""name"": ""min"", ""raise_to"": 100, ""root_probability"": 0.4875840037142983}, {""kind"": ""raise"", ""name"": ""pot"", ""raise_to"": 600, ""root_probability"": 0.28922612300636846}]","[0.15625, 0.9375, 1.09375]","[-1.46875, 1.84375, 1.375]",0.9688587996029734,119,0
