benchmarkId,handId,handOrdinal,decisionOrdinal,street,browserDecisionOrdinal,attemptCount,attemptRecords,humanVisibleCards,visibleBoard,restrictedMenu,legalButtonLabels,attemptedButtonLabel,acceptedKind,acceptedRaiseTo,attemptedAtMs,attemptMatchesAccepted,reportedMenuContainsAttempt,observationRecorded,observedAtMs,lastRenderedAtMs,observedDecisionMs,uiConfirmationMs,visibleError,toolRetry,parentIntervention
bRdqiv-O7i7BOclSO4x5aj9I,txloGtFj6O5lGjMM4cfnaHX6,1,1,preflop,2,1,"[{""type"": ""luna_attempt"", ""hand"": 1, ""decision"": 2, ""street"": ""pre-flop"", ""legalButtonLabels"": [""Fold"", ""Call 0.50 BB"", ""Min · 2 BB"", ""Pot · 3 BB""], ""attemptedButtonLabel"": ""Call 0.50 BB"", ""attemptedAtMs"": 1790784792976, ""handOrdinal"": 1, ""decisionOrdinal"": 2, ""lastRenderedAtMs"": 1790784786934}]","[""7s"", ""5h""]",[],"[{""name"": ""fold"", ""kind"": ""fold"", ""raiseTo"": null}, {""name"": ""call"", ""kind"": ""call"", ""raiseTo"": null}, {""name"": ""min"", ""kind"": ""raise"", ""raiseTo"": 200}, {""name"": ""pot"", ""kind"": ""raise"", ""raiseTo"": 300}]","[""Fold"", ""Call 0.50 BB"", ""Min · 2 BB"", ""Pot · 3 BB""]",Call 0.50 BB,call,,1790784792976,True,True,True,1790784793260,1790784786934,6042,284,,False,False
bRdqiv-O7i7BOclSO4x5aj9I,txloGtFj6O5lGjMM4cfnaHX6,1,2,preflop,3,1,"[{""type"": ""luna_attempt"", ""hand"": 1, ""decision"": 3, ""street"": ""pre-flop"", ""legalButtonLabels"": [""Fold"", ""Call 2 BB"", ""Min · 5 BB"", ""Pot · 9 BB""], ""attemptedButtonLabel"": ""Fold"", ""attemptedAtMs"": 1790784799817, ""handOrdinal"": 1, ""decisionOrdinal"": 3, ""lastRenderedAtMs"": 1790784793339}]","[""7s"", ""5h""]",[],"[{""name"": ""fold"", ""kind"": ""fold"", ""raiseTo"": null}, {""name"": ""call"", ""kind"": ""call"", ""raiseTo"": null}, {""name"": ""min"", ""kind"": ""raise"", ""raiseTo"": 500}, {""name"": ""pot"", ""kind"": ""raise"", ""raiseTo"": 900}]","[""Fold"", ""Call 2 BB"", ""Min · 5 BB"", ""Pot · 9 BB""]",Fold,fold,,1790784799817,True,True,True,1790784800044,1790784793339,6478,227,,False,False
bRdqiv-O7i7BOclSO4x5aj9I,rKr9Yd7C4IVStBr7laVMqHBN,2,1,preflop,2,1,"[{""type"": ""luna_attempt"", ""hand"": 2, ""decision"": 2, ""street"": ""pre-flop"", ""legalButtonLabels"": [""Fold"", ""Call 1 BB"", ""Min · 3 BB"", ""Pot · 6 BB""], ""attemptedButtonLabel"": ""Min · 3 BB"", ""attemptedAtMs"": 1790784812789, ""handOrdinal"": 2, ""decisionOrdinal"": 2, ""lastRenderedAtMs"": 1790784807251}]","[""7c"", ""7h""]",[],"[{""name"": ""fold"", ""kind"": ""fold"", ""raiseTo"": null}, {""name"": ""call"", ""kind"": ""call"", ""raiseTo"": null}, {""name"": ""min"", ""kind"": ""raise"", ""raiseTo"": 300}, {""name"": ""pot"", ""kind"": ""raise"", ""raiseTo"": 600}]","[""Fold"", ""Call 1 BB"", ""Min · 3 BB"", ""Pot · 6 BB""]",Min · 3 BB,raise,300,1790784812789,True,True,True,1790784813036,1790784807251,5538,247,,False,False
bRdqiv-O7i7BOclSO4x5aj9I,rKr9Yd7C4IVStBr7laVMqHBN,2,2,preflop,3,1,"[{""type"": ""luna_attempt"", ""hand"": 2, ""decision"": 3, ""street"": ""pre-flop"", ""legalButtonLabels"": [""Fold"", ""Call 1 BB"", ""Min · 5 BB"", ""Pot · 12 BB"", ""Jam · 20 BB""], ""attemptedButtonLabel"": ""Call 1 BB"", ""attemptedAtMs"": 1790784819391, ""handOrdinal"": 2, ""decisionOrdinal"": 3, ""lastRenderedAtMs"": 1790784813116}]","[""7c"", ""7h""]",[],"[{""name"": ""fold"", ""kind"": ""fold"", ""raiseTo"": null}, {""name"": ""call"", ""kind"": ""call"", ""raiseTo"": null}, {""name"": ""min"", ""kind"": ""raise"", ""raiseTo"": 500}, {""name"": ""pot"", ""kind"": ""raise"", ""raiseTo"": 1200}, {""name"": ""jam"", ""kind"": ""raise"", ""raiseTo"": 2000}]","[""Fold"", ""Call 1 BB"", ""Min · 5 BB"", ""Pot · 12 BB"", ""Jam · 20 BB""]",Call 1 BB,call,,1790784819391,True,True,True,1790784819612,1790784813116,6275,221,,False,False
bRdqiv-O7i7BOclSO4x5aj9I,rKr9Yd7C4IVStBr7laVMqHBN,2,3,flop,4,1,"[{""type"": ""luna_attempt"", ""hand"": 2, ""decision"": 4, ""street"": ""flop"", ""legalButtonLabels"": [""check"", ""Min · 1 BB"", ""Pot · 8 BB"", ""Jam · 16 BB""], ""attemptedButtonLabel"": ""check"", ""attemptedAtMs"": 1790784824883, ""handOrdinal"": 2, ""decisionOrdinal"": 4, ""lastRenderedAtMs"": 1790784819669}]","[""7c"", ""7h""]","[""9h"", ""9c"", ""8c""]","[{""name"": ""check"", ""kind"": ""check"", ""raiseTo"": null}, {""name"": ""min"", ""kind"": ""raise"", ""raiseTo"": 100}, {""name"": ""pot"", ""kind"": ""raise"", ""raiseTo"": 800}, {""name"": ""jam"", ""kind"": ""raise"", ""raiseTo"": 1600}]","[""check"", ""Min · 1 BB"", ""Pot · 8 BB"", ""Jam · 16 BB""]",check,check,,1790784824883,True,True,True,1790784825246,1790784819669,5214,363,,False,False
bRdqiv-O7i7BOclSO4x5aj9I,rKr9Yd7C4IVStBr7laVMqHBN,2,4,flop,5,1,"[{""type"": ""luna_attempt"", ""hand"": 2, ""decision"": 5, ""street"": ""flop"", ""legalButtonLabels"": [""Fold"", ""Call 8 BB"", ""Min · 16 BB""], ""attemptedButtonLabel"": ""Fold"", ""attemptedAtMs"": 1790784830500, ""handOrdinal"": 2, ""decisionOrdinal"": 5, ""lastRenderedAtMs"": 1790784825340}]","[""7c"", ""7h""]","[""9h"", ""9c"", ""8c""]","[{""name"": ""fold"", ""kind"": ""fold"", ""raiseTo"": null}, {""name"": ""call"", ""kind"": ""call"", ""raiseTo"": null}, {""name"": ""min"", ""kind"": ""raise"", ""raiseTo"": 1600}]","[""Fold"", ""Call 8 BB"", ""Min · 16 BB""]",Fold,fold,,1790784830500,True,True,True,1790784830715,1790784825340,5160,215,,False,False
bRdqiv-O7i7BOclSO4x5aj9I,51ZGWGUntkHosZk1WN7VzeqS,3,1,preflop,2,1,"[{""type"": ""luna_attempt"", ""hand"": 3, ""decision"": 2, ""street"": ""pre-flop"", ""legalButtonLabels"": [""Fold"", ""Call 0.50 BB"", ""Min · 2 BB"", ""Pot · 3 BB""], ""attemptedButtonLabel"": ""Call 0.50 BB"", ""attemptedAtMs"": 1790784844856, ""handOrdinal"": 3, ""decisionOrdinal"": 2, ""lastRenderedAtMs"": 1790784839491}]","[""3h"", ""4h""]",[],"[{""name"": ""fold"", ""kind"": ""fold"", ""raiseTo"": null}, {""name"": ""call"", ""kind"": ""call"", ""raiseTo"": null}, {""name"": ""min"", ""kind"": ""raise"", ""raiseTo"": 200}, {""name"": ""pot"", ""kind"": ""raise"", ""raiseTo"": 300}]","[""Fold"", ""Call 0.50 BB"", ""Min · 2 BB"", ""Pot · 3 BB""]",Call 0.50 BB,call,,1790784844856,True,True,True,1790784845160,1790784839491,5365,304,,False,False
bRdqiv-O7i7BOclSO4x5aj9I,51ZGWGUntkHosZk1WN7VzeqS,3,2,preflop,3,1,"[{""type"": ""luna_attempt"", ""hand"": 3, ""decision"": 3, ""street"": ""pre-flop"", ""legalButtonLabels"": [""Fold"", ""Call 1 BB"", ""Min · 3 BB"", ""Pot · 6 BB""], ""attemptedButtonLabel"": ""Fold"", ""attemptedAtMs"": 1790784849987, ""handOrdinal"": 3, ""decisionOrdinal"": 3, ""lastRenderedAtMs"": 1790784845204}]","[""3h"", ""4h""]",[],"[{""name"": ""fold"", ""kind"": ""fold"", ""raiseTo"": null}, {""name"": ""call"", ""kind"": ""call"", ""raiseTo"": null}, {""name"": ""min"", ""kind"": ""raise"", ""raiseTo"": 300}, {""name"": ""pot"", ""kind"": ""raise"", ""raiseTo"": 600}]","[""Fold"", ""Call 1 BB"", ""Min · 3 BB"", ""Pot · 6 BB""]",Fold,fold,,1790784849987,True,True,True,1790784850186,1790784845204,4783,199,,False,False
bRdqiv-O7i7BOclSO4x5aj9I,u0h83I76EQLaQ1AS02TV-5JZ,4,1,preflop,2,1,"[{""type"": ""luna_attempt"", ""hand"": 4, ""decision"": 2, ""street"": ""pre-flop"", ""legalButtonLabels"": [""Fold"", ""Call 2 BB"", ""Min · 5 BB"", ""Pot · 9 BB""], ""attemptedButtonLabel"": ""Call 2 BB"", ""attemptedAtMs"": 1790784860369, ""handOrdinal"": 4, ""decisionOrdinal"": 2, ""lastRenderedAtMs"": 1790784855580}]","[""7s"", ""Jc""]",[],"[{""name"": ""fold"", ""kind"": ""fold"", ""raiseTo"": null}, {""name"": ""call"", ""kind"": ""call"", ""raiseTo"": null}, {""name"": ""min"", ""kind"": ""raise"", ""raiseTo"": 500}, {""name"": ""pot"", ""kind"": ""raise"", ""raiseTo"": 900}]","[""Fold"", ""Call 2 BB"", ""Min · 5 BB"", ""Pot · 9 BB""]",Call 2 BB,call,,1790784860369,True,True,True,1790784860610,1790784855580,4789,241,,False,False
bRdqiv-O7i7BOclSO4x5aj9I,u0h83I76EQLaQ1AS02TV-5JZ,4,2,flop,3,1,"[{""type"": ""luna_attempt"", ""hand"": 4, ""decision"": 3, ""street"": ""flop"", ""legalButtonLabels"": [""check"", ""Min · 1 BB"", ""Pot · 6 BB""], ""attemptedButtonLabel"": ""check"", ""attemptedAtMs"": 1790784864872, ""handOrdinal"": 4, ""decisionOrdinal"": 3, ""lastRenderedAtMs"": 1790784860716}]","[""7s"", ""Jc""]","[""Qh"", ""3c"", ""2c""]","[{""name"": ""check"", ""kind"": ""check"", ""raiseTo"": null}, {""name"": ""min"", ""kind"": ""raise"", ""raiseTo"": 100}, {""name"": ""pot"", ""kind"": ""raise"", ""raiseTo"": 600}]","[""check"", ""Min · 1 BB"", ""Pot · 6 BB""]",check,check,,1790784864872,True,True,True,1790784865182,1790784860716,4156,310,,False,False
bRdqiv-O7i7BOclSO4x5aj9I,u0h83I76EQLaQ1AS02TV-5JZ,4,3,flop,4,1,"[{""type"": ""luna_attempt"", ""hand"": 4, ""decision"": 4, ""street"": ""flop"", ""legalButtonLabels"": [""Fold"", ""Call 6 BB"", ""Min · 12 BB"", ""Pot · 17 BB""], ""attemptedButtonLabel"": ""Fold"", ""attemptedAtMs"": 1790784869580, ""handOrdinal"": 4, ""decisionOrdinal"": 4, ""lastRenderedAtMs"": 1790784865240}]","[""7s"", ""Jc""]","[""Qh"", ""3c"", ""2c""]","[{""name"": ""fold"", ""kind"": ""fold"", ""raiseTo"": null}, {""name"": ""call"", ""kind"": ""call"", ""raiseTo"": null}, {""name"": ""min"", ""kind"": ""raise"", ""raiseTo"": 1200}, {""name"": ""pot"", ""kind"": ""raise"", ""raiseTo"": 1700}]","[""Fold"", ""Call 6 BB"", ""Min · 12 BB"", ""Pot · 17 BB""]",Fold,fold,,1790784869580,True,True,True,1790784869942,1790784865240,4340,362,,False,False
bRdqiv-O7i7BOclSO4x5aj9I,jM8cY3Wq8lEm1sVLNOsARz2q,5,1,preflop,2,1,"[{""type"": ""luna_attempt"", ""hand"": 5, ""decision"": 2, ""street"": ""pre-flop"", ""legalButtonLabels"": [""Fold"", ""Call 0.50 BB"", ""Min · 2 BB"", ""Pot · 3 BB""], ""attemptedButtonLabel"": ""Min · 2 BB"", ""attemptedAtMs"": 1790784884210, ""handOrdinal"": 5, ""decisionOrdinal"": 2, ""lastRenderedAtMs"": 1790784875781}]","[""Kc"", ""8d""]",[],"[{""name"": ""fold"", ""kind"": ""fold"", ""raiseTo"": null}, {""name"": ""call"", ""kind"": ""call"", ""raiseTo"": null}, {""name"": ""min"", ""kind"": ""raise"", ""raiseTo"": 200}, {""name"": ""pot"", ""kind"": ""raise"", ""raiseTo"": 300}]","[""Fold"", ""Call 0.50 BB"", ""Min · 2 BB"", ""Pot · 3 BB""]",Min · 2 BB,raise,200,1790784884210,True,True,True,1790784884500,1790784875781,8429,290,,False,False
bRdqiv-O7i7BOclSO4x5aj9I,xjz8WcISrSxmDQ8OXJG7ou8p,6,1,preflop,2,1,"[{""type"": ""luna_attempt"", ""hand"": 6, ""decision"": 2, ""street"": ""pre-flop"", ""legalButtonLabels"": [""check"", ""Min · 2 BB"", ""Pot · 3 BB""], ""attemptedButtonLabel"": ""Pot · 3 BB"", ""attemptedAtMs"": 1790784894730, ""handOrdinal"": 6, ""decisionOrdinal"": 2, ""lastRenderedAtMs"": 1790784889758}]","[""Jd"", ""Kh""]",[],"[{""name"": ""check"", ""kind"": ""check"", ""raiseTo"": null}, {""name"": ""min"", ""kind"": ""raise"", ""raiseTo"": 200}, {""name"": ""pot"", ""kind"": ""raise"", ""raiseTo"": 300}]","[""check"", ""Min · 2 BB"", ""Pot · 3 BB""]",Pot · 3 BB,raise,300,1790784894730,True,True,True,1790784895113,1790784889758,4972,383,,False,False
bRdqiv-O7i7BOclSO4x5aj9I,xjz8WcISrSxmDQ8OXJG7ou8p,6,2,preflop,3,1,"[{""type"": ""luna_attempt"", ""hand"": 6, ""decision"": 3, ""street"": ""pre-flop"", ""legalButtonLabels"": [""Fold"", ""Call 6 BB"", ""Min · 15 BB"", ""Pot · 20 BB""], ""attemptedButtonLabel"": ""Fold"", ""attemptedAtMs"": 1790784901936, ""handOrdinal"": 6, ""decisionOrdinal"": 3, ""lastRenderedAtMs"": 1790784895212}]","[""Jd"", ""Kh""]",[],"[{""name"": ""fold"", ""kind"": ""fold"", ""raiseTo"": null}, {""name"": ""call"", ""kind"": ""call"", ""raiseTo"": null}, {""name"": ""min"", ""kind"": ""raise"", ""raiseTo"": 1500}, {""name"": ""pot"", ""kind"": ""raise"", ""raiseTo"": 2000}]","[""Fold"", ""Call 6 BB"", ""Min · 15 BB"", ""Pot · 20 BB""]",Fold,fold,,1790784901936,True,True,True,1790784902318,1790784895212,6724,382,,False,False
bRdqiv-O7i7BOclSO4x5aj9I,Qk893eGH1dggPDCMa8IxdPwW,7,1,preflop,2,1,"[{""type"": ""luna_attempt"", ""hand"": 7, ""decision"": 2, ""street"": ""pre-flop"", ""legalButtonLabels"": [""Fold"", ""Call 0.50 BB"", ""Min · 2 BB"", ""Pot · 3 BB""], ""attemptedButtonLabel"": ""Min · 2 BB"", ""attemptedAtMs"": 1790784913855, ""handOrdinal"": 7, ""decisionOrdinal"": 2, ""lastRenderedAtMs"": 1790784908251}]","[""Qs"", ""3c""]",[],"[{""name"": ""fold"", ""kind"": ""fold"", ""raiseTo"": null}, {""name"": ""call"", ""kind"": ""call"", ""raiseTo"": null}, {""name"": ""min"", ""kind"": ""raise"", ""raiseTo"": 200}, {""name"": ""pot"", ""kind"": ""raise"", ""raiseTo"": 300}]","[""Fold"", ""Call 0.50 BB"", ""Min · 2 BB"", ""Pot · 3 BB""]",Min · 2 BB,raise,200,1790784913855,True,True,True,1790784914142,1790784908251,5604,287,,False,False
bRdqiv-O7i7BOclSO4x5aj9I,1HFgKI3MyQNhrF2_4B716Vre,8,1,preflop,2,1,"[{""type"": ""luna_attempt"", ""hand"": 8, ""decision"": 2, ""street"": ""pre-flop"", ""legalButtonLabels"": [""check"", ""Min · 2 BB"", ""Pot · 3 BB""], ""attemptedButtonLabel"": ""Pot · 3 BB"", ""attemptedAtMs"": 1790784923778, ""handOrdinal"": 8, ""decisionOrdinal"": 2, ""lastRenderedAtMs"": 1790784919287}]","[""9h"", ""8d""]",[],"[{""name"": ""check"", ""kind"": ""check"", ""raiseTo"": null}, {""name"": ""min"", ""kind"": ""raise"", ""raiseTo"": 200}, {""name"": ""pot"", ""kind"": ""raise"", ""raiseTo"": 300}]","[""check"", ""Min · 2 BB"", ""Pot · 3 BB""]",Pot · 3 BB,raise,300,1790784923778,True,True,True,1790784923980,1790784919287,4491,202,,False,False
bRdqiv-O7i7BOclSO4x5aj9I,1HFgKI3MyQNhrF2_4B716Vre,8,2,preflop,3,1,"[{""type"": ""luna_attempt"", ""hand"": 8, ""decision"": 3, ""street"": ""pre-flop"", ""legalButtonLabels"": [""Fold"", ""Call 6 BB"", ""Min · 15 BB"", ""Pot · 20 BB""], ""attemptedButtonLabel"": ""Fold"", ""attemptedAtMs"": 1790784928176, ""handOrdinal"": 8, ""decisionOrdinal"": 3, ""lastRenderedAtMs"": 1790784924041}]","[""9h"", ""8d""]",[],"[{""name"": ""fold"", ""kind"": ""fold"", ""raiseTo"": null}, {""name"": ""call"", ""kind"": ""call"", ""raiseTo"": null}, {""name"": ""min"", ""kind"": ""raise"", ""raiseTo"": 1500}, {""name"": ""pot"", ""kind"": ""raise"", ""raiseTo"": 2000}]","[""Fold"", ""Call 6 BB"", ""Min · 15 BB"", ""Pot · 20 BB""]",Fold,fold,,1790784928176,True,True,True,1790784928508,1790784924041,4135,332,,False,False
bRdqiv-O7i7BOclSO4x5aj9I,LLnhPpuxPpTzS8_dg5rf1W_a,9,1,preflop,2,1,"[{""type"": ""luna_attempt"", ""hand"": 9, ""decision"": 2, ""street"": ""pre-flop"", ""legalButtonLabels"": [""Fold"", ""Call 0.50 BB"", ""Min · 2 BB"", ""Pot · 3 BB""], ""attemptedButtonLabel"": ""Pot · 3 BB"", ""attemptedAtMs"": 1790784940831, ""handOrdinal"": 9, ""decisionOrdinal"": 2, ""lastRenderedAtMs"": 1790784933541}]","[""Kd"", ""Kc""]",[],"[{""name"": ""fold"", ""kind"": ""fold"", ""raiseTo"": null}, {""name"": ""call"", ""kind"": ""call"", ""raiseTo"": null}, {""name"": ""min"", ""kind"": ""raise"", ""raiseTo"": 200}, {""name"": ""pot"", ""kind"": ""raise"", ""raiseTo"": 300}]","[""Fold"", ""Call 0.50 BB"", ""Min · 2 BB"", ""Pot · 3 BB""]",Pot · 3 BB,raise,300,1790784940831,True,True,True,1790784941170,1790784933541,7290,339,,False,False
bRdqiv-O7i7BOclSO4x5aj9I,LLnhPpuxPpTzS8_dg5rf1W_a,9,2,preflop,3,1,"[{""type"": ""luna_attempt"", ""hand"": 9, ""decision"": 3, ""street"": ""pre-flop"", ""legalButtonLabels"": [""Fold"", ""Call 2 BB"", ""Min · 7 BB"", ""Pot · 15 BB"", ""Jam · 20 BB""], ""attemptedButtonLabel"": ""Jam · 20 BB"", ""attemptedAtMs"": 1790784947110, ""handOrdinal"": 9, ""decisionOrdinal"": 3, ""lastRenderedAtMs"": 1790784941351}]","[""Kd"", ""Kc""]",[],"[{""name"": ""fold"", ""kind"": ""fold"", ""raiseTo"": null}, {""name"": ""call"", ""kind"": ""call"", ""raiseTo"": null}, {""name"": ""min"", ""kind"": ""raise"", ""raiseTo"": 700}, {""name"": ""pot"", ""kind"": ""raise"", ""raiseTo"": 1500}, {""name"": ""jam"", ""kind"": ""raise"", ""raiseTo"": 2000}]","[""Fold"", ""Call 2 BB"", ""Min · 7 BB"", ""Pot · 15 BB"", ""Jam · 20 BB""]",Jam · 20 BB,raise,2000,1790784947110,True,True,True,1790784947430,1790784941351,5759,320,,False,False
bRdqiv-O7i7BOclSO4x5aj9I,JL3Mac66eWICI6d1Il9oOq3Y,10,1,preflop,2,1,"[{""type"": ""luna_attempt"", ""hand"": 10, ""decision"": 2, ""street"": ""pre-flop"", ""legalButtonLabels"": [""Fold"", ""Call 2 BB"", ""Min · 5 BB"", ""Pot · 9 BB""], ""attemptedButtonLabel"": ""Fold"", ""attemptedAtMs"": 1790784957304, ""handOrdinal"": 10, ""decisionOrdinal"": 2, ""lastRenderedAtMs"": 1790784953010}]","[""Jd"", ""3s""]",[],"[{""name"": ""fold"", ""kind"": ""fold"", ""raiseTo"": null}, {""name"": ""call"", ""kind"": ""call"", ""raiseTo"": null}, {""name"": ""min"", ""kind"": ""raise"", ""raiseTo"": 500}, {""name"": ""pot"", ""kind"": ""raise"", ""raiseTo"": 900}]","[""Fold"", ""Call 2 BB"", ""Min · 5 BB"", ""Pot · 9 BB""]",Fold,fold,,1790784957304,True,True,True,1790784957591,1790784953010,4294,287,,False,False
bRdqiv-O7i7BOclSO4x5aj9I,F08X50d9hejZsIA48-GfXQOx,11,1,preflop,2,1,"[{""type"": ""luna_attempt"", ""hand"": 11, ""decision"": 2, ""street"": ""pre-flop"", ""legalButtonLabels"": [""Fold"", ""Call 0.50 BB"", ""Min · 2 BB"", ""Pot · 3 BB""], ""attemptedButtonLabel"": ""Min · 2 BB"", ""attemptedAtMs"": 1790784966597, ""handOrdinal"": 11, ""decisionOrdinal"": 2, ""lastRenderedAtMs"": 1790784962120}]","[""7c"", ""8c""]",[],"[{""name"": ""fold"", ""kind"": ""fold"", ""raiseTo"": null}, {""name"": ""call"", ""kind"": ""call"", ""raiseTo"": null}, {""name"": ""min"", ""kind"": ""raise"", ""raiseTo"": 200}, {""name"": ""pot"", ""kind"": ""raise"", ""raiseTo"": 300}]","[""Fold"", ""Call 0.50 BB"", ""Min · 2 BB"", ""Pot · 3 BB""]",Min · 2 BB,raise,200,1790784966597,True,True,True,1790784966906,1790784962120,4477,309,,False,False
bRdqiv-O7i7BOclSO4x5aj9I,F08X50d9hejZsIA48-GfXQOx,11,2,preflop,3,1,"[{""type"": ""luna_attempt"", ""hand"": 11, ""decision"": 3, ""street"": ""pre-flop"", ""legalButtonLabels"": [""Fold"", ""Call 1 BB"", ""Min · 4 BB"", ""Pot · 9 BB""], ""attemptedButtonLabel"": ""Call 1 BB"", ""attemptedAtMs"": 1790784971720, ""handOrdinal"": 11, ""decisionOrdinal"": 3, ""lastRenderedAtMs"": 1790784966988}]","[""7c"", ""8c""]",[],"[{""name"": ""fold"", ""kind"": ""fold"", ""raiseTo"": null}, {""name"": ""call"", ""kind"": ""call"", ""raiseTo"": null}, {""name"": ""min"", ""kind"": ""raise"", ""raiseTo"": 400}, {""name"": ""pot"", ""kind"": ""raise"", ""raiseTo"": 900}]","[""Fold"", ""Call 1 BB"", ""Min · 4 BB"", ""Pot · 9 BB""]",Call 1 BB,call,,1790784971720,True,True,True,1790784971945,1790784966988,4732,225,,False,False
bRdqiv-O7i7BOclSO4x5aj9I,F08X50d9hejZsIA48-GfXQOx,11,3,flop,4,1,"[{""type"": ""luna_attempt"", ""hand"": 11, ""decision"": 4, ""street"": ""flop"", ""legalButtonLabels"": [""Fold"", ""Call 1 BB"", ""Min · 2 BB"", ""Jam · 17 BB""], ""attemptedButtonLabel"": ""Call 1 BB"", ""attemptedAtMs"": 1790784979882, ""handOrdinal"": 11, ""decisionOrdinal"": 4, ""lastRenderedAtMs"": 1790784972044}]","[""7c"", ""8c""]","[""Ks"", ""Qc"", ""Th""]","[{""name"": ""fold"", ""kind"": ""fold"", ""raiseTo"": null}, {""name"": ""call"", ""kind"": ""call"", ""raiseTo"": null}, {""name"": ""min"", ""kind"": ""raise"", ""raiseTo"": 200}, {""name"": ""pot"", ""kind"": ""raise"", ""raiseTo"": 900}, {""name"": ""jam"", ""kind"": ""raise"", ""raiseTo"": 1700}]","[""Fold"", ""Call 1 BB"", ""Min · 2 BB"", ""Jam · 17 BB""]",Call 1 BB,call,,1790784979882,True,True,True,1790784980245,1790784972044,7838,363,,False,False
bRdqiv-O7i7BOclSO4x5aj9I,F08X50d9hejZsIA48-GfXQOx,11,4,turn,5,1,"[{""type"": ""luna_attempt"", ""hand"": 11, ""decision"": 5, ""street"": ""turn"", ""legalButtonLabels"": [""Fold"", ""Call 1 BB"", ""Min · 2 BB"", ""Pot · 11 BB"", ""Jam · 16 BB""], ""attemptedButtonLabel"": ""Call 1 BB"", ""attemptedAtMs"": 1790784985747, ""handOrdinal"": 11, ""decisionOrdinal"": 5, ""lastRenderedAtMs"": 1790784980318}]","[""7c"", ""8c""]","[""Ks"", ""Qc"", ""Th"", ""9h""]","[{""name"": ""fold"", ""kind"": ""fold"", ""raiseTo"": null}, {""name"": ""call"", ""kind"": ""call"", ""raiseTo"": null}, {""name"": ""min"", ""kind"": ""raise"", ""raiseTo"": 200}, {""name"": ""pot"", ""kind"": ""raise"", ""raiseTo"": 1100}, {""name"": ""jam"", ""kind"": ""raise"", ""raiseTo"": 1600}]","[""Fold"", ""Call 1 BB"", ""Min · 2 BB"", ""Pot · 11 BB"", ""Jam · 16 BB""]",Call 1 BB,call,,1790784985747,True,True,True,1790784986129,1790784980318,5429,382,,False,False
bRdqiv-O7i7BOclSO4x5aj9I,F08X50d9hejZsIA48-GfXQOx,11,5,river,6,1,"[{""type"": ""luna_attempt"", ""hand"": 11, ""decision"": 6, ""street"": ""river"", ""legalButtonLabels"": [""check"", ""Min · 1 BB"", ""Pot · 10 BB"", ""Jam · 15 BB""], ""attemptedButtonLabel"": ""check"", ""attemptedAtMs"": 1790784990836, ""handOrdinal"": 11, ""decisionOrdinal"": 6, ""lastRenderedAtMs"": 1790784986221}]","[""7c"", ""8c""]","[""Ks"", ""Qc"", ""Th"", ""9h"", ""6c""]","[{""name"": ""check"", ""kind"": ""check"", ""raiseTo"": null}, {""name"": ""min"", ""kind"": ""raise"", ""raiseTo"": 100}, {""name"": ""pot"", ""kind"": ""raise"", ""raiseTo"": 1000}, {""name"": ""jam"", ""kind"": ""raise"", ""raiseTo"": 1500}]","[""check"", ""Min · 1 BB"", ""Pot · 10 BB"", ""Jam · 15 BB""]",check,check,,1790784990836,True,True,True,1790784991193,1790784986221,4615,357,,False,False
bRdqiv-O7i7BOclSO4x5aj9I,77AJr1SKmKyRVvCPuc0XT1B0,12,1,preflop,2,2,"[{""type"": ""luna_attempt"", ""hand"": 12, ""decision"": 2, ""street"": ""pre-flop"", ""legalButtonLabels"": [""Fold"", ""Call 1 BB"", ""Min · 3 BB"", ""Pot · 6 BB""], ""attemptedButtonLabel"": ""Fold"", ""attemptedAtMs"": 1790785306040, ""handOrdinal"": 12, ""decisionOrdinal"": 2, ""lastRenderedAtMs"": 1790784996501}, {""type"": ""luna_attempt"", ""hand"": 12, ""decision"": 2, ""street"": ""pre-flop"", ""legalButtonLabels"": [""Fold"", ""Call 1 BB"", ""Min · 3 BB"", ""Pot · 6 BB""], ""attemptedButtonLabel"": ""Fold"", ""attemptedAtMs"": 1790785316121, ""toolRetry"": ""first click failed; fresh state confirms turn remains active"", ""handOrdinal"": 12, ""decisionOrdinal"": 2, ""lastRenderedAtMs"": 1790785309884}]","[""2d"", ""6s""]",[],"[{""name"": ""fold"", ""kind"": ""fold"", ""raiseTo"": null}, {""name"": ""call"", ""kind"": ""call"", ""raiseTo"": null}, {""name"": ""min"", ""kind"": ""raise"", ""raiseTo"": 300}, {""name"": ""pot"", ""kind"": ""raise"", ""raiseTo"": 600}]","[""Fold"", ""Call 1 BB"", ""Min · 3 BB"", ""Pot · 6 BB""]",Fold,fold,,1790785306040,True,True,True,1790785316337,1790784996501,309539,10297,,True,False
bRdqiv-O7i7BOclSO4x5aj9I,FjhbQ_oInGsWRPgHFm3e2cIi,13,1,preflop,2,1,"[{""type"": ""luna_attempt"", ""hand"": 13, ""decision"": 2, ""street"": ""pre-flop"", ""legalButtonLabels"": [""Fold"", ""Call 0.50 BB"", ""Min · 2 BB"", ""Pot · 3 BB""], ""attemptedButtonLabel"": ""Min · 2 BB"", ""attemptedAtMs"": 1790785327239, ""handOrdinal"": 13, ""decisionOrdinal"": 2, ""lastRenderedAtMs"": 1790785322306}]","[""8d"", ""Tc""]",[],"[{""name"": ""fold"", ""kind"": ""fold"", ""raiseTo"": null}, {""name"": ""call"", ""kind"": ""call"", ""raiseTo"": null}, {""name"": ""min"", ""kind"": ""raise"", ""raiseTo"": 200}, {""name"": ""pot"", ""kind"": ""raise"", ""raiseTo"": 300}]","[""Fold"", ""Call 0.50 BB"", ""Min · 2 BB"", ""Pot · 3 BB""]",Min · 2 BB,raise,200,1790785327239,True,True,True,1790785327619,1790785322306,4933,380,,False,False
bRdqiv-O7i7BOclSO4x5aj9I,nx63TiFPyVrJHArTWlL0AYYJ,14,1,preflop,2,1,"[{""type"": ""luna_attempt"", ""hand"": 14, ""decision"": 2, ""street"": ""pre-flop"", ""legalButtonLabels"": [""Fold"", ""Call 2 BB"", ""Min · 5 BB"", ""Pot · 9 BB""], ""attemptedButtonLabel"": ""Call 2 BB"", ""attemptedAtMs"": 1790785339952, ""handOrdinal"": 14, ""decisionOrdinal"": 2, ""lastRenderedAtMs"": 1790785332524}]","[""4h"", ""4s""]",[],"[{""name"": ""fold"", ""kind"": ""fold"", ""raiseTo"": null}, {""name"": ""call"", ""kind"": ""call"", ""raiseTo"": null}, {""name"": ""min"", ""kind"": ""raise"", ""raiseTo"": 500}, {""name"": ""pot"", ""kind"": ""raise"", ""raiseTo"": 900}]","[""Fold"", ""Call 2 BB"", ""Min · 5 BB"", ""Pot · 9 BB""]",Call 2 BB,call,,1790785339952,True,True,True,1790785340262,1790785332524,7428,310,,False,False
bRdqiv-O7i7BOclSO4x5aj9I,nx63TiFPyVrJHArTWlL0AYYJ,14,2,flop,3,1,"[{""type"": ""luna_attempt"", ""hand"": 14, ""decision"": 3, ""street"": ""flop"", ""legalButtonLabels"": [""check"", ""Min · 1 BB"", ""Pot · 6 BB""], ""attemptedButtonLabel"": ""check"", ""attemptedAtMs"": 1790785348579, ""handOrdinal"": 14, ""decisionOrdinal"": 3, ""lastRenderedAtMs"": 1790785340347}]","[""4h"", ""4s""]","[""4d"", ""Kd"", ""2c""]","[{""name"": ""check"", ""kind"": ""check"", ""raiseTo"": null}, {""name"": ""min"", ""kind"": ""raise"", ""raiseTo"": 100}, {""name"": ""pot"", ""kind"": ""raise"", ""raiseTo"": 600}]","[""check"", ""Min · 1 BB"", ""Pot · 6 BB""]",check,check,,1790785348579,True,True,True,1790785348913,1790785340347,8232,334,,False,False
bRdqiv-O7i7BOclSO4x5aj9I,nx63TiFPyVrJHArTWlL0AYYJ,14,3,flop,4,1,"[{""type"": ""luna_attempt"", ""hand"": 14, ""decision"": 4, ""street"": ""flop"", ""legalButtonLabels"": [""Fold"", ""Call 6 BB"", ""Min · 12 BB"", ""Pot · 17 BB""], ""attemptedButtonLabel"": ""Call 6 BB"", ""attemptedAtMs"": 1790785356892, ""handOrdinal"": 14, ""decisionOrdinal"": 4, ""lastRenderedAtMs"": 1790785348989}]","[""4h"", ""4s""]","[""4d"", ""Kd"", ""2c""]","[{""name"": ""fold"", ""kind"": ""fold"", ""raiseTo"": null}, {""name"": ""call"", ""kind"": ""call"", ""raiseTo"": null}, {""name"": ""min"", ""kind"": ""raise"", ""raiseTo"": 1200}, {""name"": ""pot"", ""kind"": ""raise"", ""raiseTo"": 1700}]","[""Fold"", ""Call 6 BB"", ""Min · 12 BB"", ""Pot · 17 BB""]",Call 6 BB,call,,1790785356892,True,True,True,1790785357278,1790785348989,7903,386,,False,False
bRdqiv-O7i7BOclSO4x5aj9I,nx63TiFPyVrJHArTWlL0AYYJ,14,4,turn,5,1,"[{""type"": ""luna_attempt"", ""hand"": 14, ""decision"": 5, ""street"": ""turn"", ""legalButtonLabels"": [""check"", ""Min · 1 BB"", ""Pot · 11 BB""], ""attemptedButtonLabel"": ""Pot · 11 BB"", ""attemptedAtMs"": 1790785363307, ""handOrdinal"": 14, ""decisionOrdinal"": 5, ""lastRenderedAtMs"": 1790785357359}]","[""4h"", ""4s""]","[""4d"", ""Kd"", ""2c"", ""Tc""]","[{""name"": ""check"", ""kind"": ""check"", ""raiseTo"": null}, {""name"": ""min"", ""kind"": ""raise"", ""raiseTo"": 100}, {""name"": ""pot"", ""kind"": ""raise"", ""raiseTo"": 1100}]","[""check"", ""Min · 1 BB"", ""Pot · 11 BB""]",Pot · 11 BB,raise,1100,1790785363307,True,True,True,1790785363685,1790785357359,5948,378,,False,False
bRdqiv-O7i7BOclSO4x5aj9I,edHoCDdKngeEHy3QmoO-rQOR,15,1,preflop,2,1,"[{""type"": ""luna_attempt"", ""hand"": 15, ""decision"": 2, ""street"": ""pre-flop"", ""legalButtonLabels"": [""Fold"", ""Call 0.50 BB"", ""Min · 2 BB"", ""Pot · 3 BB""], ""attemptedButtonLabel"": ""Min · 2 BB"", ""attemptedAtMs"": 1790785374613, ""handOrdinal"": 15, ""decisionOrdinal"": 2, ""lastRenderedAtMs"": 1790785368164}]","[""5s"", ""8h""]",[],"[{""name"": ""fold"", ""kind"": ""fold"", ""raiseTo"": null}, {""name"": ""call"", ""kind"": ""call"", ""raiseTo"": null}, {""name"": ""min"", ""kind"": ""raise"", ""raiseTo"": 200}, {""name"": ""pot"", ""kind"": ""raise"", ""raiseTo"": 300}]","[""Fold"", ""Call 0.50 BB"", ""Min · 2 BB"", ""Pot · 3 BB""]",Min · 2 BB,raise,200,1790785374613,True,True,True,1790785375017,1790785368164,6449,404,,False,False
bRdqiv-O7i7BOclSO4x5aj9I,edHoCDdKngeEHy3QmoO-rQOR,15,2,flop,3,1,"[{""type"": ""luna_attempt"", ""hand"": 15, ""decision"": 3, ""street"": ""flop"", ""legalButtonLabels"": [""Fold"", ""Call 1 BB"", ""Min · 2 BB"", ""Pot · 7 BB""], ""attemptedButtonLabel"": ""Call 1 BB"", ""attemptedAtMs"": 1790785381284, ""handOrdinal"": 15, ""decisionOrdinal"": 3, ""lastRenderedAtMs"": 1790785375094}]","[""5s"", ""8h""]","[""Jc"", ""7s"", ""Qd""]","[{""name"": ""fold"", ""kind"": ""fold"", ""raiseTo"": null}, {""name"": ""call"", ""kind"": ""call"", ""raiseTo"": null}, {""name"": ""min"", ""kind"": ""raise"", ""raiseTo"": 200}, {""name"": ""pot"", ""kind"": ""raise"", ""raiseTo"": 700}]","[""Fold"", ""Call 1 BB"", ""Min · 2 BB"", ""Pot · 7 BB""]",Call 1 BB,call,,1790785381284,True,True,True,1790785381647,1790785375094,6190,363,,False,False
bRdqiv-O7i7BOclSO4x5aj9I,edHoCDdKngeEHy3QmoO-rQOR,15,3,turn,4,1,"[{""type"": ""luna_attempt"", ""hand"": 15, ""decision"": 4, ""street"": ""turn"", ""legalButtonLabels"": [""check"", ""Min · 1 BB"", ""Pot · 6 BB""], ""attemptedButtonLabel"": ""check"", ""attemptedAtMs"": 1790785386495, ""handOrdinal"": 15, ""decisionOrdinal"": 4, ""lastRenderedAtMs"": 1790785381724}]","[""5s"", ""8h""]","[""Jc"", ""7s"", ""Qd"", ""4d""]","[{""name"": ""check"", ""kind"": ""check"", ""raiseTo"": null}, {""name"": ""min"", ""kind"": ""raise"", ""raiseTo"": 100}, {""name"": ""pot"", ""kind"": ""raise"", ""raiseTo"": 600}]","[""check"", ""Min · 1 BB"", ""Pot · 6 BB""]",check,check,,1790785386495,True,True,True,1790785386744,1790785381724,4771,249,,False,False
bRdqiv-O7i7BOclSO4x5aj9I,edHoCDdKngeEHy3QmoO-rQOR,15,4,river,5,1,"[{""type"": ""luna_attempt"", ""hand"": 15, ""decision"": 5, ""street"": ""river"", ""legalButtonLabels"": [""check"", ""Min · 1 BB"", ""Pot · 6 BB""], ""attemptedButtonLabel"": ""check"", ""attemptedAtMs"": 1790785394087, ""handOrdinal"": 15, ""decisionOrdinal"": 5, ""lastRenderedAtMs"": 1790785386821}]","[""5s"", ""8h""]","[""Jc"", ""7s"", ""Qd"", ""4d"", ""Js""]","[{""name"": ""check"", ""kind"": ""check"", ""raiseTo"": null}, {""name"": ""min"", ""kind"": ""raise"", ""raiseTo"": 100}, {""name"": ""pot"", ""kind"": ""raise"", ""raiseTo"": 600}]","[""check"", ""Min · 1 BB"", ""Pot · 6 BB""]",check,check,,1790785394087,True,True,True,1790785394305,1790785386821,7266,218,,False,False
bRdqiv-O7i7BOclSO4x5aj9I,BJB36IA2I-A6g7xbxbQ1tGV9,16,1,preflop,2,1,"[{""type"": ""luna_attempt"", ""hand"": 16, ""decision"": 2, ""street"": ""pre-flop"", ""legalButtonLabels"": [""Fold"", ""Call 1 BB"", ""Min · 3 BB"", ""Pot · 6 BB""], ""attemptedButtonLabel"": ""Fold"", ""attemptedAtMs"": 1790785404464, ""handOrdinal"": 16, ""decisionOrdinal"": 2, ""lastRenderedAtMs"": 1790785400020}]","[""7d"", ""9s""]",[],"[{""name"": ""fold"", ""kind"": ""fold"", ""raiseTo"": null}, {""name"": ""call"", ""kind"": ""call"", ""raiseTo"": null}, {""name"": ""min"", ""kind"": ""raise"", ""raiseTo"": 300}, {""name"": ""pot"", ""kind"": ""raise"", ""raiseTo"": 600}]","[""Fold"", ""Call 1 BB"", ""Min · 3 BB"", ""Pot · 6 BB""]",Fold,fold,,1790785404464,True,True,True,1790785404662,1790785400020,4444,198,,False,False
bRdqiv-O7i7BOclSO4x5aj9I,EOAm9luQowQC4i-msw-qKMfj,17,1,preflop,2,1,"[{""type"": ""luna_attempt"", ""hand"": 17, ""decision"": 2, ""street"": ""pre-flop"", ""legalButtonLabels"": [""Fold"", ""Call 0.50 BB"", ""Min · 2 BB"", ""Pot · 3 BB""], ""attemptedButtonLabel"": ""Call 0.50 BB"", ""attemptedAtMs"": 1790785415613, ""handOrdinal"": 17, ""decisionOrdinal"": 2, ""lastRenderedAtMs"": 1790785409034}]","[""7h"", ""4s""]",[],"[{""name"": ""fold"", ""kind"": ""fold"", ""raiseTo"": null}, {""name"": ""call"", ""kind"": ""call"", ""raiseTo"": null}, {""name"": ""min"", ""kind"": ""raise"", ""raiseTo"": 200}, {""name"": ""pot"", ""kind"": ""raise"", ""raiseTo"": 300}]","[""Fold"", ""Call 0.50 BB"", ""Min · 2 BB"", ""Pot · 3 BB""]",Call 0.50 BB,call,,1790785415613,True,True,True,1790785415982,1790785409034,6579,369,,False,False
bRdqiv-O7i7BOclSO4x5aj9I,EOAm9luQowQC4i-msw-qKMfj,17,2,preflop,3,1,"[{""type"": ""luna_attempt"", ""hand"": 17, ""decision"": 3, ""street"": ""pre-flop"", ""legalButtonLabels"": [""Fold"", ""Call 1 BB"", ""Min · 3 BB"", ""Pot · 6 BB""], ""attemptedButtonLabel"": ""Fold"", ""attemptedAtMs"": 1790785420548, ""handOrdinal"": 17, ""decisionOrdinal"": 3, ""lastRenderedAtMs"": 1790785416059}]","[""7h"", ""4s""]",[],"[{""name"": ""fold"", ""kind"": ""fold"", ""raiseTo"": null}, {""name"": ""call"", ""kind"": ""call"", ""raiseTo"": null}, {""name"": ""min"", ""kind"": ""raise"", ""raiseTo"": 300}, {""name"": ""pot"", ""kind"": ""raise"", ""raiseTo"": 600}]","[""Fold"", ""Call 1 BB"", ""Min · 3 BB"", ""Pot · 6 BB""]",Fold,fold,,1790785420548,True,True,True,1790785420860,1790785416059,4489,312,,False,False
bRdqiv-O7i7BOclSO4x5aj9I,alUTSflS8Oxwg28O9FJZywc2,19,1,preflop,2,1,"[{""type"": ""luna_attempt"", ""hand"": 19, ""decision"": 2, ""street"": ""pre-flop"", ""legalButtonLabels"": [""Fold"", ""Call 0.50 BB"", ""Min · 2 BB"", ""Pot · 3 BB""], ""attemptedButtonLabel"": ""Min · 2 BB"", ""attemptedAtMs"": 1790785439334, ""handOrdinal"": 19, ""decisionOrdinal"": 2, ""lastRenderedAtMs"": 1790785431631}]","[""3c"", ""2h""]",[],"[{""name"": ""fold"", ""kind"": ""fold"", ""raiseTo"": null}, {""name"": ""call"", ""kind"": ""call"", ""raiseTo"": null}, {""name"": ""min"", ""kind"": ""raise"", ""raiseTo"": 200}, {""name"": ""pot"", ""kind"": ""raise"", ""raiseTo"": 300}]","[""Fold"", ""Call 0.50 BB"", ""Min · 2 BB"", ""Pot · 3 BB""]",Min · 2 BB,raise,200,1790785439334,True,True,True,1790785439703,1790785431631,7703,369,,False,False
bRdqiv-O7i7BOclSO4x5aj9I,alUTSflS8Oxwg28O9FJZywc2,19,2,preflop,3,1,"[{""type"": ""luna_attempt"", ""hand"": 19, ""decision"": 3, ""street"": ""pre-flop"", ""legalButtonLabels"": [""Fold"", ""Call 4 BB"", ""Min · 10 BB"", ""Pot · 18 BB"", ""Jam · 20 BB""], ""attemptedButtonLabel"": ""Fold"", ""attemptedAtMs"": 1790785444843, ""handOrdinal"": 19, ""decisionOrdinal"": 3, ""lastRenderedAtMs"": 1790785439783}]","[""3c"", ""2h""]",[],"[{""name"": ""fold"", ""kind"": ""fold"", ""raiseTo"": null}, {""name"": ""call"", ""kind"": ""call"", ""raiseTo"": null}, {""name"": ""min"", ""kind"": ""raise"", ""raiseTo"": 1000}, {""name"": ""pot"", ""kind"": ""raise"", ""raiseTo"": 1800}, {""name"": ""jam"", ""kind"": ""raise"", ""raiseTo"": 2000}]","[""Fold"", ""Call 4 BB"", ""Min · 10 BB"", ""Pot · 18 BB"", ""Jam · 20 BB""]",Fold,fold,,1790785444843,True,True,True,1790785445105,1790785439783,5060,262,,False,False
bRdqiv-O7i7BOclSO4x5aj9I,4cVLRCCIXcCqGyw3Y_9kQmSF,20,1,preflop,2,1,"[{""type"": ""luna_attempt"", ""hand"": 20, ""decision"": 2, ""street"": ""pre-flop"", ""legalButtonLabels"": [""check"", ""Min · 2 BB"", ""Pot · 3 BB""], ""attemptedButtonLabel"": ""Pot · 3 BB"", ""attemptedAtMs"": 1790785455119, ""handOrdinal"": 20, ""decisionOrdinal"": 2, ""lastRenderedAtMs"": 1790785450074}]","[""Qs"", ""Ad""]",[],"[{""name"": ""check"", ""kind"": ""check"", ""raiseTo"": null}, {""name"": ""min"", ""kind"": ""raise"", ""raiseTo"": 200}, {""name"": ""pot"", ""kind"": ""raise"", ""raiseTo"": 300}]","[""check"", ""Min · 2 BB"", ""Pot · 3 BB""]",Pot · 3 BB,raise,300,1790785455119,True,True,True,1790785455462,1790785450074,5045,343,,False,False
bRdqiv-O7i7BOclSO4x5aj9I,4cVLRCCIXcCqGyw3Y_9kQmSF,20,2,flop,3,1,"[{""type"": ""luna_attempt"", ""hand"": 20, ""decision"": 3, ""street"": ""flop"", ""legalButtonLabels"": [""check"", ""Min · 1 BB"", ""Pot · 6 BB""], ""attemptedButtonLabel"": ""Min · 1 BB"", ""attemptedAtMs"": 1790785461120, ""handOrdinal"": 20, ""decisionOrdinal"": 3, ""lastRenderedAtMs"": 1790785455588}]","[""Qs"", ""Ad""]","[""Qh"", ""4h"", ""Qd""]","[{""name"": ""check"", ""kind"": ""check"", ""raiseTo"": null}, {""name"": ""min"", ""kind"": ""raise"", ""raiseTo"": 100}, {""name"": ""pot"", ""kind"": ""raise"", ""raiseTo"": 600}]","[""check"", ""Min · 1 BB"", ""Pot · 6 BB""]",Min · 1 BB,raise,100,1790785461120,True,True,True,1790785461479,1790785455588,5532,359,,False,False
bRdqiv-O7i7BOclSO4x5aj9I,4cVLRCCIXcCqGyw3Y_9kQmSF,20,3,flop,4,1,"[{""type"": ""luna_attempt"", ""hand"": 20, ""decision"": 4, ""street"": ""flop"", ""legalButtonLabels"": [""Fold"", ""Call 16 BB""], ""attemptedButtonLabel"": ""Call 16 BB"", ""attemptedAtMs"": 1790785467755, ""handOrdinal"": 20, ""decisionOrdinal"": 4, ""lastRenderedAtMs"": 1790785461600}]","[""Qs"", ""Ad""]","[""Qh"", ""4h"", ""Qd""]","[{""name"": ""fold"", ""kind"": ""fold"", ""raiseTo"": null}, {""name"": ""call"", ""kind"": ""call"", ""raiseTo"": null}]","[""Fold"", ""Call 16 BB""]",Call 16 BB,call,,1790785467755,True,True,True,1790785468046,1790785461600,6155,291,,False,False
bRdqiv-O7i7BOclSO4x5aj9I,sznBmSqiod4k2CxPbfTicRWf,21,1,preflop,2,1,"[{""type"": ""luna_attempt"", ""hand"": 21, ""decision"": 2, ""street"": ""pre-flop"", ""legalButtonLabels"": [""Fold"", ""Call 0.50 BB"", ""Min · 2 BB"", ""Pot · 3 BB""], ""attemptedButtonLabel"": ""Min · 2 BB"", ""attemptedAtMs"": 1790785480437, ""handOrdinal"": 21, ""decisionOrdinal"": 2, ""lastRenderedAtMs"": 1790785474653}]","[""2h"", ""5h""]",[],"[{""name"": ""fold"", ""kind"": ""fold"", ""raiseTo"": null}, {""name"": ""call"", ""kind"": ""call"", ""raiseTo"": null}, {""name"": ""min"", ""kind"": ""raise"", ""raiseTo"": 200}, {""name"": ""pot"", ""kind"": ""raise"", ""raiseTo"": 300}]","[""Fold"", ""Call 0.50 BB"", ""Min · 2 BB"", ""Pot · 3 BB""]",Min · 2 BB,raise,200,1790785480437,True,True,True,1790785480787,1790785474653,5784,350,,False,False
bRdqiv-O7i7BOclSO4x5aj9I,sznBmSqiod4k2CxPbfTicRWf,21,2,preflop,3,1,"[{""type"": ""luna_attempt"", ""hand"": 21, ""decision"": 3, ""street"": ""pre-flop"", ""legalButtonLabels"": [""Fold"", ""Call 4 BB"", ""Min · 10 BB"", ""Pot · 18 BB"", ""Jam · 20 BB""], ""attemptedButtonLabel"": ""Fold"", ""attemptedAtMs"": 1790785486228, ""handOrdinal"": 21, ""decisionOrdinal"": 3, ""lastRenderedAtMs"": 1790785480868}]","[""2h"", ""5h""]",[],"[{""name"": ""fold"", ""kind"": ""fold"", ""raiseTo"": null}, {""name"": ""call"", ""kind"": ""call"", ""raiseTo"": null}, {""name"": ""min"", ""kind"": ""raise"", ""raiseTo"": 1000}, {""name"": ""pot"", ""kind"": ""raise"", ""raiseTo"": 1800}, {""name"": ""jam"", ""kind"": ""raise"", ""raiseTo"": 2000}]","[""Fold"", ""Call 4 BB"", ""Min · 10 BB"", ""Pot · 18 BB"", ""Jam · 20 BB""]",Fold,fold,,1790785486228,True,True,True,1790785486498,1790785480868,5360,270,,False,False
bRdqiv-O7i7BOclSO4x5aj9I,JaZk8kkF5cHQjQI7danh4462,22,1,preflop,2,1,"[{""type"": ""luna_attempt"", ""hand"": 22, ""decision"": 2, ""street"": ""pre-flop"", ""legalButtonLabels"": [""Fold"", ""Call 1 BB"", ""Min · 3 BB"", ""Pot · 6 BB""], ""attemptedButtonLabel"": ""Min · 3 BB"", ""attemptedAtMs"": 1790785497013, ""handOrdinal"": 22, ""decisionOrdinal"": 2, ""lastRenderedAtMs"": 1790785491475}]","[""Th"", ""Ac""]",[],"[{""name"": ""fold"", ""kind"": ""fold"", ""raiseTo"": null}, {""name"": ""call"", ""kind"": ""call"", ""raiseTo"": null}, {""name"": ""min"", ""kind"": ""raise"", ""raiseTo"": 300}, {""name"": ""pot"", ""kind"": ""raise"", ""raiseTo"": 600}]","[""Fold"", ""Call 1 BB"", ""Min · 3 BB"", ""Pot · 6 BB""]",Min · 3 BB,raise,300,1790785497013,True,True,True,1790785497395,1790785491475,5538,382,,False,False
bRdqiv-O7i7BOclSO4x5aj9I,JaZk8kkF5cHQjQI7danh4462,22,2,preflop,3,1,"[{""type"": ""luna_attempt"", ""hand"": 22, ""decision"": 3, ""street"": ""pre-flop"", ""legalButtonLabels"": [""Fold"", ""Call 1 BB"", ""Min · 5 BB"", ""Pot · 12 BB"", ""Jam · 20 BB""], ""attemptedButtonLabel"": ""Call 1 BB"", ""attemptedAtMs"": 1790785503100, ""handOrdinal"": 22, ""decisionOrdinal"": 3, ""lastRenderedAtMs"": 1790785497493}]","[""Th"", ""Ac""]",[],"[{""name"": ""fold"", ""kind"": ""fold"", ""raiseTo"": null}, {""name"": ""call"", ""kind"": ""call"", ""raiseTo"": null}, {""name"": ""min"", ""kind"": ""raise"", ""raiseTo"": 500}, {""name"": ""pot"", ""kind"": ""raise"", ""raiseTo"": 1200}, {""name"": ""jam"", ""kind"": ""raise"", ""raiseTo"": 2000}]","[""Fold"", ""Call 1 BB"", ""Min · 5 BB"", ""Pot · 12 BB"", ""Jam · 20 BB""]",Call 1 BB,call,,1790785503100,True,True,True,1790785503323,1790785497493,5607,223,,False,False
bRdqiv-O7i7BOclSO4x5aj9I,JaZk8kkF5cHQjQI7danh4462,22,3,flop,4,1,"[{""type"": ""luna_attempt"", ""hand"": 22, ""decision"": 4, ""street"": ""flop"", ""legalButtonLabels"": [""check"", ""Min · 1 BB"", ""Pot · 8 BB"", ""Jam · 16 BB""], ""attemptedButtonLabel"": ""check"", ""attemptedAtMs"": 1790785508399, ""handOrdinal"": 22, ""decisionOrdinal"": 4, ""lastRenderedAtMs"": 1790785503402}]","[""Th"", ""Ac""]","[""6h"", ""2s"", ""8d""]","[{""name"": ""check"", ""kind"": ""check"", ""raiseTo"": null}, {""name"": ""min"", ""kind"": ""raise"", ""raiseTo"": 100}, {""name"": ""pot"", ""kind"": ""raise"", ""raiseTo"": 800}, {""name"": ""jam"", ""kind"": ""raise"", ""raiseTo"": 1600}]","[""check"", ""Min · 1 BB"", ""Pot · 8 BB"", ""Jam · 16 BB""]",check,check,,1790785508399,True,True,True,1790785508615,1790785503402,4997,216,,False,False
bRdqiv-O7i7BOclSO4x5aj9I,JaZk8kkF5cHQjQI7danh4462,22,4,turn,5,1,"[{""type"": ""luna_attempt"", ""hand"": 22, ""decision"": 5, ""street"": ""turn"", ""legalButtonLabels"": [""check"", ""Min · 1 BB"", ""Pot · 8 BB"", ""Jam · 16 BB""], ""attemptedButtonLabel"": ""check"", ""attemptedAtMs"": 1790785513474, ""handOrdinal"": 22, ""decisionOrdinal"": 5, ""lastRenderedAtMs"": 1790785508704}]","[""Th"", ""Ac""]","[""6h"", ""2s"", ""8d"", ""3d""]","[{""name"": ""check"", ""kind"": ""check"", ""raiseTo"": null}, {""name"": ""min"", ""kind"": ""raise"", ""raiseTo"": 100}, {""name"": ""pot"", ""kind"": ""raise"", ""raiseTo"": 800}, {""name"": ""jam"", ""kind"": ""raise"", ""raiseTo"": 1600}]","[""check"", ""Min · 1 BB"", ""Pot · 8 BB"", ""Jam · 16 BB""]",check,check,,1790785513474,True,True,True,1790785513731,1790785508704,4770,257,,False,False
bRdqiv-O7i7BOclSO4x5aj9I,JaZk8kkF5cHQjQI7danh4462,22,5,turn,6,1,"[{""type"": ""luna_attempt"", ""hand"": 22, ""decision"": 6, ""street"": ""turn"", ""legalButtonLabels"": [""Fold"", ""Call 8 BB"", ""Min · 16 BB""], ""attemptedButtonLabel"": ""Fold"", ""attemptedAtMs"": 1790785519183, ""handOrdinal"": 22, ""decisionOrdinal"": 6, ""lastRenderedAtMs"": 1790785513798}]","[""Th"", ""Ac""]","[""6h"", ""2s"", ""8d"", ""3d""]","[{""name"": ""fold"", ""kind"": ""fold"", ""raiseTo"": null}, {""name"": ""call"", ""kind"": ""call"", ""raiseTo"": null}, {""name"": ""min"", ""kind"": ""raise"", ""raiseTo"": 1600}]","[""Fold"", ""Call 8 BB"", ""Min · 16 BB""]",Fold,fold,,1790785519183,True,True,True,1790785519418,1790785513798,5385,235,,False,False
bRdqiv-O7i7BOclSO4x5aj9I,zcbtIALAMmlKQ6f_bvKwB_hB,23,1,preflop,2,1,"[{""type"": ""luna_attempt"", ""hand"": 23, ""decision"": 2, ""street"": ""pre-flop"", ""legalButtonLabels"": [""Fold"", ""Call 0.50 BB"", ""Min · 2 BB"", ""Pot · 3 BB""], ""attemptedButtonLabel"": ""Min · 2 BB"", ""attemptedAtMs"": 1790785530316, ""handOrdinal"": 23, ""decisionOrdinal"": 2, ""lastRenderedAtMs"": 1790785524095}]","[""2s"", ""2d""]",[],"[{""name"": ""fold"", ""kind"": ""fold"", ""raiseTo"": null}, {""name"": ""call"", ""kind"": ""call"", ""raiseTo"": null}, {""name"": ""min"", ""kind"": ""raise"", ""raiseTo"": 200}, {""name"": ""pot"", ""kind"": ""raise"", ""raiseTo"": 300}]","[""Fold"", ""Call 0.50 BB"", ""Min · 2 BB"", ""Pot · 3 BB""]",Min · 2 BB,raise,200,1790785530316,True,True,True,1790785530539,1790785524095,6221,223,,False,False
bRdqiv-O7i7BOclSO4x5aj9I,zcbtIALAMmlKQ6f_bvKwB_hB,23,2,preflop,3,1,"[{""type"": ""luna_attempt"", ""hand"": 23, ""decision"": 3, ""street"": ""pre-flop"", ""legalButtonLabels"": [""Fold"", ""Call 4 BB"", ""Min · 10 BB"", ""Pot · 18 BB"", ""Jam · 20 BB""], ""attemptedButtonLabel"": ""Fold"", ""attemptedAtMs"": 1790785536852, ""handOrdinal"": 23, ""decisionOrdinal"": 3, ""lastRenderedAtMs"": 1790785530572}]","[""2s"", ""2d""]",[],"[{""name"": ""fold"", ""kind"": ""fold"", ""raiseTo"": null}, {""name"": ""call"", ""kind"": ""call"", ""raiseTo"": null}, {""name"": ""min"", ""kind"": ""raise"", ""raiseTo"": 1000}, {""name"": ""pot"", ""kind"": ""raise"", ""raiseTo"": 1800}, {""name"": ""jam"", ""kind"": ""raise"", ""raiseTo"": 2000}]","[""Fold"", ""Call 4 BB"", ""Min · 10 BB"", ""Pot · 18 BB"", ""Jam · 20 BB""]",Fold,fold,,1790785536852,True,True,True,1790785537064,1790785530572,6280,212,,False,False
bRdqiv-O7i7BOclSO4x5aj9I,AIaRRsFSqZHnnN29UUcHKQEj,25,1,preflop,2,1,"[{""type"": ""luna_attempt"", ""hand"": 25, ""decision"": 2, ""street"": ""pre-flop"", ""legalButtonLabels"": [""Fold"", ""Call 0.50 BB"", ""Min · 2 BB"", ""Pot · 3 BB""], ""attemptedButtonLabel"": ""Pot · 3 BB"", ""attemptedAtMs"": 1790785553200, ""handOrdinal"": 25, ""decisionOrdinal"": 2, ""lastRenderedAtMs"": 1790785548260}]","[""Jc"", ""Ad""]",[],"[{""name"": ""fold"", ""kind"": ""fold"", ""raiseTo"": null}, {""name"": ""call"", ""kind"": ""call"", ""raiseTo"": null}, {""name"": ""min"", ""kind"": ""raise"", ""raiseTo"": 200}, {""name"": ""pot"", ""kind"": ""raise"", ""raiseTo"": 300}]","[""Fold"", ""Call 0.50 BB"", ""Min · 2 BB"", ""Pot · 3 BB""]",Pot · 3 BB,raise,300,1790785553200,True,True,True,1790785553472,1790785548260,4940,272,,False,False
bRdqiv-O7i7BOclSO4x5aj9I,AIaRRsFSqZHnnN29UUcHKQEj,25,2,preflop,3,1,"[{""type"": ""luna_attempt"", ""hand"": 25, ""decision"": 3, ""street"": ""pre-flop"", ""legalButtonLabels"": [""Fold"", ""Call 2 BB"", ""Min · 7 BB"", ""Pot · 15 BB"", ""Jam · 20 BB""], ""attemptedButtonLabel"": ""Jam · 20 BB"", ""attemptedAtMs"": 1790785560188, ""handOrdinal"": 25, ""decisionOrdinal"": 3, ""lastRenderedAtMs"": 1790785553558}]","[""Jc"", ""Ad""]",[],"[{""name"": ""fold"", ""kind"": ""fold"", ""raiseTo"": null}, {""name"": ""call"", ""kind"": ""call"", ""raiseTo"": null}, {""name"": ""min"", ""kind"": ""raise"", ""raiseTo"": 700}, {""name"": ""pot"", ""kind"": ""raise"", ""raiseTo"": 1500}, {""name"": ""jam"", ""kind"": ""raise"", ""raiseTo"": 2000}]","[""Fold"", ""Call 2 BB"", ""Min · 7 BB"", ""Pot · 15 BB"", ""Jam · 20 BB""]",Jam · 20 BB,raise,2000,1790785560188,True,True,True,1790785560440,1790785553558,6630,252,,False,False
bRdqiv-O7i7BOclSO4x5aj9I,0kKiU7OQwre30jQXtl04koJi,26,1,preflop,2,1,"[{""type"": ""luna_attempt"", ""hand"": 26, ""decision"": 2, ""street"": ""pre-flop"", ""legalButtonLabels"": [""check"", ""Min · 2 BB"", ""Pot · 3 BB""], ""attemptedButtonLabel"": ""Pot · 3 BB"", ""attemptedAtMs"": 1790785570000, ""handOrdinal"": 26, ""decisionOrdinal"": 2, ""lastRenderedAtMs"": 1790785565085}]","[""Tc"", ""Jd""]",[],"[{""name"": ""check"", ""kind"": ""check"", ""raiseTo"": null}, {""name"": ""min"", ""kind"": ""raise"", ""raiseTo"": 200}, {""name"": ""pot"", ""kind"": ""raise"", ""raiseTo"": 300}]","[""check"", ""Min · 2 BB"", ""Pot · 3 BB""]",Pot · 3 BB,raise,300,1790785570000,True,True,True,1790785570408,1790785565085,4915,408,,False,False
bRdqiv-O7i7BOclSO4x5aj9I,0kKiU7OQwre30jQXtl04koJi,26,2,preflop,3,1,"[{""type"": ""luna_attempt"", ""hand"": 26, ""decision"": 3, ""street"": ""pre-flop"", ""legalButtonLabels"": [""Fold"", ""Call 2 BB"", ""Min · 7 BB"", ""Pot · 15 BB"", ""Jam · 20 BB""], ""attemptedButtonLabel"": ""Call 2 BB"", ""attemptedAtMs"": 1790785575800, ""handOrdinal"": 26, ""decisionOrdinal"": 3, ""lastRenderedAtMs"": 1790785570497}]","[""Tc"", ""Jd""]",[],"[{""name"": ""fold"", ""kind"": ""fold"", ""raiseTo"": null}, {""name"": ""call"", ""kind"": ""call"", ""raiseTo"": null}, {""name"": ""min"", ""kind"": ""raise"", ""raiseTo"": 700}, {""name"": ""pot"", ""kind"": ""raise"", ""raiseTo"": 1500}, {""name"": ""jam"", ""kind"": ""raise"", ""raiseTo"": 2000}]","[""Fold"", ""Call 2 BB"", ""Min · 7 BB"", ""Pot · 15 BB"", ""Jam · 20 BB""]",Call 2 BB,call,,1790785575800,True,True,True,1790785576113,1790785570497,5303,313,,False,False
bRdqiv-O7i7BOclSO4x5aj9I,0kKiU7OQwre30jQXtl04koJi,26,3,flop,4,1,"[{""type"": ""luna_attempt"", ""hand"": 26, ""decision"": 4, ""street"": ""flop"", ""legalButtonLabels"": [""check"", ""Min · 1 BB"", ""Pot · 10 BB"", ""Jam · 15 BB""], ""attemptedButtonLabel"": ""check"", ""attemptedAtMs"": 1790785583451, ""handOrdinal"": 26, ""decisionOrdinal"": 4, ""lastRenderedAtMs"": 1790785576193}]","[""Tc"", ""Jd""]","[""Ah"", ""Qd"", ""4s""]","[{""name"": ""check"", ""kind"": ""check"", ""raiseTo"": null}, {""name"": ""min"", ""kind"": ""raise"", ""raiseTo"": 100}, {""name"": ""pot"", ""kind"": ""raise"", ""raiseTo"": 1000}, {""name"": ""jam"", ""kind"": ""raise"", ""raiseTo"": 1500}]","[""check"", ""Min · 1 BB"", ""Pot · 10 BB"", ""Jam · 15 BB""]",check,check,,1790785583451,True,True,True,1790785583748,1790785576193,7258,297,,False,False
bRdqiv-O7i7BOclSO4x5aj9I,0kKiU7OQwre30jQXtl04koJi,26,4,turn,5,1,"[{""type"": ""luna_attempt"", ""hand"": 26, ""decision"": 5, ""street"": ""turn"", ""legalButtonLabels"": [""check"", ""Min · 1 BB"", ""Pot · 10 BB"", ""Jam · 15 BB""], ""attemptedButtonLabel"": ""check"", ""attemptedAtMs"": 1790785589922, ""handOrdinal"": 26, ""decisionOrdinal"": 5, ""lastRenderedAtMs"": 1790785583831}]","[""Tc"", ""Jd""]","[""Ah"", ""Qd"", ""4s"", ""Td""]","[{""name"": ""check"", ""kind"": ""check"", ""raiseTo"": null}, {""name"": ""min"", ""kind"": ""raise"", ""raiseTo"": 100}, {""name"": ""pot"", ""kind"": ""raise"", ""raiseTo"": 1000}, {""name"": ""jam"", ""kind"": ""raise"", ""raiseTo"": 1500}]","[""check"", ""Min · 1 BB"", ""Pot · 10 BB"", ""Jam · 15 BB""]",check,check,,1790785589922,True,True,True,1790785590178,1790785583831,6091,256,,False,False
bRdqiv-O7i7BOclSO4x5aj9I,0kKiU7OQwre30jQXtl04koJi,26,5,turn,6,1,"[{""type"": ""luna_attempt"", ""hand"": 26, ""decision"": 6, ""street"": ""turn"", ""legalButtonLabels"": [""Fold"", ""Call 10 BB"", ""Min · 15 BB""], ""attemptedButtonLabel"": ""Fold"", ""attemptedAtMs"": 1790785595052, ""handOrdinal"": 26, ""decisionOrdinal"": 6, ""lastRenderedAtMs"": 1790785590249}]","[""Tc"", ""Jd""]","[""Ah"", ""Qd"", ""4s"", ""Td""]","[{""name"": ""fold"", ""kind"": ""fold"", ""raiseTo"": null}, {""name"": ""call"", ""kind"": ""call"", ""raiseTo"": null}, {""name"": ""min"", ""kind"": ""raise"", ""raiseTo"": 1500}]","[""Fold"", ""Call 10 BB"", ""Min · 15 BB""]",Fold,fold,,1790785595052,True,True,True,1790785595275,1790785590249,4803,223,,False,False
bRdqiv-O7i7BOclSO4x5aj9I,u_kjGQKjB-iyVbSt2fvt7b16,27,1,preflop,2,1,"[{""type"": ""luna_attempt"", ""hand"": 27, ""decision"": 2, ""street"": ""pre-flop"", ""legalButtonLabels"": [""Fold"", ""Call 0.50 BB"", ""Min · 2 BB"", ""Pot · 3 BB""], ""attemptedButtonLabel"": ""Min · 2 BB"", ""attemptedAtMs"": 1790785606570, ""handOrdinal"": 27, ""decisionOrdinal"": 2, ""lastRenderedAtMs"": 1790785601775}]","[""Th"", ""5c""]",[],"[{""name"": ""fold"", ""kind"": ""fold"", ""raiseTo"": null}, {""name"": ""call"", ""kind"": ""call"", ""raiseTo"": null}, {""name"": ""min"", ""kind"": ""raise"", ""raiseTo"": 200}, {""name"": ""pot"", ""kind"": ""raise"", ""raiseTo"": 300}]","[""Fold"", ""Call 0.50 BB"", ""Min · 2 BB"", ""Pot · 3 BB""]",Min · 2 BB,raise,200,1790785606570,True,True,True,1790785606784,1790785601775,4795,214,,False,False
bRdqiv-O7i7BOclSO4x5aj9I,cwe7F8S6br2uovFe_DU3tSF-,29,1,preflop,2,1,"[{""type"": ""luna_attempt"", ""hand"": 29, ""decision"": 2, ""street"": ""pre-flop"", ""legalButtonLabels"": [""Fold"", ""Call 0.50 BB"", ""Min · 2 BB"", ""Pot · 3 BB""], ""attemptedButtonLabel"": ""Min · 2 BB"", ""attemptedAtMs"": 1790785623248, ""handOrdinal"": 29, ""decisionOrdinal"": 2, ""lastRenderedAtMs"": 1790785618076}]","[""9d"", ""8h""]",[],"[{""name"": ""fold"", ""kind"": ""fold"", ""raiseTo"": null}, {""name"": ""call"", ""kind"": ""call"", ""raiseTo"": null}, {""name"": ""min"", ""kind"": ""raise"", ""raiseTo"": 200}, {""name"": ""pot"", ""kind"": ""raise"", ""raiseTo"": 300}]","[""Fold"", ""Call 0.50 BB"", ""Min · 2 BB"", ""Pot · 3 BB""]",Min · 2 BB,raise,200,1790785623248,True,True,True,1790785623498,1790785618076,5172,250,,False,False
bRdqiv-O7i7BOclSO4x5aj9I,cwe7F8S6br2uovFe_DU3tSF-,29,2,preflop,3,1,"[{""type"": ""luna_attempt"", ""hand"": 29, ""decision"": 3, ""street"": ""pre-flop"", ""legalButtonLabels"": [""Fold"", ""Call 1 BB"", ""Min · 4 BB"", ""Pot · 9 BB""], ""attemptedButtonLabel"": ""Call 1 BB"", ""attemptedAtMs"": 1790785628260, ""handOrdinal"": 29, ""decisionOrdinal"": 3, ""lastRenderedAtMs"": 1790785623575}]","[""9d"", ""8h""]",[],"[{""name"": ""fold"", ""kind"": ""fold"", ""raiseTo"": null}, {""name"": ""call"", ""kind"": ""call"", ""raiseTo"": null}, {""name"": ""min"", ""kind"": ""raise"", ""raiseTo"": 400}, {""name"": ""pot"", ""kind"": ""raise"", ""raiseTo"": 900}]","[""Fold"", ""Call 1 BB"", ""Min · 4 BB"", ""Pot · 9 BB""]",Call 1 BB,call,,1790785628260,True,True,True,1790785628590,1790785623575,4685,330,,False,False
bRdqiv-O7i7BOclSO4x5aj9I,cwe7F8S6br2uovFe_DU3tSF-,29,3,flop,4,1,"[{""type"": ""luna_attempt"", ""hand"": 29, ""decision"": 4, ""street"": ""flop"", ""legalButtonLabels"": [""Fold"", ""Call 6 BB"", ""Min · 12 BB"", ""Pot · 17 BB""], ""attemptedButtonLabel"": ""Fold"", ""attemptedAtMs"": 1790785635626, ""handOrdinal"": 29, ""decisionOrdinal"": 4, ""lastRenderedAtMs"": 1790785628669}]","[""9d"", ""8h""]","[""4s"", ""7d"", ""Kd""]","[{""name"": ""fold"", ""kind"": ""fold"", ""raiseTo"": null}, {""name"": ""call"", ""kind"": ""call"", ""raiseTo"": null}, {""name"": ""min"", ""kind"": ""raise"", ""raiseTo"": 1200}, {""name"": ""pot"", ""kind"": ""raise"", ""raiseTo"": 1700}]","[""Fold"", ""Call 6 BB"", ""Min · 12 BB"", ""Pot · 17 BB""]",Fold,fold,,1790785635626,True,True,True,1790785635919,1790785628669,6957,293,,False,False
bRdqiv-O7i7BOclSO4x5aj9I,n4LXY95HEP8yjCyjgIugmRjI,30,1,preflop,2,1,"[{""type"": ""luna_attempt"", ""hand"": 30, ""decision"": 2, ""street"": ""pre-flop"", ""legalButtonLabels"": [""check"", ""Min · 2 BB"", ""Pot · 3 BB""], ""attemptedButtonLabel"": ""Pot · 3 BB"", ""attemptedAtMs"": 1790785648032, ""handOrdinal"": 30, ""decisionOrdinal"": 2, ""lastRenderedAtMs"": 1790785643350}]","[""8c"", ""Qs""]",[],"[{""name"": ""check"", ""kind"": ""check"", ""raiseTo"": null}, {""name"": ""min"", ""kind"": ""raise"", ""raiseTo"": 200}, {""name"": ""pot"", ""kind"": ""raise"", ""raiseTo"": 300}]","[""check"", ""Min · 2 BB"", ""Pot · 3 BB""]",Pot · 3 BB,raise,300,1790785648032,True,True,True,1790785648255,1790785643350,4682,223,,False,False
bRdqiv-O7i7BOclSO4x5aj9I,n4LXY95HEP8yjCyjgIugmRjI,30,2,flop,3,1,"[{""type"": ""luna_attempt"", ""hand"": 30, ""decision"": 3, ""street"": ""flop"", ""legalButtonLabels"": [""check"", ""Min · 1 BB"", ""Pot · 6 BB""], ""attemptedButtonLabel"": ""check"", ""attemptedAtMs"": 1790785653915, ""handOrdinal"": 30, ""decisionOrdinal"": 3, ""lastRenderedAtMs"": 1790785648344}]","[""8c"", ""Qs""]","[""2d"", ""Ad"", ""9h""]","[{""name"": ""check"", ""kind"": ""check"", ""raiseTo"": null}, {""name"": ""min"", ""kind"": ""raise"", ""raiseTo"": 100}, {""name"": ""pot"", ""kind"": ""raise"", ""raiseTo"": 600}]","[""check"", ""Min · 1 BB"", ""Pot · 6 BB""]",check,check,,1790785653915,True,True,True,1790785654271,1790785648344,5571,356,,False,False
bRdqiv-O7i7BOclSO4x5aj9I,n4LXY95HEP8yjCyjgIugmRjI,30,3,turn,4,1,"[{""type"": ""luna_attempt"", ""hand"": 30, ""decision"": 4, ""street"": ""turn"", ""legalButtonLabels"": [""check"", ""Min · 1 BB"", ""Pot · 6 BB""], ""attemptedButtonLabel"": ""check"", ""attemptedAtMs"": 1790785658921, ""handOrdinal"": 30, ""decisionOrdinal"": 4, ""lastRenderedAtMs"": 1790785654329}]","[""8c"", ""Qs""]","[""2d"", ""Ad"", ""9h"", ""2h""]","[{""name"": ""check"", ""kind"": ""check"", ""raiseTo"": null}, {""name"": ""min"", ""kind"": ""raise"", ""raiseTo"": 100}, {""name"": ""pot"", ""kind"": ""raise"", ""raiseTo"": 600}]","[""check"", ""Min · 1 BB"", ""Pot · 6 BB""]",check,check,,1790785658921,True,True,True,1790785659163,1790785654329,4592,242,,False,False
bRdqiv-O7i7BOclSO4x5aj9I,n4LXY95HEP8yjCyjgIugmRjI,30,4,turn,5,1,"[{""type"": ""luna_attempt"", ""hand"": 30, ""decision"": 5, ""street"": ""turn"", ""legalButtonLabels"": [""Fold"", ""Call 1 BB"", ""Min · 2 BB"", ""Pot · 9 BB"", ""Jam · 17 BB""], ""attemptedButtonLabel"": ""Call 1 BB"", ""attemptedAtMs"": 1790785665283, ""handOrdinal"": 30, ""decisionOrdinal"": 5, ""lastRenderedAtMs"": 1790785659251}]","[""8c"", ""Qs""]","[""2d"", ""Ad"", ""9h"", ""2h""]","[{""name"": ""fold"", ""kind"": ""fold"", ""raiseTo"": null}, {""name"": ""call"", ""kind"": ""call"", ""raiseTo"": null}, {""name"": ""min"", ""kind"": ""raise"", ""raiseTo"": 200}, {""name"": ""pot"", ""kind"": ""raise"", ""raiseTo"": 900}, {""name"": ""jam"", ""kind"": ""raise"", ""raiseTo"": 1700}]","[""Fold"", ""Call 1 BB"", ""Min · 2 BB"", ""Pot · 9 BB"", ""Jam · 17 BB""]",Call 1 BB,call,,1790785665283,True,True,True,1790785665587,1790785659251,6032,304,,False,False
bRdqiv-O7i7BOclSO4x5aj9I,n4LXY95HEP8yjCyjgIugmRjI,30,5,river,6,1,"[{""type"": ""luna_attempt"", ""hand"": 30, ""decision"": 6, ""street"": ""river"", ""legalButtonLabels"": [""check"", ""Min · 1 BB"", ""Pot · 8 BB"", ""Jam · 16 BB""], ""attemptedButtonLabel"": ""check"", ""attemptedAtMs"": 1790785670654, ""handOrdinal"": 30, ""decisionOrdinal"": 6, ""lastRenderedAtMs"": 1790785665670}]","[""8c"", ""Qs""]","[""2d"", ""Ad"", ""9h"", ""2h"", ""3c""]","[{""name"": ""check"", ""kind"": ""check"", ""raiseTo"": null}, {""name"": ""min"", ""kind"": ""raise"", ""raiseTo"": 100}, {""name"": ""pot"", ""kind"": ""raise"", ""raiseTo"": 800}, {""name"": ""jam"", ""kind"": ""raise"", ""raiseTo"": 1600}]","[""check"", ""Min · 1 BB"", ""Pot · 8 BB"", ""Jam · 16 BB""]",check,check,,1790785670654,True,True,True,1790785670881,1790785665670,4984,227,,False,False
bRdqiv-O7i7BOclSO4x5aj9I,n4LXY95HEP8yjCyjgIugmRjI,30,6,river,7,1,"[{""type"": ""luna_attempt"", ""hand"": 30, ""decision"": 7, ""street"": ""river"", ""legalButtonLabels"": [""Fold"", ""Call 1 BB"", ""Min · 2 BB"", ""Pot · 11 BB"", ""Jam · 16 BB""], ""attemptedButtonLabel"": ""Call 1 BB"", ""attemptedAtMs"": 1790785677611, ""handOrdinal"": 30, ""decisionOrdinal"": 7, ""lastRenderedAtMs"": 1790785670963}]","[""8c"", ""Qs""]","[""2d"", ""Ad"", ""9h"", ""2h"", ""3c""]","[{""name"": ""fold"", ""kind"": ""fold"", ""raiseTo"": null}, {""name"": ""call"", ""kind"": ""call"", ""raiseTo"": null}, {""name"": ""min"", ""kind"": ""raise"", ""raiseTo"": 200}, {""name"": ""pot"", ""kind"": ""raise"", ""raiseTo"": 1100}, {""name"": ""jam"", ""kind"": ""raise"", ""raiseTo"": 1600}]","[""Fold"", ""Call 1 BB"", ""Min · 2 BB"", ""Pot · 11 BB"", ""Jam · 16 BB""]",Call 1 BB,call,,1790785677611,True,True,True,1790785677917,1790785670963,6648,306,,False,False
bRdqiv-O7i7BOclSO4x5aj9I,9CtMhsztCjxfpkbGh7IDaX3N,31,1,preflop,2,1,"[{""type"": ""luna_attempt"", ""hand"": 31, ""decision"": 2, ""street"": ""pre-flop"", ""legalButtonLabels"": [""Fold"", ""Call 0.50 BB"", ""Min · 2 BB"", ""Pot · 3 BB""], ""attemptedButtonLabel"": ""Min · 2 BB"", ""attemptedAtMs"": 1790785688165, ""handOrdinal"": 31, ""decisionOrdinal"": 2, ""lastRenderedAtMs"": 1790785683100}]","[""9h"", ""2h""]",[],"[{""name"": ""fold"", ""kind"": ""fold"", ""raiseTo"": null}, {""name"": ""call"", ""kind"": ""call"", ""raiseTo"": null}, {""name"": ""min"", ""kind"": ""raise"", ""raiseTo"": 200}, {""name"": ""pot"", ""kind"": ""raise"", ""raiseTo"": 300}]","[""Fold"", ""Call 0.50 BB"", ""Min · 2 BB"", ""Pot · 3 BB""]",Min · 2 BB,raise,200,1790785688165,True,True,True,1790785688424,1790785683100,5065,259,,False,False
bRdqiv-O7i7BOclSO4x5aj9I,NjKL7n2qHUHqmownKasBHHcZ,32,1,preflop,2,1,"[{""type"": ""luna_attempt"", ""hand"": 32, ""decision"": 2, ""street"": ""pre-flop"", ""legalButtonLabels"": [""Fold"", ""Call 2 BB"", ""Min · 5 BB"", ""Pot · 9 BB""], ""attemptedButtonLabel"": ""Fold"", ""attemptedAtMs"": 1790785700848, ""handOrdinal"": 32, ""decisionOrdinal"": 2, ""lastRenderedAtMs"": 1790785693812}]","[""2d"", ""Jd""]",[],"[{""name"": ""fold"", ""kind"": ""fold"", ""raiseTo"": null}, {""name"": ""call"", ""kind"": ""call"", ""raiseTo"": null}, {""name"": ""min"", ""kind"": ""raise"", ""raiseTo"": 500}, {""name"": ""pot"", ""kind"": ""raise"", ""raiseTo"": 900}]","[""Fold"", ""Call 2 BB"", ""Min · 5 BB"", ""Pot · 9 BB""]",Fold,fold,,1790785700848,True,True,True,1790785701209,1790785693812,7036,361,,False,False
bRdqiv-O7i7BOclSO4x5aj9I,W4qUdSrzAgDHb9bgXn67Iwyu,33,1,preflop,2,1,"[{""type"": ""luna_attempt"", ""hand"": 33, ""decision"": 2, ""street"": ""pre-flop"", ""legalButtonLabels"": [""Fold"", ""Call 0.50 BB"", ""Min · 2 BB"", ""Pot · 3 BB""], ""attemptedButtonLabel"": ""Min · 2 BB"", ""attemptedAtMs"": 1790785711083, ""handOrdinal"": 33, ""decisionOrdinal"": 2, ""lastRenderedAtMs"": 1790785706353}]","[""2s"", ""Tc""]",[],"[{""name"": ""fold"", ""kind"": ""fold"", ""raiseTo"": null}, {""name"": ""call"", ""kind"": ""call"", ""raiseTo"": null}, {""name"": ""min"", ""kind"": ""raise"", ""raiseTo"": 200}, {""name"": ""pot"", ""kind"": ""raise"", ""raiseTo"": 300}]","[""Fold"", ""Call 0.50 BB"", ""Min · 2 BB"", ""Pot · 3 BB""]",Min · 2 BB,raise,200,1790785711083,True,True,True,1790785711376,1790785706353,4730,293,,False,False
bRdqiv-O7i7BOclSO4x5aj9I,Digs_7WNrQZjaxBwnncLn8qH,35,1,preflop,2,1,"[{""type"": ""luna_attempt"", ""hand"": 35, ""decision"": 2, ""street"": ""pre-flop"", ""legalButtonLabels"": [""Fold"", ""Call 0.50 BB"", ""Min · 2 BB"", ""Pot · 3 BB""], ""attemptedButtonLabel"": ""Fold"", ""attemptedAtMs"": 1790785732483, ""handOrdinal"": 35, ""decisionOrdinal"": 2, ""lastRenderedAtMs"": 1790785723677}]","[""2d"", ""6s""]",[],"[{""name"": ""fold"", ""kind"": ""fold"", ""raiseTo"": null}, {""name"": ""call"", ""kind"": ""call"", ""raiseTo"": null}, {""name"": ""min"", ""kind"": ""raise"", ""raiseTo"": 200}, {""name"": ""pot"", ""kind"": ""raise"", ""raiseTo"": 300}]","[""Fold"", ""Call 0.50 BB"", ""Min · 2 BB"", ""Pot · 3 BB""]",Fold,fold,,1790785732483,True,True,True,1790785732703,1790785723677,8806,220,,False,False
bRdqiv-O7i7BOclSO4x5aj9I,Wl1IsLAOcqGEoOZhr8-rqXi0,36,1,preflop,2,1,"[{""type"": ""luna_attempt"", ""hand"": 36, ""decision"": 2, ""street"": ""pre-flop"", ""legalButtonLabels"": [""Fold"", ""Call 1 BB"", ""Min · 3 BB"", ""Pot · 6 BB""], ""attemptedButtonLabel"": ""Call 1 BB"", ""attemptedAtMs"": 1790785746519, ""handOrdinal"": 36, ""decisionOrdinal"": 2, ""lastRenderedAtMs"": 1790785738057}]","[""Qs"", ""4c""]",[],"[{""name"": ""fold"", ""kind"": ""fold"", ""raiseTo"": null}, {""name"": ""call"", ""kind"": ""call"", ""raiseTo"": null}, {""name"": ""min"", ""kind"": ""raise"", ""raiseTo"": 300}, {""name"": ""pot"", ""kind"": ""raise"", ""raiseTo"": 600}]","[""Fold"", ""Call 1 BB"", ""Min · 3 BB"", ""Pot · 6 BB""]",Call 1 BB,call,,1790785746519,True,True,True,1790785746746,1790785738057,8462,227,,False,False
bRdqiv-O7i7BOclSO4x5aj9I,Wl1IsLAOcqGEoOZhr8-rqXi0,36,2,flop,3,1,"[{""type"": ""luna_attempt"", ""hand"": 36, ""decision"": 3, ""street"": ""flop"", ""legalButtonLabels"": [""check"", ""Min · 1 BB"", ""Pot · 4 BB""], ""attemptedButtonLabel"": ""check"", ""attemptedAtMs"": 1790785753196, ""handOrdinal"": 36, ""decisionOrdinal"": 3, ""lastRenderedAtMs"": 1790785746823}]","[""Qs"", ""4c""]","[""9c"", ""4d"", ""Jd""]","[{""name"": ""check"", ""kind"": ""check"", ""raiseTo"": null}, {""name"": ""min"", ""kind"": ""raise"", ""raiseTo"": 100}, {""name"": ""pot"", ""kind"": ""raise"", ""raiseTo"": 400}]","[""check"", ""Min · 1 BB"", ""Pot · 4 BB""]",check,check,,1790785753196,True,True,True,1790785753578,1790785746823,6373,382,,False,False
bRdqiv-O7i7BOclSO4x5aj9I,Wl1IsLAOcqGEoOZhr8-rqXi0,36,3,flop,4,1,"[{""type"": ""luna_attempt"", ""hand"": 36, ""decision"": 4, ""street"": ""flop"", ""legalButtonLabels"": [""Fold"", ""Call 1 BB"", ""Min · 2 BB"", ""Pot · 7 BB""], ""attemptedButtonLabel"": ""Call 1 BB"", ""attemptedAtMs"": 1790785759098, ""handOrdinal"": 36, ""decisionOrdinal"": 4, ""lastRenderedAtMs"": 1790785753657}]","[""Qs"", ""4c""]","[""9c"", ""4d"", ""Jd""]","[{""name"": ""fold"", ""kind"": ""fold"", ""raiseTo"": null}, {""name"": ""call"", ""kind"": ""call"", ""raiseTo"": null}, {""name"": ""min"", ""kind"": ""raise"", ""raiseTo"": 200}, {""name"": ""pot"", ""kind"": ""raise"", ""raiseTo"": 700}]","[""Fold"", ""Call 1 BB"", ""Min · 2 BB"", ""Pot · 7 BB""]",Call 1 BB,call,,1790785759098,True,True,True,1790785759383,1790785753657,5441,285,,False,False
bRdqiv-O7i7BOclSO4x5aj9I,Wl1IsLAOcqGEoOZhr8-rqXi0,36,4,turn,5,1,"[{""type"": ""luna_attempt"", ""hand"": 36, ""decision"": 5, ""street"": ""turn"", ""legalButtonLabels"": [""check"", ""Min · 1 BB"", ""Pot · 6 BB""], ""attemptedButtonLabel"": ""check"", ""attemptedAtMs"": 1790785764440, ""handOrdinal"": 36, ""decisionOrdinal"": 5, ""lastRenderedAtMs"": 1790785759472}]","[""Qs"", ""4c""]","[""9c"", ""4d"", ""Jd"", ""2h""]","[{""name"": ""check"", ""kind"": ""check"", ""raiseTo"": null}, {""name"": ""min"", ""kind"": ""raise"", ""raiseTo"": 100}, {""name"": ""pot"", ""kind"": ""raise"", ""raiseTo"": 600}]","[""check"", ""Min · 1 BB"", ""Pot · 6 BB""]",check,check,,1790785764440,True,True,True,1790785764784,1790785759472,4968,344,,False,False
bRdqiv-O7i7BOclSO4x5aj9I,Wl1IsLAOcqGEoOZhr8-rqXi0,36,5,turn,6,1,"[{""type"": ""luna_attempt"", ""hand"": 36, ""decision"": 6, ""street"": ""turn"", ""legalButtonLabels"": [""Fold"", ""Call 6 BB"", ""Min · 12 BB"", ""Pot · 17 BB""], ""attemptedButtonLabel"": ""Fold"", ""attemptedAtMs"": 1790785769765, ""handOrdinal"": 36, ""decisionOrdinal"": 6, ""lastRenderedAtMs"": 1790785764871}]","[""Qs"", ""4c""]","[""9c"", ""4d"", ""Jd"", ""2h""]","[{""name"": ""fold"", ""kind"": ""fold"", ""raiseTo"": null}, {""name"": ""call"", ""kind"": ""call"", ""raiseTo"": null}, {""name"": ""min"", ""kind"": ""raise"", ""raiseTo"": 1200}, {""name"": ""pot"", ""kind"": ""raise"", ""raiseTo"": 1700}]","[""Fold"", ""Call 6 BB"", ""Min · 12 BB"", ""Pot · 17 BB""]",Fold,fold,,1790785769765,True,True,True,1790785770006,1790785764871,4894,241,,False,False
bRdqiv-O7i7BOclSO4x5aj9I,hYBu_5zs5vCS0R_J1JWb_QHI,37,1,preflop,2,1,"[{""type"": ""luna_attempt"", ""hand"": 37, ""decision"": 2, ""street"": ""pre-flop"", ""legalButtonLabels"": [""Fold"", ""Call 0.50 BB"", ""Min · 2 BB"", ""Pot · 3 BB""], ""attemptedButtonLabel"": ""Min · 2 BB"", ""attemptedAtMs"": 1790785783200, ""handOrdinal"": 37, ""decisionOrdinal"": 2, ""lastRenderedAtMs"": 1790785774874}]","[""8d"", ""9s""]",[],"[{""name"": ""fold"", ""kind"": ""fold"", ""raiseTo"": null}, {""name"": ""call"", ""kind"": ""call"", ""raiseTo"": null}, {""name"": ""min"", ""kind"": ""raise"", ""raiseTo"": 200}, {""name"": ""pot"", ""kind"": ""raise"", ""raiseTo"": 300}]","[""Fold"", ""Call 0.50 BB"", ""Min · 2 BB"", ""Pot · 3 BB""]",Min · 2 BB,raise,200,1790785783200,True,True,True,1790785783549,1790785774874,8326,349,,False,False
bRdqiv-O7i7BOclSO4x5aj9I,hYBu_5zs5vCS0R_J1JWb_QHI,37,2,preflop,3,1,"[{""type"": ""luna_attempt"", ""hand"": 37, ""decision"": 3, ""street"": ""pre-flop"", ""legalButtonLabels"": [""Fold"", ""Call 4 BB"", ""Min · 10 BB"", ""Pot · 18 BB"", ""Jam · 20 BB""], ""attemptedButtonLabel"": ""Fold"", ""attemptedAtMs"": 1790785788641, ""handOrdinal"": 37, ""decisionOrdinal"": 3, ""lastRenderedAtMs"": 1790785783635}]","[""8d"", ""9s""]",[],"[{""name"": ""fold"", ""kind"": ""fold"", ""raiseTo"": null}, {""name"": ""call"", ""kind"": ""call"", ""raiseTo"": null}, {""name"": ""min"", ""kind"": ""raise"", ""raiseTo"": 1000}, {""name"": ""pot"", ""kind"": ""raise"", ""raiseTo"": 1800}, {""name"": ""jam"", ""kind"": ""raise"", ""raiseTo"": 2000}]","[""Fold"", ""Call 4 BB"", ""Min · 10 BB"", ""Pot · 18 BB"", ""Jam · 20 BB""]",Fold,fold,,1790785788641,True,True,True,1790785788904,1790785783635,5006,263,,False,False
bRdqiv-O7i7BOclSO4x5aj9I,pLWB035tJcjaQu4j6FJu_Uw-,38,1,preflop,2,1,"[{""type"": ""luna_attempt"", ""hand"": 38, ""decision"": 2, ""street"": ""pre-flop"", ""legalButtonLabels"": [""Fold"", ""Call 1 BB"", ""Min · 3 BB"", ""Pot · 6 BB""], ""attemptedButtonLabel"": ""Call 1 BB"", ""attemptedAtMs"": 1790785799152, ""handOrdinal"": 38, ""decisionOrdinal"": 2, ""lastRenderedAtMs"": 1790785794022}]","[""Kc"", ""8d""]",[],"[{""name"": ""fold"", ""kind"": ""fold"", ""raiseTo"": null}, {""name"": ""call"", ""kind"": ""call"", ""raiseTo"": null}, {""name"": ""min"", ""kind"": ""raise"", ""raiseTo"": 300}, {""name"": ""pot"", ""kind"": ""raise"", ""raiseTo"": 600}]","[""Fold"", ""Call 1 BB"", ""Min · 3 BB"", ""Pot · 6 BB""]",Call 1 BB,call,,1790785799152,True,True,True,1790785799538,1790785794022,5130,386,,False,False
bRdqiv-O7i7BOclSO4x5aj9I,pLWB035tJcjaQu4j6FJu_Uw-,38,2,flop,3,1,"[{""type"": ""luna_attempt"", ""hand"": 38, ""decision"": 3, ""street"": ""flop"", ""legalButtonLabels"": [""check"", ""Min · 1 BB"", ""Pot · 4 BB""], ""attemptedButtonLabel"": ""check"", ""attemptedAtMs"": 1790785807931, ""handOrdinal"": 38, ""decisionOrdinal"": 3, ""lastRenderedAtMs"": 1790785799626}]","[""Kc"", ""8d""]","[""8s"", ""Js"", ""Ks""]","[{""name"": ""check"", ""kind"": ""check"", ""raiseTo"": null}, {""name"": ""min"", ""kind"": ""raise"", ""raiseTo"": 100}, {""name"": ""pot"", ""kind"": ""raise"", ""raiseTo"": 400}]","[""check"", ""Min · 1 BB"", ""Pot · 4 BB""]",check,check,,1790785807931,True,True,True,1790785808208,1790785799626,8305,277,,False,False
bRdqiv-O7i7BOclSO4x5aj9I,pLWB035tJcjaQu4j6FJu_Uw-,38,3,flop,4,1,"[{""type"": ""luna_attempt"", ""hand"": 38, ""decision"": 4, ""street"": ""flop"", ""legalButtonLabels"": [""Fold"", ""Call 1 BB"", ""Min · 2 BB"", ""Pot · 7 BB""], ""attemptedButtonLabel"": ""Min · 2 BB"", ""attemptedAtMs"": 1790785814535, ""handOrdinal"": 38, ""decisionOrdinal"": 4, ""lastRenderedAtMs"": 1790785808283}]","[""Kc"", ""8d""]","[""8s"", ""Js"", ""Ks""]","[{""name"": ""fold"", ""kind"": ""fold"", ""raiseTo"": null}, {""name"": ""call"", ""kind"": ""call"", ""raiseTo"": null}, {""name"": ""min"", ""kind"": ""raise"", ""raiseTo"": 200}, {""name"": ""pot"", ""kind"": ""raise"", ""raiseTo"": 700}]","[""Fold"", ""Call 1 BB"", ""Min · 2 BB"", ""Pot · 7 BB""]",Min · 2 BB,raise,200,1790785814535,True,True,True,1790785814759,1790785808283,6252,224,,False,False
bRdqiv-O7i7BOclSO4x5aj9I,pLWB035tJcjaQu4j6FJu_Uw-,38,4,turn,5,1,"[{""type"": ""luna_attempt"", ""hand"": 38, ""decision"": 5, ""street"": ""turn"", ""legalButtonLabels"": [""check"", ""Min · 1 BB"", ""Pot · 8 BB"", ""Jam · 16 BB""], ""attemptedButtonLabel"": ""check"", ""attemptedAtMs"": 1790785820721, ""handOrdinal"": 38, ""decisionOrdinal"": 5, ""lastRenderedAtMs"": 1790785814793}]","[""Kc"", ""8d""]","[""8s"", ""Js"", ""Ks"", ""9s""]","[{""name"": ""check"", ""kind"": ""check"", ""raiseTo"": null}, {""name"": ""min"", ""kind"": ""raise"", ""raiseTo"": 100}, {""name"": ""pot"", ""kind"": ""raise"", ""raiseTo"": 800}, {""name"": ""jam"", ""kind"": ""raise"", ""raiseTo"": 1600}]","[""check"", ""Min · 1 BB"", ""Pot · 8 BB"", ""Jam · 16 BB""]",check,check,,1790785820721,True,True,True,1790785821026,1790785814793,5928,305,,False,False
bRdqiv-O7i7BOclSO4x5aj9I,pLWB035tJcjaQu4j6FJu_Uw-,38,5,turn,6,1,"[{""type"": ""luna_attempt"", ""hand"": 38, ""decision"": 6, ""street"": ""turn"", ""legalButtonLabels"": [""Fold"", ""Call 8 BB"", ""Min · 16 BB""], ""attemptedButtonLabel"": ""Fold"", ""attemptedAtMs"": 1790785826161, ""handOrdinal"": 38, ""decisionOrdinal"": 6, ""lastRenderedAtMs"": 1790785821108}]","[""Kc"", ""8d""]","[""8s"", ""Js"", ""Ks"", ""9s""]","[{""name"": ""fold"", ""kind"": ""fold"", ""raiseTo"": null}, {""name"": ""call"", ""kind"": ""call"", ""raiseTo"": null}, {""name"": ""min"", ""kind"": ""raise"", ""raiseTo"": 1600}]","[""Fold"", ""Call 8 BB"", ""Min · 16 BB""]",Fold,fold,,1790785826161,True,True,True,1790785826430,1790785821108,5053,269,,False,False
bRdqiv-O7i7BOclSO4x5aj9I,2t9iNUCsGm3S_K5mR5KYJxGW,39,1,preflop,2,1,"[{""type"": ""luna_attempt"", ""hand"": 39, ""decision"": 2, ""street"": ""pre-flop"", ""legalButtonLabels"": [""Fold"", ""Call 0.50 BB"", ""Min · 2 BB"", ""Pot · 3 BB""], ""attemptedButtonLabel"": ""Min · 2 BB"", ""attemptedAtMs"": 1790785841037, ""handOrdinal"": 39, ""decisionOrdinal"": 2, ""lastRenderedAtMs"": 1790785833440}]","[""Qh"", ""7c""]",[],"[{""name"": ""fold"", ""kind"": ""fold"", ""raiseTo"": null}, {""name"": ""call"", ""kind"": ""call"", ""raiseTo"": null}, {""name"": ""min"", ""kind"": ""raise"", ""raiseTo"": 200}, {""name"": ""pot"", ""kind"": ""raise"", ""raiseTo"": 300}]","[""Fold"", ""Call 0.50 BB"", ""Min · 2 BB"", ""Pot · 3 BB""]",Min · 2 BB,raise,200,1790785841037,True,True,True,1790785841254,1790785833440,7597,217,,False,False
bRdqiv-O7i7BOclSO4x5aj9I,a_ZpeeRE9JrPIWyREVFnMToM,40,1,preflop,2,1,"[{""type"": ""luna_attempt"", ""hand"": 40, ""decision"": 2, ""street"": ""pre-flop"", ""legalButtonLabels"": [""Fold"", ""Call 1 BB"", ""Min · 3 BB"", ""Pot · 6 BB""], ""attemptedButtonLabel"": ""Call 1 BB"", ""attemptedAtMs"": 1790785853282, ""handOrdinal"": 40, ""decisionOrdinal"": 2, ""lastRenderedAtMs"": 1790785847684}]","[""Qd"", ""5h""]",[],"[{""name"": ""fold"", ""kind"": ""fold"", ""raiseTo"": null}, {""name"": ""call"", ""kind"": ""call"", ""raiseTo"": null}, {""name"": ""min"", ""kind"": ""raise"", ""raiseTo"": 300}, {""name"": ""pot"", ""kind"": ""raise"", ""raiseTo"": 600}]","[""Fold"", ""Call 1 BB"", ""Min · 3 BB"", ""Pot · 6 BB""]",Call 1 BB,call,,1790785853282,True,True,True,1790785853610,1790785847684,5598,328,,False,False
bRdqiv-O7i7BOclSO4x5aj9I,a_ZpeeRE9JrPIWyREVFnMToM,40,2,flop,3,1,"[{""type"": ""luna_attempt"", ""hand"": 40, ""decision"": 3, ""street"": ""flop"", ""legalButtonLabels"": [""check"", ""Min · 1 BB"", ""Pot · 4 BB""], ""attemptedButtonLabel"": ""check"", ""attemptedAtMs"": 1790785860289, ""handOrdinal"": 40, ""decisionOrdinal"": 3, ""lastRenderedAtMs"": 1790785853704}]","[""Qd"", ""5h""]","[""Js"", ""Qs"", ""Kc""]","[{""name"": ""check"", ""kind"": ""check"", ""raiseTo"": null}, {""name"": ""min"", ""kind"": ""raise"", ""raiseTo"": 100}, {""name"": ""pot"", ""kind"": ""raise"", ""raiseTo"": 400}]","[""check"", ""Min · 1 BB"", ""Pot · 4 BB""]",check,check,,1790785860289,True,True,True,1790785860545,1790785853704,6585,256,,False,False
bRdqiv-O7i7BOclSO4x5aj9I,a_ZpeeRE9JrPIWyREVFnMToM,40,3,flop,4,1,"[{""type"": ""luna_attempt"", ""hand"": 40, ""decision"": 4, ""street"": ""flop"", ""legalButtonLabels"": [""Fold"", ""Call 1 BB"", ""Min · 2 BB"", ""Pot · 7 BB""], ""attemptedButtonLabel"": ""Call 1 BB"", ""attemptedAtMs"": 1790785865606, ""handOrdinal"": 40, ""decisionOrdinal"": 4, ""lastRenderedAtMs"": 1790785860632}]","[""Qd"", ""5h""]","[""Js"", ""Qs"", ""Kc""]","[{""name"": ""fold"", ""kind"": ""fold"", ""raiseTo"": null}, {""name"": ""call"", ""kind"": ""call"", ""raiseTo"": null}, {""name"": ""min"", ""kind"": ""raise"", ""raiseTo"": 200}, {""name"": ""pot"", ""kind"": ""raise"", ""raiseTo"": 700}]","[""Fold"", ""Call 1 BB"", ""Min · 2 BB"", ""Pot · 7 BB""]",Call 1 BB,call,,1790785865606,True,True,True,1790785865936,1790785860632,4974,330,,False,False
bRdqiv-O7i7BOclSO4x5aj9I,a_ZpeeRE9JrPIWyREVFnMToM,40,4,turn,5,1,"[{""type"": ""luna_attempt"", ""hand"": 40, ""decision"": 5, ""street"": ""turn"", ""legalButtonLabels"": [""check"", ""Min · 1 BB"", ""Pot · 6 BB""], ""attemptedButtonLabel"": ""check"", ""attemptedAtMs"": 1790785871822, ""handOrdinal"": 40, ""decisionOrdinal"": 5, ""lastRenderedAtMs"": 1790785866028}]","[""Qd"", ""5h""]","[""Js"", ""Qs"", ""Kc"", ""6h""]","[{""name"": ""check"", ""kind"": ""check"", ""raiseTo"": null}, {""name"": ""min"", ""kind"": ""raise"", ""raiseTo"": 100}, {""name"": ""pot"", ""kind"": ""raise"", ""raiseTo"": 600}]","[""check"", ""Min · 1 BB"", ""Pot · 6 BB""]",check,check,,1790785871822,True,True,True,1790785872176,1790785866028,5794,354,,False,False
bRdqiv-O7i7BOclSO4x5aj9I,a_ZpeeRE9JrPIWyREVFnMToM,40,5,river,6,1,"[{""type"": ""luna_attempt"", ""hand"": 40, ""decision"": 6, ""street"": ""river"", ""legalButtonLabels"": [""check"", ""Min · 1 BB"", ""Pot · 6 BB""], ""attemptedButtonLabel"": ""check"", ""attemptedAtMs"": 1790785877839, ""handOrdinal"": 40, ""decisionOrdinal"": 6, ""lastRenderedAtMs"": 1790785872279}]","[""Qd"", ""5h""]","[""Js"", ""Qs"", ""Kc"", ""6h"", ""3h""]","[{""name"": ""check"", ""kind"": ""check"", ""raiseTo"": null}, {""name"": ""min"", ""kind"": ""raise"", ""raiseTo"": 100}, {""name"": ""pot"", ""kind"": ""raise"", ""raiseTo"": 600}]","[""check"", ""Min · 1 BB"", ""Pot · 6 BB""]",check,check,,1790785877839,True,True,True,1790785878166,1790785872279,5560,327,,False,False
bRdqiv-O7i7BOclSO4x5aj9I,a_ZpeeRE9JrPIWyREVFnMToM,40,6,river,7,1,"[{""type"": ""luna_attempt"", ""hand"": 40, ""decision"": 7, ""street"": ""river"", ""legalButtonLabels"": [""Fold"", ""Call 6 BB"", ""Min · 12 BB"", ""Pot · 17 BB""], ""attemptedButtonLabel"": ""Call 6 BB"", ""attemptedAtMs"": 1790785885762, ""handOrdinal"": 40, ""decisionOrdinal"": 7, ""lastRenderedAtMs"": 1790785878255}]","[""Qd"", ""5h""]","[""Js"", ""Qs"", ""Kc"", ""6h"", ""3h""]","[{""name"": ""fold"", ""kind"": ""fold"", ""raiseTo"": null}, {""name"": ""call"", ""kind"": ""call"", ""raiseTo"": null}, {""name"": ""min"", ""kind"": ""raise"", ""raiseTo"": 1200}, {""name"": ""pot"", ""kind"": ""raise"", ""raiseTo"": 1700}]","[""Fold"", ""Call 6 BB"", ""Min · 12 BB"", ""Pot · 17 BB""]",Call 6 BB,call,,1790785885762,True,True,True,1790785886125,1790785878255,7507,363,,False,False
bRdqiv-O7i7BOclSO4x5aj9I,VD2lTl9D9QoJAdC4-A2vaC8q,41,1,preflop,2,1,"[{""type"": ""luna_attempt"", ""hand"": 41, ""decision"": 2, ""street"": ""pre-flop"", ""legalButtonLabels"": [""Fold"", ""Call 0.50 BB"", ""Min · 2 BB"", ""Pot · 3 BB""], ""attemptedButtonLabel"": ""Min · 2 BB"", ""attemptedAtMs"": 1790785900614, ""handOrdinal"": 41, ""decisionOrdinal"": 2, ""lastRenderedAtMs"": 1790785892504}]","[""6s"", ""7s""]",[],"[{""name"": ""fold"", ""kind"": ""fold"", ""raiseTo"": null}, {""name"": ""call"", ""kind"": ""call"", ""raiseTo"": null}, {""name"": ""min"", ""kind"": ""raise"", ""raiseTo"": 200}, {""name"": ""pot"", ""kind"": ""raise"", ""raiseTo"": 300}]","[""Fold"", ""Call 0.50 BB"", ""Min · 2 BB"", ""Pot · 3 BB""]",Min · 2 BB,raise,200,1790785900614,True,True,True,1790785900831,1790785892504,8110,217,,False,False
bRdqiv-O7i7BOclSO4x5aj9I,VD2lTl9D9QoJAdC4-A2vaC8q,41,2,flop,3,1,"[{""type"": ""luna_attempt"", ""hand"": 41, ""decision"": 3, ""street"": ""flop"", ""legalButtonLabels"": [""Fold"", ""Call 4 BB"", ""Min · 8 BB"", ""Pot · 16 BB"", ""Jam · 18 BB""], ""attemptedButtonLabel"": ""Call 4 BB"", ""attemptedAtMs"": 1790785917550, ""handOrdinal"": 41, ""decisionOrdinal"": 3, ""lastRenderedAtMs"": 1790785900900}]","[""6s"", ""7s""]","[""As"", ""9s"", ""2s""]","[{""name"": ""fold"", ""kind"": ""fold"", ""raiseTo"": null}, {""name"": ""call"", ""kind"": ""call"", ""raiseTo"": null}, {""name"": ""min"", ""kind"": ""raise"", ""raiseTo"": 800}, {""name"": ""pot"", ""kind"": ""raise"", ""raiseTo"": 1600}, {""name"": ""jam"", ""kind"": ""raise"", ""raiseTo"": 1800}]","[""Fold"", ""Call 4 BB"", ""Min · 8 BB"", ""Pot · 16 BB"", ""Jam · 18 BB""]",Call 4 BB,call,,1790785917550,True,True,True,1790785917808,1790785900900,16650,258,,False,False
bRdqiv-O7i7BOclSO4x5aj9I,VD2lTl9D9QoJAdC4-A2vaC8q,41,3,turn,4,1,"[{""type"": ""luna_attempt"", ""hand"": 41, ""decision"": 4, ""street"": ""turn"", ""legalButtonLabels"": [""Fold"", ""Call 1 BB"", ""Min · 2 BB"", ""Pot · 14 BB""], ""attemptedButtonLabel"": ""Call 1 BB"", ""attemptedAtMs"": 1790785931353, ""handOrdinal"": 41, ""decisionOrdinal"": 4, ""lastRenderedAtMs"": 1790785917847}]","[""6s"", ""7s""]","[""As"", ""9s"", ""2s"", ""Ts""]","[{""name"": ""fold"", ""kind"": ""fold"", ""raiseTo"": null}, {""name"": ""call"", ""kind"": ""call"", ""raiseTo"": null}, {""name"": ""min"", ""kind"": ""raise"", ""raiseTo"": 200}, {""name"": ""pot"", ""kind"": ""raise"", ""raiseTo"": 1400}]","[""Fold"", ""Call 1 BB"", ""Min · 2 BB"", ""Pot · 14 BB""]",Call 1 BB,call,,1790785931353,True,True,True,1790785931740,1790785917847,13506,387,,False,False
bRdqiv-O7i7BOclSO4x5aj9I,VD2lTl9D9QoJAdC4-A2vaC8q,41,4,river,5,1,"[{""type"": ""luna_attempt"", ""hand"": 41, ""decision"": 5, ""street"": ""river"", ""legalButtonLabels"": [""Call 13 BB""], ""attemptedButtonLabel"": ""Call 13 BB"", ""attemptedAtMs"": 1790785943822, ""handOrdinal"": 41, ""decisionOrdinal"": 5, ""lastRenderedAtMs"": 1790785931817}]","[""6s"", ""7s""]","[""As"", ""9s"", ""2s"", ""Ts"", ""Ks""]","[{""name"": ""fold"", ""kind"": ""fold"", ""raiseTo"": null}, {""name"": ""call"", ""kind"": ""call"", ""raiseTo"": null}]","[""Call 13 BB""]",Call 13 BB,call,,1790785943822,True,True,True,1790785944211,1790785931817,12005,389,,False,False
bRdqiv-O7i7BOclSO4x5aj9I,bueTuOn5CItv058X-qi5JtH7,43,1,preflop,1,1,"[{""type"": ""luna_attempt"", ""hand"": 43, ""decision"": 1, ""street"": ""preflop"", ""legalButtonLabels"": [""Fold"", ""Call 0.50 BB"", ""Min · 2 BB"", ""Pot · 3 BB""], ""attemptedButtonLabel"": ""Min · 2 BB"", ""attemptedAtMs"": 1790785983643, ""handOrdinal"": 43, ""decisionOrdinal"": 1, ""lastRenderedAtMs"": 1790785979006}]","[""Kd"", ""Qc""]",[],"[{""name"": ""fold"", ""kind"": ""fold"", ""raiseTo"": null}, {""name"": ""call"", ""kind"": ""call"", ""raiseTo"": null}, {""name"": ""min"", ""kind"": ""raise"", ""raiseTo"": 200}, {""name"": ""pot"", ""kind"": ""raise"", ""raiseTo"": 300}]","[""Fold"", ""Call 0.50 BB"", ""Min · 2 BB"", ""Pot · 3 BB""]",Min · 2 BB,raise,200,1790785983643,True,True,True,1790785983967,1790785979006,4637,324,,False,False
bRdqiv-O7i7BOclSO4x5aj9I,bueTuOn5CItv058X-qi5JtH7,43,2,preflop,2,1,"[{""type"": ""luna_attempt"", ""hand"": 43, ""decision"": 2, ""street"": ""preflop"", ""legalButtonLabels"": [""Fold"", ""Call 1 BB"", ""Min · 4 BB"", ""Pot · 9 BB""], ""attemptedButtonLabel"": ""Call 1 BB"", ""attemptedAtMs"": 1790785989266, ""handOrdinal"": 43, ""decisionOrdinal"": 2, ""lastRenderedAtMs"": 1790785984053}]","[""Kd"", ""Qc""]",[],"[{""name"": ""fold"", ""kind"": ""fold"", ""raiseTo"": null}, {""name"": ""call"", ""kind"": ""call"", ""raiseTo"": null}, {""name"": ""min"", ""kind"": ""raise"", ""raiseTo"": 400}, {""name"": ""pot"", ""kind"": ""raise"", ""raiseTo"": 900}]","[""Fold"", ""Call 1 BB"", ""Min · 4 BB"", ""Pot · 9 BB""]",Call 1 BB,call,,1790785989266,True,True,True,1790785989575,1790785984053,5213,309,,False,False
bRdqiv-O7i7BOclSO4x5aj9I,bueTuOn5CItv058X-qi5JtH7,43,3,flop,3,1,"[{""type"": ""luna_attempt"", ""hand"": 43, ""decision"": 3, ""street"": ""flop"", ""legalButtonLabels"": [""check"", ""Min · 1 BB"", ""Pot · 6 BB""], ""attemptedButtonLabel"": ""check"", ""attemptedAtMs"": 1790785994231, ""handOrdinal"": 43, ""decisionOrdinal"": 3, ""lastRenderedAtMs"": 1790785989657}]","[""Kd"", ""Qc""]","[""9c"", ""3s"", ""4d""]","[{""name"": ""check"", ""kind"": ""check"", ""raiseTo"": null}, {""name"": ""min"", ""kind"": ""raise"", ""raiseTo"": 100}, {""name"": ""pot"", ""kind"": ""raise"", ""raiseTo"": 600}]","[""check"", ""Min · 1 BB"", ""Pot · 6 BB""]",check,check,,1790785994231,True,True,True,1790785994462,1790785989657,4574,231,,False,False
bRdqiv-O7i7BOclSO4x5aj9I,bueTuOn5CItv058X-qi5JtH7,43,4,turn,4,1,"[{""type"": ""luna_attempt"", ""hand"": 43, ""decision"": 4, ""street"": ""turn"", ""legalButtonLabels"": [""Fold"", ""Call 6 BB"", ""Min · 12 BB"", ""Pot · 17 BB""], ""attemptedButtonLabel"": ""Fold"", ""attemptedAtMs"": 1790786003224, ""handOrdinal"": 43, ""decisionOrdinal"": 4, ""lastRenderedAtMs"": 1790785994555}]","[""Kd"", ""Qc""]","[""9c"", ""3s"", ""4d"", ""4s""]","[{""name"": ""fold"", ""kind"": ""fold"", ""raiseTo"": null}, {""name"": ""call"", ""kind"": ""call"", ""raiseTo"": null}, {""name"": ""min"", ""kind"": ""raise"", ""raiseTo"": 1200}, {""name"": ""pot"", ""kind"": ""raise"", ""raiseTo"": 1700}]","[""Fold"", ""Call 6 BB"", ""Min · 12 BB"", ""Pot · 17 BB""]",Fold,fold,,1790786003224,True,True,True,1790786003459,1790785994555,8669,235,,False,False
bRdqiv-O7i7BOclSO4x5aj9I,YdglHPOWvcpKoX5tTfdAk-zv,44,1,preflop,1,1,"[{""type"": ""luna_attempt"", ""hand"": 44, ""decision"": 1, ""street"": ""preflop"", ""legalButtonLabels"": [""Fold"", ""Call 1 BB"", ""Min · 3 BB"", ""Pot · 6 BB""], ""attemptedButtonLabel"": ""Call 1 BB"", ""attemptedAtMs"": 1790786010861, ""handOrdinal"": 44, ""decisionOrdinal"": 1, ""lastRenderedAtMs"": 1790786006386}]","[""Jd"", ""Qh""]",[],"[{""name"": ""fold"", ""kind"": ""fold"", ""raiseTo"": null}, {""name"": ""call"", ""kind"": ""call"", ""raiseTo"": null}, {""name"": ""min"", ""kind"": ""raise"", ""raiseTo"": 300}, {""name"": ""pot"", ""kind"": ""raise"", ""raiseTo"": 600}]","[""Fold"", ""Call 1 BB"", ""Min · 3 BB"", ""Pot · 6 BB""]",Call 1 BB,call,,1790786010861,True,True,True,1790786011097,1790786006386,4475,236,,False,False
bRdqiv-O7i7BOclSO4x5aj9I,YdglHPOWvcpKoX5tTfdAk-zv,44,2,flop,2,1,"[{""type"": ""luna_attempt"", ""hand"": 44, ""decision"": 2, ""street"": ""flop"", ""legalButtonLabels"": [""check"", ""Min · 1 BB"", ""Pot · 4 BB""], ""attemptedButtonLabel"": ""check"", ""attemptedAtMs"": 1790786015748, ""handOrdinal"": 44, ""decisionOrdinal"": 2, ""lastRenderedAtMs"": 1790786011186}]","[""Jd"", ""Qh""]","[""3d"", ""Ac"", ""2d""]","[{""name"": ""check"", ""kind"": ""check"", ""raiseTo"": null}, {""name"": ""min"", ""kind"": ""raise"", ""raiseTo"": 100}, {""name"": ""pot"", ""kind"": ""raise"", ""raiseTo"": 400}]","[""check"", ""Min · 1 BB"", ""Pot · 4 BB""]",check,check,,1790786015748,True,True,True,1790786015990,1790786011186,4562,242,,False,False
bRdqiv-O7i7BOclSO4x5aj9I,YdglHPOWvcpKoX5tTfdAk-zv,44,3,flop,3,1,"[{""type"": ""luna_attempt"", ""hand"": 44, ""decision"": 3, ""street"": ""flop"", ""legalButtonLabels"": [""Fold"", ""Call 4 BB"", ""Min · 8 BB"", ""Pot · 16 BB"", ""Jam · 18 BB""], ""attemptedButtonLabel"": ""Fold"", ""attemptedAtMs"": 1790786021734, ""handOrdinal"": 44, ""decisionOrdinal"": 3, ""lastRenderedAtMs"": 1790786016075}]","[""Jd"", ""Qh""]","[""3d"", ""Ac"", ""2d""]","[{""name"": ""fold"", ""kind"": ""fold"", ""raiseTo"": null}, {""name"": ""call"", ""kind"": ""call"", ""raiseTo"": null}, {""name"": ""min"", ""kind"": ""raise"", ""raiseTo"": 800}, {""name"": ""pot"", ""kind"": ""raise"", ""raiseTo"": 1600}, {""name"": ""jam"", ""kind"": ""raise"", ""raiseTo"": 1800}]","[""Fold"", ""Call 4 BB"", ""Min · 8 BB"", ""Pot · 16 BB"", ""Jam · 18 BB""]",Fold,fold,,1790786021734,True,True,True,1790786022116,1790786016075,5659,382,,False,False
bRdqiv-O7i7BOclSO4x5aj9I,8Lj1xZxJEy3IeiZrtm_RmjbO,45,1,preflop,1,1,"[{""type"": ""luna_attempt"", ""hand"": 45, ""decision"": 1, ""street"": ""preflop"", ""legalButtonLabels"": [""Fold"", ""Call 0.50 BB"", ""Min · 2 BB"", ""Pot · 3 BB""], ""attemptedButtonLabel"": ""Min · 2 BB"", ""attemptedAtMs"": 1790786033774, ""handOrdinal"": 45, ""decisionOrdinal"": 1, ""lastRenderedAtMs"": 1790786026057}]","[""9s"", ""Ac""]",[],"[{""name"": ""fold"", ""kind"": ""fold"", ""raiseTo"": null}, {""name"": ""call"", ""kind"": ""call"", ""raiseTo"": null}, {""name"": ""min"", ""kind"": ""raise"", ""raiseTo"": 200}, {""name"": ""pot"", ""kind"": ""raise"", ""raiseTo"": 300}]","[""Fold"", ""Call 0.50 BB"", ""Min · 2 BB"", ""Pot · 3 BB""]",Min · 2 BB,raise,200,1790786033774,True,True,True,1790786034043,1790786026057,7717,269,,False,False
bRdqiv-O7i7BOclSO4x5aj9I,l-Wz2Dm2jyJ2VCWOUrmutsuh,47,1,preflop,1,1,"[{""type"": ""luna_attempt"", ""hand"": 47, ""decision"": 1, ""street"": ""preflop"", ""legalButtonLabels"": [""Fold"", ""Call 0.50 BB"", ""Min · 2 BB"", ""Pot · 3 BB""], ""attemptedButtonLabel"": ""Min · 2 BB"", ""attemptedAtMs"": 1790786044876, ""handOrdinal"": 47, ""decisionOrdinal"": 1, ""lastRenderedAtMs"": 1790786040442}]","[""5h"", ""9h""]",[],"[{""name"": ""fold"", ""kind"": ""fold"", ""raiseTo"": null}, {""name"": ""call"", ""kind"": ""call"", ""raiseTo"": null}, {""name"": ""min"", ""kind"": ""raise"", ""raiseTo"": 200}, {""name"": ""pot"", ""kind"": ""raise"", ""raiseTo"": 300}]","[""Fold"", ""Call 0.50 BB"", ""Min · 2 BB"", ""Pot · 3 BB""]",Min · 2 BB,raise,200,1790786044876,True,True,True,1790786045140,1790786040442,4434,264,,False,False
bRdqiv-O7i7BOclSO4x5aj9I,l-Wz2Dm2jyJ2VCWOUrmutsuh,47,2,preflop,2,1,"[{""type"": ""luna_attempt"", ""hand"": 47, ""decision"": 2, ""street"": ""preflop"", ""legalButtonLabels"": [""Fold"", ""Call 1 BB"", ""Min · 4 BB"", ""Pot · 9 BB""], ""attemptedButtonLabel"": ""Call 1 BB"", ""attemptedAtMs"": 1790786049664, ""handOrdinal"": 47, ""decisionOrdinal"": 2, ""lastRenderedAtMs"": 1790786045230}]","[""5h"", ""9h""]",[],"[{""name"": ""fold"", ""kind"": ""fold"", ""raiseTo"": null}, {""name"": ""call"", ""kind"": ""call"", ""raiseTo"": null}, {""name"": ""min"", ""kind"": ""raise"", ""raiseTo"": 400}, {""name"": ""pot"", ""kind"": ""raise"", ""raiseTo"": 900}]","[""Fold"", ""Call 1 BB"", ""Min · 4 BB"", ""Pot · 9 BB""]",Call 1 BB,call,,1790786049664,True,True,True,1790786050034,1790786045230,4434,370,,False,False
bRdqiv-O7i7BOclSO4x5aj9I,l-Wz2Dm2jyJ2VCWOUrmutsuh,47,3,flop,3,1,"[{""type"": ""luna_attempt"", ""hand"": 47, ""decision"": 3, ""street"": ""flop"", ""legalButtonLabels"": [""Fold"", ""Call 6 BB"", ""Min · 12 BB"", ""Pot · 17 BB""], ""attemptedButtonLabel"": ""Fold"", ""attemptedAtMs"": 1790786055257, ""handOrdinal"": 47, ""decisionOrdinal"": 3, ""lastRenderedAtMs"": 1790786050127}]","[""5h"", ""9h""]","[""Th"", ""Ah"", ""9d""]","[{""name"": ""fold"", ""kind"": ""fold"", ""raiseTo"": null}, {""name"": ""call"", ""kind"": ""call"", ""raiseTo"": null}, {""name"": ""min"", ""kind"": ""raise"", ""raiseTo"": 1200}, {""name"": ""pot"", ""kind"": ""raise"", ""raiseTo"": 1700}]","[""Fold"", ""Call 6 BB"", ""Min · 12 BB"", ""Pot · 17 BB""]",Fold,fold,,1790786055257,True,True,True,1790786055555,1790786050127,5130,298,,False,False
bRdqiv-O7i7BOclSO4x5aj9I,98cSMMoz8NQMtlhI3IK_9Ql6,48,1,preflop,1,1,"[{""type"": ""luna_attempt"", ""hand"": 48, ""decision"": 1, ""street"": ""preflop"", ""legalButtonLabels"": [""Fold"", ""Call 2 BB"", ""Min · 5 BB"", ""Pot · 9 BB""], ""attemptedButtonLabel"": ""Fold"", ""attemptedAtMs"": 1790786064518, ""handOrdinal"": 48, ""decisionOrdinal"": 1, ""lastRenderedAtMs"": 1790786058186}]","[""4s"", ""5c""]",[],"[{""name"": ""fold"", ""kind"": ""fold"", ""raiseTo"": null}, {""name"": ""call"", ""kind"": ""call"", ""raiseTo"": null}, {""name"": ""min"", ""kind"": ""raise"", ""raiseTo"": 500}, {""name"": ""pot"", ""kind"": ""raise"", ""raiseTo"": 900}]","[""Fold"", ""Call 2 BB"", ""Min · 5 BB"", ""Pot · 9 BB""]",Fold,fold,,1790786064518,True,True,True,1790786064785,1790786058186,6332,267,,False,False
bRdqiv-O7i7BOclSO4x5aj9I,dVze2sW9hCCHxw6F26uA97z7,49,1,preflop,1,1,"[{""type"": ""luna_attempt"", ""hand"": 49, ""decision"": 1, ""street"": ""preflop"", ""legalButtonLabels"": [""Fold"", ""Call 0.50 BB"", ""Min · 2 BB"", ""Pot · 3 BB""], ""attemptedButtonLabel"": ""Min · 2 BB"", ""attemptedAtMs"": 1790786073348, ""handOrdinal"": 49, ""decisionOrdinal"": 1, ""lastRenderedAtMs"": 1790786068071}]","[""3h"", ""Jh""]",[],"[{""name"": ""fold"", ""kind"": ""fold"", ""raiseTo"": null}, {""name"": ""call"", ""kind"": ""call"", ""raiseTo"": null}, {""name"": ""min"", ""kind"": ""raise"", ""raiseTo"": 200}, {""name"": ""pot"", ""kind"": ""raise"", ""raiseTo"": 300}]","[""Fold"", ""Call 0.50 BB"", ""Min · 2 BB"", ""Pot · 3 BB""]",Min · 2 BB,raise,200,1790786073348,True,True,True,1790786073580,1790786068071,5277,232,,False,False
bRdqiv-O7i7BOclSO4x5aj9I,Q25VhQQRS9-u_gEBvBquafW8,50,1,preflop,1,1,"[{""type"": ""luna_attempt"", ""hand"": 50, ""decision"": 1, ""street"": ""preflop"", ""legalButtonLabels"": [""Fold"", ""Call 2 BB"", ""Min · 5 BB"", ""Pot · 9 BB""], ""attemptedButtonLabel"": ""Fold"", ""attemptedAtMs"": 1790786081749, ""handOrdinal"": 50, ""decisionOrdinal"": 1, ""lastRenderedAtMs"": 1790786076320}]","[""4c"", ""3c""]",[],"[{""name"": ""fold"", ""kind"": ""fold"", ""raiseTo"": null}, {""name"": ""call"", ""kind"": ""call"", ""raiseTo"": null}, {""name"": ""min"", ""kind"": ""raise"", ""raiseTo"": 500}, {""name"": ""pot"", ""kind"": ""raise"", ""raiseTo"": 900}]","[""Fold"", ""Call 2 BB"", ""Min · 5 BB"", ""Pot · 9 BB""]",Fold,fold,,1790786081749,True,True,True,1790786081934,1790786076320,5429,185,,False,False
bRdqiv-O7i7BOclSO4x5aj9I,LS4of2euPJ26-txDiq-MR6ca,51,1,preflop,1,1,"[{""type"": ""luna_attempt"", ""hand"": 51, ""decision"": 1, ""street"": ""preflop"", ""legalButtonLabels"": [""Fold"", ""Call 0.50 BB"", ""Min · 2 BB"", ""Pot · 3 BB""], ""attemptedButtonLabel"": ""Min · 2 BB"", ""attemptedAtMs"": 1790786091818, ""handOrdinal"": 51, ""decisionOrdinal"": 1, ""lastRenderedAtMs"": 1790786085594}]","[""9h"", ""8d""]",[],"[{""name"": ""fold"", ""kind"": ""fold"", ""raiseTo"": null}, {""name"": ""call"", ""kind"": ""call"", ""raiseTo"": null}, {""name"": ""min"", ""kind"": ""raise"", ""raiseTo"": 200}, {""name"": ""pot"", ""kind"": ""raise"", ""raiseTo"": 300}]","[""Fold"", ""Call 0.50 BB"", ""Min · 2 BB"", ""Pot · 3 BB""]",Min · 2 BB,raise,200,1790786091818,True,True,True,1790786092141,1790786085594,6224,323,,False,False
bRdqiv-O7i7BOclSO4x5aj9I,LS4of2euPJ26-txDiq-MR6ca,51,2,preflop,2,1,"[{""type"": ""luna_attempt"", ""hand"": 51, ""decision"": 2, ""street"": ""preflop"", ""legalButtonLabels"": [""Fold"", ""Call 1 BB"", ""Min · 4 BB"", ""Pot · 9 BB""], ""attemptedButtonLabel"": ""Call 1 BB"", ""attemptedAtMs"": 1790786097675, ""handOrdinal"": 51, ""decisionOrdinal"": 2, ""lastRenderedAtMs"": 1790786092235}]","[""9h"", ""8d""]",[],"[{""name"": ""fold"", ""kind"": ""fold"", ""raiseTo"": null}, {""name"": ""call"", ""kind"": ""call"", ""raiseTo"": null}, {""name"": ""min"", ""kind"": ""raise"", ""raiseTo"": 400}, {""name"": ""pot"", ""kind"": ""raise"", ""raiseTo"": 900}]","[""Fold"", ""Call 1 BB"", ""Min · 4 BB"", ""Pot · 9 BB""]",Call 1 BB,call,,1790786097675,True,True,True,1790786098052,1790786092235,5440,377,,False,False
bRdqiv-O7i7BOclSO4x5aj9I,LS4of2euPJ26-txDiq-MR6ca,51,3,flop,3,1,"[{""type"": ""luna_attempt"", ""hand"": 51, ""decision"": 3, ""street"": ""flop"", ""legalButtonLabels"": [""Fold"", ""Call 1 BB"", ""Min · 2 BB"", ""Jam · 17 BB""], ""attemptedButtonLabel"": ""Call 1 BB"", ""attemptedAtMs"": 1790786115594, ""handOrdinal"": 51, ""decisionOrdinal"": 3, ""lastRenderedAtMs"": 1790786104373}]","[""9h"", ""8d""]","[""Qc"", ""Kd"", ""7h""]","[{""name"": ""fold"", ""kind"": ""fold"", ""raiseTo"": null}, {""name"": ""call"", ""kind"": ""call"", ""raiseTo"": null}, {""name"": ""min"", ""kind"": ""raise"", ""raiseTo"": 200}, {""name"": ""pot"", ""kind"": ""raise"", ""raiseTo"": 900}, {""name"": ""jam"", ""kind"": ""raise"", ""raiseTo"": 1700}]","[""Fold"", ""Call 1 BB"", ""Min · 2 BB"", ""Jam · 17 BB""]",Call 1 BB,call,,1790786115594,True,True,True,1790786115979,1790786104373,11221,385,,False,False
bRdqiv-O7i7BOclSO4x5aj9I,LS4of2euPJ26-txDiq-MR6ca,51,4,turn,4,1,"[{""type"": ""luna_attempt"", ""hand"": 51, ""decision"": 4, ""street"": ""turn"", ""legalButtonLabels"": [""Fold"", ""Call 8 BB"", ""Min · 16 BB""], ""attemptedButtonLabel"": ""Fold"", ""attemptedAtMs"": 1790786123965, ""handOrdinal"": 51, ""decisionOrdinal"": 4, ""lastRenderedAtMs"": 1790786116075}]","[""9h"", ""8d""]","[""Qc"", ""Kd"", ""7h"", ""Js""]","[{""name"": ""fold"", ""kind"": ""fold"", ""raiseTo"": null}, {""name"": ""call"", ""kind"": ""call"", ""raiseTo"": null}, {""name"": ""min"", ""kind"": ""raise"", ""raiseTo"": 1600}]","[""Fold"", ""Call 8 BB"", ""Min · 16 BB""]",Fold,fold,,1790786123965,True,True,True,1790786124254,1790786116075,7890,289,,False,False
bRdqiv-O7i7BOclSO4x5aj9I,av-1JeyTQXT1mpppltkRACr4,52,1,preflop,1,1,"[{""type"": ""luna_attempt"", ""hand"": 52, ""decision"": 1, ""street"": ""preflop"", ""legalButtonLabels"": [""Fold"", ""Call 1 BB"", ""Min · 3 BB"", ""Pot · 6 BB""], ""attemptedButtonLabel"": ""Call 1 BB"", ""attemptedAtMs"": 1790786135372, ""handOrdinal"": 52, ""decisionOrdinal"": 1, ""lastRenderedAtMs"": 1790786128367}]","[""6d"", ""5h""]",[],"[{""name"": ""fold"", ""kind"": ""fold"", ""raiseTo"": null}, {""name"": ""call"", ""kind"": ""call"", ""raiseTo"": null}, {""name"": ""min"", ""kind"": ""raise"", ""raiseTo"": 300}, {""name"": ""pot"", ""kind"": ""raise"", ""raiseTo"": 600}]","[""Fold"", ""Call 1 BB"", ""Min · 3 BB"", ""Pot · 6 BB""]",Call 1 BB,call,,1790786135372,True,True,True,1790786135683,1790786128367,7005,311,,False,False
bRdqiv-O7i7BOclSO4x5aj9I,av-1JeyTQXT1mpppltkRACr4,52,2,flop,2,1,"[{""type"": ""luna_attempt"", ""hand"": 52, ""decision"": 2, ""street"": ""flop"", ""legalButtonLabels"": [""check"", ""Min · 1 BB"", ""Pot · 4 BB""], ""attemptedButtonLabel"": ""check"", ""attemptedAtMs"": 1790786140721, ""handOrdinal"": 52, ""decisionOrdinal"": 2, ""lastRenderedAtMs"": 1790786135818}]","[""6d"", ""5h""]","[""Ks"", ""Qc"", ""Kd""]","[{""name"": ""check"", ""kind"": ""check"", ""raiseTo"": null}, {""name"": ""min"", ""kind"": ""raise"", ""raiseTo"": 100}, {""name"": ""pot"", ""kind"": ""raise"", ""raiseTo"": 400}]","[""check"", ""Min · 1 BB"", ""Pot · 4 BB""]",check,check,,1790786140721,True,True,True,1790786140977,1790786135818,4903,256,,False,False
bRdqiv-O7i7BOclSO4x5aj9I,av-1JeyTQXT1mpppltkRACr4,52,3,turn,3,1,"[{""type"": ""luna_attempt"", ""hand"": 52, ""decision"": 3, ""street"": ""turn"", ""legalButtonLabels"": [""check"", ""Min · 1 BB"", ""Pot · 4 BB""], ""attemptedButtonLabel"": ""check"", ""attemptedAtMs"": 1790786150088, ""handOrdinal"": 52, ""decisionOrdinal"": 3, ""lastRenderedAtMs"": 1790786144291}]","[""6d"", ""5h""]","[""Ks"", ""Qc"", ""Kd"", ""8c""]","[{""name"": ""check"", ""kind"": ""check"", ""raiseTo"": null}, {""name"": ""min"", ""kind"": ""raise"", ""raiseTo"": 100}, {""name"": ""pot"", ""kind"": ""raise"", ""raiseTo"": 400}]","[""check"", ""Min · 1 BB"", ""Pot · 4 BB""]",check,check,,1790786150088,True,True,True,1790786150301,1790786144291,5797,213,,False,False
bRdqiv-O7i7BOclSO4x5aj9I,av-1JeyTQXT1mpppltkRACr4,52,4,river,4,1,"[{""type"": ""luna_attempt"", ""hand"": 52, ""decision"": 4, ""street"": ""river"", ""legalButtonLabels"": [""check"", ""Min · 1 BB"", ""Pot · 4 BB""], ""attemptedButtonLabel"": ""check"", ""attemptedAtMs"": 1790786155499, ""handOrdinal"": 52, ""decisionOrdinal"": 4, ""lastRenderedAtMs"": 1790786150390}]","[""6d"", ""5h""]","[""Ks"", ""Qc"", ""Kd"", ""8c"", ""3c""]","[{""name"": ""check"", ""kind"": ""check"", ""raiseTo"": null}, {""name"": ""min"", ""kind"": ""raise"", ""raiseTo"": 100}, {""name"": ""pot"", ""kind"": ""raise"", ""raiseTo"": 400}]","[""check"", ""Min · 1 BB"", ""Pot · 4 BB""]",check,check,,1790786155499,True,True,True,1790786155700,1790786150390,5109,201,,False,False
bRdqiv-O7i7BOclSO4x5aj9I,av-1JeyTQXT1mpppltkRACr4,52,5,river,5,1,"[{""type"": ""luna_attempt"", ""hand"": 52, ""decision"": 5, ""street"": ""river"", ""legalButtonLabels"": [""Fold"", ""Call 1 BB"", ""Min · 2 BB"", ""Pot · 7 BB""], ""attemptedButtonLabel"": ""Call 1 BB"", ""attemptedAtMs"": 1790786162898, ""handOrdinal"": 52, ""decisionOrdinal"": 5, ""lastRenderedAtMs"": 1790786155790}]","[""6d"", ""5h""]","[""Ks"", ""Qc"", ""Kd"", ""8c"", ""3c""]","[{""name"": ""fold"", ""kind"": ""fold"", ""raiseTo"": null}, {""name"": ""call"", ""kind"": ""call"", ""raiseTo"": null}, {""name"": ""min"", ""kind"": ""raise"", ""raiseTo"": 200}, {""name"": ""pot"", ""kind"": ""raise"", ""raiseTo"": 700}]","[""Fold"", ""Call 1 BB"", ""Min · 2 BB"", ""Pot · 7 BB""]",Call 1 BB,call,,1790786162898,True,True,True,1790786163237,1790786155790,7108,339,,False,False
bRdqiv-O7i7BOclSO4x5aj9I,pNFCkzR646Yp68-LcCqxGiJB,53,1,preflop,1,1,"[{""type"": ""luna_attempt"", ""hand"": 53, ""decision"": 1, ""street"": ""preflop"", ""legalButtonLabels"": [""Fold"", ""Call 0.50 BB"", ""Min · 2 BB"", ""Pot · 3 BB""], ""attemptedButtonLabel"": ""Min · 2 BB"", ""attemptedAtMs"": 1790786178700, ""handOrdinal"": 53, ""decisionOrdinal"": 1, ""lastRenderedAtMs"": 1790786169470}]","[""8d"", ""5h""]",[],"[{""name"": ""fold"", ""kind"": ""fold"", ""raiseTo"": null}, {""name"": ""call"", ""kind"": ""call"", ""raiseTo"": null}, {""name"": ""min"", ""kind"": ""raise"", ""raiseTo"": 200}, {""name"": ""pot"", ""kind"": ""raise"", ""raiseTo"": 300}]","[""Fold"", ""Call 0.50 BB"", ""Min · 2 BB"", ""Pot · 3 BB""]",Min · 2 BB,raise,200,1790786178700,True,True,True,1790786178917,1790786169470,9230,217,,False,False
bRdqiv-O7i7BOclSO4x5aj9I,7qy2lps-7qwGLcOtFLto3o1y,55,1,preflop,1,1,"[{""type"": ""luna_attempt"", ""hand"": 55, ""decision"": 1, ""street"": ""preflop"", ""legalButtonLabels"": [""Fold"", ""Call 0.50 BB"", ""Min · 2 BB"", ""Pot · 3 BB""], ""attemptedButtonLabel"": ""Min · 2 BB"", ""attemptedAtMs"": 1790786191260, ""handOrdinal"": 55, ""decisionOrdinal"": 1, ""lastRenderedAtMs"": 1790786185441}]","[""Kc"", ""3h""]",[],"[{""name"": ""fold"", ""kind"": ""fold"", ""raiseTo"": null}, {""name"": ""call"", ""kind"": ""call"", ""raiseTo"": null}, {""name"": ""min"", ""kind"": ""raise"", ""raiseTo"": 200}, {""name"": ""pot"", ""kind"": ""raise"", ""raiseTo"": 300}]","[""Fold"", ""Call 0.50 BB"", ""Min · 2 BB"", ""Pot · 3 BB""]",Min · 2 BB,raise,200,1790786191260,True,True,True,1790786191565,1790786185441,5819,305,,False,False
bRdqiv-O7i7BOclSO4x5aj9I,7qy2lps-7qwGLcOtFLto3o1y,55,2,flop,2,1,"[{""type"": ""luna_attempt"", ""hand"": 55, ""decision"": 2, ""street"": ""flop"", ""legalButtonLabels"": [""Fold"", ""Call 4 BB"", ""Min · 8 BB"", ""Pot · 16 BB"", ""Jam · 18 BB""], ""attemptedButtonLabel"": ""Call 4 BB"", ""attemptedAtMs"": 1790786199720, ""handOrdinal"": 55, ""decisionOrdinal"": 2, ""lastRenderedAtMs"": 1790786191662}]","[""Kc"", ""3h""]","[""2d"", ""3s"", ""7s""]","[{""name"": ""fold"", ""kind"": ""fold"", ""raiseTo"": null}, {""name"": ""call"", ""kind"": ""call"", ""raiseTo"": null}, {""name"": ""min"", ""kind"": ""raise"", ""raiseTo"": 800}, {""name"": ""pot"", ""kind"": ""raise"", ""raiseTo"": 1600}, {""name"": ""jam"", ""kind"": ""raise"", ""raiseTo"": 1800}]","[""Fold"", ""Call 4 BB"", ""Min · 8 BB"", ""Pot · 16 BB"", ""Jam · 18 BB""]",Call 4 BB,call,,1790786199720,True,True,True,1790786200020,1790786191662,8058,300,,False,False
bRdqiv-O7i7BOclSO4x5aj9I,7qy2lps-7qwGLcOtFLto3o1y,55,3,turn,3,1,"[{""type"": ""luna_attempt"", ""hand"": 55, ""decision"": 3, ""street"": ""turn"", ""legalButtonLabels"": [""check"", ""Min · 1 BB"", ""Pot · 12 BB"", ""Jam · 14 BB""], ""attemptedButtonLabel"": ""check"", ""attemptedAtMs"": 1790786205497, ""handOrdinal"": 55, ""decisionOrdinal"": 3, ""lastRenderedAtMs"": 1790786200122}]","[""Kc"", ""3h""]","[""2d"", ""3s"", ""7s"", ""As""]","[{""name"": ""check"", ""kind"": ""check"", ""raiseTo"": null}, {""name"": ""min"", ""kind"": ""raise"", ""raiseTo"": 100}, {""name"": ""pot"", ""kind"": ""raise"", ""raiseTo"": 1200}, {""name"": ""jam"", ""kind"": ""raise"", ""raiseTo"": 1400}]","[""check"", ""Min · 1 BB"", ""Pot · 12 BB"", ""Jam · 14 BB""]",check,check,,1790786205497,True,True,True,1790786205825,1790786200122,5375,328,,False,False
bRdqiv-O7i7BOclSO4x5aj9I,7qy2lps-7qwGLcOtFLto3o1y,55,4,river,4,1,"[{""type"": ""luna_attempt"", ""hand"": 55, ""decision"": 4, ""street"": ""river"", ""legalButtonLabels"": [""Fold"", ""Call 12 BB"", ""Min · 14 BB""], ""attemptedButtonLabel"": ""Fold"", ""attemptedAtMs"": 1790786211349, ""handOrdinal"": 55, ""decisionOrdinal"": 4, ""lastRenderedAtMs"": 1790786205934}]","[""Kc"", ""3h""]","[""2d"", ""3s"", ""7s"", ""As"", ""Jd""]","[{""name"": ""fold"", ""kind"": ""fold"", ""raiseTo"": null}, {""name"": ""call"", ""kind"": ""call"", ""raiseTo"": null}, {""name"": ""min"", ""kind"": ""raise"", ""raiseTo"": 1400}]","[""Fold"", ""Call 12 BB"", ""Min · 14 BB""]",Fold,fold,,1790786211349,True,True,True,1790786211606,1790786205934,5415,257,,False,False
bRdqiv-O7i7BOclSO4x5aj9I,3X_GjtLgroWm4hkiH9qqZj5c,56,1,preflop,1,1,"[{""type"": ""luna_attempt"", ""hand"": 56, ""decision"": 1, ""street"": ""preflop"", ""legalButtonLabels"": [""Fold"", ""Call 2 BB"", ""Min · 5 BB"", ""Pot · 9 BB""], ""attemptedButtonLabel"": ""Fold"", ""attemptedAtMs"": 1790786220509, ""handOrdinal"": 56, ""decisionOrdinal"": 1, ""lastRenderedAtMs"": 1790786215722}]","[""7c"", ""3d""]",[],"[{""name"": ""fold"", ""kind"": ""fold"", ""raiseTo"": null}, {""name"": ""call"", ""kind"": ""call"", ""raiseTo"": null}, {""name"": ""min"", ""kind"": ""raise"", ""raiseTo"": 500}, {""name"": ""pot"", ""kind"": ""raise"", ""raiseTo"": 900}]","[""Fold"", ""Call 2 BB"", ""Min · 5 BB"", ""Pot · 9 BB""]",Fold,fold,,1790786220509,True,True,True,1790786220724,1790786215722,4787,215,,False,False
bRdqiv-O7i7BOclSO4x5aj9I,Lo0QrYKxcqaFXvAE4s8L8voS,57,1,preflop,1,1,"[{""type"": ""luna_attempt"", ""hand"": 57, ""decision"": 1, ""street"": ""preflop"", ""legalButtonLabels"": [""Fold"", ""Call 0.50 BB"", ""Min · 2 BB"", ""Pot · 3 BB""], ""attemptedButtonLabel"": ""Min · 2 BB"", ""attemptedAtMs"": 1790786228202, ""handOrdinal"": 57, ""decisionOrdinal"": 1, ""lastRenderedAtMs"": 1790786223532}]","[""Jc"", ""6h""]",[],"[{""name"": ""fold"", ""kind"": ""fold"", ""raiseTo"": null}, {""name"": ""call"", ""kind"": ""call"", ""raiseTo"": null}, {""name"": ""min"", ""kind"": ""raise"", ""raiseTo"": 200}, {""name"": ""pot"", ""kind"": ""raise"", ""raiseTo"": 300}]","[""Fold"", ""Call 0.50 BB"", ""Min · 2 BB"", ""Pot · 3 BB""]",Min · 2 BB,raise,200,1790786228202,True,True,True,1790786228475,1790786223532,4670,273,,False,False
bRdqiv-O7i7BOclSO4x5aj9I,Lo0QrYKxcqaFXvAE4s8L8voS,57,2,preflop,2,1,"[{""type"": ""luna_attempt"", ""hand"": 57, ""decision"": 2, ""street"": ""preflop"", ""legalButtonLabels"": [""Fold"", ""Call 4 BB"", ""Min · 10 BB"", ""Pot · 18 BB"", ""Jam · 20 BB""], ""attemptedButtonLabel"": ""Fold"", ""attemptedAtMs"": 1790786235362, ""handOrdinal"": 57, ""decisionOrdinal"": 2, ""lastRenderedAtMs"": 1790786228543}]","[""Jc"", ""6h""]",[],"[{""name"": ""fold"", ""kind"": ""fold"", ""raiseTo"": null}, {""name"": ""call"", ""kind"": ""call"", ""raiseTo"": null}, {""name"": ""min"", ""kind"": ""raise"", ""raiseTo"": 1000}, {""name"": ""pot"", ""kind"": ""raise"", ""raiseTo"": 1800}, {""name"": ""jam"", ""kind"": ""raise"", ""raiseTo"": 2000}]","[""Fold"", ""Call 4 BB"", ""Min · 10 BB"", ""Pot · 18 BB"", ""Jam · 20 BB""]",Fold,fold,,1790786235362,True,True,True,1790786235601,1790786228543,6819,239,,False,False
bRdqiv-O7i7BOclSO4x5aj9I,oUx1lq--xuvceFqzDWgOqtGi,58,1,preflop,1,1,"[{""type"": ""luna_attempt"", ""hand"": 58, ""decision"": 1, ""street"": ""preflop"", ""legalButtonLabels"": [""check"", ""Min · 2 BB"", ""Pot · 3 BB""], ""attemptedButtonLabel"": ""Min · 2 BB"", ""attemptedAtMs"": 1790786246687, ""handOrdinal"": 58, ""decisionOrdinal"": 1, ""lastRenderedAtMs"": 1790786239664}]","[""Ac"", ""6h""]",[],"[{""name"": ""check"", ""kind"": ""check"", ""raiseTo"": null}, {""name"": ""min"", ""kind"": ""raise"", ""raiseTo"": 200}, {""name"": ""pot"", ""kind"": ""raise"", ""raiseTo"": 300}]","[""check"", ""Min · 2 BB"", ""Pot · 3 BB""]",Min · 2 BB,raise,200,1790786246687,True,True,True,1790786246916,1790786239664,7023,229,,False,False
bRdqiv-O7i7BOclSO4x5aj9I,HO7LHwBLNDb81pcTLCiHS11f,59,1,preflop,1,1,"[{""type"": ""luna_attempt"", ""hand"": 59, ""decision"": 1, ""street"": ""preflop"", ""legalButtonLabels"": [""Fold"", ""Call 0.50 BB"", ""Min · 2 BB"", ""Pot · 3 BB""], ""attemptedButtonLabel"": ""Min · 2 BB"", ""attemptedAtMs"": 1790786255432, ""handOrdinal"": 59, ""decisionOrdinal"": 1, ""lastRenderedAtMs"": 1790786250459}]","[""Ts"", ""9c""]",[],"[{""name"": ""fold"", ""kind"": ""fold"", ""raiseTo"": null}, {""name"": ""call"", ""kind"": ""call"", ""raiseTo"": null}, {""name"": ""min"", ""kind"": ""raise"", ""raiseTo"": 200}, {""name"": ""pot"", ""kind"": ""raise"", ""raiseTo"": 300}]","[""Fold"", ""Call 0.50 BB"", ""Min · 2 BB"", ""Pot · 3 BB""]",Min · 2 BB,raise,200,1790786255432,True,True,True,1790786255776,1790786250459,4973,344,,False,False
bRdqiv-O7i7BOclSO4x5aj9I,PQ4BbYX_KcxQQWA80mulQ5TL,60,1,preflop,1,1,"[{""type"": ""luna_attempt"", ""hand"": 60, ""decision"": 1, ""street"": ""preflop"", ""legalButtonLabels"": [""Fold"", ""Call 1 BB"", ""Min · 3 BB"", ""Pot · 6 BB""], ""attemptedButtonLabel"": ""Fold"", ""attemptedAtMs"": 1790786264587, ""handOrdinal"": 60, ""decisionOrdinal"": 1, ""lastRenderedAtMs"": 1790786259534}]","[""7c"", ""2d""]",[],"[{""name"": ""fold"", ""kind"": ""fold"", ""raiseTo"": null}, {""name"": ""call"", ""kind"": ""call"", ""raiseTo"": null}, {""name"": ""min"", ""kind"": ""raise"", ""raiseTo"": 300}, {""name"": ""pot"", ""kind"": ""raise"", ""raiseTo"": 600}]","[""Fold"", ""Call 1 BB"", ""Min · 3 BB"", ""Pot · 6 BB""]",Fold,fold,,1790786264587,True,True,True,1790786264937,1790786259534,5053,350,,False,False
bRdqiv-O7i7BOclSO4x5aj9I,Oay3ntoycIxnDlIf3rbTodYP,61,1,preflop,1,1,"[{""type"": ""luna_attempt"", ""hand"": 61, ""decision"": 1, ""street"": ""preflop"", ""legalButtonLabels"": [""Fold"", ""Call 0.50 BB"", ""Min · 2 BB"", ""Pot · 3 BB""], ""attemptedButtonLabel"": ""Min · 2 BB"", ""attemptedAtMs"": 1790786273374, ""handOrdinal"": 61, ""decisionOrdinal"": 1, ""lastRenderedAtMs"": 1790786267879}]","[""Ah"", ""Qd""]",[],"[{""name"": ""fold"", ""kind"": ""fold"", ""raiseTo"": null}, {""name"": ""call"", ""kind"": ""call"", ""raiseTo"": null}, {""name"": ""min"", ""kind"": ""raise"", ""raiseTo"": 200}, {""name"": ""pot"", ""kind"": ""raise"", ""raiseTo"": 300}]","[""Fold"", ""Call 0.50 BB"", ""Min · 2 BB"", ""Pot · 3 BB""]",Min · 2 BB,raise,200,1790786273374,True,True,True,1790786273600,1790786267879,5495,226,,False,False
bRdqiv-O7i7BOclSO4x5aj9I,Oay3ntoycIxnDlIf3rbTodYP,61,2,flop,2,1,"[{""type"": ""luna_attempt"", ""hand"": 61, ""decision"": 2, ""street"": ""flop"", ""legalButtonLabels"": [""check"", ""Min · 1 BB"", ""Pot · 4 BB""], ""attemptedButtonLabel"": ""Pot · 4 BB"", ""attemptedAtMs"": 1790786279348, ""handOrdinal"": 61, ""decisionOrdinal"": 2, ""lastRenderedAtMs"": 1790786273687}]","[""Ah"", ""Qd""]","[""Ac"", ""7d"", ""As""]","[{""name"": ""check"", ""kind"": ""check"", ""raiseTo"": null}, {""name"": ""min"", ""kind"": ""raise"", ""raiseTo"": 100}, {""name"": ""pot"", ""kind"": ""raise"", ""raiseTo"": 400}]","[""check"", ""Min · 1 BB"", ""Pot · 4 BB""]",Pot · 4 BB,raise,400,1790786279348,True,True,True,1790786279716,1790786273687,5661,368,,False,False
bRdqiv-O7i7BOclSO4x5aj9I,Oay3ntoycIxnDlIf3rbTodYP,61,3,flop,3,1,"[{""type"": ""luna_attempt"", ""hand"": 61, ""decision"": 3, ""street"": ""flop"", ""legalButtonLabels"": [""Fold"", ""Call 12 BB"", ""Min · 18 BB""], ""attemptedButtonLabel"": ""Call 12 BB"", ""attemptedAtMs"": 1790786288595, ""handOrdinal"": 61, ""decisionOrdinal"": 3, ""lastRenderedAtMs"": 1790786279794}]","[""Ah"", ""Qd""]","[""Ac"", ""7d"", ""As""]","[{""name"": ""fold"", ""kind"": ""fold"", ""raiseTo"": null}, {""name"": ""call"", ""kind"": ""call"", ""raiseTo"": null}, {""name"": ""min"", ""kind"": ""raise"", ""raiseTo"": 1800}]","[""Fold"", ""Call 12 BB"", ""Min · 18 BB""]",Call 12 BB,call,,1790786288595,True,True,True,1790786288892,1790786279794,8801,297,,False,False
bRdqiv-O7i7BOclSO4x5aj9I,Oay3ntoycIxnDlIf3rbTodYP,61,4,turn,4,1,"[{""type"": ""luna_attempt"", ""hand"": 61, ""decision"": 4, ""street"": ""turn"", ""legalButtonLabels"": [""Fold"", ""Call 1 BB"", ""Min · 2 BB""], ""attemptedButtonLabel"": ""Call 1 BB"", ""attemptedAtMs"": 1790786294618, ""handOrdinal"": 61, ""decisionOrdinal"": 4, ""lastRenderedAtMs"": 1790786288969}]","[""Ah"", ""Qd""]","[""Ac"", ""7d"", ""As"", ""3d""]","[{""name"": ""fold"", ""kind"": ""fold"", ""raiseTo"": null}, {""name"": ""call"", ""kind"": ""call"", ""raiseTo"": null}, {""name"": ""min"", ""kind"": ""raise"", ""raiseTo"": 200}]","[""Fold"", ""Call 1 BB"", ""Min · 2 BB""]",Call 1 BB,call,,1790786294618,True,True,True,1790786294901,1790786288969,5649,283,,False,False
bRdqiv-O7i7BOclSO4x5aj9I,Oay3ntoycIxnDlIf3rbTodYP,61,5,river,5,1,"[{""type"": ""luna_attempt"", ""hand"": 61, ""decision"": 5, ""street"": ""river"", ""legalButtonLabels"": [""Fold"", ""Call 1 BB"", ""Min · 2 BB""], ""attemptedButtonLabel"": ""Call 1 BB"", ""attemptedAtMs"": 1790786308528, ""handOrdinal"": 61, ""decisionOrdinal"": 5, ""lastRenderedAtMs"": 1790786301734}]","[""Ah"", ""Qd""]","[""Ac"", ""7d"", ""As"", ""3d"", ""2h""]","[{""name"": ""fold"", ""kind"": ""fold"", ""raiseTo"": null}, {""name"": ""call"", ""kind"": ""call"", ""raiseTo"": null}]","[""Fold"", ""Call 1 BB"", ""Min · 2 BB""]",Call 1 BB,call,,1790786308528,True,True,True,1790786308770,1790786301734,6794,242,,False,False
bRdqiv-O7i7BOclSO4x5aj9I,X9KmwQkbnY8okKsTgP2ayeOb,62,1,preflop,1,1,"[{""type"": ""luna_attempt"", ""hand"": 62, ""decision"": 1, ""street"": ""preflop"", ""legalButtonLabels"": [""Fold"", ""Call 2 BB"", ""Min · 5 BB"", ""Pot · 9 BB""], ""attemptedButtonLabel"": ""Fold"", ""attemptedAtMs"": 1790786317559, ""handOrdinal"": 62, ""decisionOrdinal"": 1, ""lastRenderedAtMs"": 1790786312107}]","[""3c"", ""8s""]",[],"[{""name"": ""fold"", ""kind"": ""fold"", ""raiseTo"": null}, {""name"": ""call"", ""kind"": ""call"", ""raiseTo"": null}, {""name"": ""min"", ""kind"": ""raise"", ""raiseTo"": 500}, {""name"": ""pot"", ""kind"": ""raise"", ""raiseTo"": 900}]","[""Fold"", ""Call 2 BB"", ""Min · 5 BB"", ""Pot · 9 BB""]",Fold,fold,,1790786317559,True,True,True,1790786317853,1790786312107,5452,294,,False,False
bRdqiv-O7i7BOclSO4x5aj9I,5-1uNvEd1TrktlvUb1UW-Mkf,63,1,preflop,1,1,"[{""type"": ""luna_attempt"", ""hand"": 63, ""decision"": 1, ""street"": ""preflop"", ""legalButtonLabels"": [""Fold"", ""Call 0.50 BB"", ""Min · 2 BB"", ""Pot · 3 BB""], ""attemptedButtonLabel"": ""Fold"", ""attemptedAtMs"": 1790786330393, ""handOrdinal"": 63, ""decisionOrdinal"": 1, ""lastRenderedAtMs"": 1790786321390}]","[""9d"", ""4s""]",[],"[{""name"": ""fold"", ""kind"": ""fold"", ""raiseTo"": null}, {""name"": ""call"", ""kind"": ""call"", ""raiseTo"": null}, {""name"": ""min"", ""kind"": ""raise"", ""raiseTo"": 200}, {""name"": ""pot"", ""kind"": ""raise"", ""raiseTo"": 300}]","[""Fold"", ""Call 0.50 BB"", ""Min · 2 BB"", ""Pot · 3 BB""]",Fold,fold,,1790786330393,True,True,True,1790786330689,1790786321390,9003,296,,False,False
bRdqiv-O7i7BOclSO4x5aj9I,FPmaT1VlZE1EJTEepmC6vN7m,64,1,preflop,1,1,"[{""type"": ""luna_attempt"", ""hand"": 64, ""decision"": 1, ""street"": ""preflop"", ""legalButtonLabels"": [""Fold"", ""Call 1 BB"", ""Min · 3 BB"", ""Pot · 6 BB""], ""attemptedButtonLabel"": ""Call 1 BB"", ""attemptedAtMs"": 1790786338314, ""handOrdinal"": 64, ""decisionOrdinal"": 1, ""lastRenderedAtMs"": 1790786333516}]","[""7s"", ""6c""]",[],"[{""name"": ""fold"", ""kind"": ""fold"", ""raiseTo"": null}, {""name"": ""call"", ""kind"": ""call"", ""raiseTo"": null}, {""name"": ""min"", ""kind"": ""raise"", ""raiseTo"": 300}, {""name"": ""pot"", ""kind"": ""raise"", ""raiseTo"": 600}]","[""Fold"", ""Call 1 BB"", ""Min · 3 BB"", ""Pot · 6 BB""]",Call 1 BB,call,,1790786338314,True,True,True,1790786338535,1790786333516,4798,221,,False,False
bRdqiv-O7i7BOclSO4x5aj9I,FPmaT1VlZE1EJTEepmC6vN7m,64,2,flop,2,1,"[{""type"": ""luna_attempt"", ""hand"": 64, ""decision"": 2, ""street"": ""flop"", ""legalButtonLabels"": [""check"", ""Min · 1 BB"", ""Pot · 4 BB""], ""attemptedButtonLabel"": ""Min · 1 BB"", ""attemptedAtMs"": 1790786344541, ""handOrdinal"": 64, ""decisionOrdinal"": 2, ""lastRenderedAtMs"": 1790786338610}]","[""7s"", ""6c""]","[""6h"", ""Td"", ""6d""]","[{""name"": ""check"", ""kind"": ""check"", ""raiseTo"": null}, {""name"": ""min"", ""kind"": ""raise"", ""raiseTo"": 100}, {""name"": ""pot"", ""kind"": ""raise"", ""raiseTo"": 400}]","[""check"", ""Min · 1 BB"", ""Pot · 4 BB""]",Min · 1 BB,raise,100,1790786344541,True,True,True,1790786344845,1790786338610,5931,304,,False,False
bRdqiv-O7i7BOclSO4x5aj9I,FPmaT1VlZE1EJTEepmC6vN7m,64,3,turn,3,1,"[{""type"": ""luna_attempt"", ""hand"": 64, ""decision"": 3, ""street"": ""turn"", ""legalButtonLabels"": [""check"", ""Min · 1 BB"", ""Pot · 6 BB""], ""attemptedButtonLabel"": ""Min · 1 BB"", ""attemptedAtMs"": 1790786357977, ""handOrdinal"": 64, ""decisionOrdinal"": 3, ""lastRenderedAtMs"": 1790786348733}]","[""7s"", ""6c""]","[""6h"", ""Td"", ""6d"", ""Ah""]","[{""name"": ""check"", ""kind"": ""check"", ""raiseTo"": null}, {""name"": ""min"", ""kind"": ""raise"", ""raiseTo"": 100}, {""name"": ""pot"", ""kind"": ""raise"", ""raiseTo"": 600}]","[""check"", ""Min · 1 BB"", ""Pot · 6 BB""]",Min · 1 BB,raise,100,1790786357977,True,True,True,1790786358311,1790786348733,9244,334,,False,False
bRdqiv-O7i7BOclSO4x5aj9I,FPmaT1VlZE1EJTEepmC6vN7m,64,4,turn,4,1,"[{""type"": ""luna_attempt"", ""hand"": 64, ""decision"": 4, ""street"": ""turn"", ""legalButtonLabels"": [""Fold"", ""Call 16 BB""], ""attemptedButtonLabel"": ""Call 16 BB"", ""attemptedAtMs"": 1790786365567, ""handOrdinal"": 64, ""decisionOrdinal"": 4, ""lastRenderedAtMs"": 1790786358389}]","[""7s"", ""6c""]","[""6h"", ""Td"", ""6d"", ""Ah""]","[{""name"": ""fold"", ""kind"": ""fold"", ""raiseTo"": null}, {""name"": ""call"", ""kind"": ""call"", ""raiseTo"": null}]","[""Fold"", ""Call 16 BB""]",Call 16 BB,call,,1790786365567,True,True,True,1790786365862,1790786358389,7178,295,,False,False
bRdqiv-O7i7BOclSO4x5aj9I,Au0EDUdkss_5b1Sp3YBDkTDO,65,1,preflop,1,1,"[{""type"": ""luna_attempt"", ""hand"": 65, ""decision"": 1, ""street"": ""preflop"", ""legalButtonLabels"": [""Fold"", ""Call 0.50 BB"", ""Min · 2 BB"", ""Pot · 3 BB""], ""attemptedButtonLabel"": ""Min · 2 BB"", ""attemptedAtMs"": 1790786376269, ""handOrdinal"": 65, ""decisionOrdinal"": 1, ""lastRenderedAtMs"": 1790786369408}]","[""Ah"", ""6h""]",[],"[{""name"": ""fold"", ""kind"": ""fold"", ""raiseTo"": null}, {""name"": ""call"", ""kind"": ""call"", ""raiseTo"": null}, {""name"": ""min"", ""kind"": ""raise"", ""raiseTo"": 200}, {""name"": ""pot"", ""kind"": ""raise"", ""raiseTo"": 300}]","[""Fold"", ""Call 0.50 BB"", ""Min · 2 BB"", ""Pot · 3 BB""]",Min · 2 BB,raise,200,1790786376269,True,True,True,1790786376665,1790786369408,6861,396,,False,False
bRdqiv-O7i7BOclSO4x5aj9I,Au0EDUdkss_5b1Sp3YBDkTDO,65,2,preflop,2,1,"[{""type"": ""luna_attempt"", ""hand"": 65, ""decision"": 2, ""street"": ""preflop"", ""legalButtonLabels"": [""Fold"", ""Call 4 BB"", ""Min · 10 BB"", ""Pot · 18 BB"", ""Jam · 20 BB""], ""attemptedButtonLabel"": ""Call 4 BB"", ""attemptedAtMs"": 1790786382264, ""handOrdinal"": 65, ""decisionOrdinal"": 2, ""lastRenderedAtMs"": 1790786376745}]","[""Ah"", ""6h""]",[],"[{""name"": ""fold"", ""kind"": ""fold"", ""raiseTo"": null}, {""name"": ""call"", ""kind"": ""call"", ""raiseTo"": null}, {""name"": ""min"", ""kind"": ""raise"", ""raiseTo"": 1000}, {""name"": ""pot"", ""kind"": ""raise"", ""raiseTo"": 1800}, {""name"": ""jam"", ""kind"": ""raise"", ""raiseTo"": 2000}]","[""Fold"", ""Call 4 BB"", ""Min · 10 BB"", ""Pot · 18 BB"", ""Jam · 20 BB""]",Call 4 BB,call,,1790786382264,True,True,True,1790786382598,1790786376745,5519,334,,False,False
bRdqiv-O7i7BOclSO4x5aj9I,Au0EDUdkss_5b1Sp3YBDkTDO,65,3,flop,3,1,"[{""type"": ""luna_attempt"", ""hand"": 65, ""decision"": 3, ""street"": ""flop"", ""legalButtonLabels"": [""check"", ""Min · 1 BB"", ""Pot · 12 BB"", ""Jam · 14 BB""], ""attemptedButtonLabel"": ""check"", ""attemptedAtMs"": 1790786388444, ""handOrdinal"": 65, ""decisionOrdinal"": 3, ""lastRenderedAtMs"": 1790786382651}]","[""Ah"", ""6h""]","[""Jh"", ""4c"", ""6d""]","[{""name"": ""check"", ""kind"": ""check"", ""raiseTo"": null}, {""name"": ""min"", ""kind"": ""raise"", ""raiseTo"": 100}, {""name"": ""pot"", ""kind"": ""raise"", ""raiseTo"": 1200}, {""name"": ""jam"", ""kind"": ""raise"", ""raiseTo"": 1400}]","[""check"", ""Min · 1 BB"", ""Pot · 12 BB"", ""Jam · 14 BB""]",check,check,,1790786388444,True,True,True,1790786388786,1790786382651,5793,342,,False,False
bRdqiv-O7i7BOclSO4x5aj9I,Au0EDUdkss_5b1Sp3YBDkTDO,65,4,turn,4,1,"[{""type"": ""luna_attempt"", ""hand"": 65, ""decision"": 4, ""street"": ""turn"", ""legalButtonLabels"": [""check"", ""Min · 1 BB"", ""Pot · 12 BB"", ""Jam · 14 BB""], ""attemptedButtonLabel"": ""check"", ""attemptedAtMs"": 1790786394370, ""handOrdinal"": 65, ""decisionOrdinal"": 4, ""lastRenderedAtMs"": 1790786388875}]","[""Ah"", ""6h""]","[""Jh"", ""4c"", ""6d"", ""2h""]","[{""name"": ""check"", ""kind"": ""check"", ""raiseTo"": null}, {""name"": ""min"", ""kind"": ""raise"", ""raiseTo"": 100}, {""name"": ""pot"", ""kind"": ""raise"", ""raiseTo"": 1200}, {""name"": ""jam"", ""kind"": ""raise"", ""raiseTo"": 1400}]","[""check"", ""Min · 1 BB"", ""Pot · 12 BB"", ""Jam · 14 BB""]",check,check,,1790786394370,True,True,True,1790786394705,1790786388875,5495,335,,False,False
bRdqiv-O7i7BOclSO4x5aj9I,Au0EDUdkss_5b1Sp3YBDkTDO,65,5,river,5,1,"[{""type"": ""luna_attempt"", ""hand"": 65, ""decision"": 5, ""street"": ""river"", ""legalButtonLabels"": [""Fold"", ""Call 12 BB"", ""Min · 14 BB""], ""attemptedButtonLabel"": ""Fold"", ""attemptedAtMs"": 1790786403957, ""handOrdinal"": 65, ""decisionOrdinal"": 5, ""lastRenderedAtMs"": 1790786394784}]","[""Ah"", ""6h""]","[""Jh"", ""4c"", ""6d"", ""2h"", ""Qc""]","[{""name"": ""fold"", ""kind"": ""fold"", ""raiseTo"": null}, {""name"": ""call"", ""kind"": ""call"", ""raiseTo"": null}, {""name"": ""min"", ""kind"": ""raise"", ""raiseTo"": 1400}]","[""Fold"", ""Call 12 BB"", ""Min · 14 BB""]",Fold,fold,,1790786403957,True,True,True,1790786404220,1790786394784,9173,263,,False,False
bRdqiv-O7i7BOclSO4x5aj9I,ekTwt0PyiMl2xTWmO7EqdZXk,66,1,preflop,1,1,"[{""type"": ""luna_attempt"", ""hand"": 66, ""decision"": 1, ""street"": ""preflop"", ""legalButtonLabels"": [""Fold"", ""Call 2 BB"", ""Min · 5 BB"", ""Pot · 9 BB""], ""attemptedButtonLabel"": ""Fold"", ""attemptedAtMs"": 1790786412757, ""handOrdinal"": 66, ""decisionOrdinal"": 1, ""lastRenderedAtMs"": 1790786407110}]","[""Jd"", ""5s""]",[],"[{""name"": ""fold"", ""kind"": ""fold"", ""raiseTo"": null}, {""name"": ""call"", ""kind"": ""call"", ""raiseTo"": null}, {""name"": ""min"", ""kind"": ""raise"", ""raiseTo"": 500}, {""name"": ""pot"", ""kind"": ""raise"", ""raiseTo"": 900}]","[""Fold"", ""Call 2 BB"", ""Min · 5 BB"", ""Pot · 9 BB""]",Fold,fold,,1790786412757,True,True,True,1790786412987,1790786407110,5647,230,,False,False
bRdqiv-O7i7BOclSO4x5aj9I,o5dUaCof0Fr1zVWILP3y6tDM,67,1,preflop,1,1,"[{""type"": ""luna_attempt"", ""hand"": 67, ""decision"": 1, ""street"": ""preflop"", ""legalButtonLabels"": [""Fold"", ""Call 0.50 BB"", ""Min · 2 BB"", ""Pot · 3 BB""], ""attemptedButtonLabel"": ""Fold"", ""attemptedAtMs"": 1790786424220, ""handOrdinal"": 67, ""decisionOrdinal"": 1, ""lastRenderedAtMs"": 1790786418922}]","[""5c"", ""8h""]",[],"[{""name"": ""fold"", ""kind"": ""fold"", ""raiseTo"": null}, {""name"": ""call"", ""kind"": ""call"", ""raiseTo"": null}, {""name"": ""min"", ""kind"": ""raise"", ""raiseTo"": 200}, {""name"": ""pot"", ""kind"": ""raise"", ""raiseTo"": 300}]","[""Fold"", ""Call 0.50 BB"", ""Min · 2 BB"", ""Pot · 3 BB""]",Fold,fold,,1790786424220,True,True,True,1790786424554,1790786418922,5298,334,,False,False
bRdqiv-O7i7BOclSO4x5aj9I,pZCmnbVEqDKXwlsCB16mQt55,69,1,preflop,1,1,"[{""type"": ""luna_attempt"", ""hand"": 69, ""decision"": 1, ""street"": ""preflop"", ""legalButtonLabels"": [""Fold"", ""Call 0.50 BB"", ""Min · 2 BB"", ""Pot · 3 BB""], ""attemptedButtonLabel"": ""Min · 2 BB"", ""attemptedAtMs"": 1790786436843, ""handOrdinal"": 69, ""decisionOrdinal"": 1, ""lastRenderedAtMs"": 1790786431461}]","[""3c"", ""Js""]",[],"[{""name"": ""fold"", ""kind"": ""fold"", ""raiseTo"": null}, {""name"": ""call"", ""kind"": ""call"", ""raiseTo"": null}, {""name"": ""min"", ""kind"": ""raise"", ""raiseTo"": 200}, {""name"": ""pot"", ""kind"": ""raise"", ""raiseTo"": 300}]","[""Fold"", ""Call 0.50 BB"", ""Min · 2 BB"", ""Pot · 3 BB""]",Min · 2 BB,raise,200,1790786436843,True,True,True,1790786437086,1790786431461,5382,243,,False,False
bRdqiv-O7i7BOclSO4x5aj9I,pZCmnbVEqDKXwlsCB16mQt55,69,2,preflop,2,1,"[{""type"": ""luna_attempt"", ""hand"": 69, ""decision"": 2, ""street"": ""preflop"", ""legalButtonLabels"": [""Fold"", ""Call 4 BB"", ""Min · 10 BB"", ""Pot · 18 BB"", ""Jam · 20 BB""], ""attemptedButtonLabel"": ""Fold"", ""attemptedAtMs"": 1790786442272, ""handOrdinal"": 69, ""decisionOrdinal"": 2, ""lastRenderedAtMs"": 1790786437162}]","[""3c"", ""Js""]",[],"[{""name"": ""fold"", ""kind"": ""fold"", ""raiseTo"": null}, {""name"": ""call"", ""kind"": ""call"", ""raiseTo"": null}, {""name"": ""min"", ""kind"": ""raise"", ""raiseTo"": 1000}, {""name"": ""pot"", ""kind"": ""raise"", ""raiseTo"": 1800}, {""name"": ""jam"", ""kind"": ""raise"", ""raiseTo"": 2000}]","[""Fold"", ""Call 4 BB"", ""Min · 10 BB"", ""Pot · 18 BB"", ""Jam · 20 BB""]",Fold,fold,,1790786442272,True,True,True,1790786442481,1790786437162,5110,209,,False,False
bRdqiv-O7i7BOclSO4x5aj9I,2_UEJ3Pq07zLowpwrobpYjND,70,1,preflop,1,1,"[{""type"": ""luna_attempt"", ""hand"": 70, ""decision"": 1, ""street"": ""preflop"", ""legalButtonLabels"": [""Fold"", ""Call 2 BB"", ""Min · 5 BB"", ""Pot · 9 BB""], ""attemptedButtonLabel"": ""Fold"", ""attemptedAtMs"": 1790786451962, ""handOrdinal"": 70, ""decisionOrdinal"": 1, ""lastRenderedAtMs"": 1790786445631}]","[""3h"", ""8d""]",[],"[{""name"": ""fold"", ""kind"": ""fold"", ""raiseTo"": null}, {""name"": ""call"", ""kind"": ""call"", ""raiseTo"": null}, {""name"": ""min"", ""kind"": ""raise"", ""raiseTo"": 500}, {""name"": ""pot"", ""kind"": ""raise"", ""raiseTo"": 900}]","[""Fold"", ""Call 2 BB"", ""Min · 5 BB"", ""Pot · 9 BB""]",Fold,fold,,1790786451962,True,True,True,1790786452175,1790786445631,6331,213,,False,False
bRdqiv-O7i7BOclSO4x5aj9I,GvydvUbC1i6u1TucnpHQyYnv,71,1,preflop,1,1,"[{""type"": ""luna_attempt"", ""hand"": 71, ""decision"": 1, ""street"": ""preflop"", ""legalButtonLabels"": [""Fold"", ""Call 0.50 BB"", ""Min · 2 BB"", ""Pot · 3 BB""], ""attemptedButtonLabel"": ""Fold"", ""attemptedAtMs"": 1790786460279, ""handOrdinal"": 71, ""decisionOrdinal"": 1, ""lastRenderedAtMs"": 1790786455122}]","[""8h"", ""2h""]",[],"[{""name"": ""fold"", ""kind"": ""fold"", ""raiseTo"": null}, {""name"": ""call"", ""kind"": ""call"", ""raiseTo"": null}, {""name"": ""min"", ""kind"": ""raise"", ""raiseTo"": 200}, {""name"": ""pot"", ""kind"": ""raise"", ""raiseTo"": 300}]","[""Fold"", ""Call 0.50 BB"", ""Min · 2 BB"", ""Pot · 3 BB""]",Fold,fold,,1790786460279,True,True,True,1790786460554,1790786455122,5157,275,,False,False
bRdqiv-O7i7BOclSO4x5aj9I,eGznQdm0BqYHtJH08Apc49F3,72,1,preflop,1,1,"[{""type"": ""luna_attempt"", ""hand"": 72, ""decision"": 1, ""street"": ""preflop"", ""legalButtonLabels"": [""Fold"", ""Call 1 BB"", ""Min · 3 BB"", ""Pot · 6 BB""], ""attemptedButtonLabel"": ""Min · 3 BB"", ""attemptedAtMs"": 1790786470122, ""handOrdinal"": 72, ""decisionOrdinal"": 1, ""lastRenderedAtMs"": 1790786463377}]","[""As"", ""Kc""]",[],"[{""name"": ""fold"", ""kind"": ""fold"", ""raiseTo"": null}, {""name"": ""call"", ""kind"": ""call"", ""raiseTo"": null}, {""name"": ""min"", ""kind"": ""raise"", ""raiseTo"": 300}, {""name"": ""pot"", ""kind"": ""raise"", ""raiseTo"": 600}]","[""Fold"", ""Call 1 BB"", ""Min · 3 BB"", ""Pot · 6 BB""]",Min · 3 BB,raise,300,1790786470122,True,True,True,1790786470427,1790786463377,6745,305,,False,False
bRdqiv-O7i7BOclSO4x5aj9I,eGznQdm0BqYHtJH08Apc49F3,72,2,flop,2,1,"[{""type"": ""luna_attempt"", ""hand"": 72, ""decision"": 2, ""street"": ""flop"", ""legalButtonLabels"": [""check"", ""Min · 1 BB"", ""Pot · 6 BB""], ""attemptedButtonLabel"": ""Min · 1 BB"", ""attemptedAtMs"": 1790786477408, ""handOrdinal"": 72, ""decisionOrdinal"": 2, ""lastRenderedAtMs"": 1790786470509}]","[""As"", ""Kc""]","[""3c"", ""2h"", ""Jd""]","[{""name"": ""check"", ""kind"": ""check"", ""raiseTo"": null}, {""name"": ""min"", ""kind"": ""raise"", ""raiseTo"": 100}, {""name"": ""pot"", ""kind"": ""raise"", ""raiseTo"": 600}]","[""check"", ""Min · 1 BB"", ""Pot · 6 BB""]",Min · 1 BB,raise,100,1790786477408,True,True,True,1790786477762,1790786470509,6899,354,,False,False
bRdqiv-O7i7BOclSO4x5aj9I,eGznQdm0BqYHtJH08Apc49F3,72,3,flop,3,1,"[{""type"": ""luna_attempt"", ""hand"": 72, ""decision"": 3, ""street"": ""flop"", ""legalButtonLabels"": [""Fold"", ""Call 1 BB"", ""Min · 3 BB"", ""Pot · 12 BB"", ""Jam · 17 BB""], ""attemptedButtonLabel"": ""Call 1 BB"", ""attemptedAtMs"": 1790786483454, ""handOrdinal"": 72, ""decisionOrdinal"": 3, ""lastRenderedAtMs"": 1790786477843}]","[""As"", ""Kc""]","[""3c"", ""2h"", ""Jd""]","[{""name"": ""fold"", ""kind"": ""fold"", ""raiseTo"": null}, {""name"": ""call"", ""kind"": ""call"", ""raiseTo"": null}, {""name"": ""min"", ""kind"": ""raise"", ""raiseTo"": 300}, {""name"": ""pot"", ""kind"": ""raise"", ""raiseTo"": 1200}, {""name"": ""jam"", ""kind"": ""raise"", ""raiseTo"": 1700}]","[""Fold"", ""Call 1 BB"", ""Min · 3 BB"", ""Pot · 12 BB"", ""Jam · 17 BB""]",Call 1 BB,call,,1790786483454,True,True,True,1790786483779,1790786477843,5611,325,,False,False
bRdqiv-O7i7BOclSO4x5aj9I,eGznQdm0BqYHtJH08Apc49F3,72,4,turn,4,1,"[{""type"": ""luna_attempt"", ""hand"": 72, ""decision"": 4, ""street"": ""turn"", ""legalButtonLabels"": [""check"", ""Min · 1 BB"", ""Pot · 10 BB"", ""Jam · 15 BB""], ""attemptedButtonLabel"": ""check"", ""attemptedAtMs"": 1790786489918, ""handOrdinal"": 72, ""decisionOrdinal"": 4, ""lastRenderedAtMs"": 1790786483879}]","[""As"", ""Kc""]","[""3c"", ""2h"", ""Jd"", ""Th""]","[{""name"": ""check"", ""kind"": ""check"", ""raiseTo"": null}, {""name"": ""min"", ""kind"": ""raise"", ""raiseTo"": 100}, {""name"": ""pot"", ""kind"": ""raise"", ""raiseTo"": 1000}, {""name"": ""jam"", ""kind"": ""raise"", ""raiseTo"": 1500}]","[""check"", ""Min · 1 BB"", ""Pot · 10 BB"", ""Jam · 15 BB""]",check,check,,1790786489918,True,True,True,1790786490207,1790786483879,6039,289,,False,False
bRdqiv-O7i7BOclSO4x5aj9I,eGznQdm0BqYHtJH08Apc49F3,72,5,turn,5,1,"[{""type"": ""luna_attempt"", ""hand"": 72, ""decision"": 5, ""street"": ""turn"", ""legalButtonLabels"": [""Fold"", ""Call 10 BB"", ""Min · 15 BB""], ""attemptedButtonLabel"": ""Fold"", ""attemptedAtMs"": 1790786495230, ""handOrdinal"": 72, ""decisionOrdinal"": 5, ""lastRenderedAtMs"": 1790786490289}]","[""As"", ""Kc""]","[""3c"", ""2h"", ""Jd"", ""Th""]","[{""name"": ""fold"", ""kind"": ""fold"", ""raiseTo"": null}, {""name"": ""call"", ""kind"": ""call"", ""raiseTo"": null}, {""name"": ""min"", ""kind"": ""raise"", ""raiseTo"": 1500}]","[""Fold"", ""Call 10 BB"", ""Min · 15 BB""]",Fold,fold,,1790786495230,True,True,True,1790786495520,1790786490289,4941,290,,False,False
bRdqiv-O7i7BOclSO4x5aj9I,VX05MucJo9rS10oDZW6kO23F,73,1,preflop,1,1,"[{""type"": ""luna_attempt"", ""hand"": 73, ""decision"": 1, ""street"": ""preflop"", ""legalButtonLabels"": [""Fold"", ""Call 0.50 BB"", ""Min · 2 BB"", ""Pot · 3 BB""], ""attemptedButtonLabel"": ""Min · 2 BB"", ""attemptedAtMs"": 1790786505856, ""handOrdinal"": 73, ""decisionOrdinal"": 1, ""lastRenderedAtMs"": 1790786498826}]","[""6s"", ""6h""]",[],"[{""name"": ""fold"", ""kind"": ""fold"", ""raiseTo"": null}, {""name"": ""call"", ""kind"": ""call"", ""raiseTo"": null}, {""name"": ""min"", ""kind"": ""raise"", ""raiseTo"": 200}, {""name"": ""pot"", ""kind"": ""raise"", ""raiseTo"": 300}]","[""Fold"", ""Call 0.50 BB"", ""Min · 2 BB"", ""Pot · 3 BB""]",Min · 2 BB,raise,200,1790786505856,True,True,True,1790786506211,1790786498826,7030,355,,False,False
bRdqiv-O7i7BOclSO4x5aj9I,VX05MucJo9rS10oDZW6kO23F,73,2,preflop,2,1,"[{""type"": ""luna_attempt"", ""hand"": 73, ""decision"": 2, ""street"": ""preflop"", ""legalButtonLabels"": [""Fold"", ""Call 4 BB"", ""Min · 10 BB"", ""Pot · 18 BB"", ""Jam · 20 BB""], ""attemptedButtonLabel"": ""Call 4 BB"", ""attemptedAtMs"": 1790786516200, ""handOrdinal"": 73, ""decisionOrdinal"": 2, ""lastRenderedAtMs"": 1790786506295}]","[""6s"", ""6h""]",[],"[{""name"": ""fold"", ""kind"": ""fold"", ""raiseTo"": null}, {""name"": ""call"", ""kind"": ""call"", ""raiseTo"": null}, {""name"": ""min"", ""kind"": ""raise"", ""raiseTo"": 1000}, {""name"": ""pot"", ""kind"": ""raise"", ""raiseTo"": 1800}, {""name"": ""jam"", ""kind"": ""raise"", ""raiseTo"": 2000}]","[""Fold"", ""Call 4 BB"", ""Min · 10 BB"", ""Pot · 18 BB"", ""Jam · 20 BB""]",Call 4 BB,call,,1790786516200,True,True,True,1790786516421,1790786506295,9905,221,,False,False
bRdqiv-O7i7BOclSO4x5aj9I,VX05MucJo9rS10oDZW6kO23F,73,3,flop,3,1,"[{""type"": ""luna_attempt"", ""hand"": 73, ""decision"": 3, ""street"": ""flop"", ""legalButtonLabels"": [""Fold"", ""Call 1 BB"", ""Min · 2 BB"", ""Pot · 14 BB""], ""attemptedButtonLabel"": ""Call 1 BB"", ""attemptedAtMs"": 1790786525754, ""handOrdinal"": 73, ""decisionOrdinal"": 3, ""lastRenderedAtMs"": 1790786517095}]","[""6s"", ""6h""]","[""Ts"", ""Js"", ""2s""]","[{""name"": ""fold"", ""kind"": ""fold"", ""raiseTo"": null}, {""name"": ""call"", ""kind"": ""call"", ""raiseTo"": null}, {""name"": ""min"", ""kind"": ""raise"", ""raiseTo"": 200}, {""name"": ""pot"", ""kind"": ""raise"", ""raiseTo"": 1400}]","[""Fold"", ""Call 1 BB"", ""Min · 2 BB"", ""Pot · 14 BB""]",Call 1 BB,call,,1790786525754,True,True,True,1790786525988,1790786517095,8659,234,,False,False
bRdqiv-O7i7BOclSO4x5aj9I,VX05MucJo9rS10oDZW6kO23F,73,4,turn,4,1,"[{""type"": ""luna_attempt"", ""hand"": 73, ""decision"": 4, ""street"": ""turn"", ""legalButtonLabels"": [""check"", ""Min · 1 BB"", ""Pot · 13 BB""], ""attemptedButtonLabel"": ""Min · 1 BB"", ""attemptedAtMs"": 1790786533629, ""handOrdinal"": 73, ""decisionOrdinal"": 4, ""lastRenderedAtMs"": 1790786526069}]","[""6s"", ""6h""]","[""Ts"", ""Js"", ""2s"", ""9s""]","[{""name"": ""check"", ""kind"": ""check"", ""raiseTo"": null}, {""name"": ""min"", ""kind"": ""raise"", ""raiseTo"": 100}, {""name"": ""pot"", ""kind"": ""raise"", ""raiseTo"": 1300}]","[""check"", ""Min · 1 BB"", ""Pot · 13 BB""]",Min · 1 BB,raise,100,1790786533629,True,True,True,1790786534044,1790786526069,7560,415,,False,False
bRdqiv-O7i7BOclSO4x5aj9I,VX05MucJo9rS10oDZW6kO23F,73,5,river,5,1,"[{""type"": ""luna_attempt"", ""hand"": 73, ""decision"": 5, ""street"": ""river"", ""legalButtonLabels"": [""check"", ""Min · 1 BB"", ""Pot · 12 BB""], ""attemptedButtonLabel"": ""check"", ""attemptedAtMs"": 1790786540598, ""handOrdinal"": 73, ""decisionOrdinal"": 5, ""lastRenderedAtMs"": 1790786534120}]","[""6s"", ""6h""]","[""Ts"", ""Js"", ""2s"", ""9s"", ""As""]","[{""name"": ""check"", ""kind"": ""check"", ""raiseTo"": null}, {""name"": ""min"", ""kind"": ""raise"", ""raiseTo"": 100}, {""name"": ""pot"", ""kind"": ""raise"", ""raiseTo"": 1200}]","[""check"", ""Min · 1 BB"", ""Pot · 12 BB""]",check,check,,1790786540598,True,True,True,1790786540861,1790786534120,6478,263,,False,False
bRdqiv-O7i7BOclSO4x5aj9I,_wUdxALyidS8XeWpNEw8JIIG,74,1,preflop,1,1,"[{""type"": ""luna_attempt"", ""hand"": 74, ""decision"": 1, ""street"": ""preflop"", ""legalButtonLabels"": [""check"", ""Min · 2 BB"", ""Pot · 3 BB""], ""attemptedButtonLabel"": ""Pot · 3 BB"", ""attemptedAtMs"": 1790786549524, ""handOrdinal"": 74, ""decisionOrdinal"": 1, ""lastRenderedAtMs"": 1790786543902}]","[""Qc"", ""Qd""]",[],"[{""name"": ""check"", ""kind"": ""check"", ""raiseTo"": null}, {""name"": ""min"", ""kind"": ""raise"", ""raiseTo"": 200}, {""name"": ""pot"", ""kind"": ""raise"", ""raiseTo"": 300}]","[""check"", ""Min · 2 BB"", ""Pot · 3 BB""]",Pot · 3 BB,raise,300,1790786549524,True,True,True,1790786549831,1790786543902,5622,307,,False,False
bRdqiv-O7i7BOclSO4x5aj9I,_wUdxALyidS8XeWpNEw8JIIG,74,2,flop,2,1,"[{""type"": ""luna_attempt"", ""hand"": 74, ""decision"": 2, ""street"": ""flop"", ""legalButtonLabels"": [""check"", ""Min · 1 BB"", ""Pot · 6 BB""], ""attemptedButtonLabel"": ""Pot · 6 BB"", ""attemptedAtMs"": 1790786557299, ""handOrdinal"": 74, ""decisionOrdinal"": 2, ""lastRenderedAtMs"": 1790786549919}]","[""Qc"", ""Qd""]","[""3d"", ""Jd"", ""Th""]","[{""name"": ""check"", ""kind"": ""check"", ""raiseTo"": null}, {""name"": ""min"", ""kind"": ""raise"", ""raiseTo"": 100}, {""name"": ""pot"", ""kind"": ""raise"", ""raiseTo"": 600}]","[""check"", ""Min · 1 BB"", ""Pot · 6 BB""]",Pot · 6 BB,raise,600,1790786557299,True,True,True,1790786557498,1790786549919,7380,199,,False,False
bRdqiv-O7i7BOclSO4x5aj9I,_wUdxALyidS8XeWpNEw8JIIG,74,3,turn,3,1,"[{""type"": ""luna_attempt"", ""hand"": 74, ""decision"": 3, ""street"": ""turn"", ""legalButtonLabels"": [""check"", ""Min · 1 BB"", ""Pot · 11 BB""], ""attemptedButtonLabel"": ""check"", ""attemptedAtMs"": 1790786563982, ""handOrdinal"": 74, ""decisionOrdinal"": 3, ""lastRenderedAtMs"": 1790786557571}]","[""Qc"", ""Qd""]","[""3d"", ""Jd"", ""Th"", ""4h""]","[{""name"": ""check"", ""kind"": ""check"", ""raiseTo"": null}, {""name"": ""min"", ""kind"": ""raise"", ""raiseTo"": 100}, {""name"": ""pot"", ""kind"": ""raise"", ""raiseTo"": 1100}]","[""check"", ""Min · 1 BB"", ""Pot · 11 BB""]",check,check,,1790786563982,True,True,True,1790786564314,1790786557571,6411,332,,False,False
bRdqiv-O7i7BOclSO4x5aj9I,_wUdxALyidS8XeWpNEw8JIIG,74,4,turn,4,1,"[{""type"": ""luna_attempt"", ""hand"": 74, ""decision"": 4, ""street"": ""turn"", ""legalButtonLabels"": [""Fold"", ""Call 11 BB""], ""attemptedButtonLabel"": ""Call 11 BB"", ""attemptedAtMs"": 1790786570033, ""handOrdinal"": 74, ""decisionOrdinal"": 4, ""lastRenderedAtMs"": 1790786564399}]","[""Qc"", ""Qd""]","[""3d"", ""Jd"", ""Th"", ""4h""]","[{""name"": ""fold"", ""kind"": ""fold"", ""raiseTo"": null}, {""name"": ""call"", ""kind"": ""call"", ""raiseTo"": null}]","[""Fold"", ""Call 11 BB""]",Call 11 BB,call,,1790786570033,True,True,True,1790786570437,1790786564399,5634,404,,False,False
bRdqiv-O7i7BOclSO4x5aj9I,b_qNQKD9QOnaWtsuC50Lowpy,75,1,preflop,1,1,"[{""type"": ""luna_attempt"", ""hand"": 75, ""decision"": 1, ""street"": ""preflop"", ""legalButtonLabels"": [""Fold"", ""Call 0.50 BB"", ""Min · 2 BB"", ""Pot · 3 BB""], ""attemptedButtonLabel"": ""Fold"", ""attemptedAtMs"": 1790786578498, ""handOrdinal"": 75, ""decisionOrdinal"": 1, ""lastRenderedAtMs"": 1790786573371}]","[""4s"", ""9h""]",[],"[{""name"": ""fold"", ""kind"": ""fold"", ""raiseTo"": null}, {""name"": ""call"", ""kind"": ""call"", ""raiseTo"": null}, {""name"": ""min"", ""kind"": ""raise"", ""raiseTo"": 200}, {""name"": ""pot"", ""kind"": ""raise"", ""raiseTo"": 300}]","[""Fold"", ""Call 0.50 BB"", ""Min · 2 BB"", ""Pot · 3 BB""]",Fold,fold,,1790786578498,True,True,True,1790786578719,1790786573371,5127,221,,False,False
bRdqiv-O7i7BOclSO4x5aj9I,_-slzPKJ9Y9qHbPuw4sPF_kM,77,1,preflop,1,1,"[{""type"": ""luna_attempt"", ""hand"": 77, ""decision"": 1, ""street"": ""preflop"", ""legalButtonLabels"": [""Fold"", ""Call 0.50 BB"", ""Min · 2 BB"", ""Pot · 3 BB""], ""attemptedButtonLabel"": ""Fold"", ""attemptedAtMs"": 1790786590837, ""handOrdinal"": 77, ""decisionOrdinal"": 1, ""lastRenderedAtMs"": 1790786586116}]","[""9d"", ""2c""]",[],"[{""name"": ""fold"", ""kind"": ""fold"", ""raiseTo"": null}, {""name"": ""call"", ""kind"": ""call"", ""raiseTo"": null}, {""name"": ""min"", ""kind"": ""raise"", ""raiseTo"": 200}, {""name"": ""pot"", ""kind"": ""raise"", ""raiseTo"": 300}]","[""Fold"", ""Call 0.50 BB"", ""Min · 2 BB"", ""Pot · 3 BB""]",Fold,fold,,1790786590837,True,True,True,1790786591140,1790786586116,4721,303,,False,False
bRdqiv-O7i7BOclSO4x5aj9I,ABQja9uwnGujWZ3nytyLSQTT,78,1,preflop,1,1,"[{""type"": ""luna_attempt"", ""hand"": 78, ""decision"": 1, ""street"": ""preflop"", ""legalButtonLabels"": [""check"", ""Min · 2 BB"", ""Pot · 3 BB""], ""attemptedButtonLabel"": ""Min · 2 BB"", ""attemptedAtMs"": 1790786599566, ""handOrdinal"": 78, ""decisionOrdinal"": 1, ""lastRenderedAtMs"": 1790786594692}]","[""Kd"", ""4h""]",[],"[{""name"": ""check"", ""kind"": ""check"", ""raiseTo"": null}, {""name"": ""min"", ""kind"": ""raise"", ""raiseTo"": 200}, {""name"": ""pot"", ""kind"": ""raise"", ""raiseTo"": 300}]","[""check"", ""Min · 2 BB"", ""Pot · 3 BB""]",Min · 2 BB,raise,200,1790786599566,True,True,True,1790786599918,1790786594692,4874,352,,False,False
bRdqiv-O7i7BOclSO4x5aj9I,ABQja9uwnGujWZ3nytyLSQTT,78,2,preflop,2,1,"[{""type"": ""luna_attempt"", ""hand"": 78, ""decision"": 2, ""street"": ""preflop"", ""legalButtonLabels"": [""Fold"", ""Call 1 BB"", ""Min · 4 BB"", ""Pot · 9 BB""], ""attemptedButtonLabel"": ""Call 1 BB"", ""attemptedAtMs"": 1790786604836, ""handOrdinal"": 78, ""decisionOrdinal"": 2, ""lastRenderedAtMs"": 1790786599999}]","[""Kd"", ""4h""]",[],"[{""name"": ""fold"", ""kind"": ""fold"", ""raiseTo"": null}, {""name"": ""call"", ""kind"": ""call"", ""raiseTo"": null}, {""name"": ""min"", ""kind"": ""raise"", ""raiseTo"": 400}, {""name"": ""pot"", ""kind"": ""raise"", ""raiseTo"": 900}]","[""Fold"", ""Call 1 BB"", ""Min · 4 BB"", ""Pot · 9 BB""]",Call 1 BB,call,,1790786604836,True,True,True,1790786605223,1790786599999,4837,387,,False,False
bRdqiv-O7i7BOclSO4x5aj9I,ABQja9uwnGujWZ3nytyLSQTT,78,3,flop,3,1,"[{""type"": ""luna_attempt"", ""hand"": 78, ""decision"": 3, ""street"": ""flop"", ""legalButtonLabels"": [""check"", ""Min · 1 BB"", ""Pot · 6 BB""], ""attemptedButtonLabel"": ""check"", ""attemptedAtMs"": 1790786610723, ""handOrdinal"": 78, ""decisionOrdinal"": 3, ""lastRenderedAtMs"": 1790786605301}]","[""Kd"", ""4h""]","[""8c"", ""Kh"", ""8h""]","[{""name"": ""check"", ""kind"": ""check"", ""raiseTo"": null}, {""name"": ""min"", ""kind"": ""raise"", ""raiseTo"": 100}, {""name"": ""pot"", ""kind"": ""raise"", ""raiseTo"": 600}]","[""check"", ""Min · 1 BB"", ""Pot · 6 BB""]",check,check,,1790786610723,True,True,True,1790786611133,1790786605301,5422,410,,False,False
bRdqiv-O7i7BOclSO4x5aj9I,ABQja9uwnGujWZ3nytyLSQTT,78,4,turn,4,1,"[{""type"": ""luna_attempt"", ""hand"": 78, ""decision"": 4, ""street"": ""turn"", ""legalButtonLabels"": [""check"", ""Min · 1 BB"", ""Pot · 6 BB""], ""attemptedButtonLabel"": ""check"", ""attemptedAtMs"": 1790786616054, ""handOrdinal"": 78, ""decisionOrdinal"": 4, ""lastRenderedAtMs"": 1790786611219}]","[""Kd"", ""4h""]","[""8c"", ""Kh"", ""8h"", ""Td""]","[{""name"": ""check"", ""kind"": ""check"", ""raiseTo"": null}, {""name"": ""min"", ""kind"": ""raise"", ""raiseTo"": 100}, {""name"": ""pot"", ""kind"": ""raise"", ""raiseTo"": 600}]","[""check"", ""Min · 1 BB"", ""Pot · 6 BB""]",check,check,,1790786616054,True,True,True,1790786616342,1790786611219,4835,288,,False,False
bRdqiv-O7i7BOclSO4x5aj9I,ABQja9uwnGujWZ3nytyLSQTT,78,5,river,5,1,"[{""type"": ""luna_attempt"", ""hand"": 78, ""decision"": 5, ""street"": ""river"", ""legalButtonLabels"": [""check"", ""Min · 1 BB"", ""Pot · 6 BB""], ""attemptedButtonLabel"": ""check"", ""attemptedAtMs"": 1790786624678, ""handOrdinal"": 78, ""decisionOrdinal"": 5, ""lastRenderedAtMs"": 1790786617883}]","[""Kd"", ""4h""]","[""8c"", ""Kh"", ""8h"", ""Td"", ""Qh""]","[{""name"": ""check"", ""kind"": ""check"", ""raiseTo"": null}, {""name"": ""min"", ""kind"": ""raise"", ""raiseTo"": 100}, {""name"": ""pot"", ""kind"": ""raise"", ""raiseTo"": 600}]","[""check"", ""Min · 1 BB"", ""Pot · 6 BB""]",check,check,,1790786624678,True,True,True,1790786624997,1790786617883,6795,319,,False,False
bRdqiv-O7i7BOclSO4x5aj9I,O1Zj1aAqmWTDDJ8roI2b1fEG,79,1,preflop,1,1,"[{""type"": ""luna_attempt"", ""hand"": 79, ""decision"": 1, ""street"": ""preflop"", ""legalButtonLabels"": [""Fold"", ""Call 0.50 BB"", ""Min · 2 BB"", ""Pot · 3 BB""], ""attemptedButtonLabel"": ""Min · 2 BB"", ""attemptedAtMs"": 1790786634368, ""handOrdinal"": 79, ""decisionOrdinal"": 1, ""lastRenderedAtMs"": 1790786629059}]","[""Qd"", ""2d""]",[],"[{""name"": ""fold"", ""kind"": ""fold"", ""raiseTo"": null}, {""name"": ""call"", ""kind"": ""call"", ""raiseTo"": null}, {""name"": ""min"", ""kind"": ""raise"", ""raiseTo"": 200}, {""name"": ""pot"", ""kind"": ""raise"", ""raiseTo"": 300}]","[""Fold"", ""Call 0.50 BB"", ""Min · 2 BB"", ""Pot · 3 BB""]",Min · 2 BB,raise,200,1790786634368,True,True,True,1790786634627,1790786629059,5309,259,,False,False
bRdqiv-O7i7BOclSO4x5aj9I,O1Zj1aAqmWTDDJ8roI2b1fEG,79,2,preflop,2,1,"[{""type"": ""luna_attempt"", ""hand"": 79, ""decision"": 2, ""street"": ""preflop"", ""legalButtonLabels"": [""Fold"", ""Call 4 BB"", ""Min · 10 BB"", ""Pot · 18 BB"", ""Jam · 20 BB""], ""attemptedButtonLabel"": ""Fold"", ""attemptedAtMs"": 1790786640328, ""handOrdinal"": 79, ""decisionOrdinal"": 2, ""lastRenderedAtMs"": 1790786634664}]","[""Qd"", ""2d""]",[],"[{""name"": ""fold"", ""kind"": ""fold"", ""raiseTo"": null}, {""name"": ""call"", ""kind"": ""call"", ""raiseTo"": null}, {""name"": ""min"", ""kind"": ""raise"", ""raiseTo"": 1000}, {""name"": ""pot"", ""kind"": ""raise"", ""raiseTo"": 1800}, {""name"": ""jam"", ""kind"": ""raise"", ""raiseTo"": 2000}]","[""Fold"", ""Call 4 BB"", ""Min · 10 BB"", ""Pot · 18 BB"", ""Jam · 20 BB""]",Fold,fold,,1790786640328,True,True,True,1790786640561,1790786634664,5664,233,,False,False
bRdqiv-O7i7BOclSO4x5aj9I,t8iCa7WwUXql3r7d3Y0QvxO3,80,1,preflop,1,1,"[{""type"": ""luna_attempt"", ""hand"": 80, ""decision"": 1, ""street"": ""preflop"", ""legalButtonLabels"": [""check"", ""Min · 2 BB"", ""Pot · 3 BB""], ""attemptedButtonLabel"": ""check"", ""attemptedAtMs"": 1790786651153, ""handOrdinal"": 80, ""decisionOrdinal"": 1, ""lastRenderedAtMs"": 1790786645776}]","[""2h"", ""6c""]",[],"[{""name"": ""check"", ""kind"": ""check"", ""raiseTo"": null}, {""name"": ""min"", ""kind"": ""raise"", ""raiseTo"": 200}, {""name"": ""pot"", ""kind"": ""raise"", ""raiseTo"": 300}]","[""check"", ""Min · 2 BB"", ""Pot · 3 BB""]",check,check,,1790786651153,True,True,True,1790786651483,1790786645776,5377,330,,False,False
bRdqiv-O7i7BOclSO4x5aj9I,t8iCa7WwUXql3r7d3Y0QvxO3,80,2,flop,2,1,"[{""type"": ""luna_attempt"", ""hand"": 80, ""decision"": 2, ""street"": ""flop"", ""legalButtonLabels"": [""check"", ""Min · 1 BB"", ""Pot · 2 BB""], ""attemptedButtonLabel"": ""check"", ""attemptedAtMs"": 1790786656859, ""handOrdinal"": 80, ""decisionOrdinal"": 2, ""lastRenderedAtMs"": 1790786651589}]","[""2h"", ""6c""]","[""5s"", ""5d"", ""3d""]","[{""name"": ""check"", ""kind"": ""check"", ""raiseTo"": null}, {""name"": ""min"", ""kind"": ""raise"", ""raiseTo"": 100}, {""name"": ""pot"", ""kind"": ""raise"", ""raiseTo"": 200}]","[""check"", ""Min · 1 BB"", ""Pot · 2 BB""]",check,check,,1790786656859,True,True,True,1790786657111,1790786651589,5270,252,,False,False
bRdqiv-O7i7BOclSO4x5aj9I,t8iCa7WwUXql3r7d3Y0QvxO3,80,3,flop,3,1,"[{""type"": ""luna_attempt"", ""hand"": 80, ""decision"": 3, ""street"": ""flop"", ""legalButtonLabels"": [""Fold"", ""Call 2 BB"", ""Min · 4 BB"", ""Pot · 8 BB""], ""attemptedButtonLabel"": ""Fold"", ""attemptedAtMs"": 1790786662820, ""handOrdinal"": 80, ""decisionOrdinal"": 3, ""lastRenderedAtMs"": 1790786657201}]","[""2h"", ""6c""]","[""5s"", ""5d"", ""3d""]","[{""name"": ""fold"", ""kind"": ""fold"", ""raiseTo"": null}, {""name"": ""call"", ""kind"": ""call"", ""raiseTo"": null}, {""name"": ""min"", ""kind"": ""raise"", ""raiseTo"": 400}, {""name"": ""pot"", ""kind"": ""raise"", ""raiseTo"": 800}]","[""Fold"", ""Call 2 BB"", ""Min · 4 BB"", ""Pot · 8 BB""]",Fold,fold,,1790786662820,True,True,True,1790786663213,1790786657201,5619,393,,False,False
bRdqiv-O7i7BOclSO4x5aj9I,A57GDPY4xvFqDddm9_iMaW7B,81,1,preflop,1,1,"[{""type"": ""luna_attempt"", ""hand"": 81, ""decision"": 1, ""street"": ""preflop"", ""legalButtonLabels"": [""Fold"", ""Call 0.50 BB"", ""Min · 2 BB"", ""Pot · 3 BB""], ""attemptedButtonLabel"": ""Min · 2 BB"", ""attemptedAtMs"": 1790786671370, ""handOrdinal"": 81, ""decisionOrdinal"": 1, ""lastRenderedAtMs"": 1790786666375}]","[""9d"", ""Jd""]",[],"[{""name"": ""fold"", ""kind"": ""fold"", ""raiseTo"": null}, {""name"": ""call"", ""kind"": ""call"", ""raiseTo"": null}, {""name"": ""min"", ""kind"": ""raise"", ""raiseTo"": 200}, {""name"": ""pot"", ""kind"": ""raise"", ""raiseTo"": 300}]","[""Fold"", ""Call 0.50 BB"", ""Min · 2 BB"", ""Pot · 3 BB""]",Min · 2 BB,raise,200,1790786671370,True,True,True,1790786671779,1790786666375,4995,409,,False,False
bRdqiv-O7i7BOclSO4x5aj9I,89moBkbBb7LwC46lL7f35FWo,82,1,preflop,1,1,"[{""type"": ""luna_attempt"", ""hand"": 82, ""decision"": 1, ""street"": ""preflop"", ""legalButtonLabels"": [""Fold"", ""Call 2 BB"", ""Min · 5 BB"", ""Pot · 9 BB""], ""attemptedButtonLabel"": ""Fold"", ""attemptedAtMs"": 1790786681773, ""handOrdinal"": 82, ""decisionOrdinal"": 1, ""lastRenderedAtMs"": 1790786676548}]","[""Js"", ""2c""]",[],"[{""name"": ""fold"", ""kind"": ""fold"", ""raiseTo"": null}, {""name"": ""call"", ""kind"": ""call"", ""raiseTo"": null}, {""name"": ""min"", ""kind"": ""raise"", ""raiseTo"": 500}, {""name"": ""pot"", ""kind"": ""raise"", ""raiseTo"": 900}]","[""Fold"", ""Call 2 BB"", ""Min · 5 BB"", ""Pot · 9 BB""]",Fold,fold,,1790786681773,True,True,True,1790786682078,1790786676548,5225,305,,False,False
bRdqiv-O7i7BOclSO4x5aj9I,AVskSaBjrBdb6vKjK-3ZkYKE,83,1,preflop,1,1,"[{""type"": ""luna_attempt"", ""hand"": 83, ""decision"": 1, ""street"": ""preflop"", ""legalButtonLabels"": [""Fold"", ""Call 0.50 BB"", ""Min · 2 BB"", ""Pot · 3 BB""], ""attemptedButtonLabel"": ""Fold"", ""attemptedAtMs"": 1790786691225, ""handOrdinal"": 83, ""decisionOrdinal"": 1, ""lastRenderedAtMs"": 1790786686030}]","[""2h"", ""8s""]",[],"[{""name"": ""fold"", ""kind"": ""fold"", ""raiseTo"": null}, {""name"": ""call"", ""kind"": ""call"", ""raiseTo"": null}, {""name"": ""min"", ""kind"": ""raise"", ""raiseTo"": 200}, {""name"": ""pot"", ""kind"": ""raise"", ""raiseTo"": 300}]","[""Fold"", ""Call 0.50 BB"", ""Min · 2 BB"", ""Pot · 3 BB""]",Fold,fold,,1790786691225,True,True,True,1790786691671,1790786686030,5195,446,,False,False
bRdqiv-O7i7BOclSO4x5aj9I,sFrCgRQbY6lDRJo5bZfS-KKE,85,1,preflop,1,1,"[{""type"": ""luna_attempt"", ""hand"": 85, ""decision"": 1, ""street"": ""preflop"", ""legalButtonLabels"": [""Fold"", ""Call 0.50 BB"", ""Min · 2 BB"", ""Pot · 3 BB""], ""attemptedButtonLabel"": ""Min · 2 BB"", ""attemptedAtMs"": 1790786706059, ""handOrdinal"": 85, ""decisionOrdinal"": 1, ""lastRenderedAtMs"": 1790786698192}]","[""Kc"", ""5d""]",[],"[{""name"": ""fold"", ""kind"": ""fold"", ""raiseTo"": null}, {""name"": ""call"", ""kind"": ""call"", ""raiseTo"": null}, {""name"": ""min"", ""kind"": ""raise"", ""raiseTo"": 200}, {""name"": ""pot"", ""kind"": ""raise"", ""raiseTo"": 300}]","[""Fold"", ""Call 0.50 BB"", ""Min · 2 BB"", ""Pot · 3 BB""]",Min · 2 BB,raise,200,1790786706059,True,True,True,1790786706336,1790786698192,7867,277,,False,False
bRdqiv-O7i7BOclSO4x5aj9I,sFrCgRQbY6lDRJo5bZfS-KKE,85,2,flop,2,1,"[{""type"": ""luna_attempt"", ""hand"": 85, ""decision"": 2, ""street"": ""flop"", ""legalButtonLabels"": [""Fold"", ""Call 1 BB"", ""Min · 2 BB"", ""Pot · 7 BB""], ""attemptedButtonLabel"": ""Call 1 BB"", ""attemptedAtMs"": 1790786711770, ""handOrdinal"": 85, ""decisionOrdinal"": 2, ""lastRenderedAtMs"": 1790786706447}]","[""Kc"", ""5d""]","[""6d"", ""9h"", ""5c""]","[{""name"": ""fold"", ""kind"": ""fold"", ""raiseTo"": null}, {""name"": ""call"", ""kind"": ""call"", ""raiseTo"": null}, {""name"": ""min"", ""kind"": ""raise"", ""raiseTo"": 200}, {""name"": ""pot"", ""kind"": ""raise"", ""raiseTo"": 700}]","[""Fold"", ""Call 1 BB"", ""Min · 2 BB"", ""Pot · 7 BB""]",Call 1 BB,call,,1790786711770,True,True,True,1790786712183,1790786706447,5323,413,,False,False
bRdqiv-O7i7BOclSO4x5aj9I,sFrCgRQbY6lDRJo5bZfS-KKE,85,3,turn,3,1,"[{""type"": ""luna_attempt"", ""hand"": 85, ""decision"": 3, ""street"": ""turn"", ""legalButtonLabels"": [""check"", ""Min · 1 BB"", ""Pot · 6 BB""], ""attemptedButtonLabel"": ""check"", ""attemptedAtMs"": 1790786718299, ""handOrdinal"": 85, ""decisionOrdinal"": 3, ""lastRenderedAtMs"": 1790786712257}]","[""Kc"", ""5d""]","[""6d"", ""9h"", ""5c"", ""As""]","[{""name"": ""check"", ""kind"": ""check"", ""raiseTo"": null}, {""name"": ""min"", ""kind"": ""raise"", ""raiseTo"": 100}, {""name"": ""pot"", ""kind"": ""raise"", ""raiseTo"": 600}]","[""check"", ""Min · 1 BB"", ""Pot · 6 BB""]",check,check,,1790786718299,True,True,True,1790786718644,1790786712257,6042,345,,False,False
bRdqiv-O7i7BOclSO4x5aj9I,sFrCgRQbY6lDRJo5bZfS-KKE,85,4,river,4,1,"[{""type"": ""luna_attempt"", ""hand"": 85, ""decision"": 4, ""street"": ""river"", ""legalButtonLabels"": [""check"", ""Min · 1 BB"", ""Pot · 6 BB""], ""attemptedButtonLabel"": ""check"", ""attemptedAtMs"": 1790786729063, ""handOrdinal"": 85, ""decisionOrdinal"": 4, ""lastRenderedAtMs"": 1790786718746}]","[""Kc"", ""5d""]","[""6d"", ""9h"", ""5c"", ""As"", ""6s""]","[{""name"": ""check"", ""kind"": ""check"", ""raiseTo"": null}, {""name"": ""min"", ""kind"": ""raise"", ""raiseTo"": 100}, {""name"": ""pot"", ""kind"": ""raise"", ""raiseTo"": 600}]","[""check"", ""Min · 1 BB"", ""Pot · 6 BB""]",check,check,,1790786729063,True,True,True,1790786729288,1790786718746,10317,225,,False,False
bRdqiv-O7i7BOclSO4x5aj9I,w9haN6I_ATb97ITqPPQfQRIC,86,1,preflop,1,1,"[{""type"": ""luna_attempt"", ""hand"": 86, ""decision"": 1, ""street"": ""preflop"", ""legalButtonLabels"": [""Fold"", ""Call 2 BB"", ""Min · 5 BB"", ""Pot · 9 BB""], ""attemptedButtonLabel"": ""Fold"", ""attemptedAtMs"": 1790786740720, ""handOrdinal"": 86, ""decisionOrdinal"": 1, ""lastRenderedAtMs"": 1790786733459}]","[""8c"", ""9s""]",[],"[{""name"": ""fold"", ""kind"": ""fold"", ""raiseTo"": null}, {""name"": ""call"", ""kind"": ""call"", ""raiseTo"": null}, {""name"": ""min"", ""kind"": ""raise"", ""raiseTo"": 500}, {""name"": ""pot"", ""kind"": ""raise"", ""raiseTo"": 900}]","[""Fold"", ""Call 2 BB"", ""Min · 5 BB"", ""Pot · 9 BB""]",Fold,fold,,1790786740720,True,True,True,1790786741135,1790786733459,7261,415,,False,False
bRdqiv-O7i7BOclSO4x5aj9I,CiwsASCL1x-Ngv5BR5Cilpu1,87,1,preflop,1,1,"[{""type"": ""luna_attempt"", ""hand"": 87, ""decision"": 1, ""street"": ""preflop"", ""legalButtonLabels"": [""Fold"", ""Call 0.50 BB"", ""Min · 2 BB"", ""Pot · 3 BB""], ""attemptedButtonLabel"": ""Min · 2 BB"", ""attemptedAtMs"": 1790786754050, ""handOrdinal"": 87, ""decisionOrdinal"": 1, ""lastRenderedAtMs"": 1790786745590}]","[""3c"", ""7c""]",[],"[{""name"": ""fold"", ""kind"": ""fold"", ""raiseTo"": null}, {""name"": ""call"", ""kind"": ""call"", ""raiseTo"": null}, {""name"": ""min"", ""kind"": ""raise"", ""raiseTo"": 200}, {""name"": ""pot"", ""kind"": ""raise"", ""raiseTo"": 300}]","[""Fold"", ""Call 0.50 BB"", ""Min · 2 BB"", ""Pot · 3 BB""]",Min · 2 BB,raise,200,1790786754050,True,True,True,1790786754351,1790786745590,8460,301,,False,False
bRdqiv-O7i7BOclSO4x5aj9I,CiwsASCL1x-Ngv5BR5Cilpu1,87,2,flop,2,1,"[{""type"": ""luna_attempt"", ""hand"": 87, ""decision"": 2, ""street"": ""flop"", ""legalButtonLabels"": [""check"", ""Min · 1 BB"", ""Pot · 4 BB""], ""attemptedButtonLabel"": ""check"", ""attemptedAtMs"": 1790786760520, ""handOrdinal"": 87, ""decisionOrdinal"": 2, ""lastRenderedAtMs"": 1790786754473}]","[""3c"", ""7c""]","[""8s"", ""2h"", ""Ts""]","[{""name"": ""check"", ""kind"": ""check"", ""raiseTo"": null}, {""name"": ""min"", ""kind"": ""raise"", ""raiseTo"": 100}, {""name"": ""pot"", ""kind"": ""raise"", ""raiseTo"": 400}]","[""check"", ""Min · 1 BB"", ""Pot · 4 BB""]",check,check,,1790786760520,True,True,True,1790786760842,1790786754473,6047,322,,False,False
bRdqiv-O7i7BOclSO4x5aj9I,CiwsASCL1x-Ngv5BR5Cilpu1,87,3,turn,3,1,"[{""type"": ""luna_attempt"", ""hand"": 87, ""decision"": 3, ""street"": ""turn"", ""legalButtonLabels"": [""check"", ""Min · 1 BB"", ""Pot · 4 BB""], ""attemptedButtonLabel"": ""Min · 1 BB"", ""attemptedAtMs"": 1790786766417, ""handOrdinal"": 87, ""decisionOrdinal"": 3, ""lastRenderedAtMs"": 1790786760887}]","[""3c"", ""7c""]","[""8s"", ""2h"", ""Ts"", ""7h""]","[{""name"": ""check"", ""kind"": ""check"", ""raiseTo"": null}, {""name"": ""min"", ""kind"": ""raise"", ""raiseTo"": 100}, {""name"": ""pot"", ""kind"": ""raise"", ""raiseTo"": 400}]","[""check"", ""Min · 1 BB"", ""Pot · 4 BB""]",Min · 1 BB,raise,100,1790786766417,True,True,True,1790786766822,1790786760887,5530,405,,False,False
bRdqiv-O7i7BOclSO4x5aj9I,CiwsASCL1x-Ngv5BR5Cilpu1,87,4,river,4,1,"[{""type"": ""luna_attempt"", ""hand"": 87, ""decision"": 4, ""street"": ""river"", ""legalButtonLabels"": [""check"", ""Min · 1 BB"", ""Pot · 6 BB""], ""attemptedButtonLabel"": ""check"", ""attemptedAtMs"": 1790786772885, ""handOrdinal"": 87, ""decisionOrdinal"": 4, ""lastRenderedAtMs"": 1790786766902}]","[""3c"", ""7c""]","[""8s"", ""2h"", ""Ts"", ""7h"", ""2d""]","[{""name"": ""check"", ""kind"": ""check"", ""raiseTo"": null}, {""name"": ""min"", ""kind"": ""raise"", ""raiseTo"": 100}, {""name"": ""pot"", ""kind"": ""raise"", ""raiseTo"": 600}]","[""check"", ""Min · 1 BB"", ""Pot · 6 BB""]",check,check,,1790786772885,True,True,True,1790786773251,1790786766902,5983,366,,False,False
bRdqiv-O7i7BOclSO4x5aj9I,rfdQ_jdjgxLOUlhzRk49bwKc,88,1,preflop,1,1,"[{""type"": ""luna_attempt"", ""hand"": 88, ""decision"": 1, ""street"": ""preflop"", ""legalButtonLabels"": [""Fold"", ""Call 1 BB"", ""Min · 3 BB"", ""Pot · 6 BB""], ""attemptedButtonLabel"": ""Call 1 BB"", ""attemptedAtMs"": 1790786784966, ""handOrdinal"": 88, ""decisionOrdinal"": 1, ""lastRenderedAtMs"": 1790786776274}]","[""5c"", ""7c""]",[],"[{""name"": ""fold"", ""kind"": ""fold"", ""raiseTo"": null}, {""name"": ""call"", ""kind"": ""call"", ""raiseTo"": null}, {""name"": ""min"", ""kind"": ""raise"", ""raiseTo"": 300}, {""name"": ""pot"", ""kind"": ""raise"", ""raiseTo"": 600}]","[""Fold"", ""Call 1 BB"", ""Min · 3 BB"", ""Pot · 6 BB""]",Call 1 BB,call,,1790786784966,True,True,True,1790786785277,1790786776274,8692,311,,False,False
bRdqiv-O7i7BOclSO4x5aj9I,rfdQ_jdjgxLOUlhzRk49bwKc,88,2,flop,2,1,"[{""type"": ""luna_attempt"", ""hand"": 88, ""decision"": 2, ""street"": ""flop"", ""legalButtonLabels"": [""check"", ""Min · 1 BB"", ""Pot · 4 BB""], ""attemptedButtonLabel"": ""check"", ""attemptedAtMs"": 1790786790553, ""handOrdinal"": 88, ""decisionOrdinal"": 2, ""lastRenderedAtMs"": 1790786785347}]","[""5c"", ""7c""]","[""Jd"", ""6s"", ""4s""]","[{""name"": ""check"", ""kind"": ""check"", ""raiseTo"": null}, {""name"": ""min"", ""kind"": ""raise"", ""raiseTo"": 100}, {""name"": ""pot"", ""kind"": ""raise"", ""raiseTo"": 400}]","[""check"", ""Min · 1 BB"", ""Pot · 4 BB""]",check,check,,1790786790553,True,True,True,1790786790871,1790786785347,5206,318,,False,False
bRdqiv-O7i7BOclSO4x5aj9I,rfdQ_jdjgxLOUlhzRk49bwKc,88,3,flop,3,1,"[{""type"": ""luna_attempt"", ""hand"": 88, ""decision"": 3, ""street"": ""flop"", ""legalButtonLabels"": [""Fold"", ""Call 4 BB"", ""Min · 8 BB"", ""Pot · 16 BB"", ""Jam · 18 BB""], ""attemptedButtonLabel"": ""Fold"", ""attemptedAtMs"": 1790786796170, ""handOrdinal"": 88, ""decisionOrdinal"": 3, ""lastRenderedAtMs"": 1790786790958}]","[""5c"", ""7c""]","[""Jd"", ""6s"", ""4s""]","[{""name"": ""fold"", ""kind"": ""fold"", ""raiseTo"": null}, {""name"": ""call"", ""kind"": ""call"", ""raiseTo"": null}, {""name"": ""min"", ""kind"": ""raise"", ""raiseTo"": 800}, {""name"": ""pot"", ""kind"": ""raise"", ""raiseTo"": 1600}, {""name"": ""jam"", ""kind"": ""raise"", ""raiseTo"": 1800}]","[""Fold"", ""Call 4 BB"", ""Min · 8 BB"", ""Pot · 16 BB"", ""Jam · 18 BB""]",Fold,fold,,1790786796170,True,True,True,1790786796487,1790786790958,5212,317,,False,False
bRdqiv-O7i7BOclSO4x5aj9I,w09MDPBK_KMgkzP1epCZTwKF,89,1,preflop,1,1,"[{""type"": ""luna_attempt"", ""hand"": 89, ""decision"": 1, ""street"": ""preflop"", ""legalButtonLabels"": [""Fold"", ""Call 0.50 BB"", ""Min · 2 BB"", ""Pot · 3 BB""], ""attemptedButtonLabel"": ""Min · 2 BB"", ""attemptedAtMs"": 1790786806317, ""handOrdinal"": 89, ""decisionOrdinal"": 1, ""lastRenderedAtMs"": 1790786800339}]","[""7c"", ""8s""]",[],"[{""name"": ""fold"", ""kind"": ""fold"", ""raiseTo"": null}, {""name"": ""call"", ""kind"": ""call"", ""raiseTo"": null}, {""name"": ""min"", ""kind"": ""raise"", ""raiseTo"": 200}, {""name"": ""pot"", ""kind"": ""raise"", ""raiseTo"": 300}]","[""Fold"", ""Call 0.50 BB"", ""Min · 2 BB"", ""Pot · 3 BB""]",Min · 2 BB,raise,200,1790786806317,True,True,True,1790786806573,1790786800339,5978,256,,False,False
bRdqiv-O7i7BOclSO4x5aj9I,w09MDPBK_KMgkzP1epCZTwKF,89,2,preflop,2,1,"[{""type"": ""luna_attempt"", ""hand"": 89, ""decision"": 2, ""street"": ""preflop"", ""legalButtonLabels"": [""Fold"", ""Call 4 BB"", ""Min · 10 BB"", ""Pot · 18 BB"", ""Jam · 20 BB""], ""attemptedButtonLabel"": ""Fold"", ""attemptedAtMs"": 1790786815215, ""handOrdinal"": 89, ""decisionOrdinal"": 2, ""lastRenderedAtMs"": 1790786806649}]","[""7c"", ""8s""]",[],"[{""name"": ""fold"", ""kind"": ""fold"", ""raiseTo"": null}, {""name"": ""call"", ""kind"": ""call"", ""raiseTo"": null}, {""name"": ""min"", ""kind"": ""raise"", ""raiseTo"": 1000}, {""name"": ""pot"", ""kind"": ""raise"", ""raiseTo"": 1800}, {""name"": ""jam"", ""kind"": ""raise"", ""raiseTo"": 2000}]","[""Fold"", ""Call 4 BB"", ""Min · 10 BB"", ""Pot · 18 BB"", ""Jam · 20 BB""]",Fold,fold,,1790786815215,True,True,True,1790786815454,1790786806649,8566,239,,False,False
bRdqiv-O7i7BOclSO4x5aj9I,AoFGjFmLE6FyatSdAL2ghj5M,90,1,preflop,1,1,"[{""type"": ""luna_attempt"", ""hand"": 90, ""decision"": 1, ""street"": ""preflop"", ""legalButtonLabels"": [""Fold"", ""Call 2 BB"", ""Min · 5 BB"", ""Pot · 9 BB""], ""attemptedButtonLabel"": ""Call 2 BB"", ""attemptedAtMs"": 1790786825394, ""handOrdinal"": 90, ""decisionOrdinal"": 1, ""lastRenderedAtMs"": 1790786819814}]","[""4s"", ""4d""]",[],"[{""name"": ""fold"", ""kind"": ""fold"", ""raiseTo"": null}, {""name"": ""call"", ""kind"": ""call"", ""raiseTo"": null}, {""name"": ""min"", ""kind"": ""raise"", ""raiseTo"": 500}, {""name"": ""pot"", ""kind"": ""raise"", ""raiseTo"": 900}]","[""Fold"", ""Call 2 BB"", ""Min · 5 BB"", ""Pot · 9 BB""]",Call 2 BB,call,,1790786825394,True,True,True,1790786825648,1790786819814,5580,254,,False,False
bRdqiv-O7i7BOclSO4x5aj9I,AoFGjFmLE6FyatSdAL2ghj5M,90,2,flop,2,1,"[{""type"": ""luna_attempt"", ""hand"": 90, ""decision"": 2, ""street"": ""flop"", ""legalButtonLabels"": [""check"", ""Min · 1 BB"", ""Pot · 6 BB""], ""attemptedButtonLabel"": ""Pot · 6 BB"", ""attemptedAtMs"": 1790786832814, ""handOrdinal"": 90, ""decisionOrdinal"": 2, ""lastRenderedAtMs"": 1790786825724}]","[""4s"", ""4d""]","[""Jd"", ""Ks"", ""4h""]","[{""name"": ""check"", ""kind"": ""check"", ""raiseTo"": null}, {""name"": ""min"", ""kind"": ""raise"", ""raiseTo"": 100}, {""name"": ""pot"", ""kind"": ""raise"", ""raiseTo"": 600}]","[""check"", ""Min · 1 BB"", ""Pot · 6 BB""]",Pot · 6 BB,raise,600,1790786832814,True,True,True,1790786833185,1790786825724,7090,371,,False,False
bRdqiv-O7i7BOclSO4x5aj9I,tsq7OiOr8_6TPeIsJ0ZeHOT0,91,1,preflop,1,1,"[{""type"": ""luna_attempt"", ""hand"": 91, ""decision"": 1, ""street"": ""preflop"", ""legalButtonLabels"": [""Fold"", ""Call 0.50 BB"", ""Min · 2 BB"", ""Pot · 3 BB""], ""attemptedButtonLabel"": ""Fold"", ""attemptedAtMs"": 1790786843198, ""handOrdinal"": 91, ""decisionOrdinal"": 1, ""lastRenderedAtMs"": 1790786836226}]","[""5s"", ""3c""]",[],"[{""name"": ""fold"", ""kind"": ""fold"", ""raiseTo"": null}, {""name"": ""call"", ""kind"": ""call"", ""raiseTo"": null}, {""name"": ""min"", ""kind"": ""raise"", ""raiseTo"": 200}, {""name"": ""pot"", ""kind"": ""raise"", ""raiseTo"": 300}]","[""Fold"", ""Call 0.50 BB"", ""Min · 2 BB"", ""Pot · 3 BB""]",Fold,fold,,1790786843198,True,True,True,1790786843578,1790786836226,6972,380,,False,False
bRdqiv-O7i7BOclSO4x5aj9I,ZFnNFEbxXj0_H19seCTZxBlg,92,1,preflop,1,1,"[{""type"": ""luna_attempt"", ""hand"": 92, ""decision"": 1, ""street"": ""preflop"", ""legalButtonLabels"": [""Fold"", ""Call 2 BB"", ""Min · 5 BB"", ""Pot · 9 BB""], ""attemptedButtonLabel"": ""Fold"", ""attemptedAtMs"": 1790786851672, ""handOrdinal"": 92, ""decisionOrdinal"": 1, ""lastRenderedAtMs"": 1790786846511}]","[""8d"", ""2h""]",[],"[{""name"": ""fold"", ""kind"": ""fold"", ""raiseTo"": null}, {""name"": ""call"", ""kind"": ""call"", ""raiseTo"": null}, {""name"": ""min"", ""kind"": ""raise"", ""raiseTo"": 500}, {""name"": ""pot"", ""kind"": ""raise"", ""raiseTo"": 900}]","[""Fold"", ""Call 2 BB"", ""Min · 5 BB"", ""Pot · 9 BB""]",Fold,fold,,1790786851672,True,True,True,1790786852034,1790786846511,5161,362,,False,False
bRdqiv-O7i7BOclSO4x5aj9I,C7jjuYwV0obRJI9lQODfUEyJ,93,1,preflop,1,1,"[{""type"": ""luna_attempt"", ""hand"": 93, ""decision"": 1, ""street"": ""preflop"", ""legalButtonLabels"": [""Fold"", ""Call 0.50 BB"", ""Min · 2 BB"", ""Pot · 3 BB""], ""attemptedButtonLabel"": ""Min · 2 BB"", ""attemptedAtMs"": 1790786861164, ""handOrdinal"": 93, ""decisionOrdinal"": 1, ""lastRenderedAtMs"": 1790786855681}]","[""4c"", ""Th""]",[],"[{""name"": ""fold"", ""kind"": ""fold"", ""raiseTo"": null}, {""name"": ""call"", ""kind"": ""call"", ""raiseTo"": null}, {""name"": ""min"", ""kind"": ""raise"", ""raiseTo"": 200}, {""name"": ""pot"", ""kind"": ""raise"", ""raiseTo"": 300}]","[""Fold"", ""Call 0.50 BB"", ""Min · 2 BB"", ""Pot · 3 BB""]",Min · 2 BB,raise,200,1790786861164,True,True,True,1790786861396,1790786855681,5483,232,,False,False
bRdqiv-O7i7BOclSO4x5aj9I,2VWzgyC-r17cvW0NbhLzNrE7,95,1,preflop,1,1,"[{""type"": ""luna_attempt"", ""hand"": 95, ""decision"": 1, ""street"": ""preflop"", ""legalButtonLabels"": [""Fold"", ""Call 0.50 BB"", ""Min · 2 BB"", ""Pot · 3 BB""], ""attemptedButtonLabel"": ""Min · 2 BB"", ""attemptedAtMs"": 1790786879602, ""handOrdinal"": 95, ""decisionOrdinal"": 1, ""lastRenderedAtMs"": 1790786869742}]","[""6h"", ""5c""]",[],"[{""name"": ""fold"", ""kind"": ""fold"", ""raiseTo"": null}, {""name"": ""call"", ""kind"": ""call"", ""raiseTo"": null}, {""name"": ""min"", ""kind"": ""raise"", ""raiseTo"": 200}, {""name"": ""pot"", ""kind"": ""raise"", ""raiseTo"": 300}]","[""Fold"", ""Call 0.50 BB"", ""Min · 2 BB"", ""Pot · 3 BB""]",Min · 2 BB,raise,200,1790786879602,True,True,True,1790786879829,1790786869742,9860,227,,False,False
bRdqiv-O7i7BOclSO4x5aj9I,2VWzgyC-r17cvW0NbhLzNrE7,95,2,flop,2,1,"[{""type"": ""luna_attempt"", ""hand"": 95, ""decision"": 2, ""street"": ""flop"", ""legalButtonLabels"": [""Fold"", ""Call 1 BB"", ""Min · 2 BB"", ""Pot · 7 BB""], ""attemptedButtonLabel"": ""Call 1 BB"", ""attemptedAtMs"": 1790786886164, ""handOrdinal"": 95, ""decisionOrdinal"": 2, ""lastRenderedAtMs"": 1790786879869}]","[""6h"", ""5c""]","[""5h"", ""Kd"", ""2s""]","[{""name"": ""fold"", ""kind"": ""fold"", ""raiseTo"": null}, {""name"": ""call"", ""kind"": ""call"", ""raiseTo"": null}, {""name"": ""min"", ""kind"": ""raise"", ""raiseTo"": 200}, {""name"": ""pot"", ""kind"": ""raise"", ""raiseTo"": 700}]","[""Fold"", ""Call 1 BB"", ""Min · 2 BB"", ""Pot · 7 BB""]",Call 1 BB,call,,1790786886164,True,True,True,1790786886398,1790786879869,6295,234,,False,False
bRdqiv-O7i7BOclSO4x5aj9I,2VWzgyC-r17cvW0NbhLzNrE7,95,3,turn,3,1,"[{""type"": ""luna_attempt"", ""hand"": 95, ""decision"": 3, ""street"": ""turn"", ""legalButtonLabels"": [""check"", ""Min · 1 BB"", ""Pot · 6 BB""], ""attemptedButtonLabel"": ""check"", ""attemptedAtMs"": 1790786893000, ""handOrdinal"": 95, ""decisionOrdinal"": 3, ""lastRenderedAtMs"": 1790786886483}]","[""6h"", ""5c""]","[""5h"", ""Kd"", ""2s"", ""3h""]","[{""name"": ""check"", ""kind"": ""check"", ""raiseTo"": null}, {""name"": ""min"", ""kind"": ""raise"", ""raiseTo"": 100}, {""name"": ""pot"", ""kind"": ""raise"", ""raiseTo"": 600}]","[""check"", ""Min · 1 BB"", ""Pot · 6 BB""]",check,check,,1790786893000,True,True,True,1790786893216,1790786886483,6517,216,,False,False
bRdqiv-O7i7BOclSO4x5aj9I,2VWzgyC-r17cvW0NbhLzNrE7,95,4,river,4,1,"[{""type"": ""luna_attempt"", ""hand"": 95, ""decision"": 4, ""street"": ""river"", ""legalButtonLabels"": [""Fold"", ""Call 1 BB"", ""Min · 2 BB"", ""Pot · 9 BB"", ""Jam · 17 BB""], ""attemptedButtonLabel"": ""Call 1 BB"", ""attemptedAtMs"": 1790786900056, ""handOrdinal"": 95, ""decisionOrdinal"": 4, ""lastRenderedAtMs"": 1790786893311}]","[""6h"", ""5c""]","[""5h"", ""Kd"", ""2s"", ""3h"", ""4h""]","[{""name"": ""fold"", ""kind"": ""fold"", ""raiseTo"": null}, {""name"": ""call"", ""kind"": ""call"", ""raiseTo"": null}, {""name"": ""min"", ""kind"": ""raise"", ""raiseTo"": 200}, {""name"": ""pot"", ""kind"": ""raise"", ""raiseTo"": 900}, {""name"": ""jam"", ""kind"": ""raise"", ""raiseTo"": 1700}]","[""Fold"", ""Call 1 BB"", ""Min · 2 BB"", ""Pot · 9 BB"", ""Jam · 17 BB""]",Call 1 BB,call,,1790786900056,True,True,True,1790786900473,1790786893311,6745,417,,False,False
bRdqiv-O7i7BOclSO4x5aj9I,vO9QHDxdOq9cTTd1iy80bY4u,96,1,preflop,1,1,"[{""type"": ""luna_attempt"", ""hand"": 96, ""decision"": 1, ""street"": ""preflop"", ""legalButtonLabels"": [""check"", ""Min · 2 BB"", ""Pot · 3 BB""], ""attemptedButtonLabel"": ""Min · 2 BB"", ""attemptedAtMs"": 1790786911879, ""handOrdinal"": 96, ""decisionOrdinal"": 1, ""lastRenderedAtMs"": 1790786903506}]","[""Ks"", ""8h""]",[],"[{""name"": ""check"", ""kind"": ""check"", ""raiseTo"": null}, {""name"": ""min"", ""kind"": ""raise"", ""raiseTo"": 200}, {""name"": ""pot"", ""kind"": ""raise"", ""raiseTo"": 300}]","[""check"", ""Min · 2 BB"", ""Pot · 3 BB""]",Min · 2 BB,raise,200,1790786911879,True,True,True,1790786912195,1790786903506,8373,316,,False,False
bRdqiv-O7i7BOclSO4x5aj9I,8Wz-pq8Njqiq1EWMhXpvHEAY,97,1,preflop,1,1,"[{""type"": ""luna_attempt"", ""hand"": 97, ""decision"": 1, ""street"": ""preflop"", ""legalButtonLabels"": [""Fold"", ""Call 0.50 BB"", ""Min · 2 BB"", ""Pot · 3 BB""], ""attemptedButtonLabel"": ""Min · 2 BB"", ""attemptedAtMs"": 1790786922725, ""handOrdinal"": 97, ""decisionOrdinal"": 1, ""lastRenderedAtMs"": 1790786916677}]","[""Ah"", ""Qh""]",[],"[{""name"": ""fold"", ""kind"": ""fold"", ""raiseTo"": null}, {""name"": ""call"", ""kind"": ""call"", ""raiseTo"": null}, {""name"": ""min"", ""kind"": ""raise"", ""raiseTo"": 200}, {""name"": ""pot"", ""kind"": ""raise"", ""raiseTo"": 300}]","[""Fold"", ""Call 0.50 BB"", ""Min · 2 BB"", ""Pot · 3 BB""]",Min · 2 BB,raise,200,1790786922725,True,True,True,1790786923102,1790786916677,6048,377,,False,False
bRdqiv-O7i7BOclSO4x5aj9I,8Wz-pq8Njqiq1EWMhXpvHEAY,97,2,flop,2,1,"[{""type"": ""luna_attempt"", ""hand"": 97, ""decision"": 2, ""street"": ""flop"", ""legalButtonLabels"": [""check"", ""Min · 1 BB"", ""Pot · 4 BB""], ""attemptedButtonLabel"": ""Min · 1 BB"", ""attemptedAtMs"": 1790786928873, ""handOrdinal"": 97, ""decisionOrdinal"": 2, ""lastRenderedAtMs"": 1790786923179}]","[""Ah"", ""Qh""]","[""7h"", ""Js"", ""Jd""]","[{""name"": ""check"", ""kind"": ""check"", ""raiseTo"": null}, {""name"": ""min"", ""kind"": ""raise"", ""raiseTo"": 100}, {""name"": ""pot"", ""kind"": ""raise"", ""raiseTo"": 400}]","[""check"", ""Min · 1 BB"", ""Pot · 4 BB""]",Min · 1 BB,raise,100,1790786928873,True,True,True,1790786929111,1790786923179,5694,238,,False,False
bRdqiv-O7i7BOclSO4x5aj9I,8Wz-pq8Njqiq1EWMhXpvHEAY,97,3,turn,3,1,"[{""type"": ""luna_attempt"", ""hand"": 97, ""decision"": 3, ""street"": ""turn"", ""legalButtonLabels"": [""check"", ""Min · 1 BB"", ""Pot · 6 BB""], ""attemptedButtonLabel"": ""check"", ""attemptedAtMs"": 1790786935487, ""handOrdinal"": 97, ""decisionOrdinal"": 3, ""lastRenderedAtMs"": 1790786929200}]","[""Ah"", ""Qh""]","[""7h"", ""Js"", ""Jd"", ""5c""]","[{""name"": ""check"", ""kind"": ""check"", ""raiseTo"": null}, {""name"": ""min"", ""kind"": ""raise"", ""raiseTo"": 100}, {""name"": ""pot"", ""kind"": ""raise"", ""raiseTo"": 600}]","[""check"", ""Min · 1 BB"", ""Pot · 6 BB""]",check,check,,1790786935487,True,True,True,1790786935844,1790786929200,6287,357,,False,False
bRdqiv-O7i7BOclSO4x5aj9I,8Wz-pq8Njqiq1EWMhXpvHEAY,97,4,river,4,1,"[{""type"": ""luna_attempt"", ""hand"": 97, ""decision"": 4, ""street"": ""river"", ""legalButtonLabels"": [""Fold"", ""Call 1 BB"", ""Min · 2 BB"", ""Pot · 9 BB"", ""Jam · 17 BB""], ""attemptedButtonLabel"": ""Call 1 BB"", ""attemptedAtMs"": 1790786941914, ""handOrdinal"": 97, ""decisionOrdinal"": 4, ""lastRenderedAtMs"": 1790786935929}]","[""Ah"", ""Qh""]","[""7h"", ""Js"", ""Jd"", ""5c"", ""2h""]","[{""name"": ""fold"", ""kind"": ""fold"", ""raiseTo"": null}, {""name"": ""call"", ""kind"": ""call"", ""raiseTo"": null}, {""name"": ""min"", ""kind"": ""raise"", ""raiseTo"": 200}, {""name"": ""pot"", ""kind"": ""raise"", ""raiseTo"": 900}, {""name"": ""jam"", ""kind"": ""raise"", ""raiseTo"": 1700}]","[""Fold"", ""Call 1 BB"", ""Min · 2 BB"", ""Pot · 9 BB"", ""Jam · 17 BB""]",Call 1 BB,call,,1790786941914,True,True,True,1790786942195,1790786935929,5985,281,,False,False
bRdqiv-O7i7BOclSO4x5aj9I,2jw1jnDtAm1r9tCmr42Z228G,99,1,preflop,1,1,"[{""type"": ""luna_attempt"", ""hand"": 99, ""decision"": 1, ""street"": ""preflop"", ""legalButtonLabels"": [""Fold"", ""Call 0.50 BB"", ""Min · 2 BB"", ""Pot · 3 BB""], ""attemptedButtonLabel"": ""Min · 2 BB"", ""attemptedAtMs"": 1790786960714, ""handOrdinal"": 99, ""decisionOrdinal"": 1, ""lastRenderedAtMs"": 1790786953456}]","[""Ad"", ""2h""]",[],"[{""name"": ""fold"", ""kind"": ""fold"", ""raiseTo"": null}, {""name"": ""call"", ""kind"": ""call"", ""raiseTo"": null}, {""name"": ""min"", ""kind"": ""raise"", ""raiseTo"": 200}, {""name"": ""pot"", ""kind"": ""raise"", ""raiseTo"": 300}]","[""Fold"", ""Call 0.50 BB"", ""Min · 2 BB"", ""Pot · 3 BB""]",Min · 2 BB,raise,200,1790786960714,True,True,True,1790786961048,1790786953456,7258,334,,False,False
bRdqiv-O7i7BOclSO4x5aj9I,2jw1jnDtAm1r9tCmr42Z228G,99,2,flop,2,1,"[{""type"": ""luna_attempt"", ""hand"": 99, ""decision"": 2, ""street"": ""flop"", ""legalButtonLabels"": [""Fold"", ""Call 4 BB"", ""Min · 8 BB"", ""Pot · 16 BB"", ""Jam · 18 BB""], ""attemptedButtonLabel"": ""Fold"", ""attemptedAtMs"": 1790786966963, ""handOrdinal"": 99, ""decisionOrdinal"": 2, ""lastRenderedAtMs"": 1790786961100}]","[""Ad"", ""2h""]","[""7h"", ""8s"", ""4d""]","[{""name"": ""fold"", ""kind"": ""fold"", ""raiseTo"": null}, {""name"": ""call"", ""kind"": ""call"", ""raiseTo"": null}, {""name"": ""min"", ""kind"": ""raise"", ""raiseTo"": 800}, {""name"": ""pot"", ""kind"": ""raise"", ""raiseTo"": 1600}, {""name"": ""jam"", ""kind"": ""raise"", ""raiseTo"": 1800}]","[""Fold"", ""Call 4 BB"", ""Min · 8 BB"", ""Pot · 16 BB"", ""Jam · 18 BB""]",Fold,fold,,1790786966963,True,True,True,1790786967353,1790786961100,5863,390,,False,False
bRdqiv-O7i7BOclSO4x5aj9I,HocMRSAKQwe70pGR1O9yCP3G,100,1,preflop,1,1,"[{""type"": ""luna_attempt"", ""hand"": 100, ""decision"": 1, ""street"": ""preflop"", ""legalButtonLabels"": [""check"", ""Min · 2 BB"", ""Pot · 3 BB""], ""attemptedButtonLabel"": ""check"", ""attemptedAtMs"": 1790786999198, ""handOrdinal"": 100, ""decisionOrdinal"": 1, ""lastRenderedAtMs"": 1790786991427}]","[""4h"", ""Ks""]",[],"[{""name"": ""check"", ""kind"": ""check"", ""raiseTo"": null}, {""name"": ""min"", ""kind"": ""raise"", ""raiseTo"": 200}, {""name"": ""pot"", ""kind"": ""raise"", ""raiseTo"": 300}]","[""check"", ""Min · 2 BB"", ""Pot · 3 BB""]",check,check,,1790786999198,True,True,True,1790786999580,1790786991427,7771,382,,False,False
bRdqiv-O7i7BOclSO4x5aj9I,HocMRSAKQwe70pGR1O9yCP3G,100,2,flop,2,1,"[{""type"": ""luna_attempt"", ""hand"": 100, ""decision"": 2, ""street"": ""flop"", ""legalButtonLabels"": [""check"", ""Min · 1 BB"", ""Pot · 2 BB""], ""attemptedButtonLabel"": ""check"", ""attemptedAtMs"": 1790787005287, ""handOrdinal"": 100, ""decisionOrdinal"": 2, ""lastRenderedAtMs"": 1790786999655}]","[""4h"", ""Ks""]","[""Jh"", ""9s"", ""9h""]","[{""name"": ""check"", ""kind"": ""check"", ""raiseTo"": null}, {""name"": ""min"", ""kind"": ""raise"", ""raiseTo"": 100}, {""name"": ""pot"", ""kind"": ""raise"", ""raiseTo"": 200}]","[""check"", ""Min · 1 BB"", ""Pot · 2 BB""]",check,check,,1790787005287,True,True,True,1790787005692,1790786999655,5632,405,,False,False
bRdqiv-O7i7BOclSO4x5aj9I,HocMRSAKQwe70pGR1O9yCP3G,100,3,turn,3,1,"[{""type"": ""luna_attempt"", ""hand"": 100, ""decision"": 3, ""street"": ""turn"", ""legalButtonLabels"": [""check"", ""Min · 1 BB"", ""Pot · 2 BB""], ""attemptedButtonLabel"": ""check"", ""attemptedAtMs"": 1790787014027, ""handOrdinal"": 100, ""decisionOrdinal"": 3, ""lastRenderedAtMs"": 1790787009277}]","[""4h"", ""Ks""]","[""Jh"", ""9s"", ""9h"", ""Js""]","[{""name"": ""check"", ""kind"": ""check"", ""raiseTo"": null}, {""name"": ""min"", ""kind"": ""raise"", ""raiseTo"": 100}, {""name"": ""pot"", ""kind"": ""raise"", ""raiseTo"": 200}]","[""check"", ""Min · 1 BB"", ""Pot · 2 BB""]",check,check,,1790787014027,True,True,True,1790787014248,1790787009277,4750,221,,False,False
bRdqiv-O7i7BOclSO4x5aj9I,HocMRSAKQwe70pGR1O9yCP3G,100,4,turn,4,1,"[{""type"": ""luna_attempt"", ""hand"": 100, ""decision"": 4, ""street"": ""turn"", ""legalButtonLabels"": [""Fold"", ""Call 2 BB"", ""Min · 4 BB"", ""Pot · 8 BB""], ""attemptedButtonLabel"": ""Call 2 BB"", ""attemptedAtMs"": 1790787025522, ""handOrdinal"": 100, ""decisionOrdinal"": 4, ""lastRenderedAtMs"": 1790787018849}]","[""4h"", ""Ks""]","[""Jh"", ""9s"", ""9h"", ""Js""]","[{""name"": ""fold"", ""kind"": ""fold"", ""raiseTo"": null}, {""name"": ""call"", ""kind"": ""call"", ""raiseTo"": null}, {""name"": ""min"", ""kind"": ""raise"", ""raiseTo"": 400}, {""name"": ""pot"", ""kind"": ""raise"", ""raiseTo"": 800}]","[""Fold"", ""Call 2 BB"", ""Min · 4 BB"", ""Pot · 8 BB""]",Call 2 BB,call,,1790787025522,True,True,True,1790787025757,1790787018849,6673,235,,False,False
bRdqiv-O7i7BOclSO4x5aj9I,HocMRSAKQwe70pGR1O9yCP3G,100,5,river,5,1,"[{""type"": ""luna_attempt"", ""hand"": 100, ""decision"": 5, ""street"": ""river"", ""legalButtonLabels"": [""check"", ""Min · 1 BB"", ""Pot · 6 BB""], ""attemptedButtonLabel"": ""check"", ""attemptedAtMs"": 1790787039939, ""handOrdinal"": 100, ""decisionOrdinal"": 5, ""lastRenderedAtMs"": 1790787025843}]","[""4h"", ""Ks""]","[""Jh"", ""9s"", ""9h"", ""Js"", ""6h""]","[{""name"": ""check"", ""kind"": ""check"", ""raiseTo"": null}, {""name"": ""min"", ""kind"": ""raise"", ""raiseTo"": 100}, {""name"": ""pot"", ""kind"": ""raise"", ""raiseTo"": 600}]","[""check"", ""Min · 1 BB"", ""Pot · 6 BB""]",check,check,,1790787039939,True,True,True,1790787040136,1790787025843,14096,197,,False,False
bRdqiv-O7i7BOclSO4x5aj9I,HocMRSAKQwe70pGR1O9yCP3G,100,6,river,6,1,"[{""type"": ""luna_attempt"", ""hand"": 100, ""decision"": 6, ""street"": ""river"", ""legalButtonLabels"": [""Fold"", ""Call 1 BB"", ""Min · 2 BB"", ""Pot · 9 BB"", ""Jam · 17 BB""], ""attemptedButtonLabel"": ""Call 1 BB"", ""attemptedAtMs"": 1790787045976, ""handOrdinal"": 100, ""decisionOrdinal"": 6, ""lastRenderedAtMs"": 1790787040231}]","[""4h"", ""Ks""]","[""Jh"", ""9s"", ""9h"", ""Js"", ""6h""]","[{""name"": ""fold"", ""kind"": ""fold"", ""raiseTo"": null}, {""name"": ""call"", ""kind"": ""call"", ""raiseTo"": null}, {""name"": ""min"", ""kind"": ""raise"", ""raiseTo"": 200}, {""name"": ""pot"", ""kind"": ""raise"", ""raiseTo"": 900}, {""name"": ""jam"", ""kind"": ""raise"", ""raiseTo"": 1700}]","[""Fold"", ""Call 1 BB"", ""Min · 2 BB"", ""Pot · 9 BB"", ""Jam · 17 BB""]",Call 1 BB,call,,1790787045976,True,True,True,1790787046365,1790787040231,5745,389,,False,False
